date,strategy_equity,spy_equity,qqq_equity,gross_close,cash_close,trade_at_open,turnover,cost_fraction,cumulative_turnover
2000-01-03,0.9444097150276308,0.981028667790894,0.9850552306692656,1.0,0.0,True,1.0,0.0005,1.0
2000-01-04,0.8601902998703307,0.9426648247288628,0.9174792658687776,1.0,0.0,False,0.0,0.0,1.0
2000-01-05,0.8411410120224747,0.9443506077949346,0.8940871874996731,1.0,0.0,True,0.4479451817951214,0.0002239725908975,1.4479451817951214
2000-01-06,0.7880620816788617,0.9291735503217416,0.832683852491037,0.9999999999999998,2.220446049250313e-16,False,0.0,0.0,1.4479451817951214
2000-01-07,0.8578374944213157,0.9831365947213144,0.9356724979793388,1.0,1.1102230246251563e-16,False,0.0,0.0,1.4479451817951214
2000-01-10,0.9079740697149068,0.9865093106616488,0.9616635288235182,1.0,0.0,False,0.0,0.0,1.4479451817951214
2000-01-11,0.8534055942935935,0.97470521551626,0.9148800310011846,1.0,0.0,False,0.0,0.0,1.4479451817951214
2000-01-12,0.8551430478947929,0.9650084723971956,0.8947367844221821,1.0,0.0,True,0.0511589960972984,2.5579498048649215e-05,1.49910417789242
2000-01-13,0.868093849098998,0.9780776029399684,0.9486679192705884,1.0,0.0,False,0.0,0.0,1.49910417789242
2000-01-14,0.9078669462625432,0.9913576411566029,0.9707602390096388,1.0,1.1102230246251563e-16,False,0.0,0.0,1.49910417789242
2000-01-18,0.9827014704496873,0.9835581636815668,0.9759586146139844,0.9999999999999998,2.220446049250313e-16,False,0.0,0.0,1.49910417789242
2000-01-19,0.97464436568614,0.991568220313838,0.9980510284838736,0.9999999999999996,3.3306690738754696e-16,False,0.0,0.0,1.49910417789242
2000-01-20,0.988931281519988,0.976391327098958,0.9883038741976896,1.0,0.0,True,0.151583915894658,7.579195794732903e-05,1.650688093787078
2000-01-21,0.9980199523610308,0.9742833180393812,1.0006499809589484,1.0,0.0,False,0.0,0.0,1.650688093787078
2000-01-24,0.918542446908486,0.9466696887866852,0.9525669127682382,1.0,0.0,False,0.0,0.0,1.650688093787078
2000-01-25,0.9491838428240504,0.9574199847251772,0.9668616220353472,1.0,0.0,False,0.0,0.0,1.650688093787078
2000-01-26,0.922292457309403,0.9498315791823152,0.927875358161595,1.0,1.1102230246251563e-16,False,0.0,0.0,1.650688093787078
2000-01-27,0.8919897359780038,0.9460371300234148,0.941520564637034,1.0,0.0,True,0.056649094737938,2.832454736896904e-05,1.707337188525016
2000-01-28,0.8472247992344627,0.91652648151416,0.8940871874996731,1.0,0.0,False,0.0,0.0,1.707337188525016
2000-01-31,0.8920813320209496,0.9413999535897916,0.932423948581754,1.0,0.0,False,0.0,0.0,1.707337188525016
2000-02-01,0.9379532140001048,0.9506744707153512,0.9574402545842308,1.0,1.1102230246251563e-16,False,0.0,0.0,1.707337188525016
2000-02-02,0.957754540860128,0.9515176907650132,0.9655618634052916,0.9999999999999998,2.220446049250313e-16,False,0.0,0.0,1.707337188525016
2000-02-03,0.9770772264882894,0.9658515281885444,1.0032492158265414,1.0,0.0,True,0.0377624286689473,1.8881214334473663e-05,1.7450996171939634
2000-02-04,0.998094178791582,0.9618464177432524,1.0100715366717423,1.0000000000000002,0.0,False,0.0,0.0,1.7450996171939634
2000-02-07,0.9986618935179472,0.9603711317052592,1.0240414004121774,1.0,1.1102230246251563e-16,False,0.0,0.0,1.7450996171939634
2000-02-08,1.0331680287468226,0.9734404265063452,1.0669262812602198,1.0,1.1102230246251563e-16,False,0.0,0.0,1.7450996171939634
2000-02-09,1.0204083019837944,0.9529933053196324,1.0292398701473635,1.0,0.0,False,0.0,0.0,1.7450996171939634
2000-02-10,1.0600700407252954,0.9548903245761914,1.0630281349401256,1.0,0.0,True,0.5067451126079291,0.0002533725563039,2.2518447298018924
2000-02-11,1.0645863619139877,0.9354973311130016,1.038336674464323,1.0,0.0,False,0.0,0.0,2.2518447298018924
2000-02-14,1.0576151021914255,0.9409785488878518,1.0370368217034285,1.0,1.1102230246251563e-16,False,0.0,0.0,2.2518447298018924
2000-02-15,1.0636537800686876,0.9516233088602568,1.0445092101253357,0.9999999999999996,4.440892098500626e-16,False,0.0,0.0,2.2518447298018924
2000-02-16,1.1031721035029676,0.9376054223017348,1.0396365272252173,0.9999999999999996,4.440892098500626e-16,False,0.0,0.0,2.2518447298018924
2000-02-17,1.1214855277700466,0.9327573381942504,1.0617287528334274,1.0,0.0,True,0.1148110597412278,5.74055298706139e-05,2.3666557895431204
2000-02-18,1.059080255109126,0.9127323608718856,1.023392180013026,1.0,0.0,False,0.0,0.0,2.3666557895431204
2000-02-22,1.0443622612506591,0.9104132798801352,1.0266407294106097,1.0,0.0,False,0.0,0.0,2.3666557895431204
2000-02-23,1.1086918068242502,0.9211639864644094,1.0838208843107984,1.0,1.1102230246251563e-16,False,0.0,0.0,2.3666557895431204
2000-02-24,1.1158780569953737,0.9026138845342556,1.1072123978948665,0.9999999999999998,2.220446049250313e-16,False,0.0,0.0,2.3666557895431204
2000-02-25,1.1304597559467044,0.899346540301695,1.0818717170199117,1.0,0.0,True,0.8687103620474257,0.0004343551810237,3.2353661515905463
2000-02-28,1.1112625098778104,0.918212593096858,1.081221461181526,1.0,0.0,False,0.0,0.0,3.2353661515905463
2000-02-29,1.150701010890656,0.927065705520478,1.1098119151549777,1.0,0.0,False,0.0,0.0,3.2353661515905463
2000-03-01,1.258424101558599,0.9338111374011472,1.118908625341098,1.0,0.0,False,0.0,0.0,3.2353661515905463
2000-03-02,1.3262352292215212,0.9344443531976696,1.0929988294112962,1.0000000000000002,0.0,False,0.0,0.0,3.2353661515905463
2000-03-03,1.3273085715255908,0.9519391775961096,1.1546455867705494,1.0,0.0,True,0.3284685189984683,0.0001642342594992,3.5638346705890145
2000-03-06,1.3058572892866516,0.9426648247288628,1.1637428617417047,1.0,0.0,False,0.0,0.0,3.5638346705890145
2000-03-07,1.3039059390497394,0.9244311664386572,1.1461988500302964,0.9999999999999996,3.3306690738754696e-16,False,0.0,0.0,3.5638346705890145
2000-03-08,1.2953723083369404,0.9232717491365166,1.1565950364539543,0.9999999999999998,2.220446049250313e-16,False,0.0,0.0,3.5638346705890145
2000-03-09,1.3111670376996911,0.9502532302717246,1.1955815827202232,1.0,0.0,False,0.0,0.0,3.5638346705890145
2000-03-10,1.2770774304142274,0.9451944848778484,1.1903834895083942,1.0,0.0,True,0.5507090423814653,0.0002753545211907,4.11454371297048
2000-03-13,1.2576552055106711,0.9348652651246704,1.1591941771907084,1.0,1.1102230246251563e-16,False,0.0,0.0,4.11454371297048
2000-03-14,1.1433058344573224,0.9215847341330972,1.1163093904735049,1.0,1.1102230246251563e-16,False,0.0,0.0,4.11454371297048
2000-03-15,1.1167240504235902,0.943086475818272,1.0695260809128493,0.9999999999999998,2.220446049250313e-16,False,0.0,0.0,4.11454371297048
2000-03-16,1.144614464173897,0.9871418694249192,1.13060457039481,0.9999999999999996,3.3306690738754696e-16,False,0.0,0.0,4.11454371297048
2000-03-17,1.1585678397478985,0.9936657989705404,1.1520469166879928,1.0,0.0,True,0.5297412492102773,0.0002648706246051,4.644284962180757
2000-03-20,1.143502886964859,0.988593502265844,1.1195583163944458,0.9999999999999998,2.220446049250313e-16,False,0.0,0.0,4.644284962180757
2000-03-21,1.1459866062707964,1.008881867793065,1.1617933179274609,1.0,0.0,False,0.0,0.0,4.644284962180757
2000-03-22,1.1534472567174168,1.015009852675258,1.185185772819924,1.0,0.0,False,0.0,0.0,4.644284962180757
2000-03-23,1.2103692707559544,1.0323390225650622,1.20597786327472,1.0,0.0,False,0.0,0.0,4.644284962180757
2000-03-24,1.190721789278302,1.0384672538347244,1.222221928094395,0.9999999999999998,2.220446049250313e-16,True,0.443893642977699,0.0002219468214888,5.088178605158456
2000-03-27,1.163408234249405,1.0274782905674782,1.2241713777777994,1.0,0.0,False,0.0,0.0,5.088178605158456
2000-03-28,1.1324020986074566,1.0215608848425206,1.1929822537217911,1.0,1.1102230246251563e-16,False,0.0,0.0,5.088178605158456
2000-03-29,1.0990476336270445,1.0226182156031467,1.1435997092935424,1.0,0.0,False,0.0,0.0,5.088178605158456
2000-03-30,1.0093361021840428,1.005500117645517,1.1150098201051273,1.0,0.0,False,0.0,0.0,5.088178605158456
2000-03-31,1.016597368061098,1.01691171755205,1.138402086735911,1.0,0.0,True,0.8707098421329709,0.0004353549210664,5.958888447291427
2000-04-03,0.8997222643068346,1.0228287947603818,1.0701758660970375,1.0,0.0,False,0.0,0.0,5.958888447291427
2000-04-04,0.9118880948754988,1.0152214995115276,1.059779397280863,1.0,0.0,False,0.0,0.0,5.958888447291427
2000-04-05,0.914822845910267,1.008881867793065,1.0409359093319157,1.0,0.0,False,0.0,0.0,5.958888447291427
2000-04-06,0.9708829626286126,1.0176520297686324,1.065627463938558,1.0,0.0,False,0.0,0.0,5.958888447291427
2000-04-07,0.984809893048232,1.0240974438406514,1.108511968263243,1.0,0.0,True,0.4193148943960446,0.000209657447198,6.378203341687471
2000-04-10,0.8955448837878056,1.0200821493799548,1.0409359093319157,1.0,1.1102230246251563e-16,False,0.0,0.0,6.378203341687471
2000-04-11,0.8583683377891501,1.017123610775789,1.0162443547252735,1.0,0.0,False,0.0,0.0,6.378203341687471
2000-04-12,0.789831972530288,0.98922803212887,0.9564656238733686,1.0,0.0,False,0.0,0.0,6.378203341687471
2000-04-13,0.7661498610809618,0.9754911915438494,0.9148800310011846,1.0,1.1102230246251563e-16,False,0.0,0.0,6.378203341687471
2000-04-14,0.6801707547164224,0.9197010197998894,0.8356075563619468,1.0,0.0,True,0.4413334518528271,0.0002206667259264,6.819536793540299
2000-04-17,0.7183968754357555,0.9518227184522096,0.9317742575284048,1.0,0.0,False,0.0,0.0,6.819536793540299
2000-04-18,0.7372714617744751,0.9769705840396672,0.9564656238733686,1.0,0.0,False,0.0,0.0,6.819536793540299
2000-04-19,0.7578838660465612,0.967883978424152,0.9272255729774068,1.0,0.0,False,0.0,0.0,6.819536793540299
2000-04-20,0.7525751569880461,0.9725332278437794,0.9070825146600836,1.0,0.0,False,0.0,0.0,6.819536793540299
2000-04-24,0.7248456376099931,0.9619665726991944,0.881091201423386,1.0,1.1102230246251563e-16,True,0.051140301555616,2.5570150777808e-05,6.870677095095915
2000-04-25,0.7793180502520743,1.0019079525990464,0.940546310449529,1.0,0.0,False,0.0,0.0,6.870677095095915
2000-04-26,0.7554562437619091,0.9906016422711312,0.9083823674209794,1.0,0.0,False,0.0,0.0,6.870677095095915
2000-04-27,0.7739443030594433,0.9873260029937648,0.9486679192705884,1.0,0.0,False,0.0,0.0,6.870677095095915
2000-04-28,0.8249056336104547,0.9811975253366332,0.9850552306692656,1.0,0.0,False,0.0,0.0,6.870677095095915
2000-05-01,0.804255921827694,0.9945111543782712,0.994152223247903,1.0,1.1102230246251563e-16,True,0.4708311059038627,0.0002354155529519,7.341508200999778
2000-05-02,0.7725385763402187,0.974646657427684,0.9369722566093944,0.9999999999999998,2.220446049250313e-16,False,0.0,0.0,7.341508200999778
2000-05-03,0.7633675167673601,0.9518227184522096,0.9265758819240576,0.9999999999999998,2.220446049250313e-16,False,0.0,0.0,7.341508200999778
2000-05-04,0.7726287765595636,0.959007951965872,0.9285252374766236,1.0,1.1102230246251563e-16,False,0.0,0.0,7.341508200999778
2000-05-05,0.7656989891665793,0.9706308701920484,0.9506176513465114,1.0,0.0,False,0.0,0.0,7.341508200999778
2000-05-08,0.7360650337963002,0.963340264970612,0.9135800841094498,0.9999999999999998,2.220446049250313e-16,True,1.2227044011768229,0.0006113522005884,8.564212602176601
2000-05-09,0.7197366032265827,0.9556263660766364,0.8940871874996731,0.9999999999999996,4.440892098500626e-16,False,0.0,0.0,8.564212602176601
2000-05-10,0.6838448617998343,0.9340711583105882,0.8291097045200638,0.9999999999999996,4.440892098500626e-16,False,0.0,0.0,8.564212602176601
2000-05-11,0.7203423093575637,0.955415704790245,0.8797920075783668,0.9999999999999998,2.220446049250313e-16,False,0.0,0.0,8.564212602176601
2000-05-12,0.7322618318490872,0.9657705488402472,0.8797920075783668,0.9999999999999998,2.220446049250313e-16,False,0.0,0.0,8.564212602176601
2000-05-15,0.7374447526954949,0.9824654352544944,0.9181291451838048,1.0,0.0,True,0.8098719146963993,0.0004049359573481,9.374084516873
2000-05-16,0.7459722038563157,0.9919752524133922,0.944119705373788,1.0,0.0,False,0.0,0.0,9.374084516873
2000-05-17,0.7359153425043328,0.9816198334592944,0.924626149848136,0.9999999999999998,2.220446049250313e-16,False,0.0,0.0,9.374084516873
2000-05-18,0.7322802895739949,0.9695746892396132,0.8914880467629192,0.9999999999999998,2.220446049250313e-16,False,0.0,0.0,9.374084516873
2000-05-19,0.7120071689743711,0.9543586204170884,0.849252951099065,0.9999999999999998,2.220446049250313e-16,False,0.0,0.0,9.374084516873
2000-05-22,0.7121784287796288,0.9471738796783647,0.8486029776531977,1.0,0.0,True,0.4070252100000324,0.000203512605,9.781109726873034
2000-05-23,0.7200544289795304,0.9332256386445448,0.7777780398663484,1.0,0.0,False,0.0,0.0,9.781109726873034
2000-05-24,0.7195649466257393,0.948441789596226,0.8265107520449876,1.0,0.0,False,0.0,0.0,9.781109726873034
2000-05-25,0.7190510238048416,0.932169047046327,0.8083174258035873,1.0,1.1102230246251563e-16,False,0.0,0.0,9.781109726873034
2000-05-26,0.7244851046028482,0.9332256386445448,0.8083174258035873,1.0,0.0,False,0.0,0.0,9.781109726873034
2000-05-30,0.759545870285363,0.963657037127186,0.8895388794720325,1.0,0.0,True,0.4537080385775029,0.0002268540192887,10.234817765450536
2000-05-31,0.725696369883701,0.9657705488402472,0.8641974455503622,1.0,0.0,False,0.0,0.0,10.234817765450536
2000-06-01,0.7588524068226667,0.9826768357032944,0.9083823674209794,1.0,1.1102230246251563e-16,False,0.0,0.0,10.234817765450536
2000-06-02,0.7961586686347681,0.9997941944985158,0.9733599445314276,1.0,1.1102230246251563e-16,False,0.0,0.0,10.234817765450536
2000-06-05,0.8035466577115299,0.9949334625009322,0.9757954858693526,0.9999999999999996,3.3306690738754696e-16,False,0.0,0.0,10.234817765450536
2000-06-06,0.8062508291714163,0.9904960241758876,0.9486679192705884,1.0,1.1102230246251563e-16,True,0.8818675479026745,0.0004409337739513,11.11668531335321
2000-06-07,0.7982998313300189,0.9973643212746628,0.9740094473230976,1.0,0.0,False,0.0,0.0,11.11668531335321
2000-06-08,0.7969788289105542,0.9934548091675228,0.969460574510422,1.0,0.0,False,0.0,0.0,11.11668531335321
2000-06-09,0.7972338838505508,0.9913412974544616,0.9746591383764468,1.0,0.0,False,0.0,0.0,11.11668531335321
2000-06-12,0.7800790864120104,0.9797177221950332,0.943470108451279,1.0,0.0,False,0.0,0.0,11.11668531335321
2000-06-13,0.8045446400928356,0.998103730070524,0.9798578905041512,1.0,0.0,True,0.4608468081084733,0.0002304234040542,11.577532121461685
2000-06-14,0.7866723919230462,0.9997941944985158,0.957765005980066,1.0,1.1102230246251563e-16,False,0.0,0.0,11.577532121461685
2000-06-15,0.7943267169934898,1.0019079525990464,0.9746591383764468,0.9999999999999998,2.220446049250313e-16,False,0.0,0.0,11.577532121461685
2000-06-16,0.8084005704562746,0.9936754080818496,0.9798578905041512,0.9999999999999998,2.220446049250313e-16,False,0.0,0.0,11.577532121461685
2000-06-19,0.8097204234439788,1.006385387823301,1.0188430248078304,0.9999999999999998,2.220446049250313e-16,False,0.0,0.0,11.577532121461685
2000-06-20,0.8033587030422987,1.002783777923834,1.0149452550110936,1.0,1.1102230246251563e-16,True,0.4307018494847273,0.0002153509247423,12.00823397094641
2000-06-21,0.7987309965650169,1.0023601557346693,1.0279409586948625,1.0,0.0,False,0.0,0.0,12.00823397094641
2000-06-22,0.7918225522891285,0.9871087713748544,0.9902534180119336,1.0,0.0,False,0.0,0.0,12.00823397094641
2000-06-23,0.7941142854704429,0.9786355884291478,0.9512674365306996,0.9999999999999998,2.220446049250313e-16,False,0.0,0.0,12.00823397094641
2000-06-26,0.7992752316473116,0.9912394573004164,0.9772579967206828,0.9999999999999998,2.220446049250313e-16,False,0.0,0.0,12.00823397094641
2000-06-27,0.8280124824662003,0.983931030052022,0.9655618634052916,1.0,1.1102230246251563e-16,True,0.4089584637471574,0.0002044792318735,12.417192434693568
2000-06-28,0.8146951448272886,0.9866848206690636,0.9772579967206828,1.0,0.0,False,0.0,0.0,12.417192434693568
2000-06-29,0.8309941888494154,0.9773650503782788,0.9527290060736376,1.0000000000000002,0.0,False,0.0,0.0,12.417192434693568
2000-06-30,0.8333938565513813,0.9847784386886648,0.9714101183246656,1.0,1.1102230246251563e-16,False,0.0,0.0,12.417192434693568
2000-07-03,0.8305517750042661,0.9983355806792896,0.9902534180119336,1.0,1.1102230246251563e-16,False,0.0,0.0,12.417192434693568
2000-07-05,0.8373581762012723,0.9803304057024336,0.9519166569298526,1.0,1.1102230246251563e-16,True,0.4282681907069982,0.0002141340953534,12.845460625400566
2000-07-06,0.8375946120630922,0.9879561800114972,0.9772579967206828,0.9999999999999998,2.220446049250313e-16,False,0.0,0.0,12.845460625400566
2000-07-07,0.8445488319426385,1.0038427512675898,0.997401149168845,0.9999999999999998,2.220446049250313e-16,False,0.0,0.0,12.845460625400566
2000-07-10,0.8475083816001211,1.0021480982526172,0.9822937142345942,0.9999999999999996,3.3306690738754696e-16,False,0.0,0.0,12.845460625400566
2000-07-11,0.8463815613912269,1.0042668662316938,0.9876544655368588,0.9999999999999996,3.3306690738754696e-16,False,0.0,0.0,12.845460625400566
2000-07-12,0.8600302893105003,1.0108335029386888,1.011046261513445,1.0,0.0,True,0.8339687112021581,0.000416984355601,13.679429336602723
2000-07-13,0.8939312389292021,1.0152815359249203,1.0240414004121774,1.0,0.0,False,0.0,0.0,13.679429336602723
2000-07-14,0.9061857680663348,1.025236985886922,1.046134002543745,1.0,0.0,False,0.0,0.0,13.679429336602723
2000-07-17,0.8875624372658749,1.0235427435177316,1.0578303241208151,1.0,0.0,False,0.0,0.0,13.679429336602723
2000-07-18,0.8027737170388073,1.0151762463463028,1.0344378692283536,1.0,0.0,False,0.0,0.0,13.679429336602723
2000-07-19,0.7973866521771439,1.0070200819446398,1.011046261513445,1.0,0.0,True,0.5907066905814715,0.0002953533452907,14.270136027184195
2000-07-20,0.8443873587537738,1.0210012567702118,1.0435348618069906,1.0,0.0,False,0.0,0.0,14.270136027184195
2000-07-21,0.8502116460568844,1.0010891249088614,1.0084472149075312,1.0,0.0,False,0.0,0.0,14.270136027184195
2000-07-24,0.8429115121566376,0.995369978967666,0.9876544655368588,1.0,0.0,False,0.0,0.0,14.270136027184195
2000-07-25,0.8702523899844457,0.9985473917738722,0.9954511347004052,1.0,0.0,False,0.0,0.0,14.270136027184195
2000-07-26,0.8871344448395012,0.9888035065189836,0.994152223247903,1.0,0.0,True,0.0593958870863354,2.969794354316771e-05,14.32953191427053
2000-07-27,0.9020518564648328,0.9854141183598818,0.9551653945891156,0.9999999999999998,2.220446049250313e-16,False,0.0,0.0,14.32953191427053
2000-07-28,0.8793847105897739,0.9631725572330636,0.903183897685792,0.9999999999999996,3.3306690738754696e-16,False,0.0,0.0,14.32953191427053
2000-07-31,0.8761442294023287,0.9693155717508938,0.929824619583322,0.9999999999999996,3.3306690738754696e-16,False,0.0,0.0,14.32953191427053
2000-08-01,0.8739239796651098,0.975246528786672,0.9174792658687776,0.9999999999999996,4.440892098500626e-16,False,0.0,0.0,14.32953191427053
2000-08-02,0.8839830096406774,0.9801181839620684,0.9012347303949068,1.0,0.0,True,0.1048402969931784,5.242014849658923e-05,14.434372211263709
2000-08-03,0.9026444473326796,0.9868968781511156,0.9402211825303368,1.0,0.0,False,0.0,0.0,14.434372211263709
2000-08-04,0.9003362856581811,0.9921920733865204,0.9369722566093944,0.9999999999999998,2.220446049250313e-16,False,0.0,0.0,14.434372211263709
2000-08-07,0.9041850460619048,1.0040548908787983,0.9590643880867644,0.9999999999999998,2.220446049250313e-16,False,0.0,0.0,14.434372211263709
2000-08-08,0.9222756666104772,1.007867408452126,0.9785572846965424,0.9999999999999998,2.220446049250313e-16,False,0.0,0.0,14.434372211263709
2000-08-09,0.9448095711336816,0.9993948825396712,0.9525669127682382,1.0,0.0,True,1.2865338501301236,0.000643266925065,15.720906061393832
2000-08-10,0.9310709133221358,0.9945226524601792,0.9337236130809704,1.0,0.0,False,0.0,0.0,15.720906061393832
2000-08-11,0.934460401795021,0.9991831535742454,0.9467184695871848,1.0,0.0,False,0.0,0.0,15.720906061393832
2000-08-14,0.9509590677074896,1.0118928047990703,0.9668616220353472,0.9999999999999998,2.220446049250313e-16,False,0.0,0.0,15.720906061393832
2000-08-15,0.9423000511486112,1.0110451497749584,0.9668616220353472,1.0,1.1102230246251563e-16,False,0.0,0.0,15.720906061393832
2000-08-16,0.925306893030282,1.0074440326504304,0.9766081174056556,1.0,0.0,True,0.4263762056999522,0.0002131881028499,16.147282267093782
2000-08-17,0.9521722554706824,1.0180356550585878,0.9954511347004052,1.0,1.1102230246251563e-16,False,0.0,0.0,16.147282267093782
2000-08-18,0.9588321748256864,1.0146457741245472,0.9902534180119336,1.0,0.0,False,0.0,0.0,16.147282267093782
2000-08-21,0.9616251854658288,1.0201536017460993,0.9928527470103654,0.9999999999999996,3.3306690738754696e-16,False,0.0,0.0,16.147282267093782
2000-08-22,0.9509868706113168,1.0184591129894398,0.9928527470103654,0.9999999999999994,5.551115123125784e-16,False,0.0,0.0,16.147282267093782
2000-08-23,0.9429224246840726,1.0224838523031323,1.0090970942225583,1.0,0.0,True,0.4194039663555119,0.0002097019831777,16.566686233449293
2000-08-24,0.9751955294423094,1.0256614293676516,1.024691373858045,1.0,0.0,False,0.0,0.0,16.566686233449293
2000-08-25,0.9654975715413378,1.025236985886922,1.0191686233812205,1.0,0.0,False,0.0,0.0,16.566686233449293
2000-08-28,0.9490392237390056,1.0287325670453624,1.0240414004121774,1.0,0.0,False,0.0,0.0,16.566686233449293
2000-08-29,0.9605951518516654,1.0289439674941625,1.0292398701473635,1.0,0.0,False,0.0,0.0,16.566686233449293
2000-08-30,0.9615604370956604,1.0190944641440305,1.0279409586948625,1.0,0.0,True,0.8365542758639617,0.0004182771379319,17.403240509313253
2000-08-31,1.0267888189014256,1.0326511954888729,1.0565304713599204,1.0,0.0,False,0.0,0.0,17.403240509313253
2000-09-01,1.007296941035369,1.0337103330909416,1.0669262812602198,1.0000000000000002,0.0,False,0.0,0.0,17.403240509313253
2000-09-05,0.9834717535073306,1.0254491254981302,1.0344378692283536,1.0,0.0,False,0.0,0.0,17.403240509313253
2000-09-06,0.949063226474685,1.0137992689086257,0.9980510284838736,1.0,0.0,False,0.0,0.0,17.403240509313253
2000-09-07,0.9743781204818728,1.0224838523031323,1.0201430658304045,1.0,0.0,True,0.4308691284491436,0.0002154345642245,17.834109637762396
2000-09-08,0.9629089295851748,1.0154927721154074,0.988953941774396,1.0,0.0,False,0.0,0.0,17.834109637762396
2000-09-11,0.9548119797076156,1.014010915744895,0.9649123606136216,1.0,0.0,False,0.0,0.0,17.834109637762396
2000-09-12,0.9793059952653328,1.0065968704012571,0.949967489638966,1.0,0.0,False,0.0,0.0,17.834109637762396
2000-09-13,0.9756265211405212,1.0092447144064292,0.972059809378015,1.0,0.0,False,0.0,0.0,17.834109637762396
2000-09-14,1.008764500993413,1.0143287555805036,0.9668616220353472,1.0,0.0,True,0.0578194463314561,2.8909723165728083e-05,17.891929084093853
2000-09-15,0.9968848179490428,0.9921368825933604,0.949318080978135,1.0,0.0,False,0.0,0.0,17.891929084093853
2000-09-18,0.9703221426861568,0.9830055165875592,0.9343734923959978,1.0,0.0,False,0.0,0.0,17.891929084093853
2000-09-19,0.9812315245337576,0.9919245787238392,0.968811071718752,1.0,0.0,False,0.0,0.0,17.891929084093853
2000-09-20,1.021784604713098,0.9845979188027044,0.9837558485625674,1.0,1.1102230246251563e-16,False,0.0,0.0,17.891929084093853
2000-09-21,1.0063135135953063,0.9696271697706093,0.9122804196102344,1.0,0.0,True,0.0781650096171165,3.908250480855828e-05,17.97009409371097
2000-09-22,1.006088001354294,0.987252743786178,0.9662117427203188,1.0,0.0,False,0.0,0.0,17.97009409371097
2000-09-25,1.01610813769843,0.980244827121373,0.940546310449529,1.0,0.0,False,0.0,0.0,17.97009409371097
2000-09-26,1.0131008278925184,0.9677155315241952,0.929824619583322,1.0,1.1102230246251563e-16,False,0.0,0.0,17.97009409371097
2000-09-27,0.966526083559579,0.9728122205883688,0.9311240958208592,0.9999999999999996,3.3306690738754696e-16,False,0.0,0.0,17.97009409371097
2000-09-28,1.0141575022914746,0.985341269798077,0.9519166569298526,1.0,0.0,True,0.4286134554055954,0.0002143067277027,18.398707549116565
2000-09-29,1.0102299441308908,0.9759977641810674,0.9226773590806064,1.0,0.0,False,0.0,0.0,18.398707549116565
2000-10-02,0.9909364704139502,0.9774838912677172,0.901884515579095,1.0,0.0,False,0.0,0.0,18.398707549116565
2000-10-03,0.9583856113679602,0.968352853778542,0.8732940616056434,1.0,0.0,False,0.0,0.0,18.398707549116565
2000-10-04,0.9818797088691316,0.9764222076617972,0.8901886646562207,1.0,0.0,False,0.0,0.0,18.398707549116565
2000-10-05,0.9967127941640314,0.979820547898956,0.8927879936546539,1.0,0.0,True,0.806430123127448,0.0004032150615637,19.20513767224401
2000-10-06,1.0147339022589836,0.958584165518394,0.8628978751819858,1.0,1.1102230246251563e-16,False,0.0,0.0,19.20513767224401
2000-10-09,1.0204213598081522,0.9513641092423808,0.8589995406002126,1.0,1.1102230246251563e-16,False,0.0,0.0,19.20513767224401
2000-10-10,1.0078175981322608,0.9356495164399738,0.8141653983304445,1.0,1.1102230246251563e-16,False,0.0,0.0,19.20513767224401
2000-10-11,1.0029930723560112,0.927792302167927,0.8011696005158367,1.0,1.1102230246251563e-16,False,0.0,0.0,19.20513767224401
2000-10-12,0.9836870635549904,0.904645759865768,0.7810268716564505,1.0,0.0,True,0.8119258462951038,0.0004059629231475,20.01706351853912
2000-10-13,1.0433390304652843,0.9348004652202012,0.8447041724172283,1.0,1.1102230246251563e-16,False,0.0,0.0,20.01706351853912
2000-10-16,1.0657778180660478,0.9390474460313504,0.8525017828891683,0.9999999999999998,2.220446049250313e-16,False,0.0,0.0,20.01706351853912
2000-10-17,1.0209582246662825,0.915687778568105,0.8135153307537382,0.9999999999999998,2.220446049250313e-16,False,0.0,0.0,20.01706351853912
2000-10-18,1.0753923067364504,0.9122905881391368,0.8109163782786621,0.9999999999999998,2.220446049250313e-16,False,0.0,0.0,20.01706351853912
2000-10-19,1.081518813458553,0.946692684950502,0.8843407862602036,1.0,0.0,True,0.5511638039959247,0.0002755819019979,20.56822732253504
2000-10-20,1.1162558902925817,0.950726786988034,0.8973363958131335,1.0,0.0,False,0.0,0.0,20.56822732253504
2000-10-23,1.0832256970916347,0.9549740963158092,0.8960361665288805,1.0,0.0,False,0.0,0.0,20.56822732253504
2000-10-24,1.117847000815016,0.9486037482928203,0.857700064362675,1.0,0.0,False,0.0,0.0,20.56822732253504
2000-10-25,1.1162346078424563,0.9263060108229644,0.8096170903028039,1.0,0.0,False,0.0,0.0,20.56822732253504
2000-10-26,1.0973355554173738,0.9288542321613164,0.8304093690192792,1.0,0.0,True,1.2371634590189713,0.0006185817295094,21.805390781554014
2000-10-27,1.1049395065110152,0.9464798061768852,0.8287849531242274,1.0,0.0,False,0.0,0.0,21.805390781554014
2000-10-30,1.0698496626437248,0.9549740963158092,0.7980829561619718,1.0,1.1102230246251563e-16,False,0.0,0.0,21.805390781554014
2000-10-31,1.1124231555267126,0.9714323686302146,0.8494154209278214,1.0000000000000002,0.0,False,0.0,0.0,21.805390781554014
2000-11-01,1.1061530561713948,0.9681406320381768,0.8421053140729923,1.0,0.0,False,0.0,0.0,21.805390781554014
2000-11-02,1.087051083672242,0.969733034253322,0.8525017828891683,1.0,0.0,True,1.625532370076899,0.0008127661850384,23.430923151630918
2000-11-03,1.1048947557651654,0.9702638349917037,0.8635477544970142,1.0,0.0,False,0.0,0.0,23.430923151630918
2000-11-06,1.1475534747655831,0.9770595299161438,0.857050185047648,1.0,1.1102230246251563e-16,False,0.0,0.0,23.430923151630918
2000-11-07,1.1557709795714488,0.9768469796591528,0.8538008826033473,0.9999999999999998,2.220446049250313e-16,False,0.0,0.0,23.430923151630918
2000-11-08,1.0966222106316827,0.955186810831113,0.7870370316195461,0.9999999999999998,2.220446049250313e-16,False,0.0,0.0,23.430923151630918
2000-11-09,1.058862895585086,0.9515764952410586,0.7868747029870486,1.0,0.0,True,0.8212902848459653,0.0004106451424229,24.25221343647688
2000-11-10,1.0077716533931709,0.928429378034804,0.7459386129065345,1.0,0.0,False,0.0,0.0,24.25221343647688
2000-11-13,0.9500785893380008,0.9212089111130084,0.7470760899695117,1.0,0.0,False,0.0,0.0,24.25221343647688
2000-11-14,1.029125233350311,0.9454181225709652,0.788498836489582,0.9999999999999998,2.220446049250313e-16,False,0.0,0.0,24.25221343647688
2000-11-15,0.9931426156435178,0.948391280164986,0.8044185264367789,0.9999999999999996,4.440892098500626e-16,False,0.0,0.0,24.25221343647688
2000-11-16,0.9650268251732768,0.9335262313572906,0.7576344638294088,0.4912308649693797,0.5087691350306203,True,0.6999999999999996,0.0003499999999999,24.95221343647688
2000-11-17,0.9414338329768795,0.928535735292456,0.7571476661935934,0.4784807535838674,0.5215192464161327,False,0.0,0.0,24.95221343647688
2000-11-20,0.932773692016714,0.9152632529582188,0.726283105271741,0.473638817939608,0.526361182060392,False,0.0,0.0,24.95221343647688
2000-11-21,0.9228642160691274,0.919935252154193,0.7251464753863185,0.4679868884546965,0.5320131115453035,False,0.0,0.0,24.95221343647688
2000-11-22,0.8937720236066153,0.8979561758115103,0.6926574515039956,0.4506699134041683,0.5493300865958317,False,0.0,0.0,24.95221343647688
2000-11-24,0.9148312658350828,0.916324854434982,0.732293735889034,0.5038793795690982,0.4961206204309017,True,0.4072868345402289,0.0002036434172701,25.359500271017108
2000-11-27,0.9047497671538096,0.924394947480646,0.7231969315720748,0.4983511776703999,0.5016488223296001,False,0.0,0.0,25.359500271017108
2000-11-28,0.8821901831752308,0.9084680508087176,0.6804743793565299,0.4855228908101144,0.5144771091898855,False,0.0,0.0,25.359500271017108
2000-11-29,0.8763363708987694,0.9067692092067642,0.6543208786835928,0.4820862510474107,0.5179137489525892,False,0.0,0.0,25.359500271017108
2000-11-30,0.8684947270152461,0.8989116664180913,0.6548084293661225,0.4774100048304369,0.5225899951695631,False,0.0,0.0,25.359500271017108
2000-12-01,0.8852859117173071,0.8984864837749531,0.665367179749377,0.5041760370484707,0.4958239629515293,True,0.3941902322837905,0.0001970951161418,25.7536905033009
2000-12-04,0.8926406180601761,0.906132133339887,0.6757636956309717,0.508261264150494,0.491738735849506,False,0.0,0.0,25.7536905033009
2000-12-05,0.920216404740584,0.9358619024386516,0.7348928295603679,0.5229970180584047,0.4770029819415953,False,0.0,0.0,25.7536905033009
2000-12-06,0.9137888588683388,0.9208908248899303,0.7069525843598818,0.5196418025533431,0.4803581974466568,False,0.0,0.0,25.7536905033009
2000-12-07,0.9070799483936868,0.9082558290683528,0.6913583047243953,0.5160889953855277,0.4839110046144723,False,0.0,0.0,25.7536905033009
2000-12-08,0.938660014656976,0.9103792784093492,0.7069525843598818,0.5109873655486514,0.4890126344513485,True,0.2263532563265374,0.0001131766281632,25.980043759627435
2000-12-11,0.9472045582646996,0.9420206857545276,0.7732296377078688,0.5153986510976272,0.4846013489023728,False,0.0,0.0,25.980043759627435
2000-12-12,0.9271815672660502,0.937985516037961,0.7449643587190296,0.504933420996454,0.495066579003546,False,0.0,0.0,25.980043759627435
2000-12-13,0.903424274906816,0.9251382984760184,0.7145875838068062,0.4919146857450834,0.5080853142549167,False,0.0,0.0,25.980043759627435
2000-12-14,0.8991303944985083,0.9133522717450568,0.6796621714090041,0.4894882773064665,0.5105117226935334,False,0.0,0.0,25.980043759627435
2000-12-15,0.8880818628066045,0.8927222489268454,0.6640675152501604,0.4940210006245893,0.5059789993754107,True,0.4033659909419779,0.0002016829954709,26.383409750569413
2000-12-18,0.8955369076940697,0.9046510982609396,0.665367179749377,0.4982331063681382,0.5017668936318618,False,0.0,0.0,26.383409750569413
2000-12-19,0.8959681352045098,0.8862261611652734,0.6146850649527518,0.4984746056802903,0.5015253943197097,False,0.0,0.0,26.383409750569413
2000-12-20,0.8870748698622785,0.860558089500621,0.5794348070282755,0.4934466215054653,0.5065533784945346,False,0.0,0.0,26.383409750569413
2000-12-21,0.8824982438820299,0.8665227194905593,0.5828461086471353,0.4908196413743744,0.5091803586256256,False,0.0,0.0,26.383409750569413
2000-12-22,0.909767403725813,0.8925098629281675,0.6289796800890217,0.5155278685755883,0.4844721314244117,True,0.2302293039489149,0.0001151146519744,26.613639054518327
2000-12-26,0.9101602911378276,0.9020951567818776,0.6328785323904113,0.515736999872308,0.4842630001276919,False,0.0,0.0,26.613639054518327
2000-12-27,0.917550499920947,0.9086980945760404,0.6400260752856449,0.5196373897442461,0.4803626102557539,False,0.0,0.0,26.613639054518327
2000-12-28,0.925571837279978,0.9114673254745016,0.6387262225247491,0.5238003843345412,0.4761996156654587,False,0.0,0.0,26.613639054518327
2000-12-29,0.9171177056577652,0.8942138786669798,0.6068878780695891,0.519410703266945,0.4805892967330549,False,0.0,0.0,26.613639054518327
2001-01-02,0.8952175958612046,0.8780247435983854,0.5555555544999985,0.4873332190429882,0.5126667809570118,True,0.4329830482260566,0.000216491524113,27.046622102744383
2001-01-03,0.9170046023425984,0.9202005293296492,0.6491227854717639,0.4995136099057733,0.5004863900942267,False,0.0,0.0,27.046622102744383
2001-01-04,0.912473895180715,0.9102960815738268,0.6374268874834708,0.4970285445422586,0.5029714554577414,False,0.0,0.0,27.046622102744383
2001-01-05,0.9068299359306808,0.8805809314649168,0.5886939870431523,0.4938981335511169,0.5061018664488831,False,0.0,0.0,27.046622102744383
2001-01-08,0.9141145158591504,0.8873972408076353,0.5951917447541978,0.4979312600731581,0.502068739926842,False,0.0,0.0,27.046622102744383
2001-01-09,0.9266929912056314,0.8850543423605032,0.5951917447541978,0.50481358307736,0.49518641692264,True,0.4035402505533075,0.0002017701252766,27.45016235329769
2001-01-10,0.9331752244928944,0.9006040198166823,0.6257309424297587,0.508253359221139,0.491746640778861,False,0.0,0.0,27.45016235329769
2001-01-11,0.9417140879999496,0.9014557812986188,0.6439248805216142,0.5127122045322265,0.4872877954677734,False,0.0,0.0,27.45016235329769
2001-01-12,0.9453654411038972,0.8997519298181196,0.6522091944985295,0.5145942913180723,0.4854057086819277,False,0.0,0.0,27.45016235329769
2001-01-16,0.9549165950294968,0.9055032703886586,0.6444122429424661,0.5194493589377137,0.4805506410622863,False,0.0,0.0,27.45016235329769
2001-01-17,0.9510888698618886,0.9096567882197244,0.6640675152501604,0.4947211215608216,0.5052788784391784,True,0.0321517929167122,1.6075896458356103e-05,27.482314146214403
2001-01-18,0.952153612288054,0.918710131526862,0.6920079957777445,0.4952861478884818,0.5047138521115182,False,0.0,0.0,27.482314146214403
2001-01-19,0.950685547267857,0.913490987890365,0.6894089021064106,0.4945067600523849,0.5054932399476151,False,0.0,0.0,27.482314146214403
2001-01-22,0.9519829639303272,0.9195619751379552,0.6900587343560189,0.4951956750615006,0.5048043249384995,False,0.0,0.0,27.482314146214403
2001-01-23,0.9585701236812172,0.9268040420279072,0.7045161487789836,0.4986646197418753,0.5013353802581246,False,0.0,0.0,27.482314146214403
2001-01-24,0.9670301797830272,0.9295736014429944,0.6978559683046017,0.5036039005815971,0.4963960994184029,True,0.2112379582633705,0.0001056189791316,27.69355210447777
2001-01-25,0.9637818018263904,0.9272300459626104,0.6705653670920448,0.5019308225632576,0.4980691774367424,False,0.0,0.0,27.69355210447777
2001-01-26,0.9696657419193192,0.9261651593195874,0.6814492924599115,0.5049531106316919,0.4950468893683081,False,0.0,0.0,27.69355210447777
2001-01-29,0.979156034323546,0.9311071170529376,0.696556021412867,0.5097512628865098,0.4902487371134901,False,0.0,0.0,27.69355210447777
2001-01-30,0.968543831580868,0.939286359747574,0.6939572571994713,0.5043796742986207,0.4956203257013792,False,0.0,0.0,27.69355210447777
2001-01-31,0.9577424279040292,0.933969810931482,0.6684861580465653,0.4954046178805859,0.5045953821194141,True,0.2142498447351784,0.0001071249223675,27.907801949212956
2001-02-01,0.9495537762930528,0.9401726154752356,0.6773230671160169,0.491053146808759,0.508946853191241,False,0.0,0.0,27.907801949212956
2001-02-02,0.9385744274939604,0.9188374317194185,0.63989622179273,0.4850995379550563,0.5149004620449438,False,0.0,0.0,27.907801949212956
2001-02-05,0.9335849580131484,0.9255854917330952,0.6393762430360366,0.482347693980945,0.517652306019055,False,0.0,0.0,27.907801949212956
2001-02-06,0.9425094588936406,0.922859296512634,0.6404157298952272,0.4872492771080562,0.5127507228919437,False,0.0,0.0,27.907801949212956
2001-02-07,0.930445351479605,0.9180881674247788,0.6300197317332488,0.4934482700989481,0.5065517299010519,True,0.2273599960413359,0.0001136799980206,28.13516194525429
2001-02-08,0.92771632480281,0.9073859170428322,0.6112021768305496,0.4919581667698184,0.5080418332301816,False,0.0,0.0,28.13516194525429
2001-02-09,0.9193004044046464,0.8986612546199595,0.5863550710118444,0.4873071956542653,0.5126928043457347,False,0.0,0.0,28.13516194525429
2001-02-12,0.9316332997821692,0.9089540911568136,0.5934244382449779,0.4940941865425077,0.5059058134574923,False,0.0,0.0,28.13516194525429
2001-02-13,0.930881184576668,0.901523948498504,0.5743989953835252,0.4936854346403773,0.5063145653596226,False,0.0,0.0,28.13516194525429
2001-02-14,0.946908260213042,0.9001605223716472,0.5972711420613552,0.5126293474032269,0.4873706525967731,True,0.4058801207869577,0.0002029400603934,28.541042066041246
2001-02-15,0.9596964181070308,0.908885513311146,0.6071474909245786,0.5191236645025838,0.4808763354974161,False,0.0,0.0,28.541042066041246
2001-02-16,0.9411035100043386,0.8888459169989265,0.57315162056558,0.5096232329139038,0.4903767670860962,False,0.0,0.0,28.541042066041246
2001-02-20,0.9245633056148728,0.875144884726135,0.5509031848294315,0.5008505162094965,0.4991494837905035,False,0.0,0.0,28.541042066041246
2001-02-21,0.9238377194014809,0.8562640486828043,0.5354125903135141,0.5004584820066771,0.4995415179933229,False,0.0,0.0,28.541042066041246
2001-02-22,0.9242642276794562,0.857558650576524,0.5302145441671053,0.4994279574842661,0.5005720425157338,True,0.0210250114955643,1.0512505747782195e-05,28.56206707753681
2001-02-23,0.9305993833371418,0.8517651777487066,0.5320857711229913,0.502835655645263,0.497164344354737,False,0.0,0.0,28.56206707753681
2001-02-26,0.935564975300866,0.8698965031099283,0.5421702903374862,0.5054743983709449,0.4945256016290551,False,0.0,0.0,28.56206707753681
2001-02-27,0.9170416611885388,0.861853923331688,0.5094215124039159,0.4954854813530523,0.5045145186469476,False,0.0,0.0,28.56206707753681
2001-02-28,0.9084137849651588,0.8448807012061031,0.4933073010771547,0.4906937345832132,0.5093062654167868,False,0.0,0.0,28.56206707753681
2001-03-01,0.90337076017539,0.8493112406820028,0.5073426798817936,0.5042441560131081,0.4957558439868919,True,0.3835651172098218,0.0001917825586049,28.945632194746636
2001-03-02,0.8994675291043023,0.8425632627974823,0.4855102553902511,0.5020928280870741,0.4979071719129259,False,0.0,0.0,28.945632194746636
2001-03-05,0.8986031325419013,0.8502651708346104,0.4943467879363455,0.5016138744397849,0.4983861255602151,False,0.0,0.0,28.945632194746636
2001-03-06,0.9019563680252256,0.8593994113608887,0.5135802599528119,0.5034667423831466,0.4965332576168534,False,0.0,0.0,28.945632194746636
2001-03-07,0.896866643454149,0.8655339665756007,0.5137882420424055,0.500648912619832,0.499351087380168,False,0.0,0.0,28.945632194746636
2001-03-08,0.9013636936367668,0.8664881431156778,0.504223607453765,0.5004285330422558,0.4995714669577442,True,0.6028639474373138,0.0003014319737186,29.548496142183943
2001-03-09,0.8910129971785326,0.8408591649295135,0.4688758299796998,0.4946251243040572,0.5053748756959429,False,0.0,0.0,29.548496142183943
2001-03-12,0.8704322052784315,0.8048688544899842,0.4397661502962691,0.4826758707204186,0.5173241292795814,False,0.0,0.0,29.548496142183943
2001-03-13,0.8655207694209925,0.8180931270093631,0.4621183182174057,0.4797402920858796,0.5202597079141205,False,0.0,0.0,29.548496142183943
2001-03-14,0.8577441510391165,0.8019377470240854,0.4548408747638383,0.475023429600705,0.524976570399295,False,0.0,0.0,29.548496142183943
2001-03-15,0.8529435312224556,0.8021424128820533,0.4382066376149649,0.4961673355834799,0.5038326644165201,True,0.204083217874514,0.0001020416089372,29.752579360058466
2001-03-16,0.8474686425216807,0.7860538039010003,0.4283301946209025,0.492912433132709,0.507087566867291,False,0.0,0.0,29.752579360058466
2001-03-19,0.8601867870334435,0.8020469788022144,0.4497466078678377,0.5004098895604903,0.4995901104395097,False,0.0,0.0,29.752579360058466
2001-03-20,0.8516258674304016,0.7805178881079292,0.419493191420612,0.4953877889720567,0.5046122110279433,False,0.0,0.0,29.752579360058466
2001-03-21,0.8409698989468519,0.7672583821804171,0.419493191420612,0.488993824308325,0.511006175691675,False,0.0,0.0,29.752579360058466
2001-03-22,0.847349409617182,0.759466953362717,0.4449643847043571,0.5045278190823934,0.4954721809176066,True,0.2245340794271231,0.0001122670397135,29.977113439485585
2001-03-23,0.8555909240529441,0.7824314153249423,0.4449643847043571,0.5093004750523838,0.4906995249476161,False,0.0,0.0,29.977113439485585
2001-03-26,0.8508216012822158,0.7924099435799168,0.4346720716619465,0.5065498344781542,0.4934501655218458,False,0.0,0.0,29.977113439485585
2001-03-27,0.8660321312868958,0.8086076200807858,0.4496426874211705,0.5152165320258897,0.4847834679741103,False,0.0,0.0,29.977113439485585
2001-03-28,0.8508161855114604,0.7862585518881249,0.4127355855274789,0.5065466934789336,0.4934533065210664,False,0.0,0.0,29.977113439485585
2001-03-29,0.8553669160308388,0.7892660394695575,0.4049384927751552,0.5041268282650633,0.4958731717349367,True,0.6249644871765696,0.0003124822435882,30.602077926662155
2001-03-30,0.8518541642586077,0.797536034882113,0.4070177018206359,0.5020820189116575,0.4979179810883425,False,0.0,0.0,30.602077926662155
2001-04-02,0.85178232298154,0.7805178881079292,0.3888239990558771,0.5020400233657637,0.4979599766342363,False,0.0,0.0,30.602077926662155
2001-04-03,0.838395577206223,0.7544774428477602,0.3603377714543217,0.494089046768656,0.5059109532313439,False,0.0,0.0,30.602077926662155
2001-04-04,0.8290747085427213,0.7576215112164324,0.3539961062076652,0.4884013451635922,0.5115986548364078,False,0.0,0.0,30.602077926662155
2001-04-05,0.8762425857037962,0.7863270476046358,0.3878882208489651,0.5173768661164109,0.4826231338835891,True,0.6466648562507257,0.0003233324281253,31.24874278291288
2001-04-06,0.8573066891688369,0.7743662500286678,0.3737492275228879,0.5067168516267797,0.4932831483732203,False,0.0,0.0,31.24874278291288
2001-04-09,0.8607757836681689,0.7829780669905262,0.3851850420019954,0.5087048790424006,0.4912951209575994,False,0.0,0.0,31.24874278291288
2001-04-10,0.8830222018554686,0.7972627090493211,0.4137751665175087,0.5210823217513572,0.4789176782486428,False,0.0,0.0,31.24874278291288
2001-04-11,0.8877494467893727,0.7978092785857485,0.4262508914445841,0.5236325471290758,0.4763674528709242,False,0.0,0.0,31.24874278291288
2001-04-12,0.9071974791445072,0.8122986686316679,0.4449643847043571,0.5129689499900678,0.4870310500099322,True,0.6215803425282166,0.0003107901712641,31.870323125441097
2001-04-16,0.901797140943979,0.8037555116446334,0.4184534692343232,0.5100524045001819,0.4899475954998181,False,0.0,0.0,31.870323125441097
2001-04-17,0.867948689315971,0.8151006690635677,0.4288500321813381,0.4909453216844865,0.5090546783155134,False,0.0,0.0,31.870323125441097
2001-04-18,0.8954960346601327,0.8474975003901226,0.4735541326965131,0.5066049164563837,0.4933950835436163,False,0.0,0.0,31.870323125441097
2001-04-19,0.903650068493966,0.8587744906091718,0.5021442572120264,0.5110570382952796,0.4889429617047204,False,0.0,0.0,31.870323125441097
2001-04-20,0.895464533520257,0.8509144839458043,0.5031840264637353,0.4998726103678629,0.500127389632137,True,0.4679829677683323,0.0002339914838841,32.33830609320943
2001-04-23,0.8944767060702761,0.8354683713559566,0.4693958087363932,0.499320287919874,0.500679712080126,False,0.0,0.0,32.33830609320943
2001-04-24,0.8899000009737509,0.8309574274358552,0.4605588055361014,0.4967453206342279,0.5032546793657722,False,0.0,0.0,32.33830609320943
2001-04-25,0.8918242495955767,0.8418241003890906,0.4688758299796998,0.4978311703671054,0.5021688296328946,False,0.0,0.0,32.33830609320943
2001-04-26,0.8958934842782983,0.8455833161398576,0.456920177940158,0.500112069663711,0.499887930336289,False,0.0,0.0,32.33830609320943
2001-04-27,0.9131278674598348,0.8596629638240586,0.4693958087363932,0.5072503425318818,0.4927496574681181,True,0.4175312736693322,0.0002087656368346,32.755837366878765
2001-04-30,0.9155641972111014,0.8656773640828286,0.4797921834217288,0.508561556594285,0.4914384434057149,False,0.0,0.0,32.755837366878765
2001-05-01,0.9171007406206932,0.8683429479858019,0.4995451635406925,0.5093849301540141,0.4906150698459859,False,0.0,0.0,32.755837366878765
2001-05-02,0.9184234173717808,0.8667708316723094,0.5092137656414204,0.5100914943969812,0.4899085056030188,False,0.0,0.0,32.755837366878765
2001-05-03,0.915074004389053,0.8557674136735215,0.4865496481186028,0.5082982996377102,0.4917017003622898,False,0.0,0.0,32.755837366878765
2001-05-04,0.9141633641344517,0.8703247245318565,0.5011047703528357,0.5043505676780103,0.4956494323219896,True,0.8036877974153683,0.0004018438987076,33.559525164294136
2001-05-07,0.9140178239747868,0.8628071143218873,0.490708489798339,0.5042716448215567,0.4957283551784432,False,0.0,0.0,33.559525164294136
2001-05-08,0.9195189753710742,0.8623967149269169,0.5011047703528357,0.5072374093205096,0.4927625906794903,False,0.0,0.0,33.559525164294136
2001-05-09,0.9216562861492916,0.8587744906091718,0.483950554447269,0.5083801203419489,0.4916198796580511,False,0.0,0.0,33.559525164294136
2001-05-10,0.9260244928788384,0.8613029188208102,0.4758416062241044,0.5106991705217394,0.4893008294782606,False,0.0,0.0,33.559525164294136
2001-05-11,0.921236207224335,0.8553566036327688,0.4735541326965131,0.4980936645614033,0.5019063354385966,True,0.610173546401046,0.0003050867732005,34.16969871069518
2001-05-14,0.9232501619140524,0.8570657935084397,0.465965163230042,0.4991885104219876,0.5008114895780124,False,0.0,0.0,34.16969871069518
2001-05-15,0.9164198066342436,0.8610297572463312,0.4693958087363932,0.4954558102148724,0.5045441897851275,False,0.0,0.0,34.16969871069518
2001-05-16,0.9336191300970114,0.8813286353055833,0.4901885581070658,0.5047506269571911,0.4952493730428089,False,0.0,0.0,34.16969871069518
2001-05-17,0.9494145079297588,0.8826954287278559,0.4979856979248083,0.5129900744306662,0.4870099255693337,False,0.0,0.0,34.16969871069518
2001-05-18,0.9613623419597356,0.8867283809571973,0.4994413372248642,0.5080182890271044,0.4919817109728955,True,0.2124578498271866,0.0001062289249135,34.38215656052237
2001-05-21,0.9887146676683444,0.8997822354768636,0.5307343346621208,0.5216287313936001,0.4783712686063999,False,0.0,0.0,34.38215656052237
2001-05-22,0.9797208110778022,0.8986203543000284,0.5291749631770757,0.5172372736045708,0.4827627263954291,False,0.0,0.0,34.38215656052237
2001-05-23,0.9669525579198912,0.8833791539556182,0.5057829789388101,0.5108625692249887,0.4891374307750112,False,0.0,0.0,34.38215656052237
2001-05-24,0.960281772016185,0.885976652787863,0.5187787296879992,0.5074646800082245,0.4925353199917754,False,0.0,0.0,34.38215656052237
2001-05-25,0.9464477008443144,0.8755193115505636,0.5093180155460246,0.4936499909613278,0.5063500090386722,True,0.606682108006634,0.0003033410540033,34.988838668529
2001-05-29,0.92929886067755,0.8685482708770218,0.4794802808854679,0.4843060481880492,0.5156939518119508,False,0.0,0.0,34.988838668529
2001-05-30,0.915967031241068,0.8563821504098339,0.4619102890623932,0.4768001625256944,0.5231998374743057,False,0.0,0.0,34.988838668529
2001-05-31,0.9198113576374608,0.8608245164842678,0.4650292673595816,0.4789868619277946,0.5210131380722054,False,0.0,0.0,34.988838668529
2001-06-01,0.9304270311637092,0.8661558485485275,0.4787524612354401,0.4849313424635151,0.5150686575364849,False,0.0,0.0,34.988838668529
2001-06-04,0.9369753819389792,0.8703247245318565,0.476465364231206,0.5030207879034346,0.4969792120965653,True,0.22914114491603,0.000114570572458,35.21797981344503
2001-06-05,0.9459874424996104,0.8803036634326135,0.497465860364374,0.507755318781513,0.4922446812184869,False,0.0,0.0,35.21797981344503
2001-06-06,0.941524267503346,0.8729905548222993,0.4936193448096747,0.5054218960232402,0.4945781039767598,False,0.0,0.0,35.21797981344503
2001-06-07,0.9462032687744792,0.8761344589326585,0.5063028635646646,0.5078675983934923,0.4921324016065077,False,0.0,0.0,35.21797981344503
2001-06-08,0.9397883000491172,0.8680012085656555,0.4922677671525453,0.5045083163457394,0.4954916836542605,False,0.0,0.0,35.21797981344503
2001-06-11,0.925484859201042,0.861850227519646,0.4787524612354401,0.4952358221789585,0.5047641778210414,True,0.4357660229181032,0.000217883011459,35.65374583636313
2001-06-12,0.9265806884816664,0.860346032018569,0.4761536499566243,0.4958327862348068,0.5041672137651931,False,0.0,0.0,35.65374583636313
2001-06-13,0.905971172962214,0.8529645098209003,0.4631580404036944,0.4843637215155411,0.5156362784844589,False,0.0,0.0,35.65374583636313
2001-06-14,0.8830930018136849,0.833827923584266,0.4392463127358348,0.4710052020783697,0.5289947979216303,False,0.0,0.0,35.65374583636313
2001-06-15,0.8892158132300522,0.8351716387135656,0.4428849873971984,0.4746476647288572,0.5253523352711428,False,0.0,0.0,35.65374583636313
2001-06-18,0.8690120496210908,0.8311272705314723,0.4369592157316007,0.4891282166186275,0.5108717833813725,True,0.0261195770091811,1.305978850459056e-05,35.67986541337231
2001-06-19,0.8815019760513856,0.8347600073812479,0.4347758509123547,0.4963667154117089,0.503633284588291,False,0.0,0.0,35.67986541337231
2001-06-20,0.8927205615893649,0.8391467720167395,0.4446526704297742,0.502695743022396,0.497304256977604,False,0.0,0.0,35.67986541337231
2001-06-21,0.902911441838334,0.8486737541693432,0.4506825508037183,0.5083086612946941,0.4916913387053059,False,0.0,0.0,35.67986541337231
2001-06-22,0.8891530688609586,0.8420253989516426,0.4496426874211705,0.5007004405455727,0.4992995594544273,False,0.0,0.0,35.67986541337231
2001-06-25,0.8826917032549634,0.8342803731073583,0.4507862359232875,0.4927952646322598,0.5072047353677401,True,0.223875161860289,0.0001119375809301,35.903740575232604
2001-06-26,0.9061866516674204,0.8331150425059505,0.4523456544737515,0.5059457001083194,0.4940542998916806,False,0.0,0.0,35.903740575232604
2001-06-27,0.9190150611206634,0.8326350797154348,0.4552566506813463,0.5128421386100099,0.48715786138999,False,0.0,0.0,35.903740575232604
2001-06-28,0.9490720854367688,0.8372271672421463,0.4610785489656968,0.528270382586696,0.471729617413304,False,0.0,0.0,35.903740575232604
2001-06-29,0.95841116558623,0.8403115277140518,0.4751137865740765,0.5328670743449798,0.4671329256550202,False,0.0,0.0,35.903740575232604
2001-07-02,0.9654715309141412,0.8507988460934692,0.4725149282298406,0.4977190944268368,0.5022809055731632,True,0.2384439721852151,0.0001192219860926,36.14218454741782
2001-07-03,0.9473663729554732,0.8505932768147798,0.4744898873707145,0.488119983254403,0.511880016745597,False,0.0,0.0,36.14218454741782
2001-07-05,0.93041513523468,0.8340060617246884,0.4517218964666499,0.4787940388240282,0.5212059611759717,False,0.0,0.0,36.14218454741782
2001-07-06,0.8992594072908103,0.8159799438129278,0.4330086385339751,0.4607363449067154,0.5392636550932846,False,0.0,0.0,36.14218454741782
2001-07-09,0.8950414002097099,0.8204351220357738,0.436751186576587,0.4581949899311461,0.5418050100688538,False,0.0,0.0,36.14218454741782
2001-07-10,0.8733675541302783,0.8105652506548329,0.4210526570364961,0.4835354327454603,0.5164645672545397,True,0.039045940062503,1.9522970031251515e-05,36.18123048748032
2001-07-11,0.8676656068834623,0.811387445640434,0.4262508914445841,0.4801414366091924,0.5198585633908076,False,0.0,0.0,36.18123048748032
2001-07-12,0.8979077431624767,0.8306479647742085,0.453281362082534,0.4976506224243242,0.5023493775756758,False,0.0,0.0,36.18123048748032
2001-07-13,0.8940104392018072,0.8378442857239968,0.4486032005619798,0.4954607059166229,0.504539294083377,False,0.0,0.0,36.18123048748032
2001-07-16,0.863188600129178,0.8273578707653008,0.4402859407912846,0.4774451425441124,0.5225548574558876,False,0.0,0.0,36.18123048748032
2001-07-17,0.8767640905582055,0.8351025680929592,0.4501624779161859,0.5085646584210309,0.491435341578969,True,0.3813985808146636,0.0001906992904073,36.56262906829498
2001-07-18,0.8625082539605732,0.8294139741979769,0.4330086385339751,0.5004420440626394,0.4995579559373606,False,0.0,0.0,36.56262906829498
2001-07-19,0.8521169068620611,0.8366791193809021,0.4433009045109654,0.4943500629340351,0.5056499370659648,False,0.0,0.0,36.56262906829498
2001-07-20,0.8489136158056508,0.8316754826510295,0.4330086385339751,0.4924420432122162,0.5075579567877838,False,0.0,0.0,36.56262906829498
2001-07-23,0.839102124777965,0.8152944117437229,0.4221962055386132,0.4865072467291642,0.5134927532708358,False,0.0,0.0,36.56262906829498
2001-07-24,0.8311615555670823,0.8074120659497905,0.4174140294405514,0.4955897981123992,0.5044102018876008,True,0.2321832890354528,0.0001160916445177,36.79481235733044
2001-07-25,0.8320502948866687,0.8163228330412651,0.4210526570364961,0.49612857465316,0.5038714253468399,False,0.0,0.0,36.79481235733044
2001-07-26,0.8526639608218207,0.82489030025862,0.4272904253691936,0.5083099705061731,0.4916900294938269,False,0.0,0.0,36.79481235733044
2001-07-27,0.8543261179728912,0.8280428279304104,0.4361272873732263,0.5092665912642652,0.4907334087357348,False,0.0,0.0,36.79481235733044
2001-07-30,0.8492811513104319,0.8283173035713931,0.4335281466364722,0.5063514980899888,0.4936485019100112,False,0.0,0.0,36.79481235733044
2001-07-31,0.8626429409841463,0.8317444711424794,0.434152045839833,0.5066599642965453,0.4933400357034547,True,0.0412517790875935,2.0625889543796767e-05,36.83606413641803
2001-08-01,0.871430546597532,0.8369533486344154,0.4480831747398662,0.5116348618187662,0.4883651381812338,False,0.0,0.0,36.83606413641803
2001-08-02,0.8766836418269905,0.8403802698180322,0.4565044490880688,0.5145611495412878,0.4854388504587121,False,0.0,0.0,36.83606413641803
2001-08-03,0.8683301315790635,0.8357884286787902,0.4489149619019815,0.5098911303117645,0.4901088696882355,False,0.0,0.0,36.83606413641803
2001-08-06,0.8678495815214513,0.8245474110302827,0.4418454534725876,0.5096197447507413,0.4903802552492586,False,0.0,0.0,36.83606413641803
2001-08-07,0.8764547852247468,0.8277687629352101,0.4395583564683547,0.5055201914534887,0.4944798085465113,True,0.4140793299669848,0.0002070396649834,37.25014346638502
2001-08-08,0.8652328628574513,0.8124151277755678,0.4210526570364961,0.4991068728407647,0.5008931271592352,False,0.0,0.0,37.25014346638502
2001-08-09,0.8687022099832092,0.8148144489532072,0.4228200106111349,0.5011072961285741,0.4988927038714259,False,0.0,0.0,37.25014346638502
2001-08-10,0.8631865363179129,0.8176244980424429,0.4187655600322621,0.4979194227862835,0.5020805772137165,False,0.0,0.0,37.25014346638502
2001-08-13,0.8700303554708728,0.8178301494502886,0.4272904253691936,0.5018688811575432,0.4981311188424567,False,0.0,0.0,37.25014346638502
2001-08-14,0.8643139672849848,0.8174874244802643,0.4220923321573661,0.3971430362646091,0.6028569637353909,True,0.5015060681525728,0.0002507530340762,37.75164953453759
2001-08-15,0.8588641101984397,0.8104281770926545,0.4064976759985224,0.3933176531138015,0.6066823468861985,False,0.0,0.0,37.75164953453759
2001-08-16,0.850408769296045,0.8132382261818901,0.4112802286199413,0.3872856056472239,0.6127143943527761,False,0.0,0.0,37.75164953453759
2001-08-17,0.8505711831803053,0.8002150058375939,0.3925665941639092,0.3874026015279884,0.6125973984720117,False,0.0,0.0,37.75164953453759
2001-08-20,0.8579460093062087,0.8076177994867929,0.3979728106615895,0.3926684332352366,0.6073315667647634,False,0.0,0.0,37.75164953453759
2001-08-21,0.8402958067782277,0.793840962002563,0.3814425880902236,0.4935826527504144,0.5064173472495855,True,0.3246337556314648,0.0001623168778157,38.07628329016906
2001-08-22,0.8358043363013896,0.8020657042498937,0.3918388686447203,0.4908612519807134,0.5091387480192866,False,0.0,0.0,38.07628329016906
2001-08-23,0.8418550267754237,0.799187159444147,0.3879923295573115,0.4945206005319736,0.5054793994680263,False,0.0,0.0,38.07628329016906
2001-08-24,0.8380185276053899,0.815774292405082,0.4085771203710999,0.4922064854704967,0.5077935145295033,False,0.0,0.0,38.07628329016906
2001-08-27,0.8413553204828633,0.8109074828499183,0.4090967696698563,0.4942203810759071,0.5057796189240928,False,0.0,0.0,38.07628329016906
2001-08-28,0.8497877609717558,0.7990502501402815,0.3963091422065199,0.508706202527428,0.4912937974725719,True,0.2171636050362301,0.0001085818025181,38.293446895205285
2001-08-29,0.841700118780521,0.7919220142612218,0.3904874557165581,0.5039855088313313,0.4960144911686687,False,0.0,0.0,38.293446895205285
2001-08-30,0.8271977486570684,0.7767060275678533,0.376036324527122,0.4952894192334059,0.5047105807665941,False,0.0,0.0,38.293446895205285
2001-08-31,0.8314537158217776,0.7823948678503051,0.3808186653541523,0.4978728843362119,0.5021271156637881,False,0.0,0.0,38.293446895205285
2001-09-04,0.836044669613126,0.777391313249589,0.3687590928679433,0.5006302039737645,0.4993697960262355,False,0.0,0.0,38.293446895205285
2001-09-05,0.8276523127052585,0.7793101788617737,0.3673035006333062,0.4995226317737142,0.5004773682262857,True,0.0122152238940161,6.107611947008082e-06,38.3056621190993
2001-09-06,0.8205353520786707,0.7592281217756499,0.3524368523861697,0.4951817125005329,0.5048182874994671,False,0.0,0.0,38.3056621190993
2001-09-07,0.8264459260362831,0.7451772192962198,0.350357360948172,0.4987920706975068,0.5012079293024931,False,0.0,0.0,38.3056621190993
2001-09-10,0.8257046414377358,0.7542928165039753,0.3545158967026806,0.4983421062671087,0.5016578937328913,False,0.0,0.0,38.3056621190993
2001-09-17,0.7930470408433679,0.7148823194716614,0.3243664477675423,0.4776838826248917,0.5223161173751083,False,0.0,0.0,38.3056621190993
2001-09-18,0.7843845727470957,0.7131684482340706,0.3170890513793938,0.4971643445686358,0.5028356554313642,True,0.2071793537976847,0.0001035896768988,38.51284147289699
2001-09-19,0.7660112279617718,0.698774985042929,0.3115789379677557,0.4851034601711867,0.5148965398288132,False,0.0,0.0,38.51284147289699
2001-09-20,0.7581435273853165,0.6765675075160533,0.301182657413259,0.4797600764227334,0.5202399235772666,False,0.0,0.0,38.51284147289699
2001-09-21,0.7563534428993458,0.6692681966040291,0.2930734503302857,0.4785288089182076,0.5214711910817924,False,0.0,0.0,38.51284147289699
2001-09-24,0.7649054924284574,0.6927968858713267,0.307836272261594,0.4843591337077153,0.5156408662922847,False,0.0,0.0,38.51284147289699
2001-09-25,0.758205974004728,0.7000205558302255,0.3087718622068282,0.4896732817629675,0.5103267182370326,True,0.238026387878316,0.0001190131939391,38.7508678607753
2001-09-26,0.7599566657647009,0.697544115374644,0.2980636791160707,0.4908489077173927,0.5091510922826072,False,0.0,0.0,38.7508678607753
2001-09-27,0.7539035329865955,0.7035985946617801,0.2960883434518384,0.486760905697433,0.513239094302567,False,0.0,0.0,38.7508678607753
2001-09-28,0.7568444058769374,0.7185272935657536,0.3012866013926357,0.4887552005973857,0.5112447994026142,False,0.0,0.0,38.7508678607753
2001-10-01,0.7533921513824874,0.7173578565065215,0.2986876018521408,0.4864125332982068,0.5135874667017932,False,0.0,0.0,38.7508678607753
2001-10-02,0.7438312720248682,0.7263708743978236,0.2996230741338252,0.4998929941336977,0.5001070058663023,True,0.2133480904966338,0.0001066740452483,38.96421595127193
2001-10-03,0.762703938580403,0.7385475895261985,0.3222873799183207,0.5122678519079593,0.4877321480920407,False,0.0,0.0,38.96421595127193
2001-10-04,0.7696330768796361,0.7391669254952742,0.3254060758229909,0.5166589879033272,0.4833410120966728,False,0.0,0.0,38.96421595127193
2001-10-05,0.7675072335877616,0.7377224378909639,0.3301884637154413,0.5153202288619949,0.4846797711380051,False,0.0,0.0,38.96421595127193
2001-10-08,0.7734900727608574,0.7329062198961968,0.3312280917708911,0.5190691601324651,0.4809308398675349,False,0.0,0.0,38.96421595127193
2001-10-09,0.7791241344143999,0.7289847990613659,0.3232230404616844,0.4963712212319573,0.5036287787680427,True,0.2293864462996165,0.0001146932231498,39.193602397571546
2001-10-10,0.8104528256408058,0.745220829878315,0.3378818478154864,0.5158393876737002,0.4841606123262998,False,0.0,0.0,39.193602397571546
2001-10-11,0.8121471617021323,0.7567794409749613,0.3607537591662183,0.5168494642012337,0.4831505357987663,False,0.0,0.0,39.193602397571546
2001-10-12,0.8202354644907316,0.7533392148679936,0.3591942464849141,0.521613788587574,0.478386211412426,False,0.0,0.0,39.193602397571546
2001-10-15,0.8078251931064618,0.7519632229801942,0.3576349220652891,0.5142645467456717,0.4857354532543283,False,0.0,0.0,39.193602397571546
2001-10-16,0.800958915425313,0.7567106167418244,0.3634568203496396,0.4950136418348529,0.504986358165147,True,0.0389280670589453,1.9464033529472688e-05,39.23253046463049
2001-10-17,0.7911040494544707,0.7406120701328364,0.3373618690587918,0.4887229739002707,0.5112770260997292,False,0.0,0.0,39.23253046463049
2001-10-18,0.7966373774067892,0.7390294412873133,0.3465107277299243,0.4922742301432366,0.5077257698567634,False,0.0,0.0,39.23253046463049
2001-10-19,0.7993074612294221,0.7385475895261985,0.3487979188649973,0.4939702863296048,0.5060297136703952,False,0.0,0.0,39.23253046463049
2001-10-22,0.8067978679024871,0.7531329885560523,0.3581546654948844,0.4986683259437901,0.5013316740562099,False,0.0,0.0,39.23253046463049
2001-10-23,0.7947274949000372,0.7492798991794195,0.3600259630488999,0.4983998881002442,0.5016001118997557,True,0.5928279904279802,0.0002964139952139,39.82535845505847
2001-10-24,0.7997267362286627,0.7472850640974834,0.3678233381937418,0.5015354841685686,0.4984645158314313,False,0.0,0.0,39.82535845505847
2001-10-25,0.8081648272137009,0.7607010260681051,0.3825861365923407,0.506739978098229,0.493260021901771,False,0.0,0.0,39.82535845505847
2001-10-26,0.8047075725815341,0.7589809951437777,0.3743730090627001,0.5046207915096006,0.4953792084903994,False,0.0,0.0,39.82535845505847
2001-10-29,0.7919644771554918,0.7392359139867241,0.3538921151628684,0.4966498979809617,0.5033501020190383,False,0.0,0.0,39.82535845505847
2001-10-30,0.7896416304854217,0.7303608730783218,0.3470305888230693,0.4998343977154868,0.5001656022845131,True,0.3981150924647289,0.0001990575462323,40.2234735475232
2001-10-31,0.7906930421360493,0.7278839398478013,0.3524368523861697,0.500499485067292,0.499500514932708,False,0.0,0.0,40.2234735475232
2001-11-01,0.7925161710762008,0.7465283260496033,0.3674073269491345,0.5016485516448959,0.4983514483551041,False,0.0,0.0,40.2234735475232
2001-11-02,0.7973630946161241,0.7516195124602921,0.3701104587306854,0.5046778759044419,0.4953221240955581,False,0.0,0.0,40.2234735475232
2001-11-05,0.8048011373956049,0.7614574355993592,0.3821703606748315,0.5092556864683888,0.4907443135316112,False,0.0,0.0,40.2234735475232
2001-11-06,0.8070611828685368,0.7732909329827709,0.3970371971836473,0.5014828463160941,0.4985171536839059,True,0.215974531837096,0.0001079872659185,40.4394480793603
2001-11-07,0.8106253514342223,0.7722587337440302,0.3965174537540519,0.5036747333147815,0.4963252666852185,False,0.0,0.0,40.4394480793603
2001-11-08,0.797718279442514,0.7746667606122573,0.3924626737172419,0.4956441965783202,0.5043558034216797,False,0.0,0.0,40.4394480793603
2001-11-09,0.7974677674949064,0.7754923228932743,0.3922549504874559,0.4954857611408614,0.5045142388591386,False,0.0,0.0,40.4394480793603
2001-11-12,0.8027842876782347,0.7707453397774265,0.3950616732577357,0.4988269577422901,0.5011730422577099,False,0.0,0.0,40.4394480793603
2001-11-13,0.7990789851542904,0.7880823119370965,0.4092007371819424,0.4994920235044068,0.5005079764955932,True,0.4084163145495218,0.0002042081572747,40.847864393909816
2001-11-14,0.7976751061021576,0.7888390499849767,0.4121115921932793,0.4986111477465296,0.5013888522534704,False,0.0,0.0,40.847864393909816
2001-11-15,0.7970061006724605,0.790283866105913,0.4104485826540851,0.498190282882052,0.501809717117948,False,0.0,0.0,40.847864393909816
2001-11-16,0.7918292000472921,0.7867753906699037,0.4093045634977707,0.4949095008167931,0.5050904991832069,False,0.0,0.0,40.847864393909816
2001-11-19,0.7968696701654727,0.7964757474718535,0.420948783655249,0.498104369015982,0.501895630984018,False,0.0,0.0,40.847864393909816
2001-11-20,0.7931888879544527,0.7898026713780499,0.4015075178108671,0.4979083155741075,0.5020916844258925,True,0.2164503928754284,0.0001082251964377,41.064314786785246
2001-11-21,0.7975117290413185,0.7845735901136178,0.3994281675691284,0.500629858698519,0.499370141301481,False,0.0,0.0,41.064314786785246
2001-11-23,0.7983305587362708,0.7958563293736212,0.4083690441506674,0.5011420514186842,0.4988579485813158,False,0.0,0.0,41.064314786785246
2001-11-26,0.8008083441627695,0.7975766066854181,0.4184534692343232,0.5026855704940008,0.4973144295059992,False,0.0,0.0,41.064314786785246
2001-11-27,0.7955627286467386,0.7941363805784503,0.4179336787393078,0.4994064823796039,0.5005935176203961,False,0.0,0.0,41.064314786785246
2001-11-28,0.7856875881443746,0.7797579470229461,0.4028588130754795,0.4963707475877709,0.5036292524122291,True,0.6217864278221805,0.000310893213911,41.68610121460743
2001-11-29,0.7896310875748642,0.790283866105913,0.4153344438717148,0.4988859242333169,0.501114075766683,False,0.0,0.0,41.68610121460743
2001-11-30,0.785830800098058,0.7846423322175983,0.4122157479670446,0.4964625303597887,0.5035374696402113,False,0.0,0.0,41.68610121460743
2001-12-03,0.7862064880738424,0.7799642554640438,0.4051463807339098,0.4967031452307806,0.5032968547692194,False,0.0,0.0,41.68610121460743
2001-12-04,0.805210273790603,0.7931738268644113,0.4244834437391064,0.508581465579238,0.491418534420762,False,0.0,0.0,41.68610121460743
2001-12-05,0.8169492815607622,0.8076899088861893,0.4454841281339524,0.5066307425146745,0.4933692574853254,True,0.2226095867374903,0.0001113047933687,41.90871080134492
2001-12-06,0.8144840130603352,0.8072770456165244,0.4461079332064741,0.505137419539571,0.4948625804604289,False,0.0,0.0,41.90871080134492
2001-12-07,0.8000859207213863,0.8019110550482268,0.4338402844998312,0.4962320295757837,0.5037679704242163,False,0.0,0.0,41.90871080134492
2001-12-10,0.7936323246708765,0.7869131212653339,0.4262508914445841,0.492135529366255,0.507864470633745,False,0.0,0.0,41.90871080134492
2001-12-11,0.7966430572415997,0.7853307388072803,0.4286420500917445,0.494054888468617,0.5059451115313829,False,0.0,0.0,41.90871080134492
2001-12-12,0.8010995515145816,0.7862251253214343,0.4320730250560327,0.5033377322779737,0.4966622677220262,True,0.5936385880915129,0.0002968192940457,42.50234938943643
2001-12-13,0.7803378244821704,0.7709519767351501,0.4133592964691616,0.4901234985112256,0.5098765014887743,False,0.0,0.0,42.50234938943643
2001-12-14,0.779529607917143,0.7783128845145404,0.4169982535230434,0.4895948583794896,0.5104051416205104,False,0.0,0.0,42.50234938943643
2001-12-17,0.7831281491385078,0.786362773787708,0.4241715882682644,0.4919402139177096,0.5080597860822904,False,0.0,0.0,42.50234938943643
2001-12-18,0.7894072911330927,0.7910410147995754,0.4289538584971651,0.4959814478591519,0.5040185521408481,False,0.0,0.0,42.50234938943643
2001-12-19,0.7726860455130977,0.7966135601964403,0.4211567657448427,0.4970648184195838,0.5029351815804162,True,0.0347745774248206,1.7387288712410307e-05,42.53712396686125
2001-12-20,0.7517697838108305,0.7887703078809962,0.4032746831238266,0.4830718060589535,0.5169281939410465,False,0.0,0.0,42.53712396686125
2001-12-21,0.7678003241959716,0.79355433124642,0.4104485826540851,0.4938645057076123,0.5061354942923877,False,0.0,0.0,42.53712396686125
2001-12-24,0.7686555270300088,0.7920355988846447,0.4087852907223727,0.494427629882102,0.505572370117898,False,0.0,0.0,42.53712396686125
2001-12-26,0.7731370642541279,0.7963845841081517,0.4126315238845526,0.4973582116649783,0.5026417883350217,False,0.0,0.0,42.53712396686125
2001-12-27,0.7805779551807543,0.8012175564508425,0.4159582018788164,0.5031063249308467,0.4968936750691533,True,0.2081761370888954,0.0001040880685444,42.74530010395015
2001-12-28,0.7838801245465911,0.8008028863397347,0.4192853034618574,0.5051995366611995,0.4948004633388004,False,0.0,0.0,42.74530010395015
2001-12-31,0.7700262149360653,0.7890673690400132,0.404522434465129,0.4962973450716429,0.503702654928357,False,0.0,0.0,42.74530010395015
2002-01-02,0.7980478292245922,0.7975583740126777,0.4169982535230434,0.5139837054571147,0.4860162945428853,False,0.0,0.0,42.74530010395015
2002-01-03,0.8290351569610769,0.8066022724668193,0.4314489375909929,0.5321498182905893,0.4678501817094107,False,0.0,0.0,42.74530010395015
2002-01-04,0.8262899593536192,0.811986988482796,0.4332163382310517,0.4921242261698301,0.5078757738301699,True,0.2379296373993571,0.0001189648186996,42.983229741349504
2002-01-07,0.8209097827812318,0.8062570014929439,0.4284341621329899,0.4887956492697152,0.5112043507302848,False,0.0,0.0,42.983229741349504
2002-01-08,0.8307087117218266,0.8043927517698236,0.4313448759480665,0.494825747469295,0.505174252530705,False,0.0,0.0,42.983229741349504
2002-01-09,0.8333908411081724,0.7978344101076338,0.4273942987504421,0.496451566522137,0.5035484334778629,False,0.0,0.0,42.983229741349504
2002-01-10,0.8316025421123685,0.8013560262086812,0.4302012333151104,0.4953687233220193,0.5046312766779806,False,0.0,0.0,42.983229741349504
2002-01-11,0.8271909153435554,0.7934855891424396,0.4246912846324409,0.4980769449725502,0.5019230550274498,True,0.0313190888199853,1.565954440999267e-05,43.01454883016949
2002-01-14,0.8056485540515814,0.7885151325917881,0.4154386937763191,0.484655946774519,0.5153440532254809,False,0.0,0.0,43.01454883016949
2002-01-15,0.8144775123492475,0.7949351687544521,0.4193894592356227,0.4902422902719033,0.5097577097280966,False,0.0,0.0,43.01454883016949
2002-01-16,0.7911603814559697,0.7788500913271281,0.4031707626771593,0.475218677461927,0.524781322538073,False,0.0,0.0,43.01454883016949
2002-01-17,0.802705787024624,0.784718548074819,0.4122157479670446,0.4827666649082551,0.5172333350917449,False,0.0,0.0,43.01454883016949
2002-01-18,0.7955927084640736,0.7811281077406348,0.4011954270129282,0.5024810825765432,0.4975189174234568,True,0.4100345252415208,0.0002050172626207,43.42458335541101
2002-01-22,0.7654495631166488,0.7757436381121274,0.3888239990558771,0.4828889555918114,0.5171110444081886,False,0.0,0.0,43.42458335541101
2002-01-23,0.7830261379383544,0.7816806727054858,0.3995320409503756,0.4944965386887199,0.5055034613112801,False,0.0,0.0,43.42458335541101
2002-01-24,0.7884590161745145,0.7840965839727357,0.40483438406681,0.4979797111769823,0.5020202888230176,False,0.0,0.0,43.42458335541101
2002-01-25,0.7899135898044845,0.7838898648858555,0.4036906473030137,0.4989041483347385,0.5010958516652615,False,0.0,0.0,43.42458335541101
2002-01-28,0.7863685322635583,0.7860299864456188,0.405978026699766,0.4925376757262415,0.5074623242737585,True,0.6041968891871401,0.0003020984445935,44.02878024459815
2002-01-29,0.7687272300535759,0.7613152700294785,0.3948538794298213,0.480892067410702,0.519107932589298,False,0.0,0.0,44.02878024459815
2002-01-30,0.7669984925630835,0.7722918317940949,0.3978687960840834,0.4797220503202117,0.5202779496797882,False,0.0,0.0,44.02878024459815
2002-01-31,0.7729381970674654,0.7813355659899234,0.4003639222433311,0.4837201672368919,0.5162798327631082,False,0.0,0.0,44.02878024459815
2002-02-01,0.7656467514245211,0.7776763835517586,0.3965174537540519,0.4788035051729091,0.5211964948270909,False,0.0,0.0,44.02878024459815
2002-02-04,0.7327023247658107,0.7583466295390646,0.3838336761392533,0.4797091744217009,0.5202908255782991,True,0.0240820584898091,1.2041029244904584e-05,44.05286230308796
2002-02-05,0.7281247588667887,0.7536527839874646,0.3774920579580181,0.4764382163726325,0.5235617836273674,False,0.0,0.0,44.05286230308796
2002-02-06,0.7211393116625574,0.7504078610146252,0.3748927289595861,0.4713666398567854,0.5286333601432146,False,0.0,0.0,44.05286230308796
2002-02-07,0.710310925885084,0.7457133584297732,0.3658479554640894,0.4633078507408218,0.5366921492591782,False,0.0,0.0,44.05286230308796
2002-02-08,0.7195580494667151,0.7600036674003658,0.376036324527122,0.4702049435232165,0.5297950564767835,False,0.0,0.0,44.05286230308796
2002-02-11,0.7403354323689543,0.7693233555619939,0.3808186653541523,0.5108327266893968,0.4891672733106031,True,0.1979657609802257,9.898288049011286e-05,44.25082806406819
2002-02-12,0.7375710075554749,0.766906951519805,0.3776999694494821,0.5089993219942154,0.4910006780057846,False,0.0,0.0,44.25082806406819
2002-02-13,0.7514399438855136,0.7750534246810026,0.3841456492736437,0.5180614662103679,0.4819385337896321,False,0.0,0.0,44.25082806406819
2002-02-14,0.7494461842096606,0.7736034344232076,0.3834177354927767,0.5167793599895953,0.4832206400104046,False,0.0,0.0,44.25082806406819
2002-02-15,0.737028050029543,0.7655266067867118,0.3719819445463787,0.5086376091484831,0.4913623908515169,False,0.0,0.0,44.25082806406819
2002-02-19,0.7115439043736278,0.7508217098341681,0.3605458947401744,0.4898790651707281,0.5101209348292719,True,0.6125858066713552,0.0003062929033356,44.86341387073954
2002-02-20,0.7204009512835344,0.7634551452017725,0.3654320383503223,0.4961508018216284,0.5038491981783715,False,0.0,0.0,44.86341387073954
2002-02-21,0.704963010246855,0.7476464323860303,0.348070169813099,0.4851170396244713,0.5148829603755287,False,0.0,0.0,44.86341387073954
2002-02-22,0.7041842228902053,0.7568969677978956,0.3498376410512873,0.4845476086053423,0.5154523913946577,False,0.0,0.0,44.86341387073954
2002-02-25,0.7123688437558279,0.7693923440534438,0.3639766343773645,0.4904697968577102,0.5095302031422898,False,0.0,0.0,44.86341387073954
2002-02-26,0.7115100775497087,0.7678046232002185,0.3626251273183633,0.4994031659400475,0.5005968340599525,True,0.4053176723470154,0.0002026588361735,45.26873154308656
2002-02-27,0.7109703629614011,0.7707727709156935,0.3576349220652891,0.4990231509235602,0.5009768490764398,False,0.0,0.0,45.26873154308656
2002-02-28,0.696990891770891,0.7673211288559738,0.3511890775121578,0.4889751122598372,0.5110248877401629,False,0.0,0.0,45.26873154308656
2002-03-01,0.7118065424461901,0.7852010568691858,0.3715658862363525,0.4996116627432355,0.5003883372567646,False,0.0,0.0,45.26873154308656
2002-03-04,0.7295136472035286,0.7990772706327661,0.3862249289172527,0.5117573282028478,0.4882426717971522,False,0.0,0.0,45.26873154308656
2002-03-05,0.7459373617626244,0.7965233823826164,0.3890318399492117,0.5101266328069504,0.4898733671930496,True,0.2172815924669676,0.0001086407962334,45.48601313555353
2002-03-06,0.762552734926065,0.8059808011396749,0.3909031610359378,0.5208005553121695,0.4791994446878305,False,0.0,0.0,45.48601313555353
2002-03-07,0.7572431245843889,0.8042550211743933,0.3917346187401148,0.5174405217316251,0.4825594782683748,False,0.0,0.0,45.48601313555353
2002-03-08,0.7779745822828946,0.8076375104843501,0.4020273553713014,0.5302997611445344,0.4697002388554656,False,0.0,0.0,45.48601313555353
2002-03-11,0.7842186725046846,0.8093633725787881,0.4005719513983436,0.534039598987521,0.465960401012479,False,0.0,0.0,45.48601313555353
2002-03-12,0.7769108967087972,0.8088799603636999,0.3950616732577357,0.501797108393918,0.498202891606082,True,0.6281083166147727,0.0003140541583073,46.1141214521683
2002-03-13,0.7721140922127384,0.8010797437262557,0.3854970386690952,0.4987019934432806,0.5012980065567194,False,0.0,0.0,46.1141214521683
2002-03-14,0.7602486829490306,0.7999746137965537,0.3832097534031832,0.4908780982570324,0.5091219017429676,False,0.0,0.0,46.1141214521683
2002-03-15,0.7610696097915322,0.8075973493268274,0.3870564572195605,0.491427261999572,0.508572738000428,False,0.0,0.0,46.1141214521683
2002-03-18,0.7680154265950344,0.8077355726971966,0.389239845571516,0.4960267178790816,0.5039732821209184,False,0.0,0.0,46.1141214521683
2002-03-19,0.7673381590564469,0.8131357289945932,0.3886162052279628,1.0,0.0,True,0.9088177974209002,0.0004544088987104,47.0229392495892
2002-03-20,0.7517582312396525,0.7978350671408857,0.3748927289595861,1.0,0.0,False,0.0,0.0,47.0229392495892
2002-03-21,0.7736836051845136,0.7981814057937954,0.3848735865872212,0.9999999999999998,2.220446049250313e-16,False,0.0,0.0,47.0229392495892
2002-03-22,0.790456026062113,0.7964506980791246,0.3813385264472973,1.0,1.1102230246251563e-16,False,0.0,0.0,47.0229392495892
2002-03-25,0.7666334688136909,0.7865501103936571,0.3696944945514981,1.0,1.1102230246251563e-16,False,0.0,0.0,47.0229392495892
2002-03-26,0.7678614359144436,0.7911198587898038,0.3731255401139159,0.5040961629102405,0.4959038370897595,True,1.2999999999999998,0.00065,48.3229392495892
2002-03-27,0.7735083744223676,0.7931967408990714,0.370214402710062,0.5077164708041022,0.4922835291958978,False,0.0,0.0,48.3229392495892
2002-03-28,0.7801219527217567,0.7928505665044747,0.3748927289595861,0.511889864020993,0.488110135979007,False,0.0,0.0,48.3229392495892
2002-04-01,0.7868117551365633,0.7931967408990714,0.3820662990319051,0.5160399804180176,0.4839600195819824,False,0.0,0.0,48.3229392495892
2002-04-02,0.7945764444385726,0.7888357648187171,0.3648084215394785,0.5207692915031246,0.4792307084968754,False,0.0,0.0,48.3229392495892
2002-04-03,0.7975219946496701,0.7832968102468559,0.3641846399996675,0.5022636185707663,0.4977363814292337,True,0.6205166731168885,0.0003102583365584,48.943455922706086
2002-04-04,0.7946613510949229,0.7800426888084898,0.3613775407060294,0.5004718536012772,0.4995281463987228,False,0.0,0.0,48.943455922706086
2002-04-05,0.8080373073375994,0.7801811585663285,0.3573229018654786,0.508740861192313,0.491259138807687,False,0.0,0.0,48.943455922706086
2002-04-08,0.815847282333458,0.7818430420478625,0.3617932695581185,0.513443606024166,0.4865563939758339,False,0.0,0.0,48.943455922706086
2002-04-09,0.8185892862539272,0.7763734044840771,0.3492139301096046,0.5150734093482681,0.4849265906517319,False,0.0,0.0,48.943455922706086
2002-04-10,0.8229040497723757,0.785166069848522,0.3518131179117775,0.5016198995790702,0.4983801004209298,True,0.234094184940291,0.0001170470924701,49.177550107646375
2002-04-11,0.8121883432536342,0.7656419161224209,0.3430799880927341,0.4950444605996118,0.5049555394003882,False,0.0,0.0,49.177550107646375
2002-04-12,0.8117018139377186,0.7713886574601967,0.3484861810577063,0.494741793205091,0.505258206794909,False,0.0,0.0,49.177550107646375
2002-04-15,0.8139841753015902,0.7655031999771128,0.3512930214915344,0.4961585060171558,0.5038414939828442,False,0.0,0.0,49.177550107646375
2002-04-16,0.823790184457414,0.7837120552620591,0.3659520877051453,0.5021559971214395,0.4978440028785604,False,0.0,0.0,49.177550107646375
2002-04-17,0.82625704713731,0.7820504181679946,0.3640806960202909,1.0,0.0,True,0.8977041501692238,0.0004488520750846,50.0752542578156
2002-04-18,0.8305808753134779,0.7786581554884158,0.3571151080375642,0.9999999999999998,2.220446049250313e-16,False,0.0,0.0,50.0752542578156
2002-04-19,0.8383795992837054,0.7814967033949527,0.358258562408841,1.0,1.1102230246251563e-16,False,0.0,0.0,50.0752542578156
2002-04-22,0.8204626093209539,0.7684809568038968,0.3492139301096046,1.0,1.1102230246251563e-16,False,0.0,0.0,50.0752542578156
2002-04-23,0.820161796405725,0.765157846874081,0.343183885006692,1.0000000000000002,0.0,False,0.0,0.0,50.0752542578156
2002-04-24,0.8126582468361337,0.7574728574431893,0.3378818478154864,0.4966427889553048,0.5033572110446952,True,0.8999999999999999,0.00045,50.9752542578156
2002-04-25,0.8120195652400553,0.7578882667167053,0.337050013587951,0.4962468810231448,0.5037531189768552,False,0.0,0.0,50.9752542578156
2002-04-26,0.8034274799759348,0.7434880689347318,0.3227031323031193,0.4908595998332542,0.5091404001667458,False,0.0,0.0,50.9752542578156
2002-04-29,0.7941462855333582,0.7398184560936931,0.3235347782689755,0.4849092716146374,0.5150907283853625,False,0.0,0.0,50.9752542578156
2002-04-30,0.7975324652107715,0.746741533339846,0.329876537646471,0.4870962543803128,0.5129037456196872,False,0.0,0.0,50.9752542578156
2002-05-01,0.795284558588171,0.7558804552280441,0.3281092311372511,0.4990357793439831,0.500964220656017,True,0.2220153181837587,0.0001110076590918,51.19726957599936
2002-05-02,0.7893124194108614,0.7529728367009008,0.3171929718260611,0.4952453562174304,0.5047546437825696,False,0.0,0.0,51.19726957599936
2002-05-03,0.7914275056930602,0.7448035316341995,0.3091878734514342,0.4965943106260918,0.5034056893739082,False,0.0,0.0,51.19726957599936
2002-05-06,0.7788421835491375,0.7301948900530596,0.301182657413259,0.4884597707877595,0.5115402292122404,False,0.0,0.0,51.19726957599936
2002-05-07,0.7760731853794097,0.7276335280496695,0.2983755816523315,0.4866346156540485,0.5133653843459515,False,0.0,0.0,51.19726957599936
2002-05-08,0.7841271182008556,0.7547035444155716,0.3302923841621085,0.4999340756217008,0.5000659243782992,True,0.4271473971776539,0.0002135736985888,51.62441697317701
2002-05-09,0.7821548979682076,0.745980442446672,0.3217674482270474,0.4986731487435609,0.501326851256439,False,0.0,0.0,51.62441697317701
2002-05-10,0.7728816244814909,0.7319261726718259,0.3073164817665798,0.4926580736652081,0.5073419263347919,False,0.0,0.0,51.62441697317701
2002-05-13,0.7692670381656541,0.7468107682187654,0.3197921831609446,0.4902742055239799,0.5097257944760201,False,0.0,0.0,51.62441697317701
2002-05-14,0.7971865671749846,0.7630809647648132,0.3386095498019647,0.5081261170985933,0.4918738829014066,False,0.0,0.0,51.62441697317701
2002-05-15,0.7902709854872385,0.7601037828421247,0.3411045347649534,0.503029895973578,0.496970104026422,True,0.4137873946094823,0.0002068936973047,52.0382043677865
2002-05-16,0.7938685329156092,0.7640498424239018,0.3416244899889374,0.5052819987407088,0.4947180012592912,False,0.0,0.0,52.0382043677865
2002-05-17,0.7879528475021746,0.7677885258855468,0.3423521919754156,0.5015678220953798,0.4984321779046202,False,0.0,0.0,52.0382043677865
2002-05-20,0.78536121280885,0.7594805868026939,0.3348668134976748,0.4999230322796119,0.5000769677203881,False,0.0,0.0,52.0382043677865
2002-05-21,0.7881352729008447,0.7525575916856976,0.3257181430882215,0.5016831914893032,0.4983168085106968,False,0.0,0.0,52.0382043677865
2002-05-22,0.7947734834349078,0.7542191466506056,0.3264457980092809,0.5093364674751067,0.4906635325248932,True,0.4083255071446945,0.0002041627535723,52.4465298749312
2002-05-23,0.7976865378296346,0.7622497355719986,0.3329954453455298,0.5111283111279313,0.4888716888720686,False,0.0,0.0,52.4465298749312
2002-05-24,0.7999424298445993,0.7524880282901523,0.3247824119467283,0.5125069625134853,0.4874930374865147,False,0.0,0.0,52.4465298749312
2002-05-28,0.7963176804719786,0.7484033346922234,0.3233268903102221,0.5102879485130191,0.4897120514869809,False,0.0,0.0,52.4465298749312
2002-05-29,0.7821092099192949,0.7428644622495187,0.3148018131789006,0.5013914169614151,0.4986085830385849,False,0.0,0.0,52.4465298749312
2002-05-30,0.773097257189532,0.7407879907860335,0.3175050390912904,0.5005849831652128,0.4994150168347872,True,0.2006479734491975,0.0001003239867245,52.6471778483804
2002-05-31,0.7878091328219603,0.7423109117347899,0.3123066870196541,0.5099112670460837,0.4900887329539163,False,0.0,0.0,52.6471778483804
2002-06-03,0.7619370790637725,0.7225801210509651,0.3012866013926357,0.493269995222371,0.506730004777629,False,0.0,0.0,52.6471778483804
2002-06-04,0.7600009858331006,0.7243797351279294,0.3052372021229708,0.491979106723124,0.5080208932768759,False,0.0,0.0,52.6471778483804
2002-06-05,0.7571839412656353,0.7311645068745565,0.3083560392239001,0.4900890540957898,0.5099109459042102,False,0.0,0.0,52.6471778483804
2002-06-06,0.738978909550436,0.7162793364235216,0.3002469027390564,0.4897589108603143,0.5102410891396857,True,0.4201611700034824,0.0002100805850017,53.06733901838388
2002-06-07,0.7355102152302799,0.7154488463931153,0.2942169517669827,0.4873525943589792,0.5126474056410207,False,0.0,0.0,53.06733901838388
2002-06-10,0.7360825298088594,0.7182183236790459,0.2936971612719685,0.4877511849680994,0.5122488150319006,False,0.0,0.0,53.06733901838388
2002-06-11,0.7275730994612023,0.705894843748027,0.2854840102096185,0.4817601091361153,0.5182398908638847,False,0.0,0.0,53.06733901838388
2002-06-12,0.7362692529637281,0.7101869955952445,0.2896427106930956,0.487881094935731,0.5121189050642689,False,0.0,0.0,53.06733901838388
2002-06-13,0.7339767175904586,0.7030558030665511,0.2877712484101117,0.4986604477662159,0.5013395522337841,True,0.2038586022951596,0.0001019293011475,53.27119762067903
2002-06-14,0.7130096052209606,0.7020175262702303,0.2871475610011385,0.4839178094483182,0.5160821905516818,False,0.0,0.0,53.27119762067903
2002-06-17,0.7291407386150024,0.7208491669488248,0.2969201070812429,0.4953353454838055,0.5046646545161946,False,0.0,0.0,53.27119762067903
2002-06-18,0.7250106162958968,0.7267339673986568,0.3017024949736933,0.4924604541285177,0.5075395458714823,False,0.0,0.0,53.27119762067903
2002-06-19,0.7105337139513057,0.7097716684508849,0.2842364471299952,0.4821194945127673,0.5178805054872326,False,0.0,0.0,53.27119762067903
2002-06-20,0.6900851704174239,0.7007019814416061,0.2750877296551218,0.4837001150173821,0.5162998849826179,True,0.02949195455801,1.4745977279005014e-05,53.30068957523704
2002-06-21,0.6989218101259772,0.6897457877077989,0.2684340206759465,0.4902278209768464,0.5097721790231535,False,0.0,0.0,53.30068957523704
2002-06-24,0.696987826024355,0.6933582386559219,0.2737361755307018,0.4888133180933403,0.5111866819066597,False,0.0,0.0,53.30068957523704
2002-06-25,0.6935967338001745,0.677796447149161,0.2646913785024956,0.4863140543314989,0.513685945668501,False,0.0,0.0,53.30068957523704
2002-06-26,0.6946470323773021,0.6789077778301779,0.2666666671013079,0.4870907417607673,0.5129092582392327,False,0.0,0.0,53.30068957523704
2002-06-27,0.6911642820127427,0.6907881709619441,0.2724886124510773,0.4982459876331818,0.5017540123668182,True,0.5867485540695079,0.0002933742770347,53.88743812930655
2002-06-28,0.7112189370617025,0.687522921022874,0.2713450639489602,0.5123942380706911,0.4876057619293089,False,0.0,0.0,53.88743812930655
2002-07-01,0.7047272741466495,0.6741142685471796,0.2583496191250001,0.5079026108015243,0.4920973891984757,False,0.0,0.0,53.88743812930655
2002-07-02,0.6891933419351709,0.6598024828021655,0.2489928489624035,0.4968110824594328,0.5031889175405672,False,0.0,0.0,53.88743812930655
2002-07-03,0.6933488626659132,0.6635540194768008,0.2573099675368409,0.4998268975720151,0.500173102427985,False,0.0,0.0,53.88743812930655
2002-07-05,0.709258106481088,0.6899543957652783,0.273840190108208,0.5050223635921396,0.4949776364078604,True,0.2323920939202944,0.0001161960469601,54.11983022322685
2002-07-08,0.7154842978150213,0.6813396221537864,0.2638597325366394,0.5093296914813815,0.4906703085186185,False,0.0,0.0,54.11983022322685
2002-07-09,0.7054366722305615,0.6641791044868307,0.2563743305261878,0.5023410109385655,0.4976589890614344,False,0.0,0.0,54.11983022322685
2002-07-10,0.7046506768740695,0.6400024983039996,0.2484729878692597,0.5017859023331868,0.4982140976668132,False,0.0,0.0,54.11983022322685
2002-07-11,0.6951650010316692,0.6452128951853306,0.2578297109664362,0.4949876638954522,0.5050123361045478,False,0.0,0.0,54.11983022322685
2002-07-12,0.6941783686727889,0.6381263398531886,0.2578297109664362,0.4954753214361607,0.5045246785638393,True,0.4070255731143856,0.0002035127865571,54.52685579634124
2002-07-15,0.6890219062400248,0.6415305523250364,0.2658349740700315,0.4916995887230841,0.5083004112769158,False,0.0,0.0,54.52685579634124
2002-07-16,0.6894042200087143,0.6291640777805961,0.2618843262742776,0.4919814701508759,0.5080185298491241,False,0.0,0.0,54.52685579634124
2002-07-17,0.6899312013636214,0.6304144941881253,0.2666666671013079,0.4923695034687612,0.5076304965312388,False,0.0,0.0,54.52685579634124
2002-07-18,0.6838223383118517,0.6099892193570384,0.2571021266435064,0.487834633795058,0.5121653662049419,False,0.0,0.0,54.52685579634124
2002-07-19,0.6735770155055343,0.5885213559489151,0.2494087660761718,0.4946920676414262,0.5053079323585737,True,0.2152781713297654,0.0001076390856648,54.742133967671
2002-07-22,0.6684095231931786,0.571083077474717,0.2432748240593014,0.4907855181904834,0.5092144818095166,False,0.0,0.0,54.742133967671
2002-07-23,0.6639901300192371,0.5554510655391588,0.2328785199720953,0.4873962825629657,0.5126037174370343,False,0.0,0.0,54.742133967671
2002-07-24,0.6753789598071049,0.5885907961507255,0.2455621563906335,0.4960402540722144,0.5039597459277856,False,0.0,0.0,54.742133967671
2002-07-25,0.6746824402727151,0.5835884734873568,0.23131910142163,0.4955199829244386,0.5044800170755613,False,0.0,0.0,54.742133967671
2002-07-26,0.6786648249984389,0.5947044905596897,0.2356855722003121,0.5034391677288792,0.4965608322711208,True,0.6123818471809717,0.0003061909235904,55.35451581485197
2002-07-29,0.694391871982334,0.623675304123349,0.2477452388173614,0.514685606310016,0.4853143936899839,False,0.0,0.0,55.35451581485197
2002-07-30,0.7003562183028899,0.6318042016450581,0.2527356087994041,0.518818621827936,0.4811813781720639,False,0.0,0.0,55.35451581485197
2002-07-31,0.6994301678665718,0.6333325841827209,0.2479531738415349,0.518181534316307,0.481818465683693,False,0.0,0.0,55.35451581485197
2002-08-01,0.6853606841294636,0.6167975211069993,0.2363093537401244,0.5082904839188279,0.4917095160811721,False,0.0,0.0,55.35451581485197
2002-08-02,0.6786914304123006,0.6029716525163462,0.23131910142163,0.4948189974634641,0.5051810025365359,True,0.2181391520349706,0.0001090695760174,55.572654966886944
2002-08-05,0.6724215800478287,0.5819904454249921,0.2228979918023972,0.4901085458853741,0.5098914541146259,False,0.0,0.0,55.572654966886944
2002-08-06,0.6752787650659691,0.6015822325114609,0.2339181244948344,0.4922659574595881,0.5077340425404119,False,0.0,0.0,55.572654966886944
2002-08-07,0.6809411839474541,0.6120733288320769,0.2370371263247334,0.4964880590111306,0.5035119409888694,False,0.0,0.0,55.572654966886944
2002-08-08,0.6901169541516576,0.6318732722656645,0.2450422482320697,0.5031827356710683,0.4968172643289317,False,0.0,0.0,55.572654966886944
2002-08-09,0.6928066048368978,0.6342357995811972,0.2425470985401125,0.5008296956659036,0.4991703043340963,True,0.0085683296559961,4.284164827998073e-06,55.58122329654294
2002-08-12,0.6928138882268545,0.6295809653789289,0.2432748240593014,0.5008349433262684,0.4991650566737315,False,0.0,0.0,55.58122329654294
2002-08-13,0.6834790610053506,0.6181172545226044,0.2349576584194452,0.4940174417744176,0.5059825582255824,False,0.0,0.0,55.58122329654294
2002-08-14,0.6894121628174202,0.6406966539346358,0.2499284859730565,0.4983719428914493,0.5016280571085507,False,0.0,0.0,55.58122329654294
2002-08-15,0.6902946409196871,0.6495897221928872,0.2550229175980269,0.4990132281479758,0.5009867718520242,False,0.0,0.0,55.58122329654294
2002-08-16,0.705980876392601,0.6476442056694222,0.2567901299764065,0.5118701979175184,0.4881298020824816,True,0.2104324246141411,0.000105216212307,55.79165572115708
2002-08-19,0.7153349448767172,0.6627900129985715,0.2630279218418135,0.5182532211858765,0.4817467788141235,False,0.0,0.0,55.79165572115708
2002-08-20,0.7154548171887833,0.6557726104161923,0.2618843262742776,0.5183339364159925,0.4816660635840075,False,0.0,0.0,55.79165572115708
2002-08-21,0.7191747496225144,0.6652215698701325,0.2677062951567576,0.5208253548272956,0.4791746451727043,False,0.0,0.0,55.79165572115708
2002-08-22,0.730948594574574,0.6716828348693534,0.2719688454887725,0.5285437197288726,0.4714562802711274,False,0.0,0.0,55.79165572115708
2002-08-23,0.7223189568161443,0.6572318402040922,0.2614684562259293,0.4959838672740573,0.5040161327259427,True,0.4322834407642648,0.0002161417203821,56.223939161921344
2002-08-26,0.7240372522056688,0.6618174395274411,0.2625081784122194,0.4971800054485375,0.5028199945514624,False,0.0,0.0,56.223939161921344
2002-08-27,0.7202205593206452,0.6541751572579232,0.2533593903392164,0.4945153918509163,0.5054846081490837,False,0.0,0.0,56.223939161921344
2002-08-28,0.7120810561219243,0.6398631251254395,0.2441065406232871,0.4887374069578184,0.5112625930421816,False,0.0,0.0,56.223939161921344
2002-08-29,0.7175808259143441,0.6401411733847295,0.2473294628998522,0.4926558875855926,0.5073441124144074,False,0.0,0.0,56.223939161921344
2002-08-30,0.7091605110140153,0.637639847794732,0.2442105316680839,0.49642776826443,0.50357223173557,True,0.4092816982616281,0.0002046408491308,56.63322086018297
2002-09-03,0.6927352849492664,0.6133236631104497,0.2353736696640513,0.4844877272041675,0.5155122727958324,False,0.0,0.0,56.63322086018297
2002-09-04,0.7049389714405687,0.6220776456421887,0.2363093537401244,0.4934121169946239,0.506587883005376,False,0.0,0.0,56.63322086018297
2002-09-05,0.6965592420043064,0.6167975211069993,0.2304873848576443,0.4873177762131293,0.5126822237868707,False,0.0,0.0,56.63322086018297
2002-09-06,0.7094350292970798,0.6252735375086048,0.2375568932870382,0.4966226272419915,0.5033773727580084,False,0.0,0.0,56.63322086018297
2002-09-09,0.7119455153368577,0.6298587672507495,0.2399481460650376,0.5014778788594476,0.4985221211405524,True,0.2028262623366175,0.0001014131311683,56.83604712251959
2002-09-10,0.7146821315018413,0.6370843672448259,0.2458739412633448,0.5033867886183195,0.4966132113816804,False,0.0,0.0,56.83604712251959
2002-09-11,0.7158982679657487,0.6331242635772891,0.243794755750576,0.5042304132809905,0.4957695867190095,False,0.0,0.0,56.83604712251959
2002-09-12,0.7080485952309079,0.621452437438424,0.2371409761732711,0.4987341393898428,0.5012658606101572,False,0.0,0.0,56.83604712251959
2002-09-13,0.7127619129838084,0.6229809021052433,0.2390123678581255,0.5020488862031878,0.4979511137968122,False,0.0,0.0,56.83604712251959
2002-09-16,0.708717527260294,0.6245091614491713,0.2355816517536449,0.4972181232090113,0.5027818767909886,True,0.2020284437499874,0.0001010142218749,57.038075566269576
2002-09-17,0.7049060277515874,0.6101973757041571,0.2305912817716021,0.4944995298065858,0.5055004701934143,False,0.0,0.0,57.038075566269576
2002-09-18,0.7043058903881235,0.6040836402306149,0.2279923292965273,0.4940687940658347,0.5059312059341652,False,0.0,0.0,57.038075566269576
2002-09-19,0.6818747959606739,0.5884517514887915,0.2243534663734845,0.4774255763940129,0.522574423605987,False,0.0,0.0,57.038075566269576
2002-09-20,0.6844504642175939,0.5886473831395458,0.2252891504495564,0.4793920859153391,0.5206079140846609,False,0.0,0.0,57.038075566269576
2002-09-23,0.6710866726245271,0.5838321096300783,0.218531568089134,0.492014364691352,0.5079856353086479,True,0.4362676292024626,0.0002181338146012,57.47434319547204
2002-09-24,0.6733029491670226,0.5744107045081399,0.2186355826666402,0.493686474770258,0.5063135252297419,False,0.0,0.0,57.47434319547204
2002-09-25,0.6914050660638092,0.5886473831395458,0.2273684536258761,0.5069425920161319,0.4930574079838681,False,0.0,0.0,57.47434319547204
2002-09-26,0.6868476163769078,0.5982777659001678,0.2245614249303674,0.5036710012352048,0.4963289987647952,False,0.0,0.0,57.47434319547204
2002-09-27,0.6801203273648944,0.5774811440880205,0.221546484743396,0.4987616513960804,0.5012383486039196,False,0.0,0.0,57.47434319547204
2002-09-30,0.678704501381789,0.5707819098578757,0.2154125897919456,0.5000462833528422,0.4999537166471578,True,0.6029877898678888,0.0003014938949339,58.07733098533993
2002-10-01,0.7004167488202313,0.598207956117153,0.2285120727261226,0.5155443690595248,0.4844556309404751,False,0.0,0.0,58.07733098533993
2002-10-02,0.6856424075118295,0.5802727141170464,0.2209227267362944,0.5051052352459294,0.4948947647540705,False,0.0,0.0,58.07733098533993
2002-10-03,0.6868080873832576,0.5744107045081399,0.2156204306852801,0.505945191670943,0.494054808329057,False,0.0,0.0,58.07733098533993
2002-10-04,0.6764985682710472,0.5638732462786864,0.2115659565736978,0.4984160294112721,0.501583970588728,False,0.0,0.0,58.07733098533993
2002-10-07,0.6647502893673106,0.5522189136501533,0.2095908091711447,0.492703033650081,0.5072969663499189,True,0.4171690008970209,0.0002085845004485,58.49449998623695
2002-10-08,0.6605845535773995,0.5608723290297728,0.2100063968269735,0.4895039501756146,0.5104960498243853,False,0.0,0.0,58.49449998623695
2002-10-09,0.6546105946746857,0.545030846680592,0.2085508987231767,0.4848451767820001,0.5151548232179999,False,0.0,0.0,58.49449998623695
2002-10-10,0.68691471003302,0.5626866442257483,0.2191553260962356,0.5090717955944528,0.4909282044055472,False,0.0,0.0,58.49449998623695
2002-10-11,0.6930349990329077,0.5873210793914216,0.2310072224180786,0.5134072512256268,0.4865927487743732,False,0.0,0.0,58.49449998623695
2002-10-14,0.7000041205351619,0.5906012357723945,0.2337101188725314,0.5053917269592307,0.4946082730407692,True,0.2328889273441133,0.000116444463672,58.72738891358106
2002-10-15,0.7240567254882138,0.6190040851543614,0.2449382336545634,0.521822231613323,0.478177768386677,False,0.0,0.0,58.72738891358106
2002-10-16,0.70667345314131,0.6040002791367797,0.2368292148332694,0.5100596638514375,0.4899403361485624,False,0.0,0.0,58.72738891358106
2002-10-17,0.7084843026464639,0.6160034142929172,0.2448342896751855,0.5113119261979079,0.4886880738020921,False,0.0,0.0,58.72738891358106
2002-10-18,0.7138930064471243,0.6185853496500076,0.2475373979240269,0.5150143984426847,0.4849856015573153,False,0.0,0.0,58.72738891358106
2002-10-21,0.6908719674971313,0.6292627559621163,0.2525276737752307,0.4852701517570236,0.5147298482429764,True,0.452695865394781,0.0002263479326973,59.18008477897584
2002-10-22,0.686561809778209,0.6247268037138645,0.250968231692056,0.4820387357403348,0.5179612642596652,False,0.0,0.0,59.18008477897584
2002-10-23,0.6945814788655668,0.6294721442465825,0.2557504783882461,0.4880191398625644,0.5119808601374356,False,0.0,0.0,59.18008477897584
2002-10-24,0.6873723968609722,0.6166314970171589,0.249304633835116,0.4826495439603009,0.5173504560396991,False,0.0,0.0,59.18008477897584
2002-10-25,0.6983081805288087,0.6294721442465825,0.2567901299764065,0.4907514577362821,0.5092485422637179,False,0.0,0.0,59.18008477897584
2002-10-28,0.7075224223385458,0.6253546400506366,0.2546068828207102,0.5034851839716679,0.4965148160283321,True,0.3944849184988021,0.0001972424592494,59.57456969747464
2002-10-29,0.6982334773727693,0.6180972150084213,0.2486810170242722,0.4968798020324724,0.5031201979675276,False,0.0,0.0,59.57456969747464
2002-10-30,0.7097340093819583,0.6240984746021533,0.2553347260034488,0.5050323632240006,0.4949676367759994,False,0.0,0.0,59.57456969747464
2002-10-31,0.7089234678695396,0.6177482071579257,0.2552307114259413,0.5044664462596261,0.4955335537403739,False,0.0,0.0,59.57456969747464
2002-11-01,0.722177501690475,0.6299607305985293,0.2625081784122194,0.5135609119073502,0.4864390880926498,False,0.0,0.0,59.57456969747464
2002-11-04,0.73690013834926,0.6359624008380437,0.2692657607726418,0.504676245839684,0.495323754160316,True,0.0297800151504936,1.489000757524682e-05,59.60434971262514
2002-11-05,0.733545331710988,0.6409868162445078,0.2713450639489602,0.5024109251475395,0.4975890748524605,False,0.0,0.0,59.60434971262514
2002-11-06,0.7448369773631992,0.6492914290965229,0.2751916736344986,0.5099543201244322,0.4900456798755678,False,0.0,0.0,59.60434971262514
2002-11-07,0.7384693755035355,0.6333801780289057,0.2655231656646109,0.5057288019296279,0.4942711980703721,False,0.0,0.0,59.60434971262514
2002-11-08,0.7294383804902327,0.6256339613118523,0.2606368337927838,0.499609353262843,0.5003906467371569,False,0.0,0.0,59.60434971262514
2002-11-11,0.7108113168449286,0.6159338098327936,0.2527356087994041,0.4877392112342287,0.5122607887657713,True,0.4131966613395346,0.0002065983306697,60.01754637396467
2002-11-12,0.7226987803968036,0.6208188520606976,0.2591812180254374,0.4961652410279476,0.5038347589720524,False,0.0,0.0,60.01754637396467
2002-11-13,0.7273418365812693,0.6214467294620482,0.2623002433880447,0.4993815184039191,0.5006184815960809,False,0.0,0.0,60.01754637396467
2002-11-14,0.7461492009223241,0.6331709540027526,0.2713450639489602,0.5120000592635819,0.487999940736418,False,0.0,0.0,60.01754637396467
2002-11-15,0.7473765805579977,0.6378466079461905,0.2748798652290767,0.512801477457637,0.4871985225423629,False,0.0,0.0,60.01754637396467
2002-11-18,0.744641969567815,0.6314260790085876,0.2708250851922668,0.4963604648821481,0.5036395351178519,True,0.0371573806150567,1.8578690307528357e-05,60.05470375457973
2002-11-19,0.7439320988116003,0.6305887722581928,0.2666666671013079,0.4958798847616978,0.5041201152383021,False,0.0,0.0,60.05470375457973
2002-11-20,0.7638021803481345,0.644615775153085,0.2779987258627166,0.5089944163141301,0.4910055836858699,False,0.0,0.0,60.05470375457973
2002-11-21,0.777915815828188,0.6566191156321137,0.2882912036340944,0.5179026730763809,0.482097326923619,False,0.0,0.0,60.05470375457973
2002-11-22,0.7738531815866748,0.6519432974303628,0.2881870713930398,0.5153717212696234,0.4846282787303766,False,0.0,0.0,60.05470375457973
2002-11-25,0.7932170755918803,0.6523617454826689,0.2909941236212566,0.5089435586162492,0.4910564413837508,True,0.4367176122326032,0.0002183588061163,60.49142136681233
2002-11-26,0.7782078742452954,0.6399403675971165,0.2812216010738615,0.4994726122981925,0.5005273877018075,False,0.0,0.0,60.49142136681233
2002-11-27,0.7902475878867449,0.657945460444816,0.2901625717862406,0.5070983317689065,0.4929016682310935,False,0.0,0.0,60.49142136681233
2002-11-29,0.7843367397812051,0.6558515776001554,0.2881870713930398,0.5033837704789509,0.4966162295210491,False,0.0,0.0,60.49142136681233
2002-12-02,0.7889555946260364,0.656898560087064,0.2910982087968936,0.5062911562600638,0.4937088437399362,False,0.0,0.0,60.49142136681233
2002-12-03,0.7820080836895352,0.6481052787539455,0.2824691876861955,0.4959512652868745,0.5040487347131255,True,0.4187829495998527,0.0002093914747999,60.91020431641218
2002-12-04,0.7707740785516467,0.6451740070297336,0.2762313252226578,0.4886047726723931,0.5113952273276069,False,0.0,0.0,60.91020431641218
2002-12-05,0.7545746676061942,0.6380558319723436,0.2723847155371207,0.4776260030440619,0.5223739969559381,False,0.0,0.0,60.91020431641218
2002-12-06,0.7556674522397487,0.6422428584992564,0.2751916736344986,0.4783814177111221,0.5216185822888779,False,0.0,0.0,60.91020431641218
2002-12-09,0.7282545014887732,0.624587225212413,0.2621962288105384,0.4587466547568978,0.5412533452431022,False,0.0,0.0,60.91020431641218
2002-12-10,0.7557771396457394,0.6329614835891301,0.2661467824754534,0.5158077192446952,0.4841922807553048,True,0.4036092574310026,0.0002018046287155,61.313813573843184
2002-12-11,0.7502085937017221,0.6335198797240917,0.2673942984896565,0.5122137228765378,0.4877862771234622,False,0.0,0.0,61.313813573843184
2002-12-12,0.7446782342991892,0.633449741424451,0.2688499848551338,0.5085911738347293,0.4914088261652707,False,0.0,0.0,61.313813573843184
2002-12-13,0.737099236884322,0.6234705561362245,0.2603248841911029,0.5035384129081377,0.4964615870918623,False,0.0,0.0,61.313813573843184
2002-12-16,0.7714811002045778,0.6395914008111991,0.268745993810337,0.5256637435567085,0.4743362564432914,False,0.0,0.0,61.313813573843184
2002-12-17,0.7759002365317764,0.6340083428823039,0.2695776633089026,0.5015200100732663,0.4984799899267337,True,0.4279387926249853,0.0002139693963124,61.74175236646817
2002-12-18,0.7609732872797063,0.6266808616696042,0.2638597325366394,0.4917420249098083,0.5082579750901917,False,0.0,0.0,61.74175236646817
2002-12-19,0.7499184540516777,0.6222146781397888,0.2605327956825669,0.4842496007387792,0.5157503992612207,False,0.0,0.0,61.74175236646817
2002-12-20,0.7599211170346386,0.6310928399561376,0.2632359039314071,0.4910383019756503,0.5089616980243497,False,0.0,0.0,61.74175236646817
2002-12-23,0.7731505421845817,0.6313032959196381,0.266874719789031,0.4997471760187,0.5002528239813,False,0.0,0.0,61.74175236646817
2002-12-24,0.7667547439980512,0.6266045636832269,0.2635478064676679,0.500137720640201,0.499862279359799,True,0.422584979915888,0.0002112924899579,62.16433734638406
2002-12-26,0.757883601023709,0.6268848294297421,0.2628200574157696,0.494286756532135,0.505713243467865,False,0.0,0.0,62.16433734638406
2002-12-27,0.754200258576998,0.6127890433662913,0.2580376459906097,0.4918169681246853,0.5081830318753147,False,0.0,0.0,62.16433734638406
2002-12-30,0.7449085832884988,0.6179085232713902,0.256062333859088,0.4854781074574273,0.5145218925425727,False,0.0,0.0,62.16433734638406
2002-12-31,0.743828489640174,0.6187502239316571,0.2533593903392164,0.4847309838451976,0.5152690161548024,False,0.0,0.0,62.16433734638406
2003-01-02,0.7801289390654969,0.6386668318320359,0.2640676675608129,0.5148551946985566,0.4851448053014434,True,0.2087156406808093,0.0001043578203404,62.37305298706487
2003-01-03,0.7761859418546603,0.6406304578345066,0.2669785696375687,0.5123906761972492,0.4876093238027508,False,0.0,0.0,62.37305298706487
2003-01-06,0.7850221037249863,0.6519210814935328,0.2736322315513239,0.5178791775963264,0.4821208224036736,False,0.0,0.0,62.37305298706487
2003-01-07,0.7998121249012949,0.6503080648601092,0.2770630182539341,0.5267944927695862,0.4732055072304137,False,0.0,0.0,62.37305298706487
2003-01-08,0.7847863398279451,0.6409108057101782,0.2692657607726418,0.5177343398511135,0.4822656601488865,False,0.0,0.0,62.37305298706487
2003-01-09,0.8067334512224853,0.6508693765801262,0.2775828558143684,0.5093769232115651,0.4906230767884348,True,0.0281028918386717,1.4051445919335851e-05,62.40115587890354
2003-01-10,0.8154570110101003,0.6526221770378922,0.2817413445034569,0.5146254889676506,0.4853745110323494,False,0.0,0.0,62.40115587890354
2003-01-13,0.8247451231674381,0.6524120495910178,0.2800780055063256,0.5200916781819227,0.4799083218180773,False,0.0,0.0,62.40115587890354
2003-01-14,0.8338242579189517,0.6545156647407223,0.281533574208252,0.5253171825742194,0.4746828174257805,False,0.0,0.0,62.40115587890354
2003-01-15,0.824239734191313,0.6479940348114825,0.2779987258627166,0.5197974186778773,0.4802025813221227,False,0.0,0.0,62.40115587890354
2003-01-16,0.8127677969888882,0.6453291490063394,0.2748798652290767,0.492054098219612,0.507945901780388,True,0.2298726218325144,0.0001149363109162,62.63102850073605
2003-01-17,0.8017002619770275,0.6357909151592969,0.2631320070174505,0.4850418651959853,0.5149581348040146,False,0.0,0.0,62.63102850073605
2003-01-21,0.7929254598883326,0.6259031396222415,0.2602209637444356,0.4793431508206075,0.5206568491793925,False,0.0,0.0,62.63102850073605
2003-01-22,0.7926156252361972,0.6183293120046562,0.2591812180254374,0.4791396252672231,0.5208603747327769,False,0.0,0.0,62.63102850073605
2003-01-23,0.7919736408933665,0.6221161231520034,0.2652112160629299,0.4787174089356263,0.5212825910643737,False,0.0,0.0,62.63102850073605
2003-01-24,0.7770110650384361,0.6057759936292059,0.2580376459906097,0.49135272513037,0.50864727486963,True,0.2428713075359923,0.0001214356537679,62.87389980827204
2003-01-27,0.7589201861628915,0.5975011115318394,0.2550229175980269,0.479227766000521,0.5207722339994789,False,0.0,0.0,62.87389980827204
2003-01-28,0.7723273096860279,0.6019189620530616,0.2576217288768426,0.4882680492859705,0.5117319507140294,False,0.0,0.0,62.87389980827204
2003-01-29,0.7831408340966999,0.6064774998193478,0.2614684562259293,0.4953339890248294,0.5046660109751706,False,0.0,0.0,62.87389980827204
2003-01-30,0.774991356981378,0.5921010373635994,0.2547107562019573,0.4900271374447778,0.5099728625552222,False,0.0,0.0,62.87389980827204
2003-01-31,0.7754492767311113,0.60353210188022,0.2540870923256947,0.5031175760779067,0.4968824239220932,True,0.2069683208497794,0.0001034841604248,63.08086812912183
2003-02-03,0.7722174843741718,0.6047239191345951,0.2546068828207102,0.5010380831210353,0.4989619168789647,False,0.0,0.0,63.08086812912183
2003-02-04,0.76470776964566,0.5987631902795899,0.2514879751216514,0.4961380915100063,0.5038619084899937,False,0.0,0.0,63.08086812912183
2003-02-05,0.7583771421075869,0.5950464353027272,0.2503444736849544,0.491932054834892,0.508067945165108,False,0.0,0.0,63.08086812912183
2003-02-06,0.7645546911420463,0.5922409033170984,0.2516959101458248,0.4960372086982557,0.5039627913017444,False,0.0,0.0,63.08086812912183
2003-02-07,0.7612139566919928,0.5850176029394037,0.2475373979240269,0.490406618423969,0.509593381576031,True,0.0243386141928424,1.2169307096421236e-05,63.10520674331467
2003-02-10,0.7761196881646523,0.5891553519724239,0.2497206686124327,0.5001935910028754,0.4998064089971246,False,0.0,0.0,63.10520674331467
2003-02-11,0.7793569301254069,0.5850881108202487,0.2510721286060138,0.5022696542505574,0.4977303457494426,False,0.0,0.0,63.10520674331467
2003-02-12,0.7624916661512279,0.5757608257116454,0.2476412948379835,0.4912605455065953,0.5087394544934046,False,0.0,0.0,63.10520674331467
2003-02-13,0.7772303682806161,0.5775140778797723,0.2488888579176068,0.5009078258847836,0.4990921741152164,False,0.0,0.0,63.10520674331467
2003-02-14,0.7822972529039918,0.5901371239090809,0.2546068828207102,0.5026438527844637,0.4973561472155363,True,0.0288357476772687,1.4417873838634384e-05,63.13404249099194
2003-02-18,0.7879010676940793,0.6005164835122949,0.2625081784122194,0.5061812153392119,0.4938187846607881,False,0.0,0.0,63.13404249099194
2003-02-19,0.788919009122172,0.5973605885450886,0.2607407307067404,0.5068183892354726,0.4931816107645274,False,0.0,0.0,63.13404249099194
2003-02-20,0.7881553664851908,0.5913996954317704,0.2597010791185812,0.5063405462596208,0.4936594537403792,False,0.0,0.0,63.13404249099194
2003-02-21,0.7928464388237543,0.5973605885450886,0.2616764383155229,0.5092614046941337,0.4907385953058663,False,0.0,0.0,63.13404249099194
2003-02-24,0.7794565974379524,0.5876828993903294,0.2572059529593346,0.4935459911234297,0.5064540088765703,True,0.6073421055269254,0.0003036710527634,63.74138459651886
2003-02-25,0.7796532929199976,0.5923814673684275,0.2575178790283049,0.493673762295968,0.5063262377040321,False,0.0,0.0,63.74138459651886
2003-02-26,0.7770183161615452,0.5837554009979184,0.2517999482560417,0.4919567398773259,0.5080432601226741,False,0.0,0.0,63.74138459651886
2003-02-27,0.7731436445574806,0.5914697105376764,0.2575178790283049,0.4894106401874548,0.5105893598125453,False,0.0,0.0,63.74138459651886
2003-02-28,0.7750169078599314,0.595397003607196,0.2615724237380167,0.4906447659215625,0.5093552340784375,False,0.0,0.0,63.74138459651886
2003-03-03,0.7744973323091757,0.5897166636924408,0.256270292415971,0.4972098797949826,0.5027901202050173,True,0.0078500863226247,3.925043161312383e-06,63.74923468284149
2003-03-04,0.7638048925137586,0.5803190760258838,0.2547107562019573,0.4901713636206105,0.5098286363793896,False,0.0,0.0,63.74923468284149
2003-03-05,0.7652087070189071,0.5852281410320607,0.2552307114259413,0.4911066703262511,0.5088933296737489,False,0.0,0.0,63.74923468284149
2003-03-06,0.7703520923841282,0.5803190760258838,0.2546068828207102,0.494504382268854,0.5054956177311459,False,0.0,0.0,63.74923468284149
2003-03-07,0.7730942427620427,0.5843165895242007,0.255126790979274,0.4962973654816683,0.5037026345183316,False,0.0,0.0,63.74923468284149
2003-03-10,0.7522754218567338,0.5702907775020777,0.2496167246330548,0.4879687727746946,0.5120312272253054,True,0.4260985776215982,0.0002130492888107,64.17533326046309
2003-03-11,0.7284428880334364,0.5646803705640719,0.2474333362811006,0.4712165994171156,0.5287834005828844,False,0.0,0.0,64.17533326046309
2003-03-12,0.7294013898506426,0.5684669763885277,0.2519037510391593,0.4719114703858574,0.5280885296141427,False,0.0,0.0,64.17533326046309
2003-03-13,0.7464302842263476,0.5881038113173301,0.2663548116304671,0.4839591645668903,0.5160408354331096,False,0.0,0.0,64.17533326046309
2003-03-14,0.7379560230690716,0.5899968473097995,0.2673942984896565,0.4780332493760476,0.5219667506239525,False,0.0,0.0,64.17533326046309
2003-03-17,0.7553998165643111,0.6085815256148347,0.2765432983570481,0.5102361522675491,0.4897638477324508,True,0.2140371749597193,0.0001070185874798,64.3893704354228
2003-03-18,0.7709137054381688,0.6121580450569942,0.2799740379942383,0.5200921735764914,0.4799078264235086,False,0.0,0.0,64.3893704354228
2003-03-19,0.7662934381836228,0.6168564898413577,0.2775828558143684,0.5171986313573635,0.4828013686426364,False,0.0,0.0,64.3893704354228
2003-03-20,0.7709716051796577,0.6181891175345314,0.2786225309352383,0.5201282145135396,0.4798717854864603,False,0.0,0.0,64.3893704354228
2003-03-21,0.7804708641994239,0.6313843573970916,0.2824691876861955,0.5259688250932688,0.4740311749067312,False,0.0,0.0,64.3893704354228
2003-03-24,0.7711314210039932,0.6104015077226079,0.2707213530072788,0.5017007663836341,0.4982992336163658,True,0.2291279882063935,0.0001145639941031,64.6184984236292
2003-03-25,0.7806725147639212,0.616245572110822,0.2745678450292674,0.507790797246155,0.492209202753845,False,0.0,0.0,64.6184984236292
2003-03-26,0.7798986145563073,0.6131476192635177,0.2761273106451515,0.5073023737548304,0.4926976262451695,False,0.0,0.0,64.6184984236292
2003-03-27,0.7839677095447962,0.6136408048482279,0.2741520691117582,0.5098596645939629,0.4901403354060371,False,0.0,0.0,64.6184984236292
2003-03-28,0.7881128099384749,0.6105419896447806,0.2711370818593666,0.5124375707916909,0.487562429208309,False,0.0,0.0,64.6184984236292
2003-03-31,0.7830059095959835,0.5966709089534807,0.2625081784122194,0.5034652918909143,0.4965347081090857,True,0.027720086574309,1.3860043287154546e-05,64.64621851020351
2003-04-01,0.7998960246872303,0.6058245319606903,0.2645874815885378,0.5139498150138293,0.4860501849861707,False,0.0,0.0,64.64621851020351
2003-04-02,0.790615163739521,0.6204703780497193,0.2718649015093958,0.5082441766864176,0.4917558233135823,False,0.0,0.0,64.64621851020351
2003-04-03,0.7934971020255865,0.6175133998995266,0.2752956882120048,0.5100302070713871,0.4899697929286128,False,0.0,0.0,64.64621851020351
2003-04-04,0.7914066938839287,0.6211742249208211,0.2708250851922668,0.5087360092180964,0.4912639907819036,False,0.0,0.0,64.64621851020351
2003-04-07,0.7952223345813257,0.6199773977879003,0.2712410258387445,0.4946534637387525,0.5053465362612475,True,0.221526502286333,0.0001107632511431,64.86774501248985
2003-04-08,0.7897747265975853,0.6209636046990077,0.2709291703679026,0.4911677484673203,0.5088322515326797,False,0.0,0.0,64.86774501248985
2003-04-09,0.7930853616342974,0.6127952851821844,0.2646913785024956,0.4932918046676037,0.5067081953323963,False,0.0,0.0,64.86774501248985
2003-04-10,0.797654381789178,0.6161753516820248,0.2679143007790607,0.4961942646928642,0.5038057353071358,False,0.0,0.0,64.86774501248985
2003-04-11,0.8021968396174518,0.6136408048482279,0.2652112160629299,0.4990470761142685,0.5009529238857315,False,0.0,0.0,64.86774501248985
2003-04-14,0.8102031879457987,0.6263146477608245,0.2706172678316417,0.5025002060243364,0.4974997939756636,True,0.0286319392147819,1.4315969607390996e-05,64.89637695170462
2003-04-15,0.8356031590699732,0.6321585068261473,0.2732164321011064,0.5176227917447269,0.4823772082552731,False,0.0,0.0,64.89637695170462
2003-04-16,0.8351668431768036,0.6213855432404646,0.2725926270285848,0.5173707836050551,0.4826292163949449,False,0.0,0.0,64.89637695170462
2003-04-17,0.8631516724887639,0.6306096330639407,0.2788305130248319,0.5330184347331985,0.4669815652668014,False,0.0,0.0,64.89637695170462
2003-04-21,0.8893011644051989,0.6312433005708236,0.2798701175475711,0.5467498129825858,0.4532501870174141,False,0.0,0.0,64.89637695170462
2003-04-22,0.8962549886992064,0.6431427887314733,0.2851722488696168,0.505332952707674,0.494667047292326,True,0.6529120738640515,0.000326456036932,65.54928902556867
2003-04-23,0.8855745137082588,0.649057484194267,0.2872515755786459,0.4993670187905737,0.5006329812094262,False,0.0,0.0,65.54928902556867
2003-04-24,0.8829711523958542,0.6432840919452109,0.2856919922992121,0.497890947311389,0.502109052688611,False,0.0,0.0,65.54928902556867
2003-04-25,0.8692639293030366,0.6353273371355005,0.2801820436165425,0.4899733050739567,0.5100266949260432,False,0.0,0.0,65.54928902556867
2003-04-28,0.8749095350161399,0.6463114137179354,0.2856919922992121,0.4932643991899405,0.5067356008100594,False,0.0,0.0,65.54928902556867
2003-04-29,0.8866802073757815,0.6485647503199174,0.2882912036340944,0.5076109470729618,0.4923890529270381,True,0.0311176933974641,1.5558846698732074e-05,65.58040671896613
2003-04-30,0.8893275758681735,0.647156604867353,0.2853801368283701,0.509076700862779,0.490923299137221,False,0.0,0.0,65.58040671896613
2003-05-01,0.8791278188300607,0.6470860969865082,0.2878752865203274,0.5033809439224379,0.496619056077562,False,0.0,0.0,65.58040671896613
2003-05-02,0.89893193345092,0.6563099404225148,0.2940090873409387,0.5143218175786965,0.4856781824213034,False,0.0,0.0,65.58040671896613
2003-05-05,0.9015781971799776,0.6550426464733273,0.2936971612719685,0.5157473540015562,0.4842526459984437,False,0.0,0.0,65.58040671896613
2003-05-06,0.8994716808077582,0.6612387985554051,0.2974398975762584,0.4989241569358278,0.5010758430641722,True,0.2159371414303373,0.0001079685707151,65.79634386039646
2003-05-07,0.9187559607170416,0.6575774396945935,0.2941131254511557,0.5094415165248618,0.4905584834751382,False,0.0,0.0,65.79634386039646
2003-05-08,0.9305138544273412,0.6509587331023852,0.2887071207478628,0.5156401716872141,0.4843598283127859,False,0.0,0.0,65.79634386039646
2003-05-09,0.9619182710337316,0.6599711760895918,0.2953606179326494,0.5314534047796555,0.4685465952203445,False,0.0,0.0,65.79634386039646
2003-05-12,0.9738188140842892,0.6680686181443659,0.2998310797561282,0.5371792737472367,0.4628207262527632,False,0.0,0.0,65.79634386039646
2003-05-13,0.9806010448541675,0.6668718731406016,0.2979598528002424,0.504308160491652,0.495691839508348,True,0.2557773672255267,0.0001278886836127,66.052121227622
2003-05-14,0.9909245456742054,0.6654635634297242,0.2973358829987522,0.5094723025385814,0.4905276974614185,False,0.0,0.0,66.052121227622
2003-05-15,1.0074062451114545,0.6696883283040433,0.300662796320114,0.5174975953282944,0.4825024046717056,False,0.0,0.0,66.052121227622
2003-05-16,1.0113548845428475,0.6679986441030382,0.2983755816523315,0.5193814325944682,0.4806185674055317,False,0.0,0.0,66.052121227622
2003-05-19,0.9873641177948128,0.6523672892007318,0.2878752865203274,0.5077034632034467,0.4922965367965533,False,0.0,0.0,66.052121227622
2003-05-20,0.9721452439431378,0.6510292820478082,0.2887071207478628,0.490710644200241,0.509289355799759,True,0.4279286014696472,0.0002139643007348,66.48004982909164
2003-05-21,0.972104757195864,0.6523672892007318,0.2878752865203274,0.490689433040348,0.5093105669596519,False,0.0,0.0,66.48004982909164
2003-05-22,0.9808489104451176,0.6588448157729375,0.2920337987421265,0.495229877140896,0.5047701228591039,False,0.0,0.0,66.48004982909164
2003-05-23,0.995042452058842,0.6601826176029699,0.2921378603850529,0.5024300480776651,0.4975699519223349,False,0.0,0.0,66.48004982909164
2003-05-27,1.0156264804722148,0.6717301001989123,0.30253407034142,0.5125144582667811,0.4874855417332189,False,0.0,0.0,66.48004982909164
2003-05-28,1.0091713793607564,0.6736315133653433,0.3034698014829119,0.4975090071198108,0.5024909928801893,True,0.2154848127887876,0.0001077424063943,66.69553464188043
2003-05-29,1.008444204555275,0.6718710748960239,0.3047173880952459,0.497146667995491,0.502853332004509,False,0.0,0.0,66.69553464188043
2003-05-30,1.011598293116645,0.68264395635255,0.3097076874791591,0.4987145274445573,0.5012854725554428,False,0.0,0.0,66.69553464188043
2003-06-02,1.0137450228300475,0.6854608632263525,0.3075243461926238,0.4997760610596151,0.5002239389403849,False,0.0,0.0,66.69553464188043
2003-06-03,0.9837220648959092,0.6882767434856988,0.3104354129983481,0.484509348222341,0.515490651777659,False,0.0,0.0,66.69553464188043
2003-06-04,1.0209058008413627,0.6982049265677461,0.3162573348154081,0.522375051796603,0.4776249482033969,True,0.0503021765576282,2.515108827881412e-05,66.74583681843805
2003-06-05,1.0163179115604304,0.7016555009484314,0.3185445730159013,0.520218944583257,0.479781055416743,False,0.0,0.0,66.74583681843805
2003-06-06,0.995648276026854,0.6989094304720999,0.3132423946284366,0.5102587008002293,0.4897412991997707,False,0.0,0.0,66.74583681843805
2003-06-09,0.9889023927392848,0.6917976204243377,0.3090838118085079,0.5069178881277542,0.4930821118722458,False,0.0,0.0,66.74583681843805
2003-06-10,0.96588145855858,0.6988387993975202,0.3137623027870005,0.4951657101120029,0.5048342898879971,False,0.0,0.0,66.74583681843805
2003-06-11,0.982280670697904,0.7062321481937232,0.3172969864035685,0.510117992293482,0.489882007706518,True,0.2266343731630711,0.0001133171865815,66.97247119160112
2003-06-12,0.9985949743109648,0.7084146483982343,0.3186484463971484,0.5181213209841897,0.4818786790158103,False,0.0,0.0,66.97247119160112
2003-06-13,0.9892333725836292,0.7010218745061267,0.3114750175210884,0.5135610661455783,0.4864389338544217,False,0.0,0.0,66.97247119160112
2003-06-16,0.9849244703211756,0.7158080793235937,0.3210396521097289,0.5114329660873602,0.4885670339126398,False,0.0,0.0,66.97247119160112
2003-06-17,0.9808886800422456,0.7158080793235937,0.3197921831609446,0.5094227949780499,0.4905772050219501,False,0.0,0.0,66.97247119160112
2003-06-18,0.98866329733699,0.7151741243646631,0.3214554986253664,0.507083098888673,0.492916901111327,True,0.0367926580044062,1.839632900220312e-05,67.00926384960552
2003-06-19,0.9986304979132312,0.7042603914047602,0.3162573348154081,0.5120028381025887,0.4879971618974112,False,0.0,0.0,67.00926384960552
2003-06-20,0.9774010775577022,0.7027057686015995,0.3158413706362208,0.501403405464237,0.498596594535763,False,0.0,0.0,67.00926384960552
2003-06-23,0.945933061479578,0.6954979495699029,0.3109552034933635,0.4848167712801985,0.5151832287198015,False,0.0,0.0,67.00926384960552
2003-06-24,0.939626168756854,0.6962048352197947,0.3085640683789126,0.4813587946250983,0.5186412053749017,False,0.0,0.0,67.00926384960552
2003-06-25,0.9493312927417188,0.6892084987660546,0.3069006117182316,1.0,0.0,True,0.5174707789054491,0.0002587353894527,67.52673462851097
2003-06-26,0.95430156712622,0.6981834087287463,0.3141781257699286,1.0,0.0,False,0.0,0.0,67.52673462851097
2003-06-27,0.9559061808360312,0.6901276061563114,0.3101234633966671,1.0,0.0,False,0.0,0.0,67.52673462851097
2003-06-30,0.9876153876047636,0.6899152201576335,0.3113710500090011,1.0,0.0,False,0.0,0.0,67.52673462851097
2003-07-01,0.9740196673267426,0.6962752199069049,0.3155295622308002,1.0,0.0,False,0.0,0.0,67.52673462851097
2003-07-02,1.01046333483482,0.7050379081292316,0.3219753597185114,1.0000000000000002,0.0,True,0.4267866155014708,0.0002133933077507,67.95352124401244
2003-07-03,0.9944578739814154,0.6977592937646424,0.3179208150087997,1.0,1.1102230246251563e-16,False,0.0,0.0,67.95352124401244
2003-07-07,1.0083527236258722,0.7116098832313985,0.3315399001763129,0.9999999999999996,3.3306690738754696e-16,False,0.0,0.0,67.95352124401244
2003-07-08,1.0201729270978026,0.714789677783143,0.3355945860822826,0.9999999999999994,5.551115123125784e-16,False,0.0,0.0,67.95352124401244
2003-07-09,1.038689650473025,0.7107618996906603,0.334762822452878,0.9999999999999994,5.551115123125784e-16,False,0.0,0.0,67.95352124401244
2003-07-10,0.976037857897369,0.7017161122659195,0.3285249129239201,1.0,0.0,True,0.4058711224351978,0.0002029355612175,68.35939236644764
2003-07-11,0.9996004339031872,0.7083590469592919,0.3310202979429767,1.0,0.0,False,0.0,0.0,68.35939236644764
2003-07-14,0.9977168094019148,0.7118221871009198,0.334970828075181,1.0,0.0,False,0.0,0.0,68.35939236644764
2003-07-15,0.993965381530932,0.7102674000394462,0.3353866275253996,1.0,0.0,False,0.0,0.0,68.35939236644764
2003-07-16,0.9812271389918004,0.7060977848937088,0.3343470230026593,1.0,1.1102230246251563e-16,False,0.0,0.0,68.35939236644764
2003-07-17,0.953856884894802,0.696063162424853,0.3241586304069173,1.0,0.0,True,0.4628683066425902,0.0002314341533212,68.82226067309023
2003-07-18,0.9751102530429184,0.7032005967694395,0.3251982349296564,1.0,1.1102230246251563e-16,False,0.0,0.0,68.82226067309023
2003-07-21,0.9496972119194772,0.6945087038800053,0.3210396521097289,1.0,0.0,False,0.0,0.0,68.82226067309023
2003-07-22,1.0030704676751818,0.7007980725546971,0.3258219458713391,1.0,0.0,False,0.0,0.0,68.82226067309023
2003-07-23,0.9764196513772014,0.7012927364642241,0.3285249129239201,1.0,0.0,False,0.0,0.0,68.82226067309023
2003-07-24,0.9626827753452514,0.6959926134794299,0.3241586304069173,1.0,0.0,True,0.8118805982891726,0.0004059402991445,69.6341412713794
2003-07-25,1.0110292831071843,0.7082884980138687,0.3306043808292084,1.0,1.1102230246251563e-16,False,0.0,0.0,69.6341412713794
2003-07-28,1.0155335057710035,0.705673834187918,0.3315399001763129,0.9999999999999998,2.220446049250313e-16,False,0.0,0.0,69.6341412713794
2003-07-29,0.9848891006082594,0.7024233264324373,0.3290449387460337,1.0,1.1102230246251563e-16,False,0.0,0.0,69.6341412713794
2003-07-30,0.9824584761910726,0.7007272772218044,0.3266535918371953,1.0,0.0,False,0.0,0.0,69.6341412713794
2003-07-31,1.006735045683224,0.7023522847120752,0.3306043808292084,0.9999999999999998,2.220446049250313e-16,True,0.0669906710459418,3.349533552297095e-05,69.70113194242535
2003-08-01,1.0073596826196418,0.6961342041452151,0.3270695560163825,0.9999999999999998,2.220446049250313e-16,False,0.0,0.0,69.70113194242535
2003-08-04,1.0068107291323585,0.6961342041452151,0.3269655885042951,0.9999999999999998,2.220446049250313e-16,False,0.0,0.0,69.70113194242535
2003-08-05,0.9772613762007624,0.68136479474025,0.3140738758653243,1.0,0.0,False,0.0,0.0,69.70113194242535
2003-08-06,0.9433992233933608,0.6853216953706835,0.3138660585046992,1.0,0.0,False,0.0,0.0,69.70113194242535
2003-08-07,0.9330547849032438,0.6925302125002103,0.315113692182452,1.0,1.1102230246251563e-16,True,0.414225601554459,0.0002071128007772,70.11535754397981
2003-08-08,0.8876858323422571,0.6945087038800053,0.3126186130886244,1.0,0.0,False,0.0,0.0,70.11535754397981
2003-08-11,0.9032485512860484,0.6971231213184866,0.3160493762585252,1.0,0.0,False,0.0,0.0,70.11535754397981
2003-08-12,0.8932669746747715,0.703483121067758,0.3208318347491039,1.0,1.1102230246251563e-16,False,0.0,0.0,70.11535754397981
2003-08-13,0.9049393753278676,0.6998790472935967,0.3209357787284805,1.0,0.0,False,0.0,0.0,70.11535754397981
2003-08-14,0.8907970308264098,0.7017870718571251,0.3212477283301615,1.0,1.1102230246251563e-16,True,1.2000000000000002,0.0006,71.31535754397981
2003-08-15,0.8773199307807594,0.7039780313647545,0.32405470996025,1.0,1.1102230246251563e-16,False,0.0,0.0,71.31535754397981
2003-08-18,0.923124391989402,0.7100550961699248,0.332371593207588,1.0,1.1102230246251563e-16,False,0.0,0.0,71.31535754397981
2003-08-19,0.9761438236243694,0.7127405553287682,0.3365302230929356,0.9999999999999998,2.220446049250313e-16,False,0.0,0.0,71.31535754397981
2003-08-20,0.9678779958637364,0.7098430386878729,0.3356985771270794,0.9999999999999998,2.220446049250313e-16,False,0.0,0.0,71.31535754397981
2003-08-21,0.993686762944916,0.7121044650117689,0.3393372988538631,1.0,0.0,True,1.2276836626302372,0.0006138418313151,72.54304120661006
2003-08-22,0.9724363754608174,0.7050379081292316,0.3372579250794151,1.0,1.1102230246251563e-16,False,0.0,0.0,72.54304120661006
2003-08-25,0.9577024704756846,0.7061687444849144,0.3379857211967336,1.0,1.1102230246251563e-16,False,0.0,0.0,72.54304120661006
2003-08-26,0.9649373238785228,0.7074405144731305,0.3382977178638334,1.0,0.0,False,0.0,0.0,72.54304120661006
2003-08-27,0.9766278028863556,0.7076524898260259,0.3410006143182861,1.0000000000000002,0.0,False,0.0,0.0,72.54304120661006
2003-08-28,0.9863237415467232,0.7120335875497199,0.3440156721688072,1.0,0.0,True,0.0348112789690348,1.7405639484517427e-05,72.57785248557909
2003-08-29,0.9883085778284906,0.7168392930124565,0.347134626933285,1.0,0.0,False,0.0,0.0,72.57785248557909
2003-09-02,1.005248833164475,0.7264499647755215,0.3521248557190699,1.0,0.0,False,0.0,0.0,72.57785248557909
2003-09-03,1.015462564281198,0.7304070296642681,0.3519167089005077,1.0,1.1102230246251563e-16,False,0.0,0.0,72.57785248557909
2003-09-04,1.0175903886268962,0.7307606778121052,0.3551397723733319,0.9999999999999996,3.3306690738754696e-16,False,0.0,0.0,72.57785248557909
2003-09-05,1.0302591043545242,0.7266616937409475,0.3528524871074198,0.9999999999999998,2.220446049250313e-16,True,0.4377008801147419,0.0002188504400573,73.01555336569383
2003-09-08,1.064436517907786,0.7326682096006947,0.3586744559898986,0.9999999999999998,2.220446049250313e-16,False,0.0,0.0,73.01555336569383
2003-09-09,1.0669875007546228,0.7278631611712099,0.3544120468541429,1.0000000000000002,0.0,False,0.0,0.0,73.01555336569383
2003-09-10,1.0072881259617794,0.7205136693445715,0.3458869226574026,1.0,0.0,False,0.0,0.0,73.01555336569383
2003-09-11,1.036134623712201,0.7226334228735258,0.3497336970719094,1.0,1.1102230246251563e-16,False,0.0,0.0,73.01555336569383
2003-09-12,1.0355055500216033,0.7239765630987299,0.3516049004950858,1.0,0.0,True,0.4179115482403538,0.0002089557741201,73.43346491393419
2003-09-15,1.0248892015568942,0.7214324482182024,0.3481741373251863,0.9999999999999998,2.220446049250313e-16,False,0.0,0.0,73.43346491393419
2003-09-16,1.0612203606880095,0.7319615703382721,0.3576349220652891,1.0,0.0,False,0.0,0.0,73.43346491393419
2003-09-17,1.0623667023380656,0.7305481275551143,0.3561793533633616,0.9999999999999998,2.220446049250313e-16,False,0.0,0.0,73.43346491393419
2003-09-18,1.085175935963302,0.7391699642740642,0.3615854757302041,1.0,0.0,False,0.0,0.0,73.43346491393419
2003-09-19,1.0858789506108488,0.7354100914900452,0.3595062431520139,1.0,0.0,True,0.0228433081800957,1.142165409004789e-05,73.45630822211429
2003-09-22,1.0494253707961012,0.7274651632788692,0.3526446226813746,1.0,0.0,False,0.0,0.0,73.45630822211429
2003-09-23,1.0584049810583565,0.7302315196568533,0.3588825086776218,1.0,0.0,False,0.0,0.0,73.45630822211429
2003-09-24,1.019436835821906,0.7172498566657398,0.3453671321623883,1.0,0.0,False,0.0,0.0,73.45630822211429
2003-09-25,1.0058693506249956,0.7113623459537437,0.340896929198717,1.0,0.0,False,0.0,0.0,73.45630822211429
2003-09-26,0.98312543015633,0.7090213364772109,0.3387135643794722,1.0,0.0,True,0.0652023271016541,3.2601163550827065e-05,73.52151054921595
2003-09-29,0.9988214268174984,0.7159729946698214,0.3445353450002731,0.9999999999999998,2.220446049250313e-16,False,0.0,0.0,73.52151054921595
2003-09-30,0.9615953873181128,0.7090213364772109,0.337050013587951,0.9999999999999998,2.220446049250313e-16,False,0.0,0.0,73.52151054921595
2003-10-01,0.9695478089964922,0.7241311301712403,0.3446393360450698,0.9999999999999996,3.3306690738754696e-16,False,0.0,0.0,73.52151054921595
2003-10-02,0.975989696774746,0.7267560601417521,0.3457829786780259,0.9999999999999996,3.3306690738754696e-16,False,0.0,0.0,73.52151054921595
2003-10-03,1.006379829775738,0.7334239620986969,0.3554517455077223,1.0,0.0,True,0.4327857382759296,0.0002163928691379,73.95429628749187
2003-10-06,1.0185467347349582,0.7367580773354822,0.3580507685809266,0.9999999999999998,2.220446049250313e-16,False,0.0,0.0,73.95429628749187
2003-10-07,1.0300016058899288,0.7395956396921414,0.360233921605784,0.9999999999999996,3.3306690738754696e-16,False,0.0,0.0,73.95429628749187
2003-10-08,1.0412899272898577,0.7377509367082652,0.3579468951996795,0.9999999999999996,4.440892098500626e-16,False,0.0,0.0,73.95429628749187
2003-10-09,1.0713011666875287,0.7397371482287701,0.3606496504578719,0.9999999999999996,4.440892098500626e-16,False,0.0,0.0,73.95429628749187
2003-10-10,1.0812876158593925,0.741794401469637,0.3639766343773645,1.0,0.0,True,0.8147862784471906,0.0004073931392235,74.76908256593906
2003-10-13,1.1461060468046775,0.7441359037211089,0.3663678636226533,1.0,0.0,False,0.0,0.0,74.76908256593906
2003-10-14,1.2124605646686653,0.7467601766583688,0.3673035006333062,1.0,0.0,False,0.0,0.0,74.76908256593906
2003-10-15,1.1538787400321722,0.7447735544920815,0.3657439644192926,1.0,1.1102230246251563e-16,False,0.0,0.0,74.76908256593906
2003-10-16,1.1848658790326698,0.7477527896436823,0.3686550076923074,1.0,0.0,False,0.0,0.0,74.76908256593906
2003-10-17,1.1505744664006028,0.7395956396921414,0.3598182162864043,1.0,0.0,True,0.5035537865411768,0.0002517768932705,75.27263635248023
2003-10-20,1.1603513959907457,0.745128434577266,0.3642883957173663,1.0,0.0,False,0.0,0.0,75.27263635248023
2003-10-21,1.1624388453495278,0.7438516547105041,0.366471713471191,1.0,0.0,False,0.0,0.0,75.27263635248023
2003-10-22,1.134624222039952,0.7344878631918419,0.3594024168361869,1.0,0.0,False,0.0,0.0,75.27263635248023
2003-10-23,1.0996343484395,0.7331404522505004,0.355243645754579,0.9999999999999998,2.220446049250313e-16,False,0.0,0.0,75.27263635248023
2003-10-24,1.0332177979516246,0.7347715372983513,0.3555555718235506,1.0,1.1102230246251563e-16,True,0.4558782619317872,0.0002279391309658,75.72851461441202
2003-10-27,1.0889461364054462,0.7351264173835358,0.3556595628683473,1.0000000000000002,0.0,False,0.0,0.0,75.72851461441202
2003-10-28,1.1007180519928064,0.745128434577266,0.3676154737676966,1.0,0.0,False,0.0,0.0,75.72851461441202
2003-10-29,1.1257434272584872,0.7461213760792054,0.3671995331212201,1.0,0.0,False,0.0,0.0,75.72851461441202
2003-10-30,1.135169226422571,0.7476819943107896,0.3679272821731185,1.0,0.0,False,0.0,0.0,75.72851461441202
2003-10-31,1.1244012752751968,0.7469728090445161,0.3657439644192926,1.0,0.0,True,1.2000000000000002,0.0006,76.92851461441202
2003-11-03,1.0851639868539142,0.7518677889003552,0.3717740565876253,1.0,1.1102230246251563e-16,False,0.0,0.0,76.92851461441202
2003-11-04,1.1348150123662524,0.7502359646900959,0.3692788127648291,1.0,0.0,False,0.0,0.0,76.92851461441202
2003-11-05,1.1301548350667818,0.7508034771614277,0.3726058437497406,1.0,0.0,False,0.0,0.0,76.92851461441202
2003-11-06,1.143291902515284,0.7547759002024375,0.3736452364780911,1.0,0.0,False,0.0,0.0,76.92851461441202
2003-11-07,1.1543128428981255,0.7491720635969508,0.3704224789304946,1.0,1.1102230246251563e-16,True,0.4253146533532077,0.0002126573266766,77.35382926776524
2003-11-10,1.114242473244179,0.7461213760792054,0.3658479554640894,0.9999999999999996,3.3306690738754696e-16,False,0.0,0.0,77.35382926776524
2003-11-11,1.1244202946372257,0.745908743693058,0.3644965190032177,0.9999999999999994,5.551115123125784e-16,False,0.0,0.0,77.35382926776524
2003-11-12,1.1823355906511843,0.7542794294514678,0.37229377648451,0.9999999999999994,5.551115123125784e-16,False,0.0,0.0,77.35382926776524
2003-11-13,1.1919199150302742,0.754492226095928,0.371877953501582,0.9999999999999996,4.440892098500626e-16,False,0.0,0.0,77.35382926776524
2003-11-14,1.1272231372646435,0.7481075054705538,0.3642883957173663,1.0000000000000002,0.0,True,0.1144077902821336,5.720389514106684e-05,77.46823705804736
2003-11-17,1.096699802929521,0.7443481254614738,0.3605458947401744,0.9999999999999998,2.220446049250313e-16,False,0.0,0.0,77.46823705804736
2003-11-18,1.051729773614168,0.736616158153071,0.3522286820348981,0.9999999999999998,2.220446049250313e-16,False,0.0,0.0,77.46823705804736
2003-11-19,1.0230043088461158,0.7428580561753126,0.3556595628683473,0.9999999999999998,2.220446049250313e-16,False,0.0,0.0,77.46823705804736
2003-11-20,1.0279828943632978,0.7361902363475245,0.3522286820348981,0.9999999999999996,3.3306690738754696e-16,False,0.0,0.0,77.46823705804736
2003-11-21,1.030113473599754,0.7392406774778003,0.3558674743598114,1.0,0.0,True,0.0634482752651896,3.172413763259484e-05,77.53168533331255
2003-11-24,1.0827673586812625,0.7490299801562266,0.3657439644192926,1.0,0.0,False,0.0,0.0,77.53168533331255
2003-11-25,1.0886759409540154,0.7518677889003552,0.3657439644192926,1.0,0.0,False,0.0,0.0,77.53168533331255
2003-11-26,1.0990795411192544,0.7545631856871337,0.3674073269491345,0.9999999999999998,2.220446049250313e-16,False,0.0,0.0,77.53168533331255
2003-11-28,1.115465210786332,0.7551306981584655,0.3678233381937418,0.9999999999999996,3.3306690738754696e-16,False,0.0,0.0,77.53168533331255
2003-12-01,1.1383186319041798,0.7632885872724149,0.3732293664297441,1.0,0.0,True,0.4280457996989686,0.0002140228998494,77.95973113301152
2003-12-02,1.1218682302008576,0.7613732532139591,0.3711501103188446,1.0,0.0,False,0.0,0.0,77.95973113301152
2003-12-03,1.0925357056429947,0.7601671865509333,0.366471713471191,1.0,1.1102230246251563e-16,False,0.0,0.0,77.95973113301152
2003-12-04,1.0803897631937935,0.7632885872724149,0.3704224789304946,1.0,1.1102230246251563e-16,False,0.0,0.0,77.95973113301152
2003-12-05,1.0480842226406937,0.7579685069025941,0.3642883957173663,1.0,1.1102230246251563e-16,False,0.0,0.0,77.95973113301152
2003-12-08,1.0470183896284744,0.7630759548862676,0.3663678636226533,1.0,0.0,True,0.0342099492158717,1.710497460793589e-05,77.9939410822274
2003-12-09,1.0092270291804055,0.757187869270176,0.3579468951996795,1.0,0.0,False,0.0,0.0,77.9939410822274
2003-12-10,0.9851649093558276,0.7571169918081269,0.3592982610624203,1.0,0.0,False,0.0,0.0,77.9939410822274
2003-12-11,1.005097462515385,0.7656293503614783,0.366991574564336,1.0,0.0,False,0.0,0.0,77.9939410822274
2003-12-12,0.987520045851577,0.7671190090018569,0.3663678636226533,1.0,0.0,False,0.0,0.0,77.9939410822274
2003-12-15,0.9724053074364176,0.7632885872724149,0.3615854757302041,1.0,0.0,True,0.7999999999999999,0.0003999999999999,78.79394108222739
2003-12-16,0.9759242299487644,0.7672614209592071,0.362313295380232,1.0,0.0,False,0.0,0.0,78.79394108222739
2003-12-17,0.9680836437334018,0.7696728151228501,0.362936841592945,1.0,0.0,False,0.0,0.0,78.79394108222739
2003-12-18,0.9954901846762212,0.7783270107294563,0.3696944945514981,1.0,1.1102230246251563e-16,False,0.0,0.0,78.79394108222739
2003-12-19,0.994777389464972,0.7761603614521474,0.3686550076923074,1.0,0.0,False,0.0,0.0,78.79394108222739
2003-12-22,0.9928243374600252,0.7815772720974674,0.3697985561944245,1.0,0.0,True,0.0426356527817807,2.131782639089039e-05,78.83657673500917
2003-12-23,1.0103092801471925,0.7820762067231318,0.3726058437497406,1.0,0.0,False,0.0,0.0,78.83657673500917
2003-12-24,1.0081179463638223,0.7812921196661412,0.3733752221653509,1.0,0.0,False,0.0,0.0,78.83657673500917
2003-12-26,1.0115334694385063,0.7818621781413242,0.372855172810528,1.0000000000000002,0.0,False,0.0,0.0,78.83657673500917
2003-12-29,1.0301752009431138,0.7922682707849751,0.3789914210329629,1.0,0.0,False,0.0,0.0,78.83657673500917
2003-12-30,1.0301673378329186,0.7924106827423252,0.3802396665611722,1.0,0.0,True,0.0342602900854357,1.7130145042717857e-05,78.87083702509462
2003-12-31,1.0223498785492038,0.7931229889165453,0.3791994266552659,1.0,0.0,False,0.0,0.0,78.87083702509462
2004-01-02,1.0379031289159164,0.7927672054106394,0.3781594456091696,1.0,0.0,False,0.0,0.0,78.87083702509462
2004-01-05,1.06115718991524,0.801391177487658,0.3857516155241786,1.0,0.0,False,0.0,0.0,78.87083702509462
2004-01-06,1.0662680228510608,0.8021754288029616,0.3883519799618444,1.0,0.0,False,0.0,0.0,78.87083702509462
2004-01-07,1.0819877056059986,0.8048834734798391,0.391887699017645,1.0,0.0,True,0.8092772015524676,0.0004046386007762,79.68011422664708
2004-01-08,1.121584895147521,0.8080907812990071,0.3950082069409728,1.0,0.0,False,0.0,0.0,79.68011422664708
2004-01-09,1.1020090411517662,0.8010347369485002,0.3924082425593748,1.0,0.0,False,0.0,0.0,79.68011422664708
2004-01-12,1.1430437475292914,0.8069505000903282,0.3986482935649272,1.0,1.1102230246251563e-16,False,0.0,0.0,79.68011422664708
2004-01-13,1.1143464461481651,0.8022462241358542,0.3946960926103232,1.0,0.0,False,0.0,0.0,79.68011422664708
2004-01-14,1.5354569273890584,0.8089463207221422,0.3960479761926816,1.0,0.0,True,1.3612434105977598,0.0006806217052988,81.04135763724484
2004-01-15,1.55220098154428,0.8109417307081738,0.3970881690331678,1.0,0.0,False,0.0,0.0,81.04135763724484
2004-01-16,1.5933556638762882,0.8141488742690287,0.4011442669017284,1.0,0.0,False,0.0,0.0,81.04135763724484
2004-01-20,1.617357621642548,0.8139352563330036,0.4008324584963066,1.0,0.0,False,0.0,0.0,81.04135763724484
2004-01-21,1.5724479049075404,0.8203498719713394,0.3991683664524597,0.9999999999999998,2.220446049250313e-16,False,0.0,0.0,81.04135763724484
2004-01-22,1.521283572243782,0.8182118036404883,0.3967762664969069,1.0,0.0,True,0.4479288203670258,0.0002239644101835,81.48928645761187
2004-01-23,1.5035787230274926,0.8155744721673468,0.3953202506734927,1.0,1.1102230246251563e-16,False,0.0,0.0,81.48928645761187
2004-01-26,1.4983637989002343,0.8258378243370216,0.4013522019259019,1.0,0.0,False,0.0,0.0,81.48928645761187
2004-01-27,1.5014911103340922,0.8173560999590401,0.3925120688752018,1.0,0.0,False,0.0,0.0,81.48928645761187
2004-01-28,1.4607581353918322,0.8080196574494886,0.3858557712979439,0.9999999999999998,2.220446049250313e-16,False,0.0,0.0,81.48928645761187
2004-01-29,1.430863491858301,0.8088034159898532,0.3873116694578086,1.0,0.0,True,0.0684342413092521,3.4217120654626096e-05,81.55772069892112
2004-01-30,1.460466932303944,0.8088034159898532,0.3855437510981346,1.0,1.1102230246251563e-16,False,0.0,0.0,81.55772069892112
2004-02-02,1.4531305126790643,0.8122962047569733,0.384503722986617,0.9999999999999998,2.220446049250313e-16,False,0.0,0.0,81.55772069892112
2004-02-03,1.4577628960707174,0.8109417307081738,0.384087947069109,0.9999999999999998,2.220446049250313e-16,False,0.0,0.0,81.55772069892112
2004-02-04,1.4029177172372498,0.8043133328754997,0.3778475666056182,0.9999999999999998,2.220446049250313e-16,False,0.0,0.0,81.55772069892112
2004-02-05,1.4204962849481937,0.8066655940464714,0.3793033235692237,1.0,1.1102230246251563e-16,True,0.029883801952867,1.4941900976433524e-05,81.58760450087398
2004-02-06,1.4739783121929777,0.8157169662538534,0.3861678150304639,1.0000000000000002,0.0,False,0.0,0.0,81.58760450087398
2004-02-09,1.473574689507413,0.815930994835661,0.3860638710510872,1.0,0.0,False,0.0,0.0,81.58760450087398
2004-02-10,1.4971951423880052,0.8185678335338635,0.3866878879179976,1.0,0.0,False,0.0,0.0,81.58760450087398
2004-02-11,1.550985452808804,0.8272630937187136,0.3908481415603247,1.0,0.0,False,0.0,0.0,81.58760450087398
2004-02-12,1.530304896710814,0.8242697323521969,0.3874158252315751,1.0,1.1102230246251563e-16,True,0.4435163037160722,0.000221758151858,82.03112080459005
2004-02-13,1.5026473558024855,0.8205638184239905,0.3841916321886782,1.0,0.0,False,0.0,0.0,82.03112080459005
2004-02-17,1.565953145370777,0.8279760569261857,0.3893919610079419,1.0,0.0,False,0.0,0.0,82.03112080459005
2004-02-18,1.5532000013584986,0.8243406919434024,0.3905359566315457,1.0,1.1102230246251563e-16,False,0.0,0.0,82.03112080459005
2004-02-19,1.50089622161949,0.8212764531148365,0.3846077140314138,0.9999999999999998,2.220446049250313e-16,False,0.0,0.0,82.03112080459005
2004-02-20,1.469752016767716,0.8187816978573582,0.3833595155686246,1.0,0.0,True,0.8365255203926006,0.0004182627601963,82.86764632498264
2004-02-23,1.4263354956315788,0.8167152461509646,0.3790955062085986,1.0,0.0,False,0.0,0.0,82.86764632498264
2004-02-24,1.4122483558807566,0.81528956612349,0.3781594456091696,1.0,0.0,False,0.0,0.0,82.86764632498264
2004-02-25,1.3950222177829803,0.8187105740078396,0.3804475780526363,0.9999999999999998,2.220446049250313e-16,False,0.0,0.0,82.86764632498264
2004-02-26,1.4116994079609986,0.8192095086335041,0.3813835209885169,0.9999999999999998,2.220446049250313e-16,False,0.0,0.0,82.86764632498264
2004-02-27,1.416225463060923,0.819779402850374,0.3803434458115803,1.0,0.0,True,0.4330707423511524,0.0002165353711755,83.30071706733379
2004-03-01,1.4545771957155111,0.8279048509475107,0.3853355807468618,1.0,0.0,False,0.0,0.0,83.30071706733379
2004-03-02,1.4627513445606175,0.8230581630356865,0.3808634951664033,1.0,1.1102230246251563e-16,False,0.0,0.0,83.30071706733379
2004-03-03,1.496860442922186,0.8245546383960536,0.3787833448125303,1.0,1.1102230246251563e-16,False,0.0,0.0,83.30071706733379
2004-03-04,1.4968135548995232,0.8266928709852177,0.3823197227842063,1.0,1.1102230246251563e-16,False,0.0,0.0,83.30071706733379
2004-03-05,1.5055450030012325,0.8294726965448658,0.3809674862112002,1.0000000000000002,0.0,True,0.0204055413571642,1.0202770678582136e-05,83.32112260869096
2004-03-08,1.4841434668006293,0.8193515099450717,0.3720232915175737,1.0,0.0,False,0.0,0.0,83.32112260869096
2004-03-09,1.4344577909499,0.8160734067930111,0.3708790370341612,1.0,0.0,False,0.0,0.0,83.32112260869096
2004-03-10,1.4060308808845985,0.8023891288681432,0.3659909402090966,1.0,1.1102230246251563e-16,False,0.0,0.0,83.32112260869096
2004-03-11,1.374388008194132,0.7919834468702748,0.3626628502522419,1.0,1.1102230246251563e-16,False,0.0,0.0,83.32112260869096
2004-03-12,1.413452787619377,0.8023891288681432,0.3693191478294997,1.0,0.0,True,0.4177741683772644,0.0002088870841886,83.73889677706822
2004-03-15,1.3559554447700033,0.7925531768288318,0.3628707382109964,1.0,1.1102230246251563e-16,False,0.0,0.0,83.73889677706822
2004-03-16,1.3612719619439055,0.7967583538993285,0.3634948727414552,0.9999999999999998,2.220446049250313e-16,False,0.0,0.0,83.73889677706822
2004-03-17,1.4001353595884731,0.8056674784076733,0.3692149920557344,0.9999999999999996,3.3306690738754696e-16,False,0.0,0.0,83.73889677706822
2004-03-18,1.4025096280083085,0.8058810963436984,0.3675509000118875,0.9999999999999996,4.440892098500626e-16,False,0.0,0.0,83.73889677706822
2004-03-19,1.37597240681939,0.7943304517752313,0.3614148635838413,1.0,0.0,True,0.4377708255081018,0.000218885412754,84.17666760257632
2004-03-22,1.324157958530547,0.7842458126500743,0.3568385751641973,1.0,0.0,False,0.0,0.0,84.17666760257632
2004-03-23,1.3196986672711912,0.7828870678851375,0.3539262846575612,1.0,0.0,False,0.0,0.0,84.17666760257632
2004-03-24,1.3006075348850858,0.7835304676970641,0.357982429591542,1.0,0.0,False,0.0,0.0,84.17666760257632
2004-03-25,1.345899647411564,0.7939014090617382,0.3675509000118875,0.9999999999999998,2.220446049250313e-16,False,0.0,0.0,84.17666760257632
2004-03-26,1.3404601756298031,0.7941160125476413,0.3663030310070354,1.0,1.1102230246251563e-16,True,0.3999999999999998,0.0001999999999999,84.57666760257632
2004-03-29,1.3524936264537335,0.805273422714844,0.3722312736071673,1.0,0.0,False,0.0,0.0,84.57666760257632
2004-03-30,1.364718029369353,0.8079912407613437,0.3734793779391175,1.0,0.0,False,0.0,0.0,84.57666760257632
2004-03-31,1.3726739200303806,0.8089211070711004,0.3727514641582494,1.0,0.0,False,0.0,0.0,84.57666760257632
2004-04-01,1.3904110009775157,0.8137845493308481,0.3760793658534249,1.0,0.0,False,0.0,0.0,84.57666760257632
2004-04-02,1.3999229550345524,0.8199351197310751,0.3858557712979439,1.0,0.0,True,0.0737618391549307,3.688091957746536e-05,84.65042944173125
2004-04-05,1.4256903422466918,0.8244411359017872,0.389495834389189,1.0,0.0,False,0.0,0.0,84.65042944173125
2004-04-06,1.4724349326957018,0.821794934479745,0.3846077140314138,1.0,0.0,False,0.0,0.0,84.65042944173125
2004-04-07,1.457659610233918,0.8198641601398695,0.3841916321886782,1.0,0.0,False,0.0,0.0,84.65042944173125
2004-04-08,1.4628573629000223,0.8180045096495127,0.3841916321886782,0.9999999999999998,2.220446049250313e-16,False,0.0,0.0,84.65042944173125
2004-04-12,1.4526525783278663,0.8212229049048064,0.3865837792096511,1.0,0.0,True,0.8290337522206874,0.0004145168761103,85.47946319395193
2004-04-13,1.3440699842997317,0.8097076580027857,0.3809674862112002,1.0,0.0,False,0.0,0.0,85.47946319395193
2004-04-14,1.3461436537995692,0.8109951967890474,0.3828397721390292,0.9999999999999998,2.220446049250313e-16,False,0.0,0.0,85.47946319395193
2004-04-15,1.350008397981074,0.8079201169118251,0.3759753277432092,1.0,0.0,False,0.0,0.0,85.47946319395193
2004-04-16,1.347428663256378,0.8141423860656661,0.3753513344090083,1.0,0.0,False,0.0,0.0,85.47946319395193
2004-04-19,1.3452966395932433,0.8141423860656661,0.3799275286978133,1.0,0.0,True,0.9182960434271296,0.0004591480217135,86.39775923737906
2004-04-20,1.3324288691491095,0.8004811043046148,0.3710871838527233,1.0,1.1102230246251563e-16,False,0.0,0.0,86.39775923737906
2004-04-21,1.3538663709778562,0.8058453701606262,0.3743113298302014,1.0,0.0,False,0.0,0.0,86.39775923737906
2004-04-22,1.3833329020031429,0.8171463420933699,0.383983673631794,1.0,0.0,False,0.0,0.0,86.39775923737906
2004-04-23,1.3661527430056069,0.8179330572833681,0.3869996492579993,0.7983949296533054,0.2016050703466946,True,0.2130784357658766,0.0001065392178829,86.61083767314494
2004-04-26,1.355763762006181,0.8167887517460213,0.3841916321886782,1.0,0.0,True,0.6089620971246816,0.0003044810485623,87.21979977026962
2004-04-27,1.3724498634846618,0.817503686053249,0.3834636478096805,1.0,1.1102230246251563e-16,False,0.0,0.0,87.21979977026962
2004-04-28,1.3491409349507713,0.8069186339776109,0.3764952359017731,1.0,0.0,False,0.0,0.0,87.21979977026962
2004-04-29,1.3425116297337931,0.7998377044926882,0.3706709608137286,1.0,0.0,False,0.0,0.0,87.21979977026962
2004-04-30,1.304210920393425,0.7936151889513776,0.3616227044771758,1.0,0.0,False,0.0,0.0,87.21979977026962
2004-05-03,1.304479089863605,0.8021265619548512,0.3650548325442462,1.0,0.0,True,0.8067094062031288,0.0004033547031015,88.02650917647274
2004-05-04,1.3155956871226646,0.8014824229805161,0.3666149335432963,1.0,0.0,False,0.0,0.0,88.02650917647274
2004-05-05,1.3167417131737826,0.8066324138672504,0.369527247582643,1.0,0.0,False,0.0,0.0,88.02650917647274
2004-05-06,1.280906611240315,0.7996947176312427,0.3667189245880931,1.0,0.0,False,0.0,0.0,88.02650917647274
2004-05-07,1.2313154346502293,0.7864628071003104,0.363702901896469,1.0,1.1102230246251563e-16,False,0.0,0.0,88.02650917647274
2004-05-10,1.2136403035351515,0.7783806410686429,0.3605825822348192,1.0000000000000002,0.0,True,0.8302895112056343,0.0004151447556028,88.85679868767838
2004-05-11,1.2152181766558612,0.7849609112156151,0.3659909402090966,0.9999999999999998,2.220446049250313e-16,False,0.0,0.0,88.85679868767838
2004-05-12,1.2091226339451515,0.7899675045951212,0.3667189245880931,1.0,1.1102230246251563e-16,False,0.0,0.0,88.85679868767838
2004-05-13,1.2154948340516891,0.7866774105862134,0.3641188660756561,0.9999999999999998,2.220446049250313e-16,False,0.0,0.0,88.85679868767838
2004-05-14,1.2046110837583446,0.787035165191875,0.3614148635838413,1.0,1.1102230246251563e-16,False,0.0,0.0,88.85679868767838
2004-05-17,1.1864474950373811,0.7803119903126139,0.357982429591542,1.0,0.0,True,0.8152013639691092,0.0004076006819845,89.67200005164749
2004-05-18,1.207660799215834,0.7842458126500743,0.3612068344288276,1.0,0.0,False,0.0,0.0,89.67200005164749
2004-05-19,1.212136538478097,0.7815275839577922,0.3607905878571222,1.0,1.1102230246251563e-16,False,0.0,0.0,89.67200005164749
2004-05-20,1.2019351610326183,0.7840310449058583,0.3624548916953577,1.0,0.0,False,0.0,0.0,89.67200005164749
2004-05-21,1.1888106540690146,0.7853902003165776,0.3642229747840014,0.9999999999999998,2.220446049250313e-16,False,0.0,0.0,89.67200005164749
2004-05-24,1.2035361617493956,0.7886799658088595,0.3667189245880931,1.0,0.0,True,0.0445251328184008,2.2262566409200437e-05,89.7165251844659
2004-05-25,1.251936705996929,0.7999808556124467,0.3739992625649719,1.0,0.0,False,0.0,0.0,89.7165251844659
2004-05-26,1.2720479044559307,0.8027703724125603,0.3763915743149134,1.0,0.0,False,0.0,0.0,89.7165251844659
2004-05-27,1.2688399700128197,0.80727597793749,0.3787833448125303,1.0,0.0,False,0.0,0.0,89.7165251844659
2004-05-28,1.2741394015965686,0.8072041970547196,0.3801353695911478,1.0,0.0,False,0.0,0.0,89.7165251844659
2004-06-01,1.2644434137911142,0.8061315902709867,0.3796157202923914,1.0,1.1102230246251563e-16,True,0.8120170056555478,0.0004060085028277,90.52854219012144
2004-06-02,1.2731660790627906,0.8091355462986904,0.3787833448125303,1.0,0.0,False,0.0,0.0,90.52854219012144
2004-06-03,1.2482430237960769,0.8016975192413581,0.374207268187275,1.0,0.0,False,0.0,0.0,90.52854219012144
2004-06-04,1.2538904588577706,0.8080629395149577,0.3763915743149134,1.0,1.1102230246251563e-16,False,0.0,0.0,90.52854219012144
2004-06-07,1.271675036459586,0.8203646552195072,0.3853355807468618,1.0,1.1102230246251563e-16,False,0.0,0.0,90.52854219012144
2004-06-08,1.2865165093589055,0.8215093714026365,0.3858557712979439,1.0,0.0,True,1.2050649728912897,0.0006025324864456,91.73360716301272
2004-06-09,1.2717350059329335,0.8138560016969927,0.3804475780526363,1.0,0.0,False,0.0,0.0,91.73360716301272
2004-06-10,1.2704779115247855,0.8178612764005976,0.3831516982079995,1.0,0.0,False,0.0,0.0,91.73360716301272
2004-06-14,1.255243386657812,0.8097793567563996,0.3777433637664327,1.0,1.1102230246251563e-16,False,0.0,0.0,91.73360716301272
2004-06-15,1.270582038446434,0.8155012129597595,0.3826315076569174,0.9999999999999998,2.220446049250313e-16,False,0.0,0.0,91.73360716301272
2004-06-16,1.26875520429106,0.8153583082274705,0.3820076084535568,1.0,0.0,True,0.8157121268065115,0.0004078560634032,92.54931928981924
2004-06-17,1.279645603197362,0.8141423860656661,0.3784716540706581,0.9999999999999996,3.3306690738754696e-16,False,0.0,0.0,92.54931928981924
2004-06-18,1.2775218426304489,0.8156787761960865,0.3789914210329629,0.9999999999999998,2.220446049250313e-16,False,0.0,0.0,92.54931928981924
2004-06-21,1.2679319284303587,0.8125921982369558,0.3759753277432092,1.0,0.0,False,0.0,0.0,92.54931928981924
2004-06-22,1.276430305433304,0.8166831336507778,0.3814875590987338,1.0,0.0,False,0.0,0.0,92.54931928981924
2004-06-23,1.2917324231879763,0.8237183993246932,0.3860638710510872,1.0,0.0,True,0.8102972546002666,0.0004051486273001,93.35961654441952
2004-06-24,1.305421991859704,0.82113395902833,0.3853355807468618,1.0,0.0,False,0.0,0.0,93.35961654441952
2004-06-25,1.3130329372019238,0.8171856819593276,0.3882478241880778,1.0,0.0,False,0.0,0.0,93.35961654441952
2004-06-28,1.314127515398378,0.8143860632729659,0.3850239841358286,1.0000000000000002,0.0,False,0.0,0.0,93.35961654441952
2004-06-29,1.317385250562101,0.8177603396672739,0.3886638824981052,1.0,0.0,False,0.0,0.0,93.35961654441952
2004-06-30,1.3134154642285043,0.8221389735162732,0.3925120688752018,1.0,1.1102230246251563e-16,True,0.4257746749055884,0.0002128873374527,93.7853912193251
2004-07-01,1.302175008438961,0.810725320380828,0.385231589702065,1.0,1.1102230246251563e-16,False,0.0,0.0,93.7853912193251
2004-07-02,1.3007746445240864,0.8102946350842051,0.3829437161184059,0.9999999999999998,2.220446049250313e-16,False,0.0,0.0,93.7853912193251
2004-07-06,1.2985144039650285,0.8031882455607711,0.3747275058037772,1.0,1.1102230246251563e-16,False,0.0,0.0,93.7853912193251
2004-07-07,1.2907632131485969,0.8055566040464145,0.3754554666500642,0.9999999999999998,2.220446049250313e-16,False,0.0,0.0,93.7853912193251
2004-07-08,1.2780243773160338,0.7999578594486301,0.3712951659423169,1.0,0.0,True,0.4221527352997589,0.0002110763676498,94.20754395462488
2004-07-09,1.2627026502993377,0.8020398335655999,0.3718152152971411,1.0,0.0,False,0.0,0.0,94.20754395462488
2004-07-12,1.2690233944018678,0.8023985737211393,0.3702550907653804,1.0000000000000002,0.0,False,0.0,0.0,94.20754395462488
2004-07-13,1.2705973110371245,0.8029729850416162,0.369735112008687,1.0,0.0,False,0.0,0.0,94.20754395462488
2004-07-14,1.27401744421622,0.8005321886399503,0.3659909402090966,1.0,0.0,False,0.0,0.0,94.20754395462488
2004-07-15,1.2767558824541012,0.795363472305537,0.3647427888117263,1.0000000000000002,0.0,True,0.0329040268032476,1.6452013401623833e-05,94.24044798142812
2004-07-16,1.272381681554502,0.7947176086189156,0.3605825822348192,1.0,0.0,False,0.0,0.0,94.24044798142812
2004-07-19,1.2663108350839185,0.7913437428703901,0.3598546213885321,1.0,0.0,False,0.0,0.0,94.24044798142812
2004-07-20,1.2808430303224796,0.8013935592331961,0.3684871253402864,1.0,1.1102230246251563e-16,False,0.0,0.0,94.24044798142812
2004-07-21,1.255692967411136,0.7866057118325994,0.3577746828290478,0.9999999999999998,2.220446049250313e-16,False,0.0,0.0,94.24044798142812
2004-07-22,1.249460695081059,0.7887593847031833,0.3626628502522419,1.0,0.0,True,0.4179985953093547,0.0002089992976546,94.65844657673748
2004-07-23,1.243824136587594,0.7821553792299862,0.355798547052681,0.9999999999999998,2.220446049250313e-16,False,0.0,0.0,94.65844657673748
2004-07-26,1.2334427233772198,0.7806479806918062,0.3542384225209202,0.9999999999999998,2.220446049250313e-16,False,0.0,0.0,94.65844657673748
2004-07-27,1.2423134168987768,0.7879697128635516,0.3591267311403747,0.9999999999999996,3.3306690738754696e-16,False,0.0,0.0,94.65844657673748
2004-07-28,1.2523973485645856,0.7903388926407598,0.3575666066086139,0.9999999999999996,4.440892098500626e-16,False,0.0,0.0,94.65844657673748
2004-07-29,1.26026004509241,0.7937123477435029,0.3617267896528116,1.0,0.0,True,0.8019614370250858,0.0004009807185125,95.46040801376256
2004-07-30,1.2664211905596363,0.7956504315783058,0.3628707382109964,1.0,1.1102230246251563e-16,False,0.0,0.0,95.46040801376256
2004-08-02,1.262387632975174,0.7973017203986529,0.363598863786252,1.0,0.0,False,0.0,0.0,95.46040801376256
2004-08-03,1.2448986221186955,0.7911286466095481,0.356006552674984,0.9999999999999998,2.220446049250313e-16,False,0.0,0.0,95.46040801376256
2004-08-04,1.229044317232593,0.7910569478559341,0.3561106378506198,0.9999999999999998,2.220446049250313e-16,False,0.0,0.0,95.46040801376256
2004-08-05,1.199760581201275,0.7781353212782134,0.3494542932079417,1.0,0.0,True,0.4042559798358103,0.0002021279899179,95.86466399359836
2004-08-06,1.1674095592443532,0.7670087916738502,0.3403019752284626,1.0,0.0,False,0.0,0.0,95.86466399359836
2004-08-09,1.1859948992939198,0.7680858334320333,0.3411338800541276,1.0,0.0,False,0.0,0.0,95.86466399359836
2004-08-10,1.2074557060688915,0.777992005900142,0.3453982424048,1.0,0.0,False,0.0,0.0,95.86466399359836
2004-08-11,1.1803437779945651,0.7764130728666608,0.3423820079187872,1.0,0.0,False,0.0,0.0,95.86466399359836
2004-08-12,1.1550178876894486,0.7679423537956488,0.3377018461178961,1.0,0.0,True,0.8092118430545405,0.0004046059215272,96.67387583665293
2004-08-13,1.1614797669523804,0.7694497523338288,0.3382218013418802,1.0,0.0,False,0.0,0.0,96.67387583665293
2004-08-16,1.2019017307689146,0.7774178409671345,0.3420699406535579,1.0,0.0,False,0.0,0.0,96.67387583665293
2004-08-17,1.2080354936192512,0.7817965569452903,0.345918103497945,0.9999999999999996,3.3306690738754696e-16,False,0.0,0.0,96.67387583665293
2004-08-18,1.1972868641805945,0.7898362622030535,0.3520542340568303,0.9999999999999994,5.551115123125784e-16,False,0.0,0.0,96.67387583665293
2004-08-19,1.1893053796071935,0.7875391096960852,0.3501823246523596,1.0,0.0,True,0.0206575180165636,1.0328759008281812e-05,96.69453335466947
2004-08-20,1.206459358207933,0.793066730444351,0.3537184202315173,1.0,0.0,False,0.0,0.0,96.69453335466947
2004-08-23,1.1843930466411507,0.7910569478559341,0.3545505603842792,1.0,1.1102230246251563e-16,False,0.0,0.0,96.69453335466947
2004-08-24,1.1721459924774276,0.7921334147100219,0.3544464752086433,1.0,1.1102230246251563e-16,False,0.0,0.0,96.69453335466947
2004-08-25,1.1775580158203205,0.7975171451761208,0.359334619099128,1.0,0.0,False,0.0,0.0,96.69453335466947
2004-08-26,1.1724439896972405,0.7975171451761208,0.3577746828290478,1.0,0.0,True,0.4243644313158329,0.0002121822156579,97.11889778598533
2004-08-27,1.1854026157226194,0.8000298045897135,0.3594386807420544,1.0000000000000002,0.0,False,0.0,0.0,97.11889778598533
2004-08-30,1.162489697997021,0.7934250599541081,0.353406447097127,1.0,0.0,False,0.0,0.0,97.11889778598533
2004-08-31,1.0440523575901393,0.7975887618005782,0.353822364210894,1.0,0.0,False,0.0,0.0,97.11889778598533
2004-09-01,1.042867218361801,0.7990963245970714,0.3564225639195901,1.0,0.0,False,0.0,0.0,97.11889778598533
2004-09-02,1.054369213573758,0.8081412907302472,0.3617267896528116,1.0,0.0,True,0.9595519783388748,0.0004797759891694,98.0784497643242
2004-09-03,1.0566640298178973,0.8048392879936487,0.3550704685428443,1.0,0.0,False,0.0,0.0,98.0784497643242
2004-09-07,1.0709145115353969,0.8101506626728817,0.3580867736269866,1.0,0.0,False,0.0,0.0,98.0784497643242
2004-09-08,1.0646964236563727,0.8081412907302472,0.3567344899885615,0.9999999999999998,2.220446049250313e-16,False,0.0,0.0,98.0784497643242
2004-09-09,1.094844777622717,0.8074237282900119,0.3597506303437354,0.9999999999999996,4.440892098500626e-16,False,0.0,0.0,98.0784497643242
2004-09-10,1.0840866131519642,0.8115865267157607,0.3652629322973895,1.0,1.1102230246251563e-16,True,0.4223946677193598,0.0002111973338596,98.50084443204356
2004-09-13,1.0727281942982685,0.814242830024051,0.370047202806627,0.9999999999999998,2.220446049250313e-16,False,0.0,0.0,98.50084443204356
2004-09-14,1.0685394537574435,0.8158942009735544,0.37056725216145,0.9999999999999998,2.220446049250313e-16,False,0.0,0.0,98.50084443204356
2004-09-15,1.0655448064519035,0.8097206344095107,0.3666149335432963,0.9999999999999996,3.3306690738754696e-16,False,0.0,0.0,98.50084443204356
2004-09-16,1.06239612073646,0.8121604452612986,0.3673430355858424,0.9999999999999998,2.220446049250313e-16,False,0.0,0.0,98.50084443204356
2004-09-17,1.0656763166833396,0.8156139762916175,0.3684871253402864,1.0,0.0,True,0.0154010708905563,7.700535445278155e-06,98.51624550293413
2004-09-20,1.0588939150497998,0.8107119333283205,0.3684871253402864,1.0,0.0,False,0.0,0.0,98.51624550293413
2004-09-21,1.066740652739927,0.8142442262197113,0.3699430705655711,1.0,0.0,False,0.0,0.0,98.51624550293413
2004-09-22,1.059091138117261,0.8040807431043258,0.3634948727414552,1.0,1.1102230246251563e-16,False,0.0,0.0,98.51624550293413
2004-09-23,1.0390976988126288,0.7997554932070438,0.3631827819435164,0.9999999999999998,2.220446049250313e-16,False,0.0,0.0,98.51624550293413
2004-09-24,1.0362365718692483,0.8034320048972274,0.3619346540788555,1.0,0.0,True,1.600666172214383,0.0008003330861071,100.1169116751485
2004-09-27,1.0153270579172402,0.798313633735741,0.3588146168097252,1.0,0.0,False,0.0,0.0,100.1169116751485
2004-09-28,1.0275369522939923,0.8021344463538741,0.3595428835812398,1.0,0.0,False,0.0,0.0,100.1169116751485
2004-09-29,1.0250745217707102,0.806170683749475,0.3648468739873633,1.0,0.0,False,0.0,0.0,100.1169116751485
2004-09-30,1.0332348314294209,0.805594219200086,0.3654709379196925,0.9999999999999998,2.220446049250313e-16,False,0.0,0.0,100.1169116751485
2004-10-01,1.0418994743692445,0.8192178858074658,0.3754554666500642,1.0,0.0,True,0.8080363170984148,0.0004040181585492,100.92494799224691
2004-10-04,1.0486626748909298,0.820587635879372,0.3776395845160246,1.0,1.1102230246251563e-16,False,0.0,0.0,100.92494799224691
2004-10-05,1.044506791983132,0.8210198816299682,0.3781594456091696,0.9999999999999998,2.220446049250313e-16,False,0.0,0.0,100.92494799224691
2004-10-06,1.045361342731805,0.8266427721997601,0.3811756800951824,0.9999999999999996,3.3306690738754696e-16,False,0.0,0.0,100.92494799224691
2004-10-07,1.030565213343282,0.8177761084653196,0.3769114354080584,0.9999999999999996,4.440892098500626e-16,False,0.0,0.0,100.92494799224691
2004-10-08,1.0052760878923652,0.8110006994425321,0.370047202806627,1.0,0.0,True,0.817248187744158,0.000408624093872,101.74219617999108
2004-10-11,1.006636659790831,0.8143162534899512,0.3718152152971411,1.0,0.0,False,0.0,0.0,101.74219617999108
2004-10-12,1.002192093113408,0.8111446718538555,0.3711911984302308,1.0,1.1102230246251563e-16,False,0.0,0.0,101.74219617999108
2004-10-13,0.9842771588981786,0.8040083873174599,0.3703590818101772,1.0,1.1102230246251563e-16,False,0.0,0.0,101.74219617999108
2004-10-14,0.9785977808201722,0.7975208409881628,0.3686950368317504,0.9999999999999998,2.220446049250313e-16,False,0.0,0.0,101.74219617999108
2004-10-15,0.9844846392556692,0.8019902275550812,0.37056725216145,1.0,1.1102230246251563e-16,True,1.1999999999999995,0.0005999999999999,102.94219617999109
2004-10-18,0.996302514779552,0.8050173440049145,0.3758712896329923,0.9999999999999998,2.220446049250313e-16,False,0.0,0.0,102.94219617999109
2004-10-19,0.985822012075236,0.7982416885946576,0.3731671459449184,0.9999999999999998,2.220446049250313e-16,False,0.0,0.0,102.94219617999109
2004-10-20,0.9889733220956456,0.7966562673578139,0.3749351584354325,0.9999999999999998,2.220446049250313e-16,False,0.0,0.0,102.94219617999109
2004-10-21,1.005426737238342,0.8018459266271318,0.3806556778057783,1.0,0.0,False,0.0,0.0,102.94219617999109
2004-10-22,0.9895666158010448,0.7928356189979939,0.3723351469884144,1.0,1.1102230246251563e-16,True,0.4172085817652806,0.0002086042908826,103.35940476175637
2004-10-25,1.01735352566282,0.7918986074516228,0.37056725216145,0.9999999999999994,5.551115123125784e-16,False,0.0,0.0,103.35940476175637
2004-10-26,1.0374465390379604,0.8040083873174599,0.3725432938069778,0.9999999999999992,6.661338147750939e-16,False,0.0,0.0,103.35940476175637
2004-10-27,1.0600506572859252,0.8136673510245398,0.3820076084535568,0.9999999999999994,5.551115123125784e-16,False,0.0,0.0,103.35940476175637
2004-10-28,1.0685411158600182,0.8161181671832971,0.3843996613436906,0.9999999999999994,5.551115123125784e-16,False,0.0,0.0,103.35940476175637
2004-10-29,1.0758373346776728,0.8159741947719736,0.3837757386076206,1.0,0.0,True,0.4382163422558567,0.0002191081711279,103.7976211040122
2004-11-01,1.0876885758816337,0.8182085184742287,0.385231589702065,0.9999999999999998,2.220446049250313e-16,False,0.0,0.0,103.7976211040122
2004-11-02,1.0963067802504969,0.8184974488467534,0.3864797881648543,0.9999999999999998,2.220446049250313e-16,False,0.0,0.0,103.7976211040122
2004-11-03,1.1105177411657978,0.8288049865026187,0.3890799643408409,0.9999999999999998,2.220446049250313e-16,False,0.0,0.0,103.7976211040122
2004-11-04,1.1245858284651922,0.8401218093625645,0.3912640116086717,0.9999999999999996,3.3306690738754696e-16,False,0.0,0.0,103.7976211040122
2004-11-05,1.1219051261913366,0.8453839886770613,0.3948000365896999,1.0000000000000002,0.0,True,0.8089385602882015,0.0004044692801441,104.6065596643004
2004-11-08,1.1190705986374,0.8441585395331045,0.3952160478343072,1.0,0.0,False,0.0,0.0,104.6065596643004
2004-11-09,1.1149640188946317,0.8425005982510819,0.3943838841488348,1.0,0.0,False,0.0,0.0,104.6065596643004
2004-11-10,1.1068936386317123,0.8431494185873368,0.3930321417627355,1.0,0.0,False,0.0,0.0,104.6065596643004
2004-11-11,1.1313247084954905,0.8495646912589246,0.3982323764511602,1.0,1.1102230246251563e-16,False,0.0,0.0,104.6065596643004
2004-11-12,1.1457717302914894,0.8562684015280981,0.4020803510338682,1.0,0.0,True,0.0222682098157195,1.1134104907859766e-05,104.62882787411613
2004-11-15,1.1543413908525353,0.8583720577423808,0.4038484105898023,1.0,0.0,False,0.0,0.0,104.62882787411613
2004-11-16,1.146038508069559,0.8522269899956384,0.4013522019259019,1.0,1.1102230246251563e-16,False,0.0,0.0,104.62882787411613
2004-11-17,1.1973732760348657,0.8572879528767396,0.406760677563729,1.0,1.1102230246251563e-16,False,0.0,0.0,104.62882787411613
2004-11-18,1.2052466816412313,0.8584444135292467,0.4086326575663292,1.0,0.0,False,0.0,0.0,104.62882787411613
2004-11-19,1.212720080805218,0.8489013340619713,0.4022885213851409,1.0,0.0,True,1.6,0.0007999999999999,106.22882787411612
2004-11-22,1.2489842106869689,0.8529500550893584,0.4061366842295281,1.0,1.1102230246251563e-16,False,0.0,0.0,106.22882787411612
2004-11-23,1.2564464956327528,0.8542509809281278,0.4055125496990693,0.9999999999999998,2.220446049250313e-16,False,0.0,0.0,106.22882787411612
2004-11-24,1.2729527784779653,0.8562756288938691,0.4090486688109365,0.9999999999999998,2.220446049250313e-16,False,0.0,0.0,106.22882787411612
2004-11-26,1.2815994924906675,0.8556246731995455,0.4078006350771159,1.0,0.0,False,0.0,0.0,106.22882787411612
2004-11-29,1.3016915412464276,0.8517209922625161,0.4076968558267076,1.0,0.0,True,1.2206661959295282,0.0006103330979647,107.44949407004565
2004-11-30,1.303997631017678,0.8522995921699738,0.4068645980103962,1.0,0.0,False,0.0,0.0,107.44949407004565
2004-12-01,1.3406310108307384,0.8619868083068855,0.4151850111642104,1.0,0.0,False,0.0,0.0,107.44949407004565
2004-12-02,1.33384398727681,0.862709955529762,0.4167451356959712,1.0,1.1102230246251563e-16,False,0.0,0.0,107.44949407004565
2004-12-03,1.3412854508696093,0.8621315198806173,0.4173689407684929,0.9999999999999998,2.220446049250313e-16,False,0.0,0.0,107.44949407004565
2004-12-06,1.3756510070978978,0.8618423431206231,0.4188252389844241,1.0,1.1102230246251563e-16,True,0.0527330955462279,2.636654777311395e-05,107.50222716559188
2004-12-07,1.3292805851061475,0.8538172568527148,0.4116487508560841,1.0,0.0,False,0.0,0.0,107.50222716559188
2004-12-08,1.33104172322825,0.8588059460761067,0.4140409920078973,1.0,0.0,False,0.0,0.0,107.50222716559188
2004-12-09,1.387751854054026,0.8618423431206231,0.4165370124101185,1.0,0.0,False,0.0,0.0,107.50222716559188
2004-12-10,1.3896839055815362,0.862709955529762,0.4152888845454588,1.0,0.0,False,0.0,0.0,107.50222716559188
2004-12-13,1.4125660895344987,0.8702286334187656,0.4189292064965115,1.0,0.0,True,0.8535400181683621,0.0004267700090841,108.35576718376024
2004-12-14,1.4190562653629712,0.8732651125924386,0.4210092627195455,1.0,0.0,False,0.0,0.0,108.35576718376024
2004-12-15,1.4098466136816603,0.8739157397701361,0.419449138187786,1.0,0.0,False,0.0,0.0,108.35576718376024
2004-12-16,1.415353223668195,0.8734098241661703,0.4154967725042122,1.0,0.0,False,0.0,0.0,108.35576718376024
2004-12-17,1.4034719710034929,0.8675841567090097,0.4144364827295203,0.9999999999999998,2.220446049250313e-16,False,0.0,0.0,108.35576718376024
2004-12-20,1.366243132512494,0.8678018811028593,0.4116014501092989,1.0,0.0,True,0.7999999999999998,0.0003999999999999,109.15576718376025
2004-12-21,1.3861492722701727,0.8744846484371283,0.416641356445563,1.0,0.0,False,0.0,0.0,109.15576718376025
2004-12-22,1.4312665725075888,0.8765913434302011,0.4171662770713236,1.0,0.0,False,0.0,0.0,109.15576718376025
2004-12-23,1.4446715340655387,0.8772447629992193,0.4174814271215425,1.0,1.1102230246251563e-16,False,0.0,0.0,109.15576718376025
2004-12-27,1.446503882695035,0.8754294622533658,0.4156965181453605,1.0,0.0,False,0.0,0.0,109.15576718376025
2004-12-28,1.43444694669458,0.8802227662134728,0.4196864420338431,1.0,0.0,True,0.0835592472488465,4.1779623624423255e-05,109.23932643100908
2004-12-29,1.435964596664944,0.8815303445139177,0.4202113626596049,1.0000000000000002,0.0,False,0.0,0.0,109.23932643100908
2004-12-30,1.44329185597887,0.8798597553417961,0.4198966361981622,1.0,0.0,False,0.0,0.0,109.23932643100908
2004-12-31,1.445302003206372,0.8779711953883553,0.4191616155389215,1.0,1.1102230246251563e-16,False,0.0,0.0,109.23932643100908
2005-01-03,1.4310957641037998,0.8738306539640147,0.4147514445180611,0.9999999999999996,3.3306690738754696e-16,False,0.0,0.0,109.23932643100908
2005-01-04,1.4114086388692442,0.8631533708456406,0.4071913732192775,1.0000000000000002,0.0,True,1.206796463659344,0.0006033982318296,110.44612289466842
2005-01-05,1.3731574464769891,0.8571970359005076,0.404671631845534,1.0,0.0,False,0.0,0.0,110.44612289466842
2005-01-06,1.3542014692595392,0.8615553017186978,0.4026765287050343,1.0,0.0,False,0.0,0.0,110.44612289466842
2005-01-07,1.3745281359391193,0.8603205719800577,0.404776446535176,1.0,0.0,False,0.0,0.0,110.44612289466842
2005-01-10,1.3709284934909265,0.8643882648425936,0.4045663935671161,1.0,0.0,False,0.0,0.0,110.44612289466842
2005-01-11,1.2827377501035395,0.858432012026617,0.4017313609468947,1.0,0.0,True,0.4730948612641359,0.000236547430632,110.91921775593256
2005-01-12,1.2879593534864844,0.8612645645047303,0.4050912200620377,1.0,1.1102230246251563e-16,False,0.0,0.0,110.91921775593256
2005-01-13,1.2981222339622092,0.8543644012932377,0.3997363048718138,1.0,0.0,False,0.0,0.0,110.91921775593256
2005-01-14,1.31398471269892,0.8588676250726291,0.4035162228576565,1.0,1.1102230246251563e-16,False,0.0,0.0,110.91921775593256
2005-01-18,1.3274581819627358,0.8678018811028593,0.406561449642197,0.9999999999999998,2.220446049250313e-16,False,0.0,0.0,110.91921775593256
2005-01-19,1.3135945482049731,0.8587225849822714,0.399841307823135,1.0,0.0,True,0.4397177624033878,0.0002198588812016,111.35893551833594
2005-01-20,1.3040077795946192,0.853491943263866,0.3921763277038704,1.0,0.0,False,0.0,0.0,111.35893551833594
2005-01-21,1.2990902980769958,0.8482626156119645,0.3890263332951081,1.0,0.0,False,0.0,0.0,111.35893551833594
2005-01-24,1.259799754279299,0.8465920264398428,0.3835661562937568,1.0,0.0,False,0.0,0.0,111.35893551833594
2005-01-25,1.2954786924845492,0.848988965871944,0.3854563035483568,1.0000000000000002,0.0,False,0.0,0.0,111.35893551833594
2005-01-26,1.3206778849715,0.8515311917818724,0.3900763628083085,1.0,0.0,True,0.8255157144199945,0.0004127578572099,112.18445123275592
2005-01-27,1.3654287381149992,0.852983974430988,0.3895515127806774,1.0,0.0,False,0.0,0.0,112.18445123275592
2005-01-28,1.3552446434998753,0.852983974430988,0.3876615302550473,1.0,0.0,False,0.0,0.0,112.18445123275592
2005-01-31,1.3627526805795385,0.8582866434196333,0.3927015307221492,1.0,0.0,False,0.0,0.0,112.18445123275592
2005-02-01,1.3759412441403378,0.8637344346277929,0.3939611660819228,1.0,0.0,False,0.0,0.0,112.18445123275592
2005-02-02,1.392179071483984,0.8663494269703697,0.394591442649651,1.0000000000000002,0.0,True,0.4271964303753146,0.0002135982151876,112.61164766313124
2005-02-03,1.3849799799742732,0.8640975276286261,0.3900763628083085,1.0,0.0,False,0.0,0.0,112.61164766313124
2005-02-04,1.4124968622729095,0.8733227672602931,0.3963763516258318,1.0,1.1102230246251563e-16,False,0.0,0.0,112.61164766313124
2005-02-07,1.3957208817674118,0.8721603933085189,0.3955364221461114,0.9999999999999998,2.220446049250313e-16,False,0.0,0.0,112.61164766313124
2005-02-08,1.4256043833982373,0.8731771522658399,0.3962712545436729,0.9999999999999998,2.220446049250313e-16,False,0.0,0.0,112.61164766313124
2005-02-09,1.3951093734933606,0.866640164184337,0.3896562804048993,1.0,0.0,True,0.4743308667766582,0.0002371654333883,113.0859785299079
2005-02-10,1.3974178616437745,0.8697630432306354,0.3900763628083085,1.0,1.1102230246251563e-16,False,0.0,0.0,113.0859785299079
2005-02-11,1.432595036902413,0.8772447629992193,0.3958513839346523,1.0,0.0,False,0.0,0.0,113.0859785299079
2005-02-14,1.4360017297701353,0.8765913434302011,0.3976365753033513,1.0,0.0,False,0.0,0.0,113.0859785299079
2005-02-15,1.4572708582129306,0.8798597553417961,0.4002613196284146,0.9999999999999996,4.440892098500626e-16,False,0.0,0.0,113.0859785299079
2005-02-16,1.467529477184041,0.8804409833822613,0.3987916548332917,1.0,0.0,True,0.4148499385398346,0.0002074249692699,113.50082846844774
2005-02-17,1.4487559431697947,0.8733227672602931,0.3934363866524201,0.9999999999999996,3.3306690738754696e-16,False,0.0,0.0,113.50082846844774
2005-02-18,1.474391692896731,0.8744846484371283,0.3921763277038704,0.9999999999999996,4.440892098500626e-16,False,0.0,0.0,113.50082846844774
2005-02-22,1.460578046085267,0.8614825352860495,0.3873463802048272,0.9999999999999996,4.440892098500626e-16,False,0.0,0.0,113.50082846844774
2005-02-23,1.4639657560928494,0.8676570052708145,0.3878713243632984,0.9999999999999996,4.440892098500626e-16,False,0.0,0.0,113.50082846844774
2005-02-24,1.4697520894222658,0.873395287305472,0.3928066748697281,1.0,0.0,True,1.2133626907099777,0.0006066813453549,114.7141911591577
2005-02-25,1.4759246339072531,0.8820390525092041,0.3950113603240917,1.0,0.0,False,0.0,0.0,114.7141911591577
2005-02-28,1.459932251512041,0.8762280861710547,0.3908116423273579,1.0,0.0,False,0.0,0.0,114.7141911591577
2005-03-01,1.458583047909372,0.8805867626350274,0.3951165044716707,1.0,0.0,False,0.0,0.0,114.7141911591577
2005-03-02,1.4593079467615828,0.8801505746849199,0.3949065926998699,1.0,0.0,False,0.0,0.0,114.7141911591577
2005-03-03,1.444561365592667,0.8805135034274402,0.3916514776762393,1.0,0.0,True,0.8439186161580908,0.000421959308079,115.5581097753158
2005-03-04,1.4582875465354264,0.8914820986638772,0.3939611660819228,1.0,0.0,False,0.0,0.0,115.5581097753158
2005-03-07,1.454755778174032,0.8919180402265152,0.3996313960513341,1.0,0.0,False,0.0,0.0,115.5581097753158
2005-03-08,1.4326355845805991,0.888576533365646,0.3956413780320112,1.0,0.0,False,0.0,0.0,115.5581097753158
2005-03-09,1.4290627505283786,0.8786977099066479,0.3944865573618796,1.0,0.0,False,0.0,0.0,115.5581097753158
2005-03-10,1.418772374465587,0.8806591184218934,0.3939611660819228,1.0,0.0,True,1.2017379874334608,0.0006008689937167,116.75984776274926
2005-03-11,1.416085741966604,0.8744846484371283,0.3902864157763684,1.0,0.0,False,0.0,0.0,116.75984776274926
2005-03-14,1.4439486533740695,0.8799325217744444,0.3920715836123579,1.0,1.1102230246251563e-16,False,0.0,0.0,116.75984776274926
2005-03-15,1.444587949272674,0.8726691013038054,0.3889212832783693,1.0,0.0,False,0.0,0.0,116.75984776274926
2005-03-16,1.431684556648588,0.8652598194512439,0.3845114181827354,1.0,0.0,False,0.0,0.0,116.75984776274926
2005-03-17,1.448637904455529,0.8670030107977008,0.3854563035483568,1.0,0.0,True,0.8304823920818181,0.0004152411960409,117.59033015483108
2005-03-18,1.4568370422049477,0.8644289187750551,0.3833562445219559,1.0,0.0,False,0.0,0.0,117.59033015483108
2005-03-21,1.5191223771194289,0.8612200505019139,0.3840915005082947,1.0,1.1102230246251563e-16,False,0.0,0.0,117.59033015483108
2005-03-22,1.49145025856599,0.8524695995239039,0.3793661559045048,0.9999999999999998,2.220446049250313e-16,False,0.0,0.0,117.59033015483108
2005-03-23,1.5058672645421378,0.8531988243043604,0.3807314295987642,0.9999999999999996,4.440892098500626e-16,False,0.0,0.0,117.59033015483108
2005-03-24,1.5089423951532328,0.8542196075903494,0.3808362913538251,1.0,1.1102230246251563e-16,True,0.435864232990804,0.0002179321164954,118.02619438782187
2005-03-28,1.5070539243036778,0.8554593472075351,0.3815715002747437,0.9999999999999998,2.220446049250313e-16,False,0.0,0.0,118.02619438782187
2005-03-29,1.4823908814907207,0.8497712460874919,0.3785263676210435,0.9999999999999998,2.220446049250313e-16,False,0.0,0.0,118.02619438782187
2005-03-30,1.525949999114632,0.8618039066753869,0.3856664035818368,0.9999999999999996,4.440892098500626e-16,False,0.0,0.0,118.02619438782187
2005-03-31,1.551292586611124,0.8601995136033944,0.3839863092952968,0.9999999999999996,3.3306690738754696e-16,False,0.0,0.0,118.02619438782187
2005-04-01,1.560871582514698,0.8563344333699144,0.3801012000964548,1.0,0.0,True,0.4603300973531691,0.0002301650486765,118.48652448517504
2005-04-04,1.5399833204317206,0.8577925544142018,0.3828313709616154,1.0000000000000002,0.0,False,0.0,0.0,118.48652448517504
2005-04-05,1.5105414239630148,0.8618764267205656,0.3838812357458473,1.0,1.1102230246251563e-16,False,0.0,0.0,118.48652448517504
2005-04-06,1.5301967372060132,0.864866502920823,0.3832515945612837,1.0000000000000002,0.0,False,0.0,0.0,118.48652448517504
2005-04-07,1.5461954849986193,0.8695333279799384,0.3878713243632984,1.0000000000000002,0.0,False,0.0,0.0,118.48652448517504
2005-04-08,1.5411664996342485,0.8604910721089267,0.3847212593564066,1.0,0.0,True,0.4656926074306834,0.0002328463037153,118.95221709260574
2005-04-11,1.516767346778525,0.8611474483275785,0.3830413533315458,1.0,0.0,False,0.0,0.0,118.95221709260574
2005-04-12,1.4895570781106569,0.8655954813138101,0.3849315241188553,1.0,1.1102230246251563e-16,False,0.0,0.0,118.95221709260574
2005-04-13,1.4216244669411988,0.8553863343874174,0.3786313941050729,1.0,1.1102230246251563e-16,False,0.0,0.0,118.95221709260574
2005-04-14,1.3803827597769902,0.8442290884785276,0.373276290653171,1.0,0.0,False,0.0,0.0,118.95221709260574
2005-04-15,1.2966761064643326,0.8324158769967684,0.364771333988766,1.0,0.0,True,0.0615578923828902,3.077894619144512e-05,119.01377498498864
2005-04-18,1.3286149481053426,0.8349679584054754,0.3648763369400858,1.0,0.0,False,0.0,0.0,119.01377498498864
2005-04-19,1.3909135026871255,0.8416041585080158,0.3673961489119589,1.0,1.1102230246251563e-16,False,0.0,0.0,119.01377498498864
2005-04-20,1.3568029908352124,0.8298632206839661,0.3643513221834863,0.9999999999999996,4.440892098500626e-16,False,0.0,0.0,119.01377498498864
2005-04-21,1.3864273104145723,0.845979589319912,0.3740114525086707,0.9999999999999996,3.3306690738754696e-16,False,0.0,0.0,119.01377498498864
2005-04-22,1.377551242950439,0.8427708853050838,0.3684464137522573,1.0,0.0,True,0.8107132707479188,0.0004053566353739,119.82448825573655
2005-04-25,1.4000009975407752,0.848313207172361,0.3714914287424091,1.0,0.0,False,0.0,0.0,119.82448825573655
2005-04-26,1.3624988084509408,0.8400726139978283,0.3680262372180091,1.0,1.1102230246251563e-16,False,0.0,0.0,119.82448825573655
2005-04-27,1.3123693186523944,0.8433540844453048,0.3685512284418993,0.9999999999999998,2.220446049250313e-16,False,0.0,0.0,119.82448825573655
2005-04-28,1.2797539492454524,0.8327802840641055,0.3648763369400858,0.9999999999999996,3.3306690738754696e-16,False,0.0,0.0,119.82448825573655
2005-04-29,1.2970968052564975,0.8440834734840744,0.367291287156898,1.0,0.0,True,0.4233919399516063,0.0002116959699758,120.24788019568815
2005-05-02,1.299435323092624,0.8488235577507772,0.3687612343445391,1.0,1.1102230246251563e-16,False,0.0,0.0,120.24788019568815
2005-05-03,1.2960423694776018,0.850281925182534,0.3706513815991391,1.0,1.1102230246251563e-16,False,0.0,0.0,120.24788019568815
2005-05-04,1.3084361823574104,0.8568443733025481,0.375166437907771,1.0,0.0,False,0.0,0.0,120.24788019568815
2005-05-05,1.314632463106713,0.8565531433136419,0.3754815173598603,1.0,0.0,False,0.0,0.0,120.24788019568815
2005-05-06,1.3634482816870062,0.8538550362646993,0.3765313115459626,1.0,1.1102230246251563e-16,True,0.4331607454020588,0.000216580372701,120.68104094109022
2005-05-09,1.3853699263823014,0.8591786481882491,0.378316432316532,1.0,0.0,False,0.0,0.0,120.68104094109022
2005-05-10,1.3695839603688191,0.850281925182534,0.3755862849840821,1.0,1.1102230246251563e-16,False,0.0,0.0,120.68104094109022
2005-05-11,1.36317201435784,0.8549489966291189,0.3774763616405525,1.0,0.0,False,0.0,0.0,120.68104094109022
2005-05-12,1.321092495079606,0.8455417587866747,0.3764262615292226,1.0,0.0,False,0.0,0.0,120.68104094109022
2005-05-13,1.326259911367126,0.843864763540347,0.3805214472288339,1.0,0.0,True,0.4478613695573858,0.0002239306847786,121.1289023106476
2005-05-16,1.3350445333644214,0.8517402104851343,0.3830413533315458,1.0,0.0,False,0.0,0.0,121.1289023106476
2005-05-17,1.3486644686278264,0.8574285579926471,0.3853512299989073,1.0,0.0,False,0.0,0.0,121.1289023106476
2005-05-18,1.368050428959516,0.8662518575324619,0.3906012363686503,1.0,0.0,False,0.0,0.0,121.1289023106476
2005-05-19,1.3813100467747954,0.8698982278222145,0.3938564455231198,1.0,0.0,False,0.0,0.0,121.1289023106476
2005-05-20,1.3805422868284565,0.8686586524633417,0.3954315133256305,1.0,0.0,True,0.0760429575235014,3.802147876175073e-05,121.2049452681711
2005-05-23,1.3992785909566077,0.8734713389043798,0.3974263811390322,1.0,0.0,False,0.0,0.0,121.2049452681711
2005-05-24,1.4169556917632775,0.8714295259449326,0.3986864636202926,1.0,1.1102230246251563e-16,False,0.0,0.0,121.2049452681711
2005-05-25,1.4157189959040777,0.8707730675971243,0.3970064634645915,1.0,0.0,False,0.0,0.0,121.2049452681711
2005-05-26,1.4180963160525646,0.8754398105270833,0.4009964344184943,1.0,0.0,False,0.0,0.0,121.2049452681711
2005-05-27,1.4269919556934532,0.8768985886046226,0.4012063461902951,1.0000000000000002,0.0,True,0.4152947228186511,0.0002076473614093,121.62023999098976
2005-05-31,1.4465126314595085,0.8712835003046969,0.399841307823135,1.0,0.0,False,0.0,0.0,121.62023999098976
2005-06-01,1.46284593685184,0.8787217737494988,0.4030963993140549,1.0,0.0,False,0.0,0.0,121.62023999098976
2005-06-02,1.4675730540709997,0.8806177253270234,0.4059314789996963,1.0,0.0,False,0.0,0.0,121.62023999098976
2005-06-03,1.4588930752761624,0.8761695280824788,0.4000516431837119,0.9999999999999998,2.220446049250313e-16,False,0.0,0.0,121.62023999098976
2005-06-06,1.459646986780961,0.875367536869374,0.4001566461350317,1.0,0.0,True,0.0240735072941214,1.2036753647060707e-05,121.64431349828388
2005-06-07,1.4625750273668807,0.8760234203130868,0.3967964104965316,1.0,0.0,False,0.0,0.0,121.64431349828388
2005-06-08,1.455969065435945,0.874418945111938,0.3959564339513911,1.0,0.0,False,0.0,0.0,121.64431349828388
2005-06-09,1.4806560193732945,0.8785760766258892,0.3984765047830729,1.0,0.0,False,0.0,0.0,121.64431349828388
2005-06-10,1.4800984480247814,0.8765339351498159,0.3942765514592397,1.0,0.0,False,0.0,0.0,121.64431349828388
2005-06-13,1.5113048809585676,0.8793051371480328,0.3961668163773894,0.9999999999999998,2.220446049250313e-16,True,0.0347917927107302,1.7395896355365134e-05,121.6791052909946
2005-06-14,1.5298843927089982,0.8813469501074801,0.394591442649651,0.9999999999999998,2.220446049250313e-16,False,0.0,0.0,121.6791052909946
2005-06-15,1.566603946124021,0.8830242738704337,0.3958513839346523,1.0,1.1102230246251563e-16,False,0.0,0.0,121.6791052909946
2005-06-16,1.6023234983722423,0.8852847146444519,0.397951301764794,1.0,0.0,False,0.0,0.0,121.6791052909946
2005-06-17,1.5833298837689054,0.8885648710254247,0.3980042032965206,1.0,0.0,False,0.0,0.0,121.6791052909946
2005-06-20,1.573766390686278,0.8888579899849303,0.3980042032965206,1.0,0.0,True,0.4478911292566924,0.0002239455646283,122.1269964202513
2005-06-21,1.5909480228515744,0.8893706401797281,0.3977937267396834,1.0,0.0,False,0.0,0.0,122.1269964202513
2005-06-22,1.5902430134380665,0.8901027394806618,0.3973734796073057,1.0,1.1102230246251563e-16,False,0.0,0.0,122.1269964202513
2005-06-23,1.5623480519547177,0.8775825602198543,0.3929591668295113,1.0,0.0,False,0.0,0.0,122.1269964202513
2005-06-24,1.5410024257885138,0.8711393636350606,0.3885454423694641,1.0,1.1102230246251563e-16,False,0.0,0.0,122.1269964202513
2005-06-27,1.5589674475292674,0.8723837024850097,0.3867583683839768,1.0,0.0,True,0.8666135200862848,0.0004333067600431,122.9936099403376
2005-06-28,1.5846008067199222,0.8797058453025376,0.3904369780539456,1.0,0.0,False,0.0,0.0,122.9936099403376
2005-06-29,1.598303719944583,0.877362700467936,0.3895961307985399,1.0,1.1102230246251563e-16,False,0.0,0.0,122.9936099403376
2005-06-30,1.5771280533027414,0.8726034801077716,0.386548268350498,1.0,1.1102230246251563e-16,False,0.0,0.0,122.9936099403376
2005-07-01,1.5943521365972055,0.875166074048509,0.3860228535378305,1.0,0.0,False,0.0,0.0,122.9936099403376
2005-07-05,1.6188383300414384,0.8821950979065313,0.390016424996339,1.0,0.0,True,0.4345651246888678,0.0002172825623444,123.42817506502648
2005-07-06,1.629632437609574,0.8748001065271985,0.3881248187137279,1.0,1.1102230246251563e-16,False,0.0,0.0,123.42817506502648
2005-07-07,1.6174645302164945,0.8782414824423572,0.3894912219780602,0.9999999999999998,2.220446049250313e-16,False,0.0,0.0,123.42817506502648
2005-07-08,1.6634706339574632,0.888272409099171,0.3969528559515695,1.0,1.1102230246251563e-16,False,0.0,0.0,123.42817506502648
2005-07-11,1.702378407106169,0.8928116054491043,0.4006312067617283,1.0,0.0,False,0.0,0.0,123.42817506502648
2005-07-12,1.7310596656826656,0.8951546681545494,0.4025230954368576,1.0,0.0,True,0.4265558760227745,0.0002132779380113,123.85473094104924
2005-07-13,1.758372671588741,0.896398924875342,0.4034690162417115,1.0,0.0,False,0.0,0.0,123.85473094104924
2005-07-14,1.732116350543273,0.8999137242564009,0.4074626112329295,1.0,0.0,False,0.0,0.0,123.85473094104924
2005-07-15,1.741779067904306,0.8994009919324465,0.4087239644805217,1.0,0.0,False,0.0,0.0,123.85473094104924
2005-07-18,1.7498413273083884,0.8958138367645218,0.4070422699697114,1.0,0.0,False,0.0,0.0,123.85473094104924
2005-07-19,1.8192335222490907,0.9007193291523913,0.4117715916014655,1.0,0.0,True,0.0344601285941129,1.7230064297056482e-05,123.88919106964336
2005-07-20,1.8138643396796088,0.9037943269004572,0.4147144040327674,1.0,0.0,False,0.0,0.0,123.88919106964336
2005-07-21,1.8032961932467195,0.8985222099580253,0.4148195481803476,0.9999999999999998,2.220446049250313e-16,False,0.0,0.0,123.88919106964336
2005-07-22,1.7965160143220311,0.9045264262013908,0.4142938745078714,0.9999999999999998,2.220446049250313e-16,False,0.0,0.0,123.88919106964336
2005-07-25,1.7124134403079847,0.9019640786481228,0.4127177006679986,0.9999999999999998,2.220446049250313e-16,False,0.0,0.0,123.88919106964336
2005-07-26,1.7640865323249806,0.9030618990828976,0.4142938745078714,1.0,0.0,True,0.4478786932440052,0.000223939346622,124.33706976288735
2005-07-27,1.7796563925768585,0.9063569208411946,0.4174469281689125,1.0,0.0,False,0.0,0.0,124.33706976288735
2005-07-28,1.7364649340328728,0.9120676896084284,0.4194438197953605,1.0,0.0,False,0.0,0.0,124.33706976288735
2005-07-29,1.7805158911122738,0.9059904605449453,0.4159757102149395,0.9999999999999998,2.220446049250313e-16,False,0.0,0.0,124.33706976288735
2005-08-01,1.7853857632821823,0.9053317847099118,0.4167113897900555,0.9999999999999998,2.220446049250313e-16,False,0.0,0.0,124.33706976288735
2005-08-02,1.7653438420484284,0.9107500094217356,0.4212304701920704,1.0,0.0,True,0.4447037832083502,0.0002223518916041,124.78177354609572
2005-08-03,1.727651380658526,0.9131660849472986,0.4210204642894307,1.0,1.1102230246251563e-16,False,0.0,0.0,124.78177354609572
2005-08-04,1.702529668846654,0.905844517033866,0.4169214427581155,1.0,0.0,False,0.0,0.0,124.78177354609572
2005-08-05,1.67984996905584,0.8996940287627956,0.4149247393933455,1.0,0.0,False,0.0,0.0,124.78177354609572
2005-08-08,1.6584026455648433,0.8980102989256359,0.4118771122724017,1.0,0.0,False,0.0,0.0,124.78177354609572
2005-08-09,1.6862997260038608,0.9034279487333644,0.4146094481468676,1.0,0.0,True,0.4352586032780607,0.000217629301639,125.21703214937378
2005-08-10,1.6399990699886486,0.9029885577461536,0.4110359120263494,1.0,0.0,False,0.0,0.0,125.21703214937378
2005-08-11,1.6985533561074744,0.906576287818174,0.4143992539825485,1.0,0.0,False,0.0,0.0,125.21703214937378
2005-08-12,1.6859572489825452,0.9010122017244274,0.4120872123058817,1.0,0.0,False,0.0,0.0,125.21703214937378
2005-08-15,1.675335273844662,0.906576287818174,0.4146094481468676,1.0,0.0,False,0.0,0.0,125.21703214937378
2005-08-16,1.6497101778362009,0.8947885363749261,0.4078831878232455,1.0,0.0,True,0.4128951473305645,0.0002064475736652,125.62992729670434
2005-08-17,1.591458634498233,0.8947150307798694,0.4103004207129126,1.0,0.0,False,0.0,0.0,125.62992729670434
2005-08-18,1.587460003909543,0.8946420179597515,0.4081983849388844,1.0,0.0,False,0.0,0.0,125.62992729670434
2005-08-19,1.599686920736724,0.8966918795765346,0.4079883790362446,1.0000000000000002,0.0,False,0.0,0.0,125.62992729670434
2005-08-22,1.6075918847568111,0.8966918795765346,0.4081983849388844,1.0000000000000002,0.0,False,0.0,0.0,125.62992729670434
2005-08-23,1.6328516986782742,0.8950081497393748,0.4070422699697114,1.0,0.0,True,0.4508373537163918,0.0002254186768581,126.08076465042072
2005-08-24,1.6002386229650938,0.887027248957657,0.4046251782763047,1.0,0.0,False,0.0,0.0,126.08076465042072
2005-08-25,1.5511182542603694,0.8902491757666798,0.4055708166886403,1.0,0.0,False,0.0,0.0,126.08076465042072
2005-08-26,1.5459621114459092,0.8841717824448836,0.4042046958168276,1.0,0.0,False,0.0,0.0,126.08076465042072
2005-08-29,1.553779599228541,0.890981192938457,0.4073578906741277,1.0,0.0,False,0.0,0.0,126.08076465042072
2005-08-30,1.5287421712676903,0.8862953960441928,0.4058862020659586,1.0000000000000002,0.0,True,0.4723280912380945,0.000236164045619,126.55309274165884
2005-08-31,1.53898061054246,0.897497320214212,0.4096697440891165,1.0,0.0,False,0.0,0.0,126.55309274165884
2005-09-01,1.5413706825560476,0.8968385622500221,0.4090393027924184,1.0,0.0,False,0.0,0.0,126.55309274165884
2005-09-02,1.5155068947605823,0.8952275167163543,0.4074626112329295,1.0,0.0,False,0.0,0.0,126.55309274165884
2005-09-06,1.543185527501539,0.9056975879729092,0.4134532861122745,1.0,0.0,False,0.0,0.0,126.55309274165884
2005-09-07,1.5812242209133296,0.9072356206864592,0.4141889656873905,0.9999999999999998,2.220446049250313e-16,True,0.43384430408973,0.0002169221520448,126.98693704574856
2005-09-08,1.5744154985132746,0.9042337178876676,0.4140839156706505,0.9999999999999998,2.220446049250313e-16,False,0.0,0.0,126.98693704574856
2005-09-09,1.5846531648280149,0.9122874672311904,0.4163961456089977,0.9999999999999996,4.440892098500626e-16,False,0.0,0.0,126.98693704574856
2005-09-12,1.582848653250522,0.9104568083330736,0.4175520252510714,0.9999999999999996,3.3306690738754696e-16,False,0.0,0.0,126.98693704574856
2005-09-13,1.59423349913852,0.905404879659186,0.4165010073640585,0.9999999999999996,3.3306690738754696e-16,False,0.0,0.0,126.98693704574856
2005-09-14,1.5941622060219791,0.9021101042883584,0.4117715916014655,1.0,1.1102230246251563e-16,True,1.2241641119003943,0.0006120820559501,128.21110115764895
2005-09-15,1.582850053615516,0.9016710418177738,0.4115614915679854,1.0,0.0,False,0.0,0.0,128.21110115764895
2005-09-16,1.5913482188377095,0.9080827829356326,0.4140839156706505,0.9999999999999998,2.220446049250313e-16,False,0.0,0.0,128.21110115764895
2005-09-19,1.5857997260307954,0.9050678216009594,0.4108258119928694,1.0,1.1102230246251563e-16,False,0.0,0.0,128.21110115764895
2005-09-20,1.5640182039143042,0.8974209400986782,0.4091443998745787,0.9999999999999996,3.3306690738754696e-16,False,0.0,0.0,128.21110115764895
2005-09-21,1.5827862536301462,0.8890388383875167,0.4046251782763047,1.0,0.0,True,0.4266375655111298,0.0002133187827555,128.63773872316008
2005-09-22,1.5799463278393362,0.8922001538790514,0.4060965374265355,1.0,0.0,False,0.0,0.0,128.63773872316008
2005-09-23,1.587994647736834,0.8929356204754011,0.4072524641340305,1.0,0.0,False,0.0,0.0,128.63773872316008
2005-09-26,1.6091875413478285,0.8939651094519777,0.4073578906741277,1.0,1.1102230246251563e-16,False,0.0,0.0,128.63773872316008
2005-09-27,1.6160887775284325,0.893744674795964,0.4064116874767555,1.0,0.0,False,0.0,0.0,128.63773872316008
2005-09-28,1.6229973765067525,0.8946269883241142,0.4065168786897534,1.0,0.0,True,0.0282323851237847,1.411619256189238e-05,128.66597110828386
2005-09-29,1.6268198939829683,0.9019061775927988,0.4119819740274625,1.0,1.1102230246251563e-16,False,0.0,0.0,128.66597110828386
2005-09-30,1.645886545551406,0.9047003757548324,0.4147144040327674,1.0,0.0,False,0.0,0.0,128.66597110828386
2005-10-03,1.6463257469996977,0.901465061893302,0.4157655160506204,1.0,0.0,False,0.0,0.0,128.66597110828386
2005-10-04,1.6490686901781937,0.8913180046092142,0.4130329448490564,1.0,0.0,False,0.0,0.0,128.66597110828386
2005-10-05,1.6254054140951355,0.8796269191831526,0.4073578906741277,1.0,0.0,True,0.4184413274336093,0.0002092206637168,129.08441243571747
2005-10-06,1.6144781448145205,0.8764650287875225,0.4019976570914794,1.0,0.0,False,0.0,0.0,129.08441243571747
2005-10-07,1.6359559450371357,0.8794797437347263,0.4029433896346554,1.0,0.0,False,0.0,0.0,129.08441243571747
2005-10-10,1.6113386915561736,0.8720531326301457,0.4007366333018256,1.0,0.0,False,0.0,0.0,129.08441243571747
2005-10-11,1.608492079822712,0.8708035375141813,0.3987395063482795,1.0,0.0,False,0.0,0.0,129.08441243571747
2005-10-12,1.5945748898606178,0.8639651354283676,0.3940101376511054,0.9999999999999998,2.220446049250313e-16,True,0.837939355075479,0.0004189696775377,129.92235179079296
2005-10-13,1.6211809705256846,0.8634502677463445,0.3970580942299874,0.9999999999999998,2.220446049250313e-16,False,0.0,0.0,129.92235179079296
2005-10-14,1.6252364505384913,0.8725680824413252,0.4000007654650315,0.9999999999999998,2.220446049250313e-16,False,0.0,0.0,129.92235179079296
2005-10-17,1.6307629406766528,0.875803806948638,0.4012618833855244,1.0,1.1102230246251563e-16,False,0.0,0.0,129.92235179079296
2005-10-18,1.605714157087485,0.8663179715034347,0.3984244974943185,1.0,0.0,False,0.0,0.0,129.92235179079296
2005-10-19,1.6366136093246708,0.8807299958839425,0.4064116874767555,1.0,0.0,True,0.8360631109831018,0.0004180315554915,130.75841490177606
2005-10-20,1.5797756259337734,0.8652150590609579,0.4026281454535963,1.0,0.0,False,0.0,0.0,130.75841490177606
2005-10-21,1.596643935934398,0.8685973841126017,0.4051506166216815,0.9999999999999998,2.220446049250313e-16,False,0.0,0.0,130.75841490177606
2005-10-24,1.642919063360578,0.88205317872412,0.4115614915679854,1.0,1.1102230246251563e-16,False,0.0,0.0,130.75841490177606
2005-10-25,1.6780813746529295,0.8802885516678197,0.4099851765318535,1.0,1.1102230246251563e-16,False,0.0,0.0,130.75841490177606
2005-10-26,1.6665328210965389,0.8777152809367388,0.4078831878232455,1.0,0.0,True,0.0407777833992658,2.0388891699632927e-05,130.79919268517534
2005-10-27,1.625186420781168,0.868376785198275,0.3996854271531335,1.0000000000000002,0.0,False,0.0,0.0,130.79919268517534
2005-10-28,1.663822017664153,0.880876842815743,0.4027331954703364,1.0,0.0,False,0.0,0.0,130.79919268517534
2005-10-31,1.696825723928678,0.8833033487441798,0.4085135349891033,1.0,0.0,False,0.0,0.0,130.79919268517534
2005-11-01,1.7049889163704035,0.8859504535869434,0.4081983849388844,1.0,1.1102230246251563e-16,False,0.0,0.0,130.79919268517534
2005-11-02,1.7403025856466654,0.8952149509554116,0.4135585243906937,1.0,0.0,True,0.8144482349945679,0.0004072241174972,131.6136409201699
2005-11-03,1.7684861399409892,0.8990383917065522,0.4197590169109994,1.0,0.0,False,0.0,0.0,131.6136409201699
2005-11-04,1.720155443438625,0.8978621379273316,0.4212304701920704,1.0,0.0,False,0.0,0.0,131.6136409201699
2005-11-07,1.7184151980052147,0.8987444514554818,0.4217560026682875,1.0,0.0,False,0.0,0.0,131.6136409201699
2005-11-08,1.719180817616473,0.8987444514554818,0.4218608644233484,1.0,0.0,False,0.0,0.0,131.6136409201699
2005-11-09,1.740555157406023,0.8999207052347024,0.4220711056530875,1.0,0.0,True,1.2217774227159512,0.0006108887113579,132.83541834288584
2005-11-10,1.7262419519067376,0.90690587212316,0.4266957067260387,1.0,0.0,False,0.0,0.0,132.83541834288584
2005-11-11,1.7201466777836556,0.90999433905289,0.4278517746297915,1.0,0.0,False,0.0,0.0,132.83541834288584
2005-11-14,1.7595744036401824,0.9094793892417103,0.4278517746297915,1.0,0.0,False,0.0,0.0,132.83541834288584
2005-11-15,1.753811118731491,0.9061708161725928,0.4258550241996027,0.9999999999999998,2.220446049250313e-16,False,0.0,0.0,132.83541834288584
2005-11-16,1.7729100080859332,0.9080094415988887,0.4284824041881688,1.0,0.0,True,0.4180415428966017,0.0002090207714483,133.25345988578243
2005-11-17,1.805707130035069,0.9164649667759506,0.4341575995593567,1.0,0.0,False,0.0,0.0,133.25345988578243
2005-11-18,1.8025397545688289,0.9200678086127646,0.4356289116441686,1.0,0.0,False,0.0,0.0,133.25345988578243
2005-11-21,1.8273480636097723,0.9247001394261553,0.4366798354003425,0.9999999999999998,2.220446049250313e-16,False,0.0,0.0,133.25345988578243
2005-11-22,1.8407919979403091,0.9286709198840352,0.4382564798944127,1.0,1.1102230246251563e-16,False,0.0,0.0,133.25345988578243
2005-11-23,1.854486263272313,0.9340382245188366,0.4393072153889086,1.0,0.0,True,1.2066059030729603,0.0006033029515364,134.4600657888554
2005-11-25,1.8812030565683016,0.9347733625985604,0.4402529479320833,1.0,0.0,False,0.0,0.0,134.4600657888554
2005-11-28,1.85739037855934,0.9281562985894816,0.4365746441873446,0.9999999999999998,2.220446049250313e-16,False,0.0,0.0,134.4600657888554
2005-11-29,1.8665614454566333,0.927126481096279,0.4344726084133164,0.9999999999999998,2.220446049250313e-16,False,0.0,0.0,134.4600657888554
2005-11-30,1.889215499855597,0.9221271150825436,0.4334217317225614,0.9999999999999998,2.220446049250313e-16,False,0.0,0.0,134.4600657888554
2005-12-01,1.9433637290372403,0.9315385415119688,0.4415144423759346,1.0,0.0,True,1.2149019624716302,0.0006074509812358,135.67496775132702
2005-12-02,1.9837944439149475,0.932714877420346,0.4425651778704306,1.0,0.0,False,0.0,0.0,135.67496775132702
2005-12-05,1.974023695117389,0.9307297335788756,0.4393072153889086,1.0000000000000002,0.0,False,0.0,0.0,135.67496775132702
2005-12-06,2.012038141256165,0.9324941963768628,0.4407786216045595,0.9999999999999998,2.220446049250313e-16,False,0.0,0.0,135.67496775132702
2005-12-07,1.9939469023093408,0.9270534682761612,0.4399379861435437,0.9999999999999998,2.220446049250313e-16,False,0.0,0.0,135.67496775132702
2005-12-08,1.9765743756711889,0.926465012869925,0.4367849795479215,1.0,0.0,True,0.8063291150789904,0.0004031645575394,136.481296866406
2005-12-09,1.9779697999839216,0.928891190281736,0.4384664857970525,1.0,0.0,False,0.0,0.0,136.481296866406
2005-12-12,1.949688547015102,0.9297732574224168,0.4400428478986045,1.0,0.0,False,0.0,0.0,136.481296866406
2005-12-13,1.90222469134092,0.9360972024719898,0.4418296394915736,1.0,0.0,False,0.0,0.0,136.481296866406
2005-12-14,1.8944368664184197,0.9397737141621736,0.4403582332759227,1.0,0.0,False,0.0,0.0,136.481296866406
2005-12-15,1.9069158133799196,0.9370531037243532,0.4410938657856186,1.0,0.0,True,0.0433017384573616,2.165086922868081e-05,136.52459860486337
2005-12-16,1.9409068562515093,0.9340372389689588,0.4380493449823737,1.0,1.1102230246251563e-16,False,0.0,0.0,136.52459860486337
2005-12-19,1.9132670119955435,0.9292326011852564,0.4310960881396048,1.0,0.0,False,0.0,0.0,136.52459860486337
2005-12-20,1.8886790572869945,0.9301193496878568,0.4314119912365393,1.0,1.1102230246251563e-16,False,0.0,0.0,136.52459860486337
2005-12-21,1.8946031764429103,0.9315979208921096,0.4333084452573774,1.0,0.0,False,0.0,0.0,136.52459860486337
2005-12-22,1.906277834818142,0.9364767213041206,0.4361530792232148,1.0,0.0,True,0.8177939941474284,0.0004088969970737,137.3423925990108
2005-12-23,1.9588855660176647,0.9369937243442124,0.4361530792232148,1.0,0.0,False,0.0,0.0,137.3423925990108
2005-12-27,1.939320983099169,0.9274582828884904,0.432360312377798,1.0,0.0,False,0.0,0.0,137.3423925990108
2005-12-28,1.9533746990243523,0.9295281840194566,0.4318336973969282,1.0,0.0,False,0.0,0.0,137.3423925990108
2005-12-29,1.9335792534219296,0.9253884638866808,0.4289891104965107,1.0,0.0,False,0.0,0.0,137.3423925990108
2005-12-30,1.9051483489256007,0.9203621595096174,0.4257233351553207,1.0,1.1102230246251563e-16,True,0.4375612251718422,0.0002187806125859,137.77995382418263
2006-01-03,1.949920448106215,0.9365504732866468,0.4352048522127952,1.0,1.1102230246251563e-16,False,0.0,0.0,137.77995382418263
2006-01-04,1.990194916140227,0.9409855298661534,0.439734757661338,1.0000000000000002,0.0,False,0.0,0.0,137.77995382418263
2006-01-05,2.017013661144732,0.9415766955345536,0.4416311175513371,1.0,0.0,False,0.0,0.0,137.77995382418263
2006-01-06,2.0610092417646158,0.9494121455801312,0.4496378867483623,0.9999999999999998,2.220446049250313e-16,False,0.0,0.0,137.77995382418263
2006-01-09,1.915500845346224,0.9518515457861368,0.4514289142291032,1.0,0.0,True,0.9150742626627266,0.0004575371313313,138.69502808684535
2006-01-10,1.9256791414976848,0.9528126211753588,0.4517447231951974,1.0,0.0,False,0.0,0.0,138.69502808684535
2006-01-11,1.9298011994004227,0.9558433513080776,0.4552212574857428,1.0,0.0,False,0.0,0.0,138.69502808684535
2006-01-12,1.9293399846067785,0.9520735408961236,0.4530090886296496,1.0,0.0,False,0.0,0.0,138.69502808684535
2006-01-13,1.9508070899927392,0.9511861353602712,0.4527983296802941,0.9999999999999998,2.220446049250313e-16,False,0.0,0.0,138.69502808684535
2006-01-17,1.9431024957910257,0.9485990669309003,0.4498484574360386,1.0,0.0,True,0.0412465047700263,2.06232523850132e-05,138.73627459161537
2006-01-18,1.9171485442134324,0.9448292565189466,0.4446861339431716,1.0,0.0,False,0.0,0.0,138.73627459161537
2006-01-19,1.9281873838371344,0.9484508238034396,0.4479520034152006,1.0,0.0,False,0.0,0.0,138.73627459161537
2006-01-20,1.868461455845292,0.9311539306721358,0.4345724812338912,1.0,1.1102230246251563e-16,False,0.0,0.0,138.73627459161537
2006-01-23,1.892765575418469,0.9344808185431502,0.4346782372319255,1.0,1.1102230246251563e-16,False,0.0,0.0,138.73627459161537
2006-01-24,1.9577377212431208,0.9354413190282768,0.4365740794023082,1.0,0.0,True,0.4119073531200377,0.00020595367656,139.1481819447354
2006-01-25,1.9866547439626168,0.9362544798066642,0.4346782372319255,1.0,0.0,False,0.0,0.0,139.1481819447354
2006-01-26,2.0239496638775964,0.941428616665406,0.4377334418854392,1.0000000000000002,0.0,False,0.0,0.0,139.1481819447354
2006-01-27,2.0402305437978807,0.950151636505149,0.4436329510468522,1.0,0.0,False,0.0,0.0,139.1481819447354
2006-01-30,2.062556279571296,0.9494121455801312,0.4444757044517545,1.0,1.1102230246251563e-16,False,0.0,0.0,139.1481819447354
2006-01-31,2.0797233360076937,0.9424640189412496,0.4424738709562393,1.0,0.0,True,0.4351096745881773,0.000217554837294,139.58329161932355
2006-02-01,2.1055921338031305,0.949042646505092,0.444054421880143,1.0,0.0,False,0.0,0.0,139.58329161932355
2006-02-02,2.0700938230719963,0.9380287981034302,0.4364690293855681,1.0,0.0,False,0.0,0.0,139.58329161932355
2006-02-03,2.054471830217269,0.933371992801406,0.4310960881396048,1.0,0.0,False,0.0,0.0,139.58329161932355
2006-02-06,2.1048095750683453,0.9358110644907858,0.4299375257686084,1.0,1.1102230246251563e-16,False,0.0,0.0,139.58329161932355
2006-02-07,2.049260566655075,0.927532445516799,0.4280409776169313,1.0000000000000002,0.0,True,0.409494715094067,0.000204747357547,139.99278633441764
2006-02-08,2.0410074567606062,0.935958896972464,0.4329922597679246,1.0,0.0,False,0.0,0.0,139.99278633441764
2006-02-09,2.020765416034833,0.9344066559148416,0.4288837310218324,1.0,0.0,False,0.0,0.0,139.99278633441764
2006-02-10,2.0310960428048226,0.9361065651958296,0.4315176531037346,1.0,1.1102230246251563e-16,False,0.0,0.0,139.99278633441764
2006-02-13,1.981359191713812,0.9344066559148416,0.4265661826910621,1.0,1.1102230246251563e-16,False,0.0,0.0,139.99278633441764
2006-02-14,2.031527095618031,0.9443116785747594,0.4308853762556696,1.0,0.0,True,0.0517247662516595,2.5862383125829795e-05,140.0445111006693
2006-02-15,2.0309752959870986,0.9476380736708347,0.4336243954197307,1.0,1.1102230246251563e-16,False,0.0,0.0,140.0445111006693
2006-02-16,2.0661184346384247,0.9547342791788644,0.4376278741490829,1.0,0.0,False,0.0,0.0,140.0445111006693
2006-02-17,2.058694054681392,0.952146964362024,0.4341511986622796,1.0,0.0,False,0.0,0.0,140.0445111006693
2006-02-21,2.045287103330108,0.9497821374301096,0.429305060658864,1.0,1.1102230246251563e-16,False,0.0,0.0,140.0445111006693
2006-02-22,2.0828364537166366,0.955547522086408,0.4346782372319255,1.0,0.0,True,0.4132717713022941,0.0002066358856511,140.4577828719716
2006-02-23,2.0946990161589816,0.9541430313813076,0.4335192512721517,0.9999999999999998,2.220446049250313e-16,False,0.0,0.0,140.4577828719716
2006-02-24,2.086263090118119,0.956582267329,0.4346782372319255,1.0,1.1102230246251563e-16,False,0.0,0.0,140.4577828719716
2006-02-27,2.068319389681911,0.9569519306623524,0.4395240928428229,0.9999999999999998,2.220446049250313e-16,False,0.0,0.0,140.4577828719716
2006-02-28,2.000904792184905,0.9478598223933524,0.4329922597679246,0.9999999999999998,2.220446049250313e-16,False,0.0,0.0,140.4577828719716
2006-03-01,2.080821048555451,0.9562866023656432,0.4388920983872759,1.0,0.0,True,0.4045812829926382,0.0002022906414963,140.86236415496424
2006-03-02,2.115851343968504,0.9562127682539606,0.4392079544187903,1.0,0.0,False,0.0,0.0,140.86236415496424
2006-03-03,2.1050718573872467,0.9517778759327672,0.4366797412695035,1.0,1.1102230246251563e-16,False,0.0,0.0,140.86236415496424
2006-03-06,2.080875507817646,0.9474163249483172,0.4328872097511847,1.0,0.0,False,0.0,0.0,140.86236415496424
2006-03-07,2.017331575624433,0.9459380822606904,0.4303584318168627,1.0,0.0,False,0.0,0.0,140.86236415496424
2006-03-08,2.018832997177724,0.9479337386341916,0.4305693790278961,1.0,0.0,True,0.409374464755333,0.0002046872323776,141.27173861971957
2006-03-09,2.0017847213564326,0.9415766955345536,0.4268820387225764,1.0,0.0,False,0.0,0.0,141.27173861971957
2006-03-10,2.032746714600824,0.9505208891927188,0.4273036507521263,1.0,1.1102230246251563e-16,False,0.0,0.0,141.27173861971957
2006-03-13,2.0102263021999067,0.9522948789728588,0.4285678279248991,0.9999999999999998,2.220446049250313e-16,False,0.0,0.0,141.27173861971957
2006-03-14,2.056411863820615,0.9622738178736158,0.4358370819954402,0.9999999999999998,2.220446049250313e-16,False,0.0,0.0,141.27173861971957
2006-03-15,2.108671091267565,0.9665614526172264,0.4395240928428229,1.0,1.1102230246251563e-16,True,0.0603678031649152,3.018390158245764e-05,141.3321064228845
2006-03-16,2.053304423332749,0.9685571089907274,0.4358370819954402,1.0,0.0,False,0.0,0.0,141.3321064228845
2006-03-17,2.065275625653187,0.9693659169238208,0.4369860900862419,1.0,0.0,False,0.0,0.0,141.3321064228845
2006-03-20,2.0652271987690627,0.9678076804377748,0.4380401672255348,1.0,0.0,False,0.0,0.0,141.3321064228845
2006-03-21,2.0531207773870794,0.9617222384586428,0.4334014935920965,1.0,1.1102230246251563e-16,False,0.0,0.0,141.3321064228845
2006-03-22,2.058450665909981,0.9675851925528488,0.4344558531239089,1.0,0.0,True,0.0176737231247236,8.836861562361811e-06,141.3497801460092
2006-03-23,2.0554278871051275,0.9655812411345426,0.4331906875773222,1.0,1.1102230246251563e-16,False,0.0,0.0,141.3497801460092
2006-03-24,2.0995436636780296,0.9663235244508808,0.4354046449193637,1.0,1.1102230246251563e-16,False,0.0,0.0,141.3497801460092
2006-03-27,2.111114672889218,0.964913284704826,0.435510118524881,1.0,1.1102230246251563e-16,False,0.0,0.0,141.3497801460092
2006-03-28,2.093586844681677,0.958976496498937,0.4337176790815492,1.0,1.1102230246251563e-16,False,0.0,0.0,141.3497801460092
2006-03-29,2.1080706785953933,0.9649876115914476,0.4419412316016498,1.0,0.0,True,0.4088707283785486,0.0002044353641892,141.75865087438777
2006-03-30,2.109055935063621,0.9632805570738452,0.4433116354266544,1.0,0.0,False,0.0,0.0,141.75865087438777
2006-03-31,2.0916125928415825,0.963503209217084,0.4420464698800678,1.0,0.0,False,0.0,0.0,141.75865087438777
2006-04-03,2.100039878666583,0.9627611722882152,0.4425734143188758,1.0,1.1102230246251563e-16,False,0.0,0.0,141.75865087438777
2006-04-04,2.092587891863628,0.9689209411539692,0.4449982247411117,0.9999999999999996,3.3306690738754696e-16,False,0.0,0.0,141.75865087438777
2006-04-05,2.155732222230994,0.9722599841401436,0.4492154275412591,1.0,0.0,True,0.4419788485048062,0.0002209894242524,142.2006297228926
2006-04-06,2.1829081155297456,0.9712213788271968,0.4504804518915854,0.9999999999999996,4.440892098500626e-16,False,0.0,0.0,142.2006297228926
2006-04-07,2.134615793703164,0.9613512610587864,0.4461580578784401,0.9999999999999994,5.551115123125784e-16,False,0.0,0.0,142.2006297228926
2006-04-10,2.1047980932957024,0.9628354170456804,0.4455254986378568,0.9999999999999992,7.771561172376097e-16,False,0.0,0.0,142.2006297228926
2006-04-11,2.0495005646981315,0.9546718610199336,0.4419412316016498,0.9999999999999992,7.771561172376097e-16,False,0.0,0.0,142.2006297228926
2006-04-12,2.091343523037974,0.9564529139075314,0.4420464698800678,1.0,0.0,True,0.4508807860635243,0.0002254403930317,142.6515105089561
2006-04-13,2.0967931489581684,0.9551914921930328,0.4438388622579794,1.0,0.0,False,0.0,0.0,142.6515105089561
2006-04-17,2.0688479680343708,0.9548203505348636,0.4392001415591223,1.0,0.0,False,0.0,0.0,142.6515105089561
2006-04-18,2.170915084314407,0.9699595464669158,0.4476339823743809,1.0000000000000002,0.0,False,0.0,0.0,142.6515105089561
2006-04-19,2.1682215886267038,0.9718153368869176,0.4496370866362278,0.9999999999999998,2.220446049250313e-16,False,0.0,0.0,142.6515105089561
2006-04-20,2.124941566401907,0.9731505105839428,0.4480556885347697,1.0,0.0,True,0.4212885432365509,0.0002106442716182,143.07279905219266
2006-04-21,2.1494550145832734,0.973299492873812,0.4427843144644891,1.0,0.0,False,0.0,0.0,143.07279905219266
2006-04-24,2.127780217197554,0.971518111469588,0.4423627965657795,1.0,0.0,False,0.0,0.0,143.07279905219266
2006-04-25,2.151316166614477,0.9675107014079144,0.4414137223778065,1.0,1.1102230246251563e-16,False,0.0,0.0,143.07279905219266
2006-04-26,2.1785875128325825,0.967733517809466,0.4413085782302275,0.9999999999999998,2.220446049250313e-16,False,0.0,0.0,143.07279905219266
2006-04-27,2.1113876112276357,0.9724089664300128,0.4455254986378568,1.0,0.0,True,0.0487180644073094,2.4359032203654702e-05,143.12151711659996
2006-04-28,2.106662477678056,0.9756742574336612,0.4412031516901303,1.0,0.0,False,0.0,0.0,143.12151711659996
2006-05-01,2.081347067645337,0.967733517809466,0.4368807576769837,1.0,1.1102230246251563e-16,False,0.0,0.0,143.12151711659996
2006-05-02,2.102218591709799,0.9750060546164752,0.4380401672255348,1.0,0.0,False,0.0,0.0,143.12151711659996
2006-05-03,2.087103010845091,0.9713699504712836,0.4374076079849515,1.0,0.0,False,0.0,0.0,143.12151711659996
2006-05-04,2.1319567286087837,0.974857729359858,0.4409921103482567,1.0,0.0,True,0.0293983011420463,1.4699150571023168e-05,143.150915417742
2006-05-05,2.127433618620352,0.9834666718012391,0.4444712803023036,1.0,0.0,False,0.0,0.0,143.150915417742
2006-05-08,2.1317406840584017,0.9822793305858928,0.4448927982010145,1.0000000000000002,0.0,False,0.0,0.0,143.150915417742
2006-05-09,2.155237710435193,0.9842087908592644,0.4432061618211371,1.0,0.0,False,0.0,0.0,143.150915417742
2006-05-10,2.143788312720618,0.9836889954278522,0.4393055210337994,1.0,0.0,False,0.0,0.0,143.150915417742
2006-05-11,2.068502251297666,0.9718153368869176,0.429500899870179,1.0,0.0,True,1.2207649687976927,0.0006103824843988,144.37168038653968
2006-05-12,2.0422391409440523,0.959124739626398,0.4237025342956714,1.0,0.0,False,0.0,0.0,144.37168038653968
2006-05-15,1.991045617315941,0.9610543641580824,0.423386442937059,1.0,0.0,False,0.0,0.0,144.37168038653968
2006-05-16,1.959758113220152,0.9596443707994972,0.4202235996687226,1.0,0.0,False,0.0,0.0,144.37168038653968
2006-05-17,1.96380233636098,0.9413877984746314,0.4145305665034732,1.0000000000000002,0.0,False,0.0,0.0,144.37168038653968
2006-05-18,1.9268486240372664,0.9366382693549324,0.4116840969862687,1.0,0.0,True,0.4705734032867061,0.0002352867016433,144.84225378982637
2006-05-19,1.9111738154525333,0.9432432603780074,0.4148467049275058,1.0000000000000002,0.0,False,0.0,0.0,144.84225378982637
2006-05-22,1.856290086756072,0.936044721940994,0.4108407787963301,1.0,0.0,False,0.0,0.0,144.84225378982637
2006-05-23,1.8716698729017989,0.9289203461322892,0.4068344290763769,1.0,0.0,False,0.0,0.0,144.84225378982637
2006-05-24,1.847891670014288,0.936341290325072,0.4095756132497434,1.0,0.0,False,0.0,0.0,144.84225378982637
2006-05-25,1.9054095800128403,0.9479188732568672,0.4149521785330232,1.0,1.1102230246251563e-16,True,0.4271794239498684,0.0002135897119749,145.26943321377624
2006-05-26,1.9351850754054372,0.9527424828757184,0.4163226764888668,0.9999999999999998,2.220446049250313e-16,False,0.0,0.0,145.26943321377624
2006-05-30,1.8381778978771108,0.935822234056068,0.4073617500385422,1.0,1.1102230246251563e-16,False,0.0,0.0,145.26943321377624
2006-05-31,1.8626839548941845,0.946285899238417,0.4092591453677738,1.0,0.0,False,0.0,0.0,145.26943321377624
2006-06-01,1.908500563155592,0.9553399817079632,0.4189585282529762,1.0,1.1102230246251563e-16,False,0.0,0.0,145.26943321377624
2006-06-02,1.9252906315689728,0.9573434403513305,0.417904215786584,1.0,0.0,True,0.4147996428096142,0.0002073998214048,145.68423285658585
2006-06-05,1.814960934143279,0.9433918320220942,0.408837580403644,0.9999999999999998,2.220446049250313e-16,False,0.0,0.0,145.68423285658585
2006-06-06,1.8301246664256825,0.9410910658322404,0.4085213949141914,0.9999999999999996,4.440892098500626e-16,False,0.0,0.0,145.68423285658585
2006-06-07,1.7526554320508028,0.9340408526518442,0.4054638840551132,0.9999999999999992,6.661338147750939e-16,False,0.0,0.0,145.68423285658585
2006-06-08,1.766969530702964,0.9332244888363538,0.404831560141628,0.9999999999999992,7.771561172376097e-16,False,0.0,0.0,145.68423285658585
2006-06-09,1.7543749956588122,0.9302559304750964,0.4021958966391978,1.0,0.0,True,0.4214225649705049,0.0002107112824852,146.10565542155635
2006-06-12,1.6953892825176766,0.920163160563447,0.3942890708608768,1.0,0.0,False,0.0,0.0,146.10565542155635
2006-06-13,1.6365922882926431,0.9094766789795464,0.3927075786285784,1.0,0.0,False,0.0,0.0,146.10565542155635
2006-06-14,1.6864854262725557,0.9165268921599424,0.3967136224233039,1.0,0.0,False,0.0,0.0,146.10565542155635
2006-06-15,1.7864959096060609,0.9359703950543724,0.4074670353823803,1.0,0.0,False,0.0,0.0,146.10565542155635
2006-06-16,1.7758930431038211,0.9291502256412988,0.4044708507651532,1.0,0.0,True,0.0136303088863451,6.815154443172586e-06,146.1192857304427
2006-06-19,1.7236183959609832,0.9218450014300076,0.4012006512745123,0.9999999999999998,2.220446049250313e-16,False,0.0,0.0,146.1192857304427
2006-06-20,1.742319841946032,0.9249754363587028,0.4017280663675165,0.9999999999999996,4.440892098500626e-16,False,0.0,0.0,146.1192857304427
2006-06-21,1.8017267302329465,0.9318334673129172,0.4080578946611208,0.9999999999999996,4.440892098500626e-16,False,0.0,0.0,146.1192857304427
2006-06-22,1.7829511012259631,0.9277334976918816,0.4028886054861405,0.9999999999999996,4.440892098500626e-16,False,0.0,0.0,146.1192857304427
2006-06-23,1.7934704576074656,0.9275845154020124,0.4024665228023944,1.0,0.0,True,1.1999999999999995,0.0005999999999999,147.3192857304427
2006-06-26,1.7782904007459752,0.931684156506422,0.403521494184662,1.0,0.0,False,0.0,0.0,147.3192857304427
2006-06-27,1.7519036987363108,0.9236340208457848,0.3959258414285957,1.0,0.0,False,0.0,0.0,147.3192857304427
2006-06-28,1.7691579760839733,0.9298952192198012,0.3988798083643639,1.0,0.0,False,0.0,0.0,147.3192857304427
2006-06-29,1.8339977891167505,0.9486796356334152,0.411011673335211,1.0,0.0,False,0.0,0.0,147.3192857304427
2006-06-30,1.8462436716542967,0.9487543731658192,0.4090073924378724,1.0,0.0,True,0.8253389323552599,0.0004126694661776,148.14462466279795
2006-07-03,1.8936111564791167,0.9526301301896428,0.4114337089535382,1.0,0.0,False,0.0,0.0,148.14462466279795
2006-07-05,1.8781531215068747,0.947188909314002,0.4024665228023944,1.0,0.0,False,0.0,0.0,148.14462466279795
2006-07-06,1.861010514142942,0.949946806388868,0.4020446754457465,1.0,0.0,False,0.0,0.0,148.14462466279795
2006-07-07,1.8353837027675493,0.9437601812889428,0.3976136544439648,1.0,1.1102230246251563e-16,False,0.0,0.0,148.14462466279795
2006-07-10,1.827934335669336,0.9455486258006246,0.3941323665460314,1.0,0.0,True,0.8026955547231494,0.0004013477773615,148.9473202175211
2006-07-11,1.8554959816219088,0.9497234972123773,0.3970862864163794,1.0,0.0,False,0.0,0.0,148.9473202175211
2006-07-12,1.8432706916840556,0.9395855562646596,0.3895960366677009,1.0,1.1102230246251563e-16,False,0.0,0.0,148.9473202175211
2006-07-13,1.8046447077957888,0.9243050160542916,0.3830553082284821,1.0,1.1102230246251563e-16,False,0.0,0.0,148.9473202175211
2006-07-14,1.7920845006789703,0.9207265665769544,0.3791520788430618,1.0,1.1102230246251563e-16,False,0.0,0.0,148.9473202175211
2006-07-17,1.7695938741827248,0.9193846582890975,0.3801013177600045,1.0,0.0,True,0.4376557095987834,0.0002188278547993,149.38497592711988
2006-07-18,1.728073230797356,0.9240812141028618,0.3813675422785331,0.9999999999999998,2.220446049250313e-16,False,0.0,0.0,149.38497592711988
2006-07-19,1.7650977949369526,0.9369022324638848,0.3863256959808022,1.0,1.1102230246251563e-16,False,0.0,0.0,149.38497592711988
2006-07-20,1.7445035816171406,0.9304916411542168,0.3806289917128163,1.0,0.0,False,0.0,0.0,149.38497592711988
2006-07-21,1.707704826119489,0.9239321496838362,0.3766202181237503,1.0,0.0,False,0.0,0.0,149.38497592711988
2006-07-24,1.7467505069437286,0.9407784001334908,0.3841103502088792,0.9999999999999998,2.220446049250313e-16,True,0.0546673329382493,2.733366646912469e-05,149.43964326005812
2006-07-25,1.7543201762569691,0.9441324727553028,0.3863256959808022,0.9999999999999996,4.440892098500626e-16,False,0.0,0.0,149.43964326005812
2006-07-26,1.7568053051477135,0.9453996435107554,0.3860092751642515,0.9999999999999996,3.3306690738754696e-16,False,0.0,0.0,149.43964326005812
2006-07-27,1.7168553794070158,0.9445052569966016,0.3834772497159702,0.9999999999999996,4.440892098500626e-16,False,0.0,0.0,149.43964326005812
2006-07-28,1.7341820674570894,0.9539717099608735,0.3914951263520416,0.9999999999999992,6.661338147750939e-16,False,0.0,0.0,149.43964326005812
2006-07-31,1.743566897976187,0.9530027501726286,0.3913895350829747,1.0,0.0,True,0.8050204562610542,0.0004025102281305,150.24466371631917
2006-08-01,1.746763266311821,0.9483070156504292,0.3848486183820779,1.0,0.0,False,0.0,0.0,150.24466371631917
2006-08-02,1.7517270371078522,0.9547173605726278,0.3891742599091825,1.0,0.0,False,0.0,0.0,150.24466371631917
2006-08-03,1.7404143713690905,0.9572519484710028,0.3916005058267188,1.0,0.0,False,0.0,0.0,150.24466371631917
2006-08-04,1.7353328857533634,0.9556120756034076,0.3898072192058336,1.0,0.0,False,0.0,0.0,150.24466371631917
2006-08-07,1.7229889103493128,0.95337594505971,0.3872751231594229,1.0,0.0,True,1.6,0.0008,151.84466371631916
2006-08-08,1.7081941168846209,0.9497234972123773,0.3848486183820779,1.0,0.0,False,0.0,0.0,151.84466371631916
2006-08-09,1.72238614078662,0.9465182426221216,0.3853764570638594,1.0,0.0,False,0.0,0.0,151.84466371631916
2006-08-10,1.7359358899295392,0.949424711341074,0.3881190767325263,1.0,0.0,False,0.0,0.0,151.84466371631916
2006-08-11,1.715142922896471,0.9467413875402992,0.3853764570638594,0.7972698790365825,0.2027301209634174,True,0.2198473384732432,0.0001099236692366,152.0645110547924
2006-08-14,1.7151054155372143,0.947486956022897,0.3879083177831721,1.0,1.1102230246251563e-16,True,0.6072819160507619,0.0003036409580253,152.67179297084317
2006-08-15,1.7319791317452078,0.9588173301936634,0.3977193163111601,1.0,0.0,False,0.0,0.0,152.67179297084317
2006-08-16,1.7678280520204543,0.9667932210968354,0.4071082556881115,1.0,0.0,False,0.0,0.0,152.67179297084317
2006-08-17,1.7664602543139911,0.9692527429461804,0.408585168557866,1.0,0.0,False,0.0,0.0,152.67179297084317
2006-08-18,1.771618178746914,0.9741725258072788,0.4092183867143246,1.0,0.0,False,0.0,0.0,152.67179297084317
2006-08-21,1.77785320560852,0.9699982292996217,0.4053149220018063,1.0,0.0,True,1.208054473528792,0.0006040272367643,153.87984744437196
2006-08-22,1.7787736770278422,0.9699237381546872,0.4054203956073236,1.0,0.0,False,0.0,0.0,153.87984744437196
2006-08-23,1.778907898789605,0.9672404964830688,0.4023610962622972,1.0,0.0,False,0.0,0.0,153.87984744437196
2006-08-24,1.7719235743847237,0.9664201904680672,0.403521494184662,1.0,0.0,False,0.0,0.0,153.87984744437196
2006-08-25,1.7753662227431617,0.967612623691116,0.4042600918157978,1.0,0.0,False,0.0,0.0,153.87984744437196
2006-08-28,1.7941597408978904,0.9722342777141628,0.4073192970299851,1.0,1.1102230246251563e-16,True,0.8085164760472479,0.0004042582380236,154.68836392041922
2006-08-29,1.790746904278549,0.9733529589546857,0.408585168557866,0.9999999999999998,2.220446049250313e-16,False,0.0,0.0,154.68836392041922
2006-08-30,1.779423694835653,0.9739488059850056,0.4104841641113677,0.9999999999999996,3.3306690738754696e-16,False,0.0,0.0,154.68836392041922
2006-08-31,1.77398563455377,0.9737994130493542,0.4100621284930407,0.9999999999999998,2.220446049250313e-16,False,0.0,0.0,154.68836392041922
2006-09-01,1.7800029412022649,0.9796141573287016,0.4122776389939321,0.9999999999999998,2.220446049250313e-16,False,0.0,0.0,154.68836392041922
2006-09-05,1.7975454041744472,0.9814775036311006,0.4162865302465477,1.0,0.0,True,0.7999999999999998,0.0003999999999999,155.48836392041923
2006-09-06,1.7705854481269785,0.972830289002796,0.4079523269247646,1.0,0.0,False,0.0,0.0,155.48836392041923
2006-09-07,1.7775640363820089,0.9683583564320264,0.4060535666983621,1.0,0.0,False,0.0,0.0,155.48836392041923
2006-09-08,1.7566485406003982,0.971116171377736,0.408479930279448,1.0,1.1102230246251563e-16,False,0.0,0.0,155.48836392041923
2006-09-11,1.7448078363655983,0.9720852132951372,0.411011673335211,1.0,0.0,False,0.0,0.0,155.48836392041923
2006-09-12,1.7563791321688458,0.98162648592097,0.4186073260912772,1.0,1.1102230246251563e-16,True,0.8410789953637068,0.0004205394976818,156.32944291578295
2006-09-13,1.7731702857991964,0.9855771447355104,0.4214556311598501,1.0,0.0,False,0.0,0.0,156.32944291578295
2006-09-14,1.751436666935976,0.9856518822679144,0.4218777609090162,1.0,0.0,False,0.0,0.0,156.32944291578295
2006-09-15,1.758534640678571,0.987965049960398,0.4233873842454526,1.0,1.1102230246251563e-16,False,0.0,0.0,156.32944291578295
2006-09-18,1.7845508090490387,0.9893127072892092,0.4234926225238706,1.0,0.0,False,0.0,0.0,156.32944291578295
2006-09-19,1.7558028408682096,0.9868420158745816,0.4206427642964489,1.0,0.0,True,0.8269325557444256,0.0004134662778722,157.15637547152738
2006-09-20,1.7699756967164932,0.9920825952209218,0.4267651282200759,1.0,0.0,False,0.0,0.0,157.15637547152738
2006-09-21,1.7600366716243545,0.9872909338439446,0.4241260760074286,1.0,0.0,False,0.0,0.0,157.15637547152738
2006-09-22,1.7580477255031606,0.98429658692755,0.4208538527037414,1.0,0.0,False,0.0,0.0,157.15637547152738
2006-09-25,1.7946938356026576,0.9918583826237098,0.4282429353328051,0.9999999999999998,2.220446049250313e-16,False,0.0,0.0,157.15637547152738
2006-09-26,1.8262384915938747,1.000093637403071,0.4303540547328319,1.0,1.1102230246251563e-16,True,0.0298890928377791,1.494454641888958e-05,157.18626456436516
2006-09-27,1.798879658831864,1.0012918196670737,0.4298261219202114,1.0,0.0,False,0.0,0.0,157.18626456436516
2006-09-28,1.7884696096638997,1.0009173928426454,0.4309873670201295,1.0,0.0,False,0.0,0.0,157.18626456436516
2006-09-29,1.7925922751292906,1.000093637403071,0.4290872418965562,1.0,0.0,False,0.0,0.0,157.18626456436516
2006-10-02,1.7892633783709933,0.9963501904503496,0.4237038521274234,1.0,0.0,False,0.0,0.0,157.18626456436516
2006-10-03,1.7868524157995629,0.9984469478154874,0.4254984565800593,1.0,0.0,True,0.4292598380557823,0.0002146299190278,157.61552440242093
2006-10-04,1.8495349455650123,1.0101262066430143,0.4359484387784182,1.0,0.0,False,0.0,0.0,157.61552440242093
2006-10-05,1.8134483917307445,1.0120730782975615,0.4380597464401243,1.0,0.0,False,0.0,0.0,157.61552440242093
2006-10-06,1.826033683912823,1.0107995014679028,0.4371095897474987,1.0,0.0,False,0.0,0.0,157.61552440242093
2006-10-09,1.849411307060496,1.0113989621811086,0.4385872556639675,1.0,0.0,False,0.0,0.0,157.61552440242093
2006-10-10,1.8279326500671256,1.012746537380763,0.4393262298184617,1.0,0.0,True,0.0455178753058624,2.27589376529312e-05,157.6610422777268
2006-10-11,1.8378918315188864,1.0115490942791685,0.4384817349930313,1.0,1.1102230246251563e-16,False,0.0,0.0,157.6610422777268
2006-10-12,1.857299087202678,1.020308333076923,0.4454486408075087,1.0,0.0,False,0.0,0.0,157.6610422777268
2006-10-13,1.8722620727042576,1.0229285816855147,0.4478763222203454,1.0,1.1102230246251563e-16,False,0.0,0.0,157.6610422777268
2006-10-16,1.8737586819827057,1.0245007801281638,0.4482986402311895,1.0,1.1102230246251563e-16,False,0.0,0.0,157.6610422777268
2006-10-17,1.8368630156186376,1.0212818099687746,0.4433374743420618,1.0,0.0,True,0.8124997754608343,0.0004062498877304,158.47354205318763
2006-10-18,1.826047892381068,1.022628974522647,0.4412263078766149,1.0,0.0,False,0.0,0.0,158.47354205318763
2006-10-19,1.8679946393220117,1.0242761568851693,0.442282126436437,0.9999999999999996,3.3306690738754696e-16,False,0.0,0.0,158.47354205318763
2006-10-20,1.7919805501264612,1.0245007801281638,0.4433374743420618,0.9999999999999998,2.220446049250313e-16,False,0.0,0.0,158.47354205318763
2006-10-23,1.782945305131263,1.0292177861018934,0.4478763222203454,1.0,0.0,False,0.0,0.0,158.47354205318763
2006-10-24,1.7972763591906555,1.0322879382297263,0.444815281454791,1.0,0.0,True,1.2058129564675832,0.0006029064782337,159.6793550096552
2006-10-25,1.8096439518291227,1.0358062691645142,0.4478763222203454,1.0,0.0,False,0.0,0.0,159.6793550096552
2006-10-26,1.829400145614231,1.0390254035822164,0.4519931815457219,1.0,1.1102230246251563e-16,False,0.0,0.0,159.6793550096552
2006-10-27,1.8138640206888428,1.0325119865686256,0.445554114413026,1.0,0.0,False,0.0,0.0,159.6793550096552
2006-10-30,1.787467351185979,1.0317632150489249,0.4484041609021269,1.0,1.1102230246251563e-16,False,0.0,0.0,159.6793550096552
2006-10-31,1.7907960453254623,1.0316133293383345,0.4494597912002699,1.0,0.0,True,0.0372049242113325,1.860246210566627e-05,159.7165599338665
2006-11-01,1.7448579549657723,1.0246504194512849,0.4433374743420618,1.0,0.0,False,0.0,0.0,159.7165599338665
2006-11-02,1.7459072237436946,1.0240518621588006,0.443759651156648,1.0,1.1102230246251563e-16,False,0.0,0.0,159.7165599338665
2006-11-03,1.7496156482990963,1.0222550404731567,0.4425985943184078,1.0,0.0,False,0.0,0.0,159.7165599338665
2006-11-06,1.7716277143341246,1.0337845778484065,0.4490376614511037,1.0,0.0,False,0.0,0.0,159.7165599338665
2006-11-07,1.7934424441596533,1.0377524837858096,0.4520987492820783,1.0,1.1102230246251563e-16,True,0.4228657881966291,0.0002114328940983,160.13942572206315
2006-11-08,1.7944318512568562,1.0399985519574424,0.454209633355007,1.0,0.0,False,0.0,0.0,160.13942572206315
2006-11-09,1.7993021779094651,1.0345338421430463,0.4520987492820783,1.0,1.1102230246251563e-16,False,0.0,0.0,160.13942572206315
2006-11-10,1.7878669516832628,1.0349825958540966,0.454209633355007,0.9999999999999998,2.220446049250313e-16,False,0.0,0.0,160.13942572206315
2006-11-13,1.820178642522592,1.037528189059441,0.458854284296745,1.0,0.0,False,0.0,0.0,160.13942572206315
2006-11-14,1.8351990524619253,1.0453146901277517,0.4637099295149365,1.0,0.0,True,0.4260479256775684,0.0002130239628387,160.56547364774073
2006-11-15,1.8299099617872057,1.0483090370441466,0.4656098663768306,1.0,0.0,False,0.0,0.0,160.56547364774073
2006-11-16,1.8408304091765724,1.0510045159600814,0.4676153239096621,1.0,0.0,False,0.0,0.0,160.56547364774073
2006-11-17,1.8325959770059448,1.0513040409937928,0.4676153239096621,1.0,0.0,False,0.0,0.0,160.56547364774073
2006-11-20,1.829024131175971,1.0519029268029032,0.468565574733128,1.0,0.0,False,0.0,0.0,160.56547364774073
2006-11-21,1.8345310735671292,1.052951305485472,0.4691988399550055,1.0,0.0,True,0.4076014309220541,0.000203800715461,160.9730750786628
2006-11-22,1.842650741766696,1.055047077300732,0.4721542188533645,1.0,0.0,False,0.0,0.0,160.9730750786628
2006-11-24,1.845317215933804,1.050780139104556,0.4713097240279342,1.0,1.1102230246251563e-16,False,0.0,0.0,160.9730750786628
2006-11-27,1.83026867113782,1.0363304174412205,0.4606486534222828,1.0,0.0,False,0.0,0.0,160.9730750786628
2006-11-28,1.8363943151707447,1.04082222526786,0.4620208927986557,1.0,0.0,False,0.0,0.0,160.9730750786628
2006-11-29,1.863067995723144,1.0516781393015957,0.4651875483659864,1.0,1.1102230246251563e-16,True,0.8024263310014977,0.0004012131655007,161.7755014096643
2006-11-30,1.8614519641551737,1.0521275500458975,0.4648709392877565,0.9999999999999998,2.220446049250313e-16,False,0.0,0.0,161.7755014096643
2006-12-01,1.844587887128189,1.0498068264710174,0.4608597418295753,1.0,1.1102230246251563e-16,False,0.0,0.0,161.7755014096643
2006-12-04,1.862636488356332,1.0578172116199145,0.4671931470950758,0.8015937233446621,0.1984062766553379,True,0.2274912201855181,0.0001137456100927,162.0029926298498
2006-12-05,1.870914627641805,1.062384249753897,0.4688820426150976,0.8024716013456134,0.1975283986543866,False,0.0,0.0,162.0029926298498
2006-12-06,1.888029496099375,1.0614864138151705,0.4671931470950758,1.0,0.0,True,0.2163803920885918,0.0001081901960442,162.2193730219384
2006-12-07,1.8824032802790085,1.056844309632158,0.4612822481020998,1.0,0.0,False,0.0,0.0,162.2193730219384
2006-12-08,1.8872815401977487,1.058791345545018,0.4633930380441883,1.0,1.1102230246251563e-16,False,0.0,0.0,162.2193730219384
2006-12-11,1.8838320948558431,1.061860676381286,0.4650820747604691,0.9999999999999998,2.220446049250313e-16,False,0.0,0.0,162.2193730219384
2006-12-12,1.846290327871206,1.061036920941712,0.4623375489423045,0.9999999999999998,2.220446049250313e-16,False,0.0,0.0,162.2193730219384
2006-12-13,1.8539233038007032,1.0621602014149978,0.4631819496368958,1.0,0.0,True,0.016483358090835,8.241679045417505e-06,162.23585638002922
2006-12-14,1.894566896654924,1.0715187366676446,0.4683544392604154,1.0,0.0,False,0.0,0.0,162.23585638002922
2006-12-15,1.913654836567347,1.071616552493022,0.4695592198735432,1.0,0.0,False,0.0,0.0,162.23585638002922
2006-12-18,1.88152537354525,1.0686802708902643,0.4649091093431218,1.0,0.0,False,0.0,0.0,162.23585638002922
2006-12-19,1.8842627949805515,1.070712721125872,0.4634295608098646,1.0,0.0,False,0.0,0.0,162.23585638002922
2006-12-20,1.896070090974204,1.0701106322796583,0.4617384061496986,0.9999999999999998,2.220446049250313e-16,True,0.0478156812537235,2.3907840626861784e-05,162.28367206128294
2006-12-21,1.884796980936032,1.0661955353898775,0.458462229350758,1.0,1.1102230246251563e-16,False,0.0,0.0,162.28367206128294
2006-12-22,1.8907730859217653,1.059645653030806,0.45370650401856,1.0,0.0,False,0.0,0.0,162.28367206128294
2006-12-26,1.887471998955868,1.065894860547975,0.4556087000205997,1.0000000000000002,0.0,False,0.0,0.0,162.28367206128294
2006-12-27,1.928027442159649,1.0728962068802608,0.4579336846876809,0.9999999999999998,2.220446049250313e-16,False,0.0,0.0,162.28367206128294
2006-12-28,1.9256736176212,1.070637819335155,0.4557143618877963,1.0,0.0,True,0.0113786312091588,5.689315604579415e-06,162.2950506924921
2006-12-29,1.9064857857777384,1.0661955353898775,0.4561371976182566,1.0,0.0,False,0.0,0.0,162.2950506924921
2007-01-03,1.8850963334059965,1.0643135457689556,0.4569827278829209,1.0000000000000002,0.0,False,0.0,0.0,162.2950506924921
2007-01-04,1.9051975775130687,1.066571933314062,0.4656488836097504,1.0,1.1102230246251563e-16,False,0.0,0.0,162.2950506924921
2007-01-05,1.891468224678604,1.0580649952850385,0.4634295608098646,1.0,0.0,False,0.0,0.0,162.2950506924921
2007-01-08,1.888594301797564,1.0629582504285915,0.4637463581497738,1.0,0.0,True,0.8168929217769283,0.0004084464608884,163.11194361426905
2007-01-09,1.9109784929818088,1.0620551582238498,0.4660715310785328,1.0,0.0,False,0.0,0.0,163.11194361426905
2007-01-10,1.9753821217478769,1.065593446543664,0.4715669836119392,1.0,0.0,False,0.0,0.0,163.11194361426905
2007-01-11,2.038538062798064,1.070261339281814,0.4764286061384317,1.0,0.0,False,0.0,0.0,163.11194361426905
2007-01-12,2.025076746273112,1.0783921257741225,0.4788592526727082,1.0,0.0,False,0.0,0.0,163.11194361426905
2007-01-16,2.007650062738596,1.0762838703270765,0.4785425023982191,1.0,0.0,True,0.0823700822287028,4.118504111435141e-05,163.19431369649774
2007-01-17,2.005873193343694,1.0767358270752296,0.474631742545649,1.0,0.0,False,0.0,0.0,163.19431369649774
2007-01-18,1.9780269635621643,1.0731218978022898,0.4658603014749812,1.0,0.0,False,0.0,0.0,163.19431369649774
2007-01-19,1.970408708499895,1.0752299889910228,0.4668113053451614,1.0,0.0,False,0.0,0.0,163.19431369649774
2007-01-22,1.951780159135403,1.0719173094640808,0.4617384061496986,1.0,0.0,False,0.0,0.0,163.19431369649774
2007-01-23,1.9887025622173573,1.0750792819888677,0.4605759844142875,1.0,0.0,True,0.4556307458693043,0.0002278153729346,163.64994444236706
2007-01-24,2.028713436608775,1.0837376661824545,0.4681851920112234,1.0,1.1102230246251563e-16,False,0.0,0.0,163.64994444236706
2007-01-25,2.020144232975692,1.0710139708718698,0.4621611006839011,1.0,0.0,False,0.0,0.0,163.64994444236706
2007-01-26,2.038696971168441,1.0700352377140028,0.460470134285413,1.0,0.0,False,0.0,0.0,163.64994444236706
2007-01-29,1.9694710445801824,1.069433066738633,0.4608929229504545,1.0,0.0,False,0.0,0.0,163.64994444236706
2007-01-30,1.9844218469414543,1.075004133810681,0.4611044820119444,1.0,0.0,True,0.0187548255914424,9.377412795721228e-06,163.6686992679585
2007-01-31,1.9799339226547896,1.082231910227404,0.4657543572152677,1.0,0.0,False,0.0,0.0,163.6686992679585
2007-02-01,1.988346448958949,1.0887066444082891,0.4650146300140593,0.9999999999999996,3.3306690738754696e-16,False,0.0,0.0,163.6686992679585
2007-02-02,2.0064512540798174,1.090211825459244,0.4667057376088052,0.9999999999999994,5.551115123125784e-16,False,0.0,0.0,163.6686992679585
2007-02-05,2.0092065996009185,1.0905132394635548,0.4662827136166655,0.9999999999999996,4.440892098500626e-16,False,0.0,0.0,163.6686992679585
2007-02-06,1.996431959411221,1.0908141606929267,0.4656488836097504,1.0,1.1102230246251563e-16,True,0.4252730138367673,0.0002126365069183,164.09397228179526
2007-02-07,2.0052477897036245,1.0932231731110318,0.4698762525405505,1.0,0.0,False,0.0,0.0,164.09397228179526
2007-02-08,2.0365881996308,1.0917927295924807,0.469770402411676,1.0,0.0,False,0.0,0.0,164.09397228179526
2007-02-09,2.009623031243022,1.0836622716167983,0.4637463581497738,1.0,0.0,False,0.0,0.0,164.09397228179526
2007-02-12,2.0178757144657578,1.0799732762948286,0.4619497769495093,1.0000000000000002,0.0,False,0.0,0.0,164.09397228179526
2007-02-13,2.054885344097849,1.089082795945004,0.463535175611641,1.0,0.0,True,0.4274600344322017,0.0002137300172161,164.52143231622748
2007-02-14,2.0766676158687862,1.0962346850211324,0.4713556598775487,1.0,0.0,False,0.0,0.0,164.52143231622748
2007-02-15,2.086733629382585,1.0976652106688396,0.4741037626676097,0.9999999999999998,2.220446049250313e-16,False,0.0,0.0,164.52143231622748
2007-02-16,2.092225037550183,1.0971384342591255,0.4725183640054779,0.9999999999999996,3.3306690738754696e-16,False,0.0,0.0,164.52143231622748
2007-02-20,2.105704499427174,1.099471559336636,0.4761115734714245,0.9999999999999998,2.220446049250313e-16,False,0.0,0.0,164.52143231622748
2007-02-21,2.116905886987712,1.0990204238800476,0.4775912632009408,1.0,0.0,True,0.0475132593609863,2.375662968049315e-05,164.56894557558846
2007-02-22,2.1433298649473262,1.0981920692077098,0.4800219568006374,1.0,0.0,False,0.0,0.0,164.56894557558846
2007-02-23,2.288598324545968,1.0939005743937442,0.4783312257292486,1.0,0.0,False,0.0,0.0,164.56894557558846
2007-02-26,2.289775490229532,1.092922334010816,0.4760058174733901,1.0,0.0,False,0.0,0.0,164.56894557558846
2007-02-27,2.153902475399009,1.050234883634633,0.4564541832198437,1.0,0.0,False,0.0,0.0,164.56894557558846
2007-02-28,2.183685603082227,1.061001276887796,0.4579336846876809,1.0,0.0,True,1.2125021338138782,0.0006062510669069,165.78144770940233
2007-03-01,2.226036133559925,1.057838647329758,0.4558201178858305,1.0,0.0,False,0.0,0.0,165.78144770940233
2007-03-02,2.2227968041199286,1.043986415279872,0.4489506374901044,1.0,1.1102230246251563e-16,False,0.0,0.0,165.78144770940233
2007-03-05,2.1854612107972597,1.0340488694739849,0.4454629016296739,1.0,0.0,False,0.0,0.0,165.78144770940233
2007-03-06,2.2536786167938443,1.051740803847996,0.4528605030996998,1.0,1.1102230246251563e-16,False,0.0,0.0,165.78144770940233
2007-03-07,2.2241283376267744,1.0506867582536292,0.4510643454882138,1.0,0.0,True,0.4314403047126208,0.0002157201523563,166.21288801411495
2007-03-08,2.2698605297619343,1.0595708333692453,0.4541291514873425,1.0,0.0,False,0.0,0.0,166.21288801411495
2007-03-09,2.249930371099879,1.0598715903403042,0.45370650401856,1.0,0.0,False,0.0,0.0,166.21288801411495
2007-03-12,2.2421031565545837,1.0614529051193236,0.4566654598888156,1.0,0.0,False,0.0,0.0,166.21288801411495
2007-03-13,2.2064070887205958,1.0408241142384596,0.4477881216238531,1.0,0.0,False,0.0,0.0,166.21288801411495
2007-03-14,2.232714108270666,1.0485790777106787,0.4543406634834135,1.0,0.0,True,0.437743595623666,0.0002188717978118,166.6506316097386
2007-03-15,2.235945427706965,1.0500089463251343,0.4532837153535186,1.0,1.1102230246251563e-16,False,0.0,0.0,166.6506316097386
2007-03-16,2.195584148630916,1.047069051039491,0.4529347723319653,1.0,0.0,False,0.0,0.0,166.6506316097386
2007-03-19,2.240079158566312,1.059691809616752,0.4575875655913083,1.0,0.0,False,0.0,0.0,166.6506316097386
2007-03-20,2.2585985977069343,1.065511481645489,0.4608660956612334,1.0,0.0,False,0.0,0.0,166.6506316097386
2007-03-21,2.3021512760050498,1.0830470421055471,0.4697492229728175,1.0,0.0,True,0.0394951564944771,1.9747578247238597e-05,166.69012676623308
2007-03-22,2.288677917562654,1.0822156486544194,0.4680570799388366,0.9999999999999998,2.220446049250313e-16,False,0.0,0.0,166.69012676623308
2007-03-23,2.277356077168075,1.0838032052493318,0.4665764489009267,0.7983452331341065,0.2016547668658934,True,0.2078989086185287,0.0001039494543092,166.8980256748516
2007-03-26,2.300742445353801,1.0823665199148875,0.4684801039309774,0.8003949943465604,0.1996050056534396,False,0.0,0.0,166.8980256748516
2007-03-27,2.2867949342302776,1.0797970271250057,0.4652019974498296,0.799177572970035,0.200822427029965,False,0.0,0.0,166.8980256748516
2007-03-28,2.2439443205903467,1.071936363428386,0.4602316538038631,1.0,0.0,True,0.2180330254173126,0.0001090165127086,167.1160587002689
2007-03-29,2.2114436079435764,1.0730701564337024,0.4607601984669388,1.0,0.0,False,0.0,0.0,167.1160587002689
2007-03-30,2.193389475388964,1.0732972435513917,0.4603372215402193,0.9999999999999998,2.220446049250313e-16,False,0.0,0.0,167.1160587002689
2007-04-02,2.188602667014872,1.0745064311223638,0.4609719457901079,0.9999999999999996,4.440892098500626e-16,False,0.0,0.0,167.1160587002689
2007-04-03,2.218213066662925,1.0860701342267125,0.4669997552855857,0.9999999999999998,2.220446049250313e-16,False,0.0,0.0,167.1160587002689
2007-04-04,2.2287372243472245,1.0872803894767191,0.468903033792278,1.0,0.0,True,0.0705980708446181,3.5299035422309056e-05,167.18665677111352
2007-04-05,2.2492098348254075,1.090228004903072,0.4712295245527891,1.0,0.0,False,0.0,0.0,167.18665677111352
2007-04-09,2.262124519838736,1.0917395920282331,0.4700663497706626,1.0,0.0,False,0.0,0.0,167.18665677111352
2007-04-10,2.220663079015061,1.0930245848106437,0.4724986906600482,1.0,1.1102230246251563e-16,False,0.0,0.0,167.18665677111352
2007-04-11,2.2284757398988235,1.088565218000817,0.4675284882103407,1.0,0.0,False,0.0,0.0,167.18665677111352
2007-04-12,2.2663279486599444,1.0934023789304883,0.4712295245527891,1.0,0.0,True,1.2077916102738089,0.0006038958051369,168.39444838138732
2007-04-13,2.269345753814362,1.0983904932497848,0.472181375600524,1.0,0.0,False,0.0,0.0,168.39444838138732
2007-04-16,2.2462635986754997,1.1088211425112255,0.4765170891274409,1.0,0.0,False,0.0,0.0,168.39444838138732
2007-04-17,2.233406613259023,1.111769497099987,0.4775746961732112,1.0,0.0,False,0.0,0.0,168.39444838138732
2007-04-18,2.2027612159132306,1.1131298023188971,0.4759886385952042,0.9999999999999998,2.220446049250313e-16,False,0.0,0.0,168.39444838138732
2007-04-19,2.1841717282349253,1.112827649152178,0.4774690813714348,1.0,1.1102230246251563e-16,True,0.4115892879550437,0.0002057946439775,168.80603766934237
2007-04-20,2.1806413069543664,1.1233337751084314,0.4801129342568915,0.9999999999999998,2.220446049250313e-16,False,0.0,0.0,168.80603766934237
2007-04-23,2.194375219068732,1.119100756253885,0.4808531321122961,0.9999999999999998,2.220446049250313e-16,False,0.0,0.0,168.80603766934237
2007-04-24,2.1774804151183336,1.1195541091976986,0.4832853318054227,0.9999999999999996,3.3306690738754696e-16,False,0.0,0.0,168.80603766934237
2007-04-25,2.2133341392442443,1.129833722940358,0.4897363064893004,0.9999999999999998,2.220446049250313e-16,False,0.0,0.0,168.80603766934237
2007-04-26,2.213810232842632,1.1311187157227685,0.4922741680496222,1.0,0.0,True,0.0078220961951092,3.9110480975546175e-06,168.81385976553747
2007-04-27,2.2220571978334807,1.1302120098351414,0.4924859153727901,0.9999999999999998,2.220446049250313e-16,False,0.0,0.0,168.81385976553747
2007-04-30,2.182575624992656,1.1208396768842048,0.4860349877543338,0.9999999999999998,2.220446049250313e-16,False,0.0,0.0,168.81385976553747
2007-05-01,2.198604740258134,1.1237114870991192,0.4856119637621942,0.9999999999999996,3.3306690738754696e-16,False,0.0,0.0,168.81385976553747
2007-05-02,2.233494381566628,1.130287158013328,0.4908994812714258,0.9999999999999994,5.551115123125784e-16,False,0.0,0.0,168.81385976553747
2007-05-03,2.2494529442432643,1.1364095581128797,0.492697144976343,1.0,0.0,True,0.0280377007198691,1.401885035993458e-05,168.84189746625734
2007-05-04,2.2399514051635463,1.1407178072747688,0.4931203101647416,1.0,0.0,False,0.0,0.0,168.84189746625734
2007-05-07,2.2716927090388244,1.1409447301341449,0.4931203101647416,1.0,0.0,False,0.0,0.0,168.84189746625734
2007-05-08,2.27028868319997,1.1394330608798275,0.4941777760142528,1.0,0.0,False,0.0,0.0,168.84189746625734
2007-05-09,2.3225660055604718,1.142532368858214,0.4952353830600219,1.0,0.0,False,0.0,0.0,168.84189746625734
2007-05-10,2.295597560345433,1.1305893111800471,0.4884671874474602,1.0,1.1102230246251563e-16,True,0.4198961733115167,0.0002099480866557,169.26179363956885
2007-05-11,2.332010916223538,1.140264618589268,0.4947066030698469,0.9999999999999996,3.3306690738754696e-16,False,0.0,0.0,169.26179363956885
2007-05-14,2.33730139918574,1.1377699454609462,0.4913225523289855,0.9999999999999994,5.551115123125784e-16,False,0.0,0.0,169.26179363956885
2007-05-15,2.3137051347020186,1.1380722628859783,0.4875154305305645,0.9999999999999992,6.661338147750939e-16,False,0.0,0.0,169.26179363956885
2007-05-16,2.315436364861167,1.1458574498877856,0.4922741680496222,0.9999999999999992,6.661338147750939e-16,False,0.0,0.0,169.26179363956885
2007-05-17,2.323430682950756,1.1435902745229354,0.4899478655507903,1.0,0.0,True,0.4108442649647172,0.0002054221324823,169.67263790453356
2007-05-18,2.335458115099145,1.153567817228032,0.493966452279861,1.0,0.0,False,0.0,0.0,169.67263790453356
2007-05-21,2.3290968042755438,1.1529623610864028,0.4971387556975545,1.0000000000000002,0.0,False,0.0,0.0,169.67263790453356
2007-05-22,2.314607829760447,1.1520559015862448,0.4975620150167922,1.0,0.0,False,0.0,0.0,169.67263790453356
2007-05-23,2.3130431780469385,1.1522067728467134,0.4952353830600219,0.9999999999999998,2.220446049250313e-16,False,0.0,0.0,169.67263790453356
2007-05-24,2.2874347013280407,1.1417762057144292,0.4881500135841939,1.0,0.0,True,0.0225335614751644,1.1266780737582222e-05,169.69517146600873
2007-05-25,2.313430583068428,1.1465376435618189,0.4912169375272103,1.0,0.0,False,0.0,0.0,169.69517146600873
2007-05-29,2.335483266737334,1.1506948572049265,0.4950241534564704,1.0,0.0,False,0.0,0.0,169.69517146600873
2007-05-30,2.3585396262797254,1.1600676008016455,0.4990425519238631,1.0,1.1102230246251563e-16,False,0.0,0.0,169.69517146600873
2007-05-31,2.303209391057482,1.1588580025848911,0.5013689485535353,1.0,0.0,False,0.0,0.0,169.69517146600873
2007-06-01,2.3042779361666343,1.164602608564598,0.5016860753513815,0.7996158514863677,0.2003841485136323,True,0.6188665682072074,0.0003094332841036,170.31403803421594
2007-06-04,2.331022774273689,1.1647534798250665,0.5031668005201304,0.8019149459741453,0.1980850540258547,False,0.0,0.0,170.31403803421594
2007-06-05,2.342441690164512,1.1601434881422408,0.5031668005201304,0.8028805694006098,0.1971194305993902,False,0.0,0.0,170.31403803421594
2007-06-06,2.318655836727052,1.147671600825448,0.4977733858166041,0.8008584263073377,0.1991415736926622,False,0.0,0.0,170.31403803421594
2007-06-07,2.2924585525554786,1.126962323371226,0.4900533391563064,0.7985827173787792,0.2014172826212208,False,0.0,0.0,170.31403803421594
2007-06-08,2.3066579696857845,1.141625170195648,0.4960813839788823,1.0,0.0,True,0.6170933681395486,0.0003085466840697,170.93113140235548
2007-06-11,2.289126128627977,1.1435902745229354,0.4951297682582468,1.0,0.0,False,0.0,0.0,170.93113140235548
2007-06-12,2.2649884600764465,1.1311187157227685,0.4921685532478458,1.0,0.0,False,0.0,0.0,170.93113140235548
2007-06-13,2.2735411236319654,1.1480498055910753,0.4975620150167922,0.9999999999999998,2.220446049250313e-16,False,0.0,0.0,170.93113140235548
2007-06-14,2.276064314535702,1.1553818039073818,0.500840215628779,0.9999999999999996,3.3306690738754696e-16,False,0.0,0.0,170.93113140235548
2007-06-15,2.284772470715749,1.1619555037218343,0.5054650990942496,1.0,0.0,True,0.8105546614291377,0.0004052773307145,171.7416860637846
2007-06-18,2.282721557178461,1.1605888745578747,0.505570996288543,1.0,0.0,False,0.0,0.0,171.7416860637846
2007-06-19,2.291078604790534,1.1634736611795145,0.5054650990942496,1.0,1.1102230246251563e-16,False,0.0,0.0,171.7416860637846
2007-06-20,2.312042178853542,1.147304483495947,0.5007024551453584,1.0,1.1102230246251563e-16,False,0.0,0.0,171.7416860637846
2007-06-21,2.306836043693078,1.1536812375931418,0.5052535400327597,0.9999999999999998,2.220446049250313e-16,False,0.0,0.0,171.7416860637846
2007-06-22,2.2889300247044257,1.1428256520760325,0.5004908960838685,1.0,0.0,True,0.4228421370404773,0.0002114210685202,172.1645282008251
2007-06-25,2.2642272941177044,1.1373604494866971,0.4983744582914173,1.0,0.0,False,0.0,0.0,172.1645282008251
2007-06-26,2.27391295599569,1.1256703496105136,0.4955166460080674,1.0,0.0,False,0.0,0.0,172.1645282008251
2007-06-27,2.2899736937690824,1.1416872598379528,0.5031369610440494,1.0,0.0,False,0.0,0.0,172.1645282008251
2007-06-28,2.286679983005365,1.1415353208984502,0.5029250254592023,1.0,0.0,False,0.0,0.0,172.1645282008251
2007-06-29,2.278876298829832,1.1419144290847985,0.5037719676864562,1.0,0.0,True,0.810517119208789,0.0004052585596043,172.97504532003387
2007-07-02,2.2948405349722063,1.1522385568302744,0.5083228172467593,1.0,0.0,False,0.0,0.0,172.97504532003387
2007-07-03,2.3038144513840675,1.1564136746294964,0.5112861502010455,1.0,0.0,False,0.0,0.0,172.97504532003387
2007-07-05,2.2965494647334594,1.155199395050822,0.5149902457957728,1.0,0.0,False,0.0,0.0,172.97504532003387
2007-07-06,2.3205190938287097,1.1612718606232288,0.5171071071770025,1.0000000000000002,0.0,False,0.0,0.0,172.97504532003387
2007-07-09,2.338609581172374,1.16218291935615,0.5174245163673656,1.0,0.0,True,0.411566197743627,0.0002057830988718,173.3866115177775
2007-07-10,2.310372062826932,1.1456343049696078,0.5130853670648114,0.9999999999999998,2.220446049250313e-16,False,0.0,0.0,173.3866115177775
2007-07-11,2.2604449959613784,1.1537567142879543,0.5165776682709508,0.9999999999999998,2.220446049250313e-16,False,0.0,0.0,173.3866115177775
2007-07-12,2.2786646390712586,1.1719756714591485,0.5245152983664582,0.9999999999999998,2.220446049250313e-16,False,0.0,0.0,173.3866115177775
2007-07-13,2.292349206553841,1.1754669819014518,0.5281138262248292,0.9999999999999998,2.220446049250313e-16,False,0.0,0.0,173.3866115177775
2007-07-16,2.2683793808957966,1.1753152072202622,0.5275846697112968,1.0,0.0,True,0.0439041253292368,2.1952062664618424e-05,173.43051564310676
2007-07-17,2.260944764783935,1.1747076978497206,0.5316062686272287,1.0,1.1102230246251563e-16,False,0.0,0.0,173.43051564310676
2007-07-18,2.2457881677182048,1.172582852313064,0.5309711678539817,1.0,0.0,False,0.0,0.0,173.43051564310676
2007-07-19,2.249354797662213,1.1771372425569475,0.5325588256562578,0.9999999999999998,2.220446049250313e-16,False,0.0,0.0,173.43051564310676
2007-07-20,2.2258203769217837,1.1652194806589795,0.5297012016345883,0.9999999999999998,2.220446049250313e-16,False,0.0,0.0,173.43051564310676
2007-07-23,2.200367589497104,1.1687873354751297,0.5299128077614971,1.0,0.0,True,0.4128387364856305,0.0002064193682428,173.8433543795924
2007-07-24,2.154243384058279,1.1485190915912475,0.5220811689911244,1.0,0.0,False,0.0,0.0,173.8433543795924
2007-07-25,2.255460014284542,1.15087250257041,0.5228219316315654,1.0,0.0,False,0.0,0.0,173.8433543795924
2007-07-26,2.263632834306548,1.1236204879937306,0.5183769322001368,1.0,0.0,False,0.0,0.0,173.8433543795924
2007-07-27,2.264511967304148,1.1015305372897892,0.5078994167312614,1.0,0.0,False,0.0,0.0,173.8433543795924
2007-07-30,2.2538128614619994,1.118762466258311,0.5138261767706727,1.0,0.0,True,0.8514195100795723,0.0004257097550397,174.69477388967198
2007-07-31,2.2932797946482326,1.1061618004241454,0.5030308285226567,0.9999999999999998,2.220446049250313e-16,False,0.0,0.0,174.69477388967198
2007-08-01,2.291334961901437,1.1115506228979466,0.5069467655713921,0.9999999999999998,2.220446049250313e-16,False,0.0,0.0,174.69477388967198
2007-08-02,2.301968175204181,1.1204324805263373,0.5116034181951509,0.9999999999999996,3.3306690738754696e-16,False,0.0,0.0,174.69477388967198
2007-08-03,2.2649409500641364,1.0915866675388524,0.5018668536283956,0.9999999999999998,2.220446049250313e-16,False,0.0,0.0,174.69477388967198
2007-08-06,2.2424924704549616,1.1098806907590768,0.5076875282118344,1.0,0.0,True,1.230387447826068,0.000615193723913,175.92516133749805
2007-08-07,2.2682721997592723,1.1217229759622327,0.5112861502010455,1.0,1.1102230246251563e-16,False,0.0,0.0,175.92516133749805
2007-08-08,2.321018024637724,1.1373604494866971,0.5168953598538334,0.9999999999999994,5.551115123125784e-16,False,0.0,0.0,175.92516133749805
2007-08-09,2.260846362982746,1.1036560398596975,0.5049358955152972,0.9999999999999996,4.440892098500626e-16,False,0.0,0.0,175.92516133749805
2007-08-10,2.2049213830344683,1.0984939759869596,0.500385045954994,0.9999999999999992,7.771561172376097e-16,False,0.0,0.0,175.92516133749805
2007-08-13,2.2386191136033977,1.1024416781518669,0.5037719676864562,1.0,0.0,True,0.4366284128350691,0.0002183142064175,176.36178975033312
2007-08-14,2.2246785503246835,1.0855896786612582,0.4951992368177029,1.0,1.1102230246251563e-16,False,0.0,0.0,176.36178975033312
2007-08-15,2.197450728831409,1.070635683977086,0.4857799402450542,0.9999999999999998,2.220446049250313e-16,False,0.0,0.0,176.36178975033312
2007-08-16,2.1998559242708144,1.078681877438212,0.481017437492421,0.9999999999999998,2.220446049250313e-16,False,0.0,0.0,176.36178975033312
2007-08-17,2.2476750126536187,1.0984939759869596,0.4901192778092876,1.0,0.0,False,0.0,0.0,176.36178975033312
2007-08-20,2.259509023492972,1.097963010990265,0.4924475570557468,1.0,1.1102230246251563e-16,True,0.0326778557615475,1.633892788077379e-05,176.39446760609465
2007-08-21,2.3043030869894903,1.1001647294173944,0.4976335073892958,1.0,0.0,False,0.0,0.0,176.39446760609465
2007-08-22,2.3260956431189506,1.1132208835534425,0.504406880198024,0.9999999999999998,2.220446049250313e-16,False,0.0,0.0,176.39446760609465
2007-08-23,2.319911109213029,1.1122344302548652,0.5030308285226567,0.9999999999999998,2.220446049250313e-16,False,0.0,0.0,176.39446760609465
2007-08-24,2.311110935730167,1.1259734883271109,0.5101218929142662,0.9999999999999996,3.3306690738754696e-16,False,0.0,0.0,176.39446760609465
2007-08-27,2.313356196484737,1.115498242933697,0.5067351594444832,1.0,0.0,True,0.3999999999999997,0.0001999999999999,176.79446760609466
2007-08-28,2.2294313478939727,1.090979158168311,0.4946701273695907,1.0,0.0,False,0.0,0.0,176.79446760609466
2007-08-29,2.2756620457442582,1.112385712161116,0.5088520208257117,1.0000000000000002,0.0,False,0.0,0.0,176.79446760609466
2007-08-30,2.2609775347014427,1.109425284586351,0.5114977563279544,1.0,1.1102230246251563e-16,False,0.0,0.0,176.79446760609466
2007-08-31,2.3232545162929066,1.12035618253996,0.5172129102404569,1.0,0.0,False,0.0,0.0,176.79446760609466
2007-09-04,2.3595047013577823,1.1316673384881082,0.5257852175204328,1.0,1.1102230246251563e-16,True,0.0247967062315958,1.2398353115797914e-05,176.81926431232625
2007-09-05,2.3235310189958165,1.121874668514266,0.5204937465159464,0.9999999999999996,3.3306690738754696e-16,False,0.0,0.0,176.81926431232625
2007-09-06,2.3219386664984025,1.124455412998587,0.5200705342621276,0.9999999999999994,5.551115123125784e-16,False,0.0,0.0,176.81926431232625
2007-09-07,2.263586032930936,1.108818596507375,0.5104393962354696,0.9999999999999996,4.440892098500626e-16,False,0.0,0.0,176.81926431232625
2007-09-10,2.257349765775317,1.1066921905167446,0.5101218929142662,0.9999999999999996,3.3306690738754696e-16,False,0.0,0.0,176.81926431232625
2007-09-11,2.295119537329992,1.119597719779794,0.5178477756866046,1.0000000000000002,0.0,True,0.0379956027567015,1.899780137835079e-05,176.85725991508295
2007-09-12,2.284435274028383,1.1224818493681814,0.517953578750059,1.0,0.0,False,0.0,0.0,176.85725991508295
2007-09-13,2.3047561872593025,1.1303767609230564,0.5204937465159464,1.0,0.0,False,0.0,0.0,176.85725991508295
2007-09-14,2.2952062679297542,1.130300955711618,0.5209169117043452,1.0,0.0,False,0.0,0.0,176.85725991508295
2007-09-17,2.297916759906087,1.124228325880898,0.5165776682709508,1.0,0.0,False,0.0,0.0,176.85725991508295
2007-09-18,2.434446542561977,1.157324486974948,0.5295955868328118,1.0,0.0,True,0.0351226060268542,1.756130301342712e-05,176.8923825211098
2007-09-19,2.4220541020062103,1.1641561544699297,0.5309711678539817,0.9999999999999998,2.220446049250313e-16,False,0.0,0.0,176.8923825211098
2007-09-20,2.4001803711187755,1.1559584327150836,0.5294896896385173,0.9999999999999998,2.220446049250313e-16,False,0.0,0.0,176.8923825211098
2007-09-21,2.405726986189632,1.1590777802076528,0.5332593002974484,0.9999999999999996,4.440892098500626e-16,False,0.0,0.0,176.8923825211098
2007-09-24,2.39526600600587,1.156942257880653,0.5356945121774348,0.9999999999999996,4.440892098500626e-16,False,0.0,0.0,176.8923825211098
2007-09-25,2.406377622195083,1.1546541395808982,0.5407774833727114,1.0000000000000002,0.0,True,0.0234497127918233,1.1724856395911656e-05,176.91583223390165
2007-09-26,2.397600618096273,1.160756335907954,0.543424677902965,1.0,0.0,False,0.0,0.0,176.91583223390165
2007-09-27,2.3820375282599127,1.167620198032279,0.546177581365834,1.0,0.0,False,0.0,0.0,176.91583223390165
2007-09-28,2.369955413262714,1.1637296577602876,0.5443775643899323,1.0,1.1102230246251563e-16,False,0.0,0.0,176.91583223390165
2007-10-01,2.433277640200077,1.176848804959362,0.5506250752645063,1.0,1.1102230246251563e-16,False,0.0,0.0,176.91583223390165
2007-10-02,2.4341572652349392,1.175246547245438,0.5507309253933796,1.0,0.0,True,0.8030117894585168,0.0004015058947292,177.71884402336013
2007-10-03,2.3888550350426434,1.1728823773467756,0.5469188617258927,1.0,1.1102230246251563e-16,False,0.0,0.0,177.71884402336013
2007-10-04,2.405440989501868,1.1747133647615184,0.5481898163190998,1.0,0.0,False,0.0,0.0,177.71884402336013
2007-10-05,2.446766603669268,1.1886703936150829,0.5593080333461636,1.0,0.0,False,0.0,0.0,177.71884402336013
2007-10-08,2.454126420818027,1.18234012462046,0.5628023583653504,1.0,1.1102230246251563e-16,False,0.0,0.0,177.71884402336013
2007-10-09,2.4647424948021146,1.1934757705611936,0.565237852637855,1.0,1.1102230246251563e-16,True,1.2063432589267766,0.0006031716294633,178.9251872822869
2007-10-10,2.4835414001042597,1.1914927620777918,0.5666143279019983,1.0,1.1102230246251563e-16,False,0.0,0.0,178.9251872822869
2007-10-11,2.419173146425536,1.1857718914243096,0.5576137723682975,0.9999999999999998,2.220446049250313e-16,False,0.0,0.0,178.9251872822869
2007-10-12,2.462274415601887,1.1923313828946902,0.5668261693560064,0.9999999999999994,5.551115123125784e-16,False,0.0,0.0,178.9251872822869
2007-10-15,2.466469291716267,1.1822645657964912,0.562484996240406,0.9999999999999992,7.771561172376097e-16,False,0.0,0.0,178.9251872822869
2007-10-16,2.436604842292048,1.1728823773467756,0.5598376605138933,1.0,0.0,True,0.4404418827336229,0.0002202209413668,179.36562916502055
2007-10-17,2.4217602437812227,1.176467479285788,0.5670378696137555,1.0,0.0,False,0.0,0.0,179.36562916502055
2007-10-18,2.423481836913176,1.1721963525026318,0.56947331682084,1.0,0.0,False,0.0,0.0,179.36562916502055
2007-10-19,2.3353885422166254,1.1415358136733889,0.5552840811592484,1.0,0.0,False,0.0,0.0,179.36562916502055
2007-10-22,2.3428576888361308,1.148171110355208,0.5619553220072563,0.9999999999999998,2.220446049250313e-16,False,0.0,0.0,179.36562916502055
2007-10-23,2.458847140873897,1.1574759331395117,0.5737089222000853,1.0,0.0,True,0.0528010147838551,2.6400507391927564e-05,179.4184301798044
2007-10-24,2.340170525707655,1.1553403286833557,0.5693674196265467,1.0,0.0,False,0.0,0.0,179.4184301798044
2007-10-25,2.3359195844729945,1.1580854136098089,0.5617437158803474,1.0,1.1102230246251563e-16,False,0.0,0.0,179.4184301798044
2007-10-26,2.352840295582133,1.1716621023396776,0.5710617747352518,1.0,0.0,False,0.0,0.0,179.4184301798044
2007-10-29,2.3847619450868773,1.175552314095043,0.5733914659443021,1.0,0.0,False,0.0,0.0,179.4184301798044
2007-10-30,2.3138373524876727,1.1673910576856774,0.5745561468198574,1.0,0.0,True,0.4229825856358159,0.0002114912928179,179.84141276544025
2007-10-31,2.354332686803239,1.1795181668035335,0.5827094306683661,1.0,1.1102230246251563e-16,False,0.0,0.0,179.84141276544025
2007-11-01,2.306110142028134,1.151908151233723,0.5718029609644701,0.9999999999999998,2.220446049250313e-16,False,0.0,0.0,179.84141276544025
2007-11-02,2.3150500471306747,1.1532046420980422,0.5762502666014645,1.0,1.1102230246251563e-16,False,0.0,0.0,179.84141276544025
2007-11-05,2.29865191623128,1.1444339052183796,0.5725443354553689,0.9999999999999998,2.220446049250313e-16,False,0.0,0.0,179.84141276544025
2007-11-06,2.3639463818770565,1.1598402672964874,0.5790035465876907,1.0,0.0,True,1.5999999999999996,0.0007999999999999,181.44141276544025
2007-11-07,2.274235329270346,1.1281121315620573,0.5649200669241334,1.0,1.1102230246251563e-16,False,0.0,0.0,181.44141276544025
2007-11-08,2.2296164986550657,1.1223920000709835,0.5477661804765037,0.9999999999999998,2.220446049250313e-16,False,0.0,0.0,181.44141276544025
2007-11-09,2.190121275802035,1.1069848167013112,0.5294469542374419,0.9999999999999996,3.3306690738754696e-16,False,0.0,0.0,181.44141276544025
2007-11-12,2.0551367911760856,1.0960021773791149,0.515999093066748,0.9999999999999996,4.440892098500626e-16,False,0.0,0.0,181.44141276544025
2007-11-13,2.1791509725592366,1.12940854029722,0.5372831583535246,1.0,0.0,True,1.2185439513623653,0.0006092719756811,182.65995671680255
2007-11-14,2.1775132927593948,1.1262813905347842,0.5304002643131879,1.0,0.0,False,0.0,0.0,182.65995671680255
2007-11-15,2.1091492084169787,1.110036243381465,0.5275412753943463,1.0,1.1102230246251563e-16,False,0.0,0.0,182.65995671680255
2007-11-16,2.1080198868559368,1.1119425432327072,0.5324122639393555,0.9999999999999998,2.220446049250313e-16,False,0.0,0.0,182.65995671680255
2007-11-19,2.037478265148509,1.0964600474265354,0.526270603193656,0.9999999999999998,2.220446049250313e-16,False,0.0,0.0,182.65995671680255
2007-11-20,2.042754963520088,1.103171806353045,0.5283885941449573,1.0,0.0,True,0.8256294986212942,0.0004128147493106,183.4855862154239
2007-11-21,2.0003254043911776,1.080595733171851,0.5221408008778664,1.0,0.0,False,0.0,0.0,183.4855862154239
2007-11-23,2.04615858476878,1.0992820052434618,0.5277530227175141,1.0,1.1102230246251563e-16,False,0.0,0.0,183.4855862154239
2007-11-26,2.016681032631492,1.0750282797826884,0.5186465229240996,0.9999999999999998,2.220446049250313e-16,False,0.0,0.0,183.4855862154239
2007-11-27,2.017372945178021,1.087383872213894,0.5290236007873653,0.9999999999999998,2.220446049250313e-16,False,0.0,0.0,183.4855862154239
2007-11-28,2.092689256492976,1.1221632703701647,0.5451188918154111,1.0,1.1102230246251563e-16,True,0.8148861100023833,0.0004074430550011,184.30047232542623
2007-11-29,2.1080555306593225,1.1225441032687993,0.5474485359590412,0.9999999999999996,3.3306690738754696e-16,False,0.0,0.0,184.30047232542623
2007-11-30,2.1260313329964533,1.133832098794818,0.5433189219049295,0.9999999999999996,4.440892098500626e-16,False,0.0,0.0,184.30047232542623
2007-12-03,2.1310995622055624,1.1263580170377872,0.5387656249428028,0.9999999999999996,3.3306690738754696e-16,False,0.0,0.0,184.30047232542623
2007-12-04,2.1494755221144137,1.1162896394856148,0.5365416426663678,0.9999999999999998,2.220446049250313e-16,False,0.0,0.0,184.30047232542623
2007-12-05,2.2268744413228494,1.1349760758155387,0.546177581365834,1.0,0.0,True,0.4257885199572717,0.0002128942599786,184.72626084538356
2007-12-06,2.280992841513988,1.1512219621312665,0.5540135501548173,1.0,0.0,False,0.0,0.0,184.72626084538356
2007-12-07,2.2977689440357625,1.150993314559604,0.5541194944145321,1.0000000000000002,0.0,False,0.0,0.0,184.72626084538356
2007-12-10,2.2991684701835227,1.1599168116703342,0.5563430531021883,1.0,1.1102230246251563e-16,False,0.0,0.0,184.72626084538356
2007-12-11,2.2103602008389536,1.1281121315620573,0.543424677902965,1.0,1.1102230246251563e-16,False,0.0,0.0,184.72626084538356
2007-12-12,2.275512464952122,1.1392474489861648,0.5482957135133931,1.0,1.1102230246251563e-16,True,0.4299344567992812,0.0002149672283996,185.1561953021828
2007-12-13,2.2753125687606857,1.1368828684417198,0.545330450876901,1.0,1.1102230246251563e-16,False,0.0,0.0,185.1561953021828
2007-12-14,2.2620883806137693,1.1224679695407351,0.5397186055606104,1.0,0.0,False,0.0,0.0,185.1561953021828
2007-12-17,2.195023427630586,1.1064513878299218,0.5265881535802795,1.0,0.0,False,0.0,0.0,185.1561953021828
2007-12-18,2.2023926268861054,1.1126292251101029,0.5282824145581457,1.0,0.0,False,0.0,0.0,185.1561953021828
2007-12-19,2.2160104905345723,1.1126292251101029,0.5281764702984323,1.0,0.0,True,0.8220947119323528,0.0004110473559661,185.9782900141152
2007-12-20,2.2255578437339536,1.1196460117238085,0.5389772310697128,1.0,0.0,False,0.0,0.0,185.9782900141152
2007-12-21,2.2713799347749006,1.1357859514276667,0.5496090740497385,0.9999999999999996,4.440892098500626e-16,False,0.0,0.0,185.9782900141152
2007-12-24,2.307965128481677,1.1442202872823544,0.5537430181224609,0.9999999999999996,4.440892098500626e-16,False,0.0,0.0,185.9782900141152
2007-12-26,2.312940568377428,1.1466744707365275,0.556499263230127,0.9999999999999996,4.440892098500626e-16,False,0.0,0.0,185.9782900141152
2007-12-27,2.2485204655170747,1.1322589148022912,0.5498210096345856,1.0,0.0,True,0.8194602414801868,0.00040973012074,186.79775025559536
2007-12-28,2.2327945504846007,1.1294220916080404,0.5492911942051779,1.0,0.0,False,0.0,0.0,186.79775025559536
2007-12-31,2.217101627268299,1.1210645465146687,0.5429312911083933,1.0,1.1102230246251563e-16,False,0.0,0.0,186.79775025559536
2008-01-02,2.175906778077857,1.1112501123143572,0.5343451465950307,1.0,1.1102230246251563e-16,False,0.0,0.0,186.79775025559536
2008-01-03,2.183039650954796,1.1107133982767083,0.5365710114882528,0.9999999999999996,3.3306690738754696e-16,False,0.0,0.0,186.79775025559536
2008-01-04,2.091880477455173,1.0834939889751547,0.513039195888099,1.0,1.1102230246251563e-16,True,0.4266729468294054,0.0002133364734147,187.2244232024248
2008-01-07,2.101806655799323,1.0825736496475504,0.5106013012791909,1.0,0.0,False,0.0,0.0,187.2244232024248
2008-01-08,2.050856056093028,1.065091965914149,0.4973510207403387,1.0,0.0,False,0.0,0.0,187.2244232024248
2008-01-09,2.0951235654582,1.076286498460084,0.5079511416274974,1.0,0.0,False,0.0,0.0,187.2244232024248
2008-01-10,2.056702084985073,1.0833401610650526,0.5086933162305295,1.0,1.1102230246251563e-16,False,0.0,0.0,187.2244232024248
2008-01-11,2.0346941734039468,1.0745991549400389,0.4987292844904314,1.0,0.0,True,0.4156974759381172,0.000207848737969,187.64012067836288
2008-01-14,2.100230935202115,1.0832636988203623,0.5074212791326698,1.0,0.0,False,0.0,0.0,187.64012067836288
2008-01-15,2.099314298661532,1.0594179088798648,0.4934289651870445,1.0,0.0,False,0.0,0.0,187.64012067836288
2008-01-16,2.0449207435236776,1.050293852368991,0.4881292577341128,1.0,0.0,False,0.0,0.0,187.64012067836288
2008-01-17,1.945490914174812,1.023074114550811,0.4813449657480178,1.0,1.1102230246251563e-16,False,0.0,0.0,187.64012067836288
2008-01-18,1.9625137248920184,1.0125690562735927,0.4807091589934765,0.4995638120311637,0.5004361879688363,True,0.4999999999999999,0.0002499999999999,188.14012067836288
2008-01-22,1.9409689328845217,1.0022951915718872,0.4683072326444691,0.4940089608431079,0.505991039156892,False,0.0,0.0,188.14012067836288
2008-01-23,1.9560371272612325,1.0263710252797076,0.4665051447901023,0.4979068272100747,0.5020931727899254,False,0.0,0.0,188.14012067836288
2008-01-24,2.001149776283484,1.0350354049017183,0.4760450700334082,0.5092256966665165,0.4907743033334835,False,0.0,0.0,188.14012067836288
2008-01-25,2.006287760082281,1.0200832991881457,0.4662933974669344,0.5104825405099392,0.4895174594900607,False,0.0,0.0,188.14012067836288
2008-01-28,2.019690167986427,1.0369522172849908,0.4698972907831498,0.5045387489698805,0.4954612510301195,True,0.2134599866243399,0.0001067299933121,188.3535806649872
2008-01-29,2.0141392891891043,1.042089231765,0.4707451743187985,0.5031732796758749,0.4968267203241251,False,0.0,0.0,188.3535806649872
2008-01-30,1.994555555397023,1.0344220643610662,0.4703213031491031,0.4982951391772094,0.5017048608227905,False,0.0,0.0,188.3535806649872
2008-01-31,2.004688601505211,1.053283928569248,0.4783772086442819,0.5008310933815694,0.4991689066184306,False,0.0,0.0,188.3535806649872
2008-02-01,2.0261644518323862,1.07022939103994,0.4832531861237772,0.5061219160079471,0.4938780839920529,False,0.0,0.0,188.3535806649872
2008-02-04,2.02975553656259,1.0567340923041508,0.4764691294647815,0.4996229874489949,0.500377012551005,True,0.013480256268665,6.7401281343325365e-06,188.3670609212559
2008-02-05,1.9964306223744457,1.0284411727981433,0.4629012514738869,0.4912705704813821,0.5087294295186179,False,0.0,0.0,188.3670609212559
2008-02-06,1.983462184357838,1.020160254207775,0.4537852444656953,0.4879443532608243,0.5120556467391757,False,0.0,0.0,188.3670609212559
2008-02-07,1.987515174842196,1.0269074108007303,0.4569652666122165,0.4889885498989004,0.5110114501010996,False,0.0,0.0,188.3670609212559
2008-02-08,2.0020805634510777,1.0203138357304071,0.4621591239362737,0.4927062226490323,0.5072937773509677,False,0.0,0.0,188.3670609212559
2008-02-11,2.021018066336165,1.0255274767134197,0.4671409986100637,0.5038705443779243,0.4961294556220756,True,0.0136281512807029,6.814075640351462e-06,188.3806890725366
2008-02-12,2.0079013830157195,1.0350354049017183,0.4644911684163085,0.5006295620217261,0.4993704379782738,False,0.0,0.0,188.3806890725366
2008-02-13,2.019602722791094,1.0456162683903756,0.4746670416104148,0.503522855392061,0.496477144607939,False,0.0,0.0,188.3806890725366
2008-02-14,2.0210055267152227,1.036415667505655,0.466081226554988,0.5038674660709976,0.4961325339290023,False,0.0,0.0,188.3806890725366
2008-02-15,2.0060956936916003,1.0361853773508627,0.4644911684163085,0.5001800780457258,0.4998199219542741,False,0.0,0.0,188.3806890725366
2008-02-19,2.0317989689962768,1.0390991555647426,0.4636432848806598,0.5020795190037537,0.4979204809962463,True,0.0156025124438151,7.801256221907596e-06,188.3962915849804
2008-02-20,2.033698051420089,1.04216594039716,0.4657631113833293,0.5025444808663347,0.4974555191336652,False,0.0,0.0,188.3962915849804
2008-02-21,2.014253354810932,1.033501889291775,0.4613113345314652,0.4977422688590903,0.5022577311409098,False,0.0,0.0,188.3962915849804
2008-02-22,2.024910386427928,1.039865502723932,0.4630074310606984,0.5003856335020522,0.4996143664979477,False,0.0,0.0,188.3962915849804
2008-02-25,2.0552126096810945,1.0529768476531398,0.4653392402136352,0.5077519886921653,0.4922480113078347,False,0.0,0.0,188.3962915849804
2008-02-26,2.085389062819206,1.0608746337284918,0.4671409986100637,0.5015812657129004,0.4984187342870996,True,0.0187632926538664,9.381646326933204e-06,188.41505487763428
2008-02-27,2.075821718167476,1.0598011235240374,0.4694731842863576,0.4992840820144787,0.5007159179855213,False,0.0,0.0,188.41505487763428
2008-02-28,2.079865913149923,1.0494503859318594,0.4676711434974096,0.5002576990108176,0.4997423009891824,False,0.0,0.0,188.41505487763428
2008-02-29,2.0492167035853552,1.0260641907510686,0.4552690759521444,0.4927832789143493,0.5072167210856506,False,0.0,0.0,188.41505487763428
2008-03-03,2.058422798919038,1.0236108285884602,0.4523011305867292,0.4950517562609879,0.504948243739012,False,0.0,0.0,188.41505487763428
2008-03-04,2.0581427199964586,1.0197003309314423,0.4548452989132892,0.5013921257517382,0.4986078742482618,True,0.4110085422530949,0.0002055042711265,188.82606341988736
2008-03-05,2.079157547594701,1.0261412278998543,0.4570711638065111,0.5064317431335836,0.4935682568664163,False,0.0,0.0,188.82606341988736
2008-03-06,2.0509847211059244,1.0049020531279715,0.4470013760683775,0.4996519691460096,0.5003480308539904,False,0.0,0.0,188.82606341988736
2008-03-07,2.0327025597012782,0.9945512334066372,0.4459411804245258,0.4951518304440078,0.5048481695559921,False,0.0,0.0,188.82606341988736
2008-03-10,2.01370070751374,0.9814391493150209,0.4373552712382602,0.4903879396337907,0.5096120603662093,False,0.0,0.0,188.82606341988736
2008-03-11,2.056827404844104,1.0167102547311848,0.4539972741813826,0.5050803940421313,0.4949196059578686,True,0.0103295242804989,5.164762140249482e-06,188.83639294416787
2008-03-12,2.050328776554437,1.0072020801554171,0.4527253312143605,0.5035117195011665,0.4964882804988335,False,0.0,0.0,188.83639294416787
2008-03-13,2.0695802966866723,1.009425973454798,0.4562231390746046,0.508130121668381,0.491869878331619,False,0.0,0.0,188.83639294416787
2008-03-14,2.0439813089195327,0.99378390069757,0.4478492125386061,0.5019699034004892,0.4980300965995108,False,0.0,0.0,188.83639294416787
2008-03-17,2.015372435384562,0.9837397512465615,0.4396873157182949,0.4949002026344836,0.5050997973655165,False,0.0,0.0,188.83639294416787
2008-03-18,2.0678011306843143,1.024607712289911,0.4592973110922513,0.5075782863212783,0.4924217136787217,True,0.4127947285051249,0.0002063973642525,189.249187672673
2008-03-19,2.031235119736392,0.9992281603520008,0.4479551567983196,0.498713779402105,0.501286220597895,False,0.0,0.0,189.249187672673
2008-03-20,2.0739954589521545,1.017736622799815,0.4571100398431719,0.5090489846912158,0.4909510153087841,False,0.0,0.0,189.249187672673
2008-03-24,2.1243892430209925,1.0380790293120057,0.4729167257177016,0.5206950987614722,0.4793049012385277,False,0.0,0.0,189.249187672673
2008-03-25,2.134980214551588,1.0390806765045328,0.4755686738553433,0.5230727810129953,0.4769272189870047,False,0.0,0.0,189.249187672673
2008-03-26,2.0979711132444545,1.0263666724344138,0.4741894217314381,0.4901997426506426,0.5098002573493574,True,0.4300614323485334,0.0002150307161742,189.67924910502157
2008-03-27,2.0754825463425144,1.023130290893849,0.463687291048067,0.4846758816024104,0.5153241183975896,False,0.0,0.0,189.67924910502157
2008-03-28,2.055859068333702,1.0133444376399954,0.4613535522129242,0.4797570368914343,0.5202429631085657,False,0.0,0.0,189.67924910502157
2008-03-31,2.080180972521096,1.0168889677757027,0.4637936118311376,0.4858398247209743,0.5141601752790257,False,0.0,0.0,189.67924910502157
2008-04-01,2.1475704229487094,1.0526420070821385,0.4836308861167602,0.5019738575208136,0.4980261424791864,False,0.0,0.0,189.67924910502157
2008-04-02,2.1753128631936014,1.0533356699378356,0.4825698432953526,0.5054020871707213,0.4945979128292787,True,0.2192078779874741,0.0001096039389937,189.89845698300903
2008-04-03,2.1809293496192983,1.0559552615131758,0.4836308861167602,0.5066758113581045,0.4933241886418955,False,0.0,0.0,189.89845698300903
2008-04-04,2.146907214262425,1.0547999506688597,0.486495099297186,0.4988580807131586,0.5011419192868414,False,0.0,0.0,189.89845698300903
2008-04-07,2.2076892765167018,1.0553395392269855,0.4854343388682979,0.5126555112031873,0.4873444887968127,False,0.0,0.0,189.89845698300903
2008-04-08,2.161554542510549,1.0542602799815772,0.4817213008438298,0.5022539655017814,0.4977460344982186,False,0.0,0.0,189.89845698300903
2008-04-09,2.114885584456156,1.0466317132811929,0.4763112249817338,0.4905965190320358,0.5094034809679642,True,0.412607463563948,0.0002063037317819,190.31106444657297
2008-04-10,2.11495262937306,1.0480959940122163,0.4831003647060558,0.4906126673436236,0.5093873326563764,False,0.0,0.0,190.31106444657297
2008-04-11,2.082363630622211,1.027753751758339,0.4697338796459997,0.4826407536473224,0.5173592463526776,False,0.0,0.0,190.31106444657297
2008-04-14,2.051304841607414,1.0242860945131045,0.4676120763957041,0.474807421735167,0.525192578264833,False,0.0,0.0,190.31106444657297
2008-04-15,2.0676124021491806,1.0266751495461826,0.468248871524059,0.4789496921903247,0.5210503078096753,False,0.0,0.0,190.31106444657297
2008-04-16,2.113170331531508,1.0544913092987778,0.4812968648890993,0.5064477258939197,0.4935522741060802,True,0.2009830057971462,0.0001004915028985,190.51204745237013
2008-04-17,2.113481397173406,1.056032545049431,0.48023615152563,0.5065203677232542,0.4934796322767458,False,0.0,0.0,190.51204745237013
2008-04-18,2.131693789500779,1.067051649717108,0.4955120335969384,0.5107364726407888,0.4892635273592112,False,0.0,0.0,190.51204745237013
2008-04-21,2.1269671873864757,1.0675909918877644,0.4990128536440412,0.5096492184336805,0.4903507815663195,False,0.0,0.0,190.51204745237013
2008-04-22,2.0891366798075137,1.062890493874489,0.4915867775951039,0.5007698477645945,0.4992301522354054,False,0.0,0.0,190.51204745237013
2008-04-23,2.0677551993759065,1.06119551234289,0.4969972770459772,0.4922724932091843,0.5077275067908157,True,0.011457999397409,5.7289996987045096e-06,190.52350545176756
2008-04-24,2.117992103590678,1.065818480432441,0.5014527720659967,0.5043153417555095,0.4956846582444905,False,0.0,0.0,190.52350545176756
2008-04-25,2.136586250176023,1.0756816993517069,0.5001796995289032,0.5086291545935101,0.4913708454064899,False,0.0,0.0,190.52350545176756
2008-04-28,2.1486823600478915,1.0759128929272204,0.5011344686326576,0.5113953502138519,0.4886046497861481,False,0.0,0.0,190.52350545176756
2008-04-29,2.1407919455946143,1.071674699935815,0.5049533567860002,0.5095944777850553,0.4904055222149447,False,0.0,0.0,190.52350545176756
2008-04-30,2.143919524704665,1.065356257539727,0.5008162593301588,0.5000138720108485,0.4999861279891515,True,0.610445770490389,0.0003052228852451,191.13395122225796
2008-05-01,2.1566520635063786,1.087393809841829,0.5166226628121716,0.502965712450326,0.497034287549674,False,0.0,0.0,191.13395122225796
2008-05-02,2.165767807966659,1.090398669290254,0.5173652139385608,0.5050577361366297,0.4949422638633702,False,0.0,0.0,191.13395122225796
2008-05-05,2.188781912407653,1.085158993364635,0.515879970489522,0.5102618420771272,0.4897381579228728,False,0.0,0.0,191.13395122225796
2008-05-06,2.1807742752195267,1.094560071520343,0.5190625812341259,0.5084635608288612,0.4915364391711387,False,0.0,0.0,191.13395122225796
2008-05-07,2.171526034951339,1.075065730678047,0.509620975652546,0.4981837628598565,0.5018162371401435,True,0.2082079832645362,0.0001041039916322,191.34215920552248
2008-05-08,2.1881046480165107,1.0722914077718837,0.5134401461984067,0.5019858740764792,0.4980141259235208,False,0.0,0.0,191.34215920552248
2008-05-09,2.17052379273132,1.07028762061189,0.5114243813386635,0.4979520485514318,0.5020479514485682,False,0.0,0.0,191.34215920552248
2008-05-12,2.189866145968287,1.082308290342938,0.5207596190717538,0.5023864697313255,0.4976135302686745,False,0.0,0.0,191.34215920552248
2008-05-13,2.197372598318885,1.0824623646405092,0.5221387770648201,0.5040863690824106,0.4959136309175894,False,0.0,0.0,191.34215920552248
2008-05-14,2.205198603563635,1.0846967704719208,0.5209719311799581,0.5006070750245917,0.4993929249754083,True,0.4053458788070762,0.0002026729394035,191.7475050843296
2008-05-15,2.217555432432789,1.0982581010495265,0.5300949980011022,0.5033898297743198,0.4966101702256802,False,0.0,0.0,191.7475050843296
2008-05-16,2.212843490779856,1.099259994629523,0.5305193868904138,0.5023323676645473,0.4976676323354527,False,0.0,0.0,191.7475050843296
2008-05-19,2.2023717990451948,1.1022651825945742,0.526700404606231,0.4999660905289631,0.5000339094710369,False,0.0,0.0,191.7475050843296
2008-05-20,2.196046424921374,1.0933273128814585,0.5226692984755232,0.4985258197240714,0.5014741802759286,False,0.0,0.0,191.7475050843296
2008-05-21,2.1612319636769177,1.074834044327594,0.5111062191015848,0.4916251477898318,0.5083748522101681,True,0.0212240269049837,1.0612013452491882e-05,191.7687291112345
2008-05-22,2.167965234943888,1.0749879543668526,0.5129095306568633,0.4932040595408433,0.5067959404591567,False,0.0,0.0,191.7687291112345
2008-05-23,2.156261596770493,1.060578804506822,0.5113184370789501,0.4904533003918778,0.5095466996081222,False,0.0,0.0,191.7687291112345
2008-05-27,2.154704909566624,1.068438072007781,0.5203355125749605,0.4900851734973169,0.509914826502683,False,0.0,0.0,191.7687291112345
2008-05-28,2.1840505079122803,1.0733700921131963,0.522457080498158,0.4969365515377208,0.5030634484622791,False,0.0,0.0,191.7687291112345
2008-05-29,2.193492812851934,1.0787642529821693,0.5271246522992836,0.4992401405975399,0.50075985940246,True,0.2147263850203159,0.0001073631925101,191.9834554962549
2008-05-30,2.2041905615222364,1.081460717447982,0.5305193868904138,0.5016705126413997,0.4983294873586003,False,0.0,0.0,191.9834554962549
2008-06-02,2.2002918242214062,1.07028762061189,0.5240484094031705,0.5007875135141563,0.4992124864858437,False,0.0,0.0,191.9834554962549
2008-06-03,2.2121265776501646,1.0640464617520566,0.5211841020919046,0.5034582723874541,0.4965417276125459,False,0.0,0.0,191.9834554962549
2008-06-04,2.2121718711542204,1.063507201710557,0.527867203425673,0.5034684389188374,0.4965315610811626,False,0.0,0.0,191.9834554962549
2008-06-05,2.2244471913797152,1.0847737254915502,0.5362477191204276,0.5029236249916338,0.4970763750083662,True,0.404322642824572,0.0002021613214122,192.38777813907944
2008-06-06,2.189592207434271,1.0501761612877438,0.5201232475321762,0.4950109237079192,0.5049890762920808,False,0.0,0.0,192.38777813907944
2008-06-09,2.1954280511359747,1.0527191263600806,0.5173652139385608,0.4963532757466404,0.5036467242533595,False,0.0,0.0,192.38777813907944
2008-06-10,2.172520653333317,1.047479368305305,0.5149252484511864,0.4910427458574191,0.5089572541425809,False,0.0,0.0,192.38777813907944
2008-06-11,2.161680260709565,1.0320688176402166,0.5025133442332069,0.4884904273837328,0.5115095726162672,False,0.0,0.0,192.38777813907944
2008-06-12,2.1654448154196504,1.0359985335198527,0.5030440068401691,0.4964502712130176,0.5035497287869823,True,0.2094263704457254,0.0001047131852228,192.5972045095252
2008-06-13,2.1865182235172904,1.0490978875922132,0.5131218427650689,0.5013034248789928,0.4986965751210072,False,0.0,0.0,192.5972045095252
2008-06-16,2.195949308079235,1.049713856265873,0.5176833291102207,0.503445209096604,0.496554790903396,False,0.0,0.0,192.5972045095252
2008-06-17,2.18676108736728,1.044628665283608,0.5149252484511864,0.5013588106140464,0.4986411893859536,False,0.0,0.0,192.5972045095252
2008-06-18,2.1786797817637176,1.0344577905441383,0.5094088518060197,0.4995092171714117,0.5004907828285883,False,0.0,0.0,192.5972045095252
2008-06-19,2.1906349384538277,1.035767339944339,0.5173652139385608,0.5016165871944673,0.4983834128055326,True,0.2105109513784998,0.0001052554756892,192.8077154609037
2008-06-20,2.176981603133435,1.018955419482097,0.5033949266093498,0.4984908851474857,0.5015091148525143,False,0.0,0.0,192.8077154609037
2008-06-23,2.189055573513738,1.017948351765241,0.4994671290748528,0.5012570123630055,0.4987429876369945,False,0.0,0.0,192.8077154609037
2008-06-24,2.1972863611202067,1.0159350376230951,0.4969193837763966,0.503125247507087,0.496874752492913,False,0.0,0.0,192.8077154609037
2008-06-25,2.210690543376772,1.0207358153364428,0.5049872438881748,0.5061379711834311,0.4938620288165689,False,0.0,0.0,192.8077154609037
2008-06-26,2.1780416400960023,0.9930129543056176,0.4846052344351042,0.4949578930818637,0.5050421069181363,True,0.4253048071948164,0.0002126524035974,193.23302026809847
2008-06-27,2.189967052495802,0.9875916908150036,0.4846052344351042,0.4977080876098583,0.5022919123901417,False,0.0,0.0,193.23302026809847
2008-06-30,2.1928898081151864,0.991076759441414,0.4795096026419327,0.4983775587816774,0.5016224412183226,False,0.0,0.0,193.23302026809847
2008-07-01,2.187798918156536,0.994174342707514,0.486303590104483,0.4972103104446211,0.5027896895553788,False,0.0,0.0,193.23302026809847
2008-07-02,2.09911916941458,0.9771374704856508,0.4746264712186447,0.475969370916518,0.524030629083482,False,0.0,0.0,193.23302026809847
2008-07-03,2.094046515823384,0.978144127556724,0.4737771286549863,0.4981996856276999,0.5018003143723001,True,0.2168405542624686,0.0001084202771312,193.44986082236093
2008-07-07,2.110904191836563,0.9681545118656234,0.4766434597792985,0.5022070617822945,0.4977929382177055,False,0.0,0.0,193.44986082236093
2008-07-08,2.1157260402227163,0.9853457047725276,0.488002369362639,0.5033415574732066,0.4966584425267933,False,0.0,0.0,193.44986082236093
2008-07-09,2.1001076934370797,0.9663736232363384,0.4750509071733753,0.4996479450867376,0.5003520549132624,False,0.0,0.0,193.44986082236093
2008-07-10,2.113753506871445,0.9703228037260622,0.4806773898351882,0.5028780808479094,0.4971219191520906,False,0.0,0.0,193.44986082236093
2008-07-11,2.128649162946466,0.9590163291398336,0.4730337303510424,0.5044439442738723,0.4955560557261277,True,0.214989747142563,0.0001074948735712,193.6648505695035
2008-07-14,2.094518081396876,0.9503429153106094,0.4695308394254733,0.4963686431816509,0.503631356818349,False,0.0,0.0,193.6648505695035
2008-07-15,2.096439256394432,0.9369460894334494,0.469636924881446,0.4968301704917094,0.5031698295082906,False,0.0,0.0,193.6648505695035
2008-07-16,2.0883792209546046,0.959945784803808,0.4813141378981231,0.4948882019941322,0.5051117980058677,False,0.0,0.0,193.6648505695035
2008-07-17,2.046811207625776,0.9695483257803806,0.4844989607174524,0.4846300531849846,0.5153699468150154,False,0.0,0.0,193.6648505695035
2008-07-18,2.035479947448271,0.9755889252400703,0.4733525044385764,0.4975176508235715,0.5024823491764285,True,0.0254809129762995,1.274045648814976e-05,193.6903314824798
2008-07-21,2.073094890080393,0.9761305670271084,0.4753694929992314,0.5066348624034005,0.4933651375965995,False,0.0,0.0,193.6903314824798
2008-07-22,2.033082732542115,0.9872046982296324,0.4753694929992314,0.4969251721416932,0.5030748278583068,False,0.0,0.0,193.6903314824798
2008-07-23,2.02630461837122,0.9925480211507391,0.4816327707893992,0.4952423557532728,0.5047576442467272,False,0.0,0.0,193.6903314824798
2008-07-24,2.0191403036269757,0.9719491252828368,0.4744140179141815,0.4934513744002428,0.5065486255997572,False,0.0,0.0,193.6903314824798
2008-07-25,2.0235644483947577,0.9717168640282888,0.4805712573137955,0.500519987756205,0.499480012243795,True,0.4179843958318277,0.0002089921979159,194.10831587831163
2008-07-28,2.0256538507108077,0.9574679481525662,0.471547827986127,0.5010351866852009,0.4989648133147991,False,0.0,0.0,194.10831587831163
2008-07-29,2.0605251915757967,0.9779119484313324,0.4813141378981231,0.5094794280639872,0.4905205719360128,False,0.0,0.0,194.10831587831163
2008-07-30,2.1095349765129754,0.9953358953677232,0.4837559389368657,0.5208754504127535,0.4791245495872465,False,0.0,0.0,194.10831587831163
2008-07-31,2.0540128893699205,0.982171330745111,0.4825881046781914,0.5079242196136515,0.4920757803863484,False,0.0,0.0,194.10831587831163
2008-08-01,2.04646365793555,0.9769827391548276,0.4764311006056741,0.4941951380149736,0.5058048619850264,True,0.2374544512934603,0.0001187272256467,194.3457703296051
2008-08-04,1.9854055252174143,0.9679221684819188,0.4716537722458405,0.4786398773892237,0.5213601226107762,False,0.0,0.0,194.3457703296051
2008-08-05,1.9861175591167577,0.9940196113766906,0.48757755688455,0.4788267878162329,0.5211732121837671,False,0.0,0.0,194.3457703296051
2008-08-06,2.004663482955835,0.9984333965046668,0.4950085277371344,0.4836483644959634,0.5163516355040366,False,0.0,0.0,194.3457703296051
2008-08-07,1.986759342916265,0.9835649804015556,0.4911869568548702,0.4789951426426537,0.5210048573573463,False,0.0,0.0,194.3457703296051
2008-08-08,1.9986351694982856,1.0018408530781957,0.502333460199165,0.5068716045367478,0.4931283954632521,True,0.4142977505729545,0.0002071488752864,194.7600680801781
2008-08-11,1.9920080003229448,1.0122177898712934,0.5068980528620171,0.5052310261347688,0.4947689738652312,False,0.0,0.0,194.7600680801781
2008-08-12,1.986135425722467,1.001686039618216,0.5074286684035604,0.503768100862204,0.496231899137796,False,0.0,0.0,194.7600680801781
2008-08-13,1.9947216181692708,0.9956456044168392,0.5063673902550547,0.5059041094888868,0.4940958905111132,False,0.0,0.0,194.7600680801781
2008-08-14,2.009274423866611,1.0031573834566978,0.512205996763394,0.5094827552950806,0.4905172447049194,False,0.0,0.0,194.7600680801781
2008-08-15,2.011868543429617,1.0080362659978652,0.5112505216783427,0.5002958436933098,0.4997041563066902,True,0.2159328748765207,0.0001079664374382,194.9760009550546
2008-08-18,2.0027800578630504,0.9942517083729254,0.505305641452353,0.4980282187515113,0.5019717812484887,False,0.0,0.0,194.9760009550546
2008-08-19,2.001794745066561,0.983410249070732,0.4990424107276041,0.497781140862652,0.502218859137348,False,0.0,0.0,194.9760009550546
2008-08-20,2.005036035288191,0.987978847658688,0.4998915650295834,0.4985930150876487,0.5014069849123513,False,0.0,0.0,194.9760009550546
2008-08-21,2.012598090000696,0.9896828633975002,0.4975564612972697,0.5004769814254773,0.4995230185745227,False,0.0,0.0,194.9760009550546
2008-08-22,2.0244750833232805,1.0040093091969475,0.5041379013245164,0.5035251066858899,0.4964748933141101,True,0.2242489138874944,0.0001121244569437,195.20024986894208
2008-08-25,2.012812709350848,0.9836424281961236,0.493522437110541,0.5006484973288177,0.4993515026711823,False,0.0,0.0,195.20024986894208
2008-08-26,2.008840734627652,0.986507503820206,0.492885406655088,0.4996611559670011,0.5003388440329989,False,0.0,0.0,195.20024986894208
2008-08-27,2.02342888975772,0.9961103733134046,0.496069947081899,0.503268409333452,0.496731590666548,False,0.0,0.0,195.20024986894208
2008-08-28,2.037615638286255,1.008191243716158,0.5001039712686279,0.5067268663802837,0.4932731336197162,False,0.0,0.0,195.20024986894208
2008-08-29,2.0228555077937056,0.9973492095098692,0.4895945925106251,0.4972910701727731,0.5027089298272269,True,0.0095028110794129,4.751405539706474e-06,195.2097526800215
2008-09-02,2.0135049476974887,0.991154207235982,0.4835436268286615,0.4949565290708851,0.505043470929115,False,0.0,0.0,195.2097526800215
2008-09-03,2.002939087681747,0.9903024457540454,0.4789787988387113,0.4922923349131499,0.5077076650868502,False,0.0,0.0,195.2097526800215
2008-09-04,1.984582735453548,0.9604880014949416,0.4634799678743488,0.4875963045775029,0.5124036954224971,False,0.0,0.0,195.2097526800215
2008-09-05,1.980279971809774,0.9635078084498474,0.4612509025325876,0.486482950898738,0.513517049101262,False,0.0,0.0,195.2097526800215
2008-09-08,1.996119754831472,0.983410249070732,0.4604016070343492,0.4977203231231221,0.5022796768768778,True,0.0331717006411589,1.658585032057946e-05,195.24292438066263
2008-09-09,1.9556566874850976,0.9542153871681732,0.4506348735335758,0.4873280203624983,0.5126719796375017,False,0.0,0.0,195.24292438066263
2008-09-10,1.965199623737058,0.958087119863329,0.4543504530907076,0.4898175364201816,0.5101824635798183,False,0.0,0.0,195.24292438066263
2008-09-11,1.9700788793896908,0.9719491252828368,0.4628430786151548,0.4910810953037056,0.5089189046962944,False,0.0,0.0,195.24292438066263
2008-09-12,1.97326124067511,0.976440522463694,0.4610384492281242,0.4919018501973503,0.5080981498026498,False,0.0,0.0,195.24292438066263
2008-09-15,1.945596526828,0.9299766913430372,0.446707264260758,0.4988112898924348,0.5011887101075652,True,0.0234555945079791,1.1727797253989578e-05,195.26637997517065
2008-09-16,1.9512783785462688,0.9455422197264184,0.4502105317096855,0.5002706818300543,0.4997293181699457,False,0.0,0.0,195.26637997517065
2008-09-17,1.8964701330915603,0.9030274869663292,0.4268558232838118,0.4858284363903524,0.5141715636096476,False,0.0,0.0,195.26637997517065
2008-09-18,1.907730015610268,0.9298220421413704,0.4412932819688285,0.4888632009290088,0.5111367990709912,False,0.0,0.0,195.26637997517065
2008-09-19,1.9221225181572157,0.966748542835706,0.4557191625606031,0.4926904999762729,0.5073095000237271,False,0.0,0.0,195.26637997517065
2008-09-22,1.90461836966358,0.9448616975357592,0.4342610493518266,0.4954954212879466,0.5045045787120533,True,0.2107682688174236,0.0001053841344087,195.47714824398807
2008-09-23,1.901368658460328,0.9233650478582868,0.4309678348709602,0.494633150747072,0.505366849252928,False,0.0,0.0,195.47714824398807
2008-09-24,1.913108515658051,0.926324489883174,0.4339420399371931,0.497734352061129,0.502265647938871,False,0.0,0.0,195.47714824398807
2008-09-25,1.9186661721237248,0.9408116624418684,0.4408472429864623,0.4991892273105652,0.5008107726894349,False,0.0,0.0,195.47714824398807
2008-09-26,1.926605681917282,0.9412788952131284,0.4363856765273041,0.5012530601289806,0.4987469398710193,False,0.0,0.0,195.47714824398807
2008-09-29,1.8415466810539192,0.8675188640296018,0.4017550348529968,0.4811444260358005,0.5188555739641996,True,0.2081879667947675,0.0001040939833973,195.68533621078285
2008-09-30,1.87132082697978,0.9034250742128872,0.4133339752733705,0.4893998151443527,0.5106001848556473,False,0.0,0.0,195.68533621078285
2008-10-01,1.869870220321448,0.9039706581994368,0.408978729597283,0.4890037020773347,0.5109962979226653,False,0.0,0.0,195.68533621078285
2008-10-02,1.8495052458091004,0.8711799354383657,0.3903885712697982,0.4833771018788874,0.5166228981211126,False,0.0,0.0,195.68533621078285
2008-10-03,1.8326967480698575,0.859418465325194,0.3843336756252906,0.478638917657054,0.521361082342946,False,0.0,0.0,195.68533621078285
2008-10-06,1.8209818091952248,0.8156452675002394,0.3703116869325529,0.5035211217044997,0.4964788782955003,True,0.436025719733313,0.0002180128598666,196.12136193051617
2008-10-07,1.733801832175868,0.7791155327608973,0.3468351026024021,0.4785568977677428,0.5214431022322572,False,0.0,0.0,196.12136193051617
2008-10-08,1.7028319507392815,0.7594880605559343,0.3440731390462438,0.4690732660769892,0.5309267339230108,False,0.0,0.0,196.12136193051617
2008-10-09,1.6101648548542395,0.7064458482589048,0.3348314438347808,0.4385177372986456,0.5614822627013544,False,0.0,0.0,196.12136193051617
2008-10-10,1.6071396807820075,0.6893106674367256,0.3327067931265937,0.4374608400025028,0.5625391599974972,False,0.0,0.0,196.12136193051617
2008-10-13,1.6299116644812237,0.7893971176033123,0.3731796182811354,0.4851894294763426,0.5148105705236574,True,0.2403246656640936,0.000120162332832,196.36168659618028
2008-10-14,1.7435795281357906,0.7777137523179607,0.3570328612166622,0.5187510862828888,0.4812489137171112,False,0.0,0.0,196.36168659618028
2008-10-15,1.6699858627338346,0.7011497496027785,0.3250584035677694,0.4975431992453464,0.5024568007546535,False,0.0,0.0,196.36168659618028
2008-10-16,1.7605339737583872,0.7303575879120623,0.342692263165359,0.5233856509434799,0.4766143490565201,False,0.0,0.0,196.36168659618028
2008-10-17,1.7489402322223138,0.725995954798456,0.3431170991761574,0.5202261698625719,0.4797738301374281,False,0.0,0.0,196.36168659618028
2008-10-20,1.7607500329224617,0.7696134357427094,0.3526777567368337,0.4972999550688443,0.5027000449311556,True,0.0768981499782104,3.844907498910521e-05,196.43858474615848
2008-10-21,1.7346129918196904,0.7466362437612285,0.3344063489641736,0.4897253019337108,0.5102746980662892,False,0.0,0.0,196.43858474615848
2008-10-22,1.6593900238594836,0.7059787797459578,0.3251646302200011,0.4665936832595977,0.5334063167404022,False,0.0,0.0,196.43858474615848
2008-10-23,1.5769632671775498,0.7141571190198727,0.3238898162623794,0.4387129116540169,0.5612870883459831,False,0.0,0.0,196.43858474615848
2008-10-24,1.52844549039635,0.6779389001710894,0.3134794866801063,0.4208958538435494,0.5791041461564506,False,0.0,0.0,196.43858474615848
2008-10-27,1.5306126196076426,0.6538716078955437,0.3047686894027036,0.496136597670777,0.503863402329223,True,0.0775899725410123,3.879498627050616e-05,196.5161747186995
2008-10-28,1.5984107105578331,0.7302798116008682,0.3384431500106642,0.51750843693083,0.4824915630691699,False,0.0,0.0,196.5161747186995
2008-10-29,1.666759529228552,0.7249836308155854,0.3375933132600988,0.5372939715421906,0.4627060284578094,False,0.0,0.0,196.5161747186995
2008-10-30,1.6488744002510152,0.7500634934614712,0.3488534089948078,0.5322750586423408,0.4677249413576592,False,0.0,0.0,196.5161747186995
2008-10-31,1.6580634270553103,0.7541915512540256,0.349384612854097,0.4091165651489298,0.5908834348510702,True,0.1543348067585062,7.71674033792531e-05,196.670509525458
2008-11-03,1.6776335516744287,0.7563724910045635,0.3486409556903444,0.5060140057892977,0.4939859942107023,True,0.3259033146653174,0.0001629516573326,196.9964128401233
2008-11-04,1.7433207365414811,0.782075385431567,0.3585203167404265,0.5246270748839881,0.4753729251160119,False,0.0,0.0,196.9964128401233
2008-11-05,1.6665011429085776,0.7492064757135193,0.3398241670878081,0.5027141256568658,0.4972858743431342,False,0.0,0.0,196.9964128401233
2008-11-06,1.6292437903216492,0.7076923224669226,0.3246333792952918,0.4913422516212168,0.5086577483787832,False,0.0,0.0,196.9964128401233
2008-11-07,1.6454962674832634,0.731058724521,0.3313258231148699,0.4963662365441654,0.5036337634558345,False,0.0,0.0,196.9964128401233
2008-11-10,1.622087780638083,0.7214786048041486,0.3268642095902916,0.1904933361682197,0.8095066638317803,True,0.6952736922707845,0.0003476368461353,197.69168653239407
2008-11-11,1.6182708702153397,0.6992027136899184,0.3197467885636572,0.1885840053637617,0.8114159946362383,False,0.0,0.0,197.69168653239407
2008-11-12,1.6109878960052293,0.6684368031529014,0.3049812603707166,0.1849157457962874,0.8150842542037127,False,0.0,0.0,197.69168653239407
2008-11-13,1.6133808351391066,0.7101065090218863,0.3235711598383938,0.1861246649595813,0.8138753350404186,False,0.0,0.0,197.69168653239407
2008-11-14,1.601917647330603,0.6746676548035955,0.3078493329155569,0.1803006415874538,0.8196993584125462,False,0.0,0.0,197.69168653239407
2008-11-17,1.5679431841365352,0.66571060793244,0.3013695071294131,0.4897926846827931,0.5102073153172069,True,0.5260607431763981,0.0002630303715881,198.21774727557047
2008-11-18,1.5718574411672972,0.6782502928679134,0.3010507095091683,0.4910632086621456,0.5089367913378544,False,0.0,0.0,198.21774727557047
2008-11-19,1.5068661974628852,0.6347888573209872,0.2853290708480106,0.4691127295209512,0.5308872704790488,False,0.0,0.0,198.21774727557047
2008-11-20,1.4489512139122849,0.5876667199465012,0.271519370730769,0.4478930174686732,0.5521069825313267,False,0.0,0.0,198.21774727557047
2008-11-21,1.475505555867302,0.6193671370906164,0.2833105997266364,0.4578291627794051,0.5421708372205949,False,0.0,0.0,198.21774727557047
2008-11-24,1.5734931836354271,0.6622833582321974,0.3006258264329511,0.522363156746239,0.477636843253761,True,0.2197869483221795,0.000109893474161,198.43753422389264
2008-11-25,1.594561792511473,0.6671903289448836,0.2992448799539367,0.528674071683849,0.471325928316151,False,0.0,0.0,198.43753422389264
2008-11-26,1.6171744363807865,0.6929716567163331,0.3117798837771063,0.5352645328756787,0.4647354671243213,False,0.0,0.0,198.43753422389264
2008-11-28,1.6563197984664595,0.7016948408143892,0.3093366001776431,0.5462480628386,0.4537519371614,False,0.0,0.0,198.43753422389264
2008-12-01,1.4878966368199822,0.6395400700883942,0.2860725162173758,0.4948853982765838,0.5051146017234163,False,0.0,0.0,198.43753422389264
2008-12-02,1.5140942510782716,0.664152535704707,0.2956330325817929,0.4990546025035233,0.5009453974964767,True,0.4236226568040493,0.000211811328402,198.86115688069668
2008-12-03,1.5303012854219045,0.6801195524695794,0.3040251499025007,0.5043599886643091,0.4956400113356909,False,0.0,0.0,198.86115688069668
2008-12-04,1.517750708452416,0.6643866448652758,0.2954206734081686,0.5002614446301774,0.4997385553698226,False,0.0,0.0,198.86115688069668
2008-12-05,1.5718077512541184,0.68487068310783,0.3074244027739207,0.5174482719986855,0.4825517280013145,False,0.0,0.0,198.86115688069668
2008-12-08,1.5724978164513106,0.7087827512776134,0.3195344529227422,0.5176600320086868,0.4823399679913132,False,0.0,0.0,198.86115688069668
2008-12-09,1.5529366573661836,0.6970995502505746,0.3187909134225393,0.3971975560437402,0.6028024439562598,True,0.5139799543328625,0.0002569899771664,199.37513683502956
2008-12-10,1.5685757087187533,0.7018507219534033,0.3177284821712515,0.4032076315052471,0.5967923684947529,False,0.0,0.0,199.37513683502956
2008-12-11,1.538081272476222,0.6849491164522759,0.3090178496228185,0.3913754564721337,0.6086245435278663,False,0.0,0.0,199.37513683502956
2008-12-12,1.5304173772107024,0.6931275378553473,0.3152852691699178,0.3883276377351802,0.6116723622648198,False,0.0,0.0,199.37513683502956
2008-12-15,1.5069580399156346,0.6834687384065804,0.3097615067865711,0.3788055224006055,0.6211944775993945,False,0.0,0.0,199.37513683502956
2008-12-16,1.5449003258208038,0.7156366757740033,0.3246333792952918,0.5075860136551683,0.4924139863448317,True,0.4865263464875187,0.0002432631732437,199.86166318151703
2008-12-17,1.5429959732718588,0.7087046464497933,0.3207029460972933,0.5069782804878268,0.4930217195121732,False,0.0,0.0,199.86166318151703
2008-12-18,1.5301450144638815,0.6954641123574298,0.3150729099962935,0.5028376260080234,0.4971623739919766,False,0.0,0.0,199.86166318151703
2008-12-19,1.535779030298867,0.6924719829282603,0.3176579781725616,0.5046614695638796,0.4953385304361204,False,0.0,0.0,199.86166318151703
2008-12-22,1.5223638747700188,0.6835992005716615,0.3107431737776762,0.5002965187558899,0.4997034812441101,False,0.0,0.0,199.86166318151703
2008-12-23,1.5241795618448732,0.6765327668828589,0.309147326592375,0.1988147233008219,0.801185276699178,True,0.5017552057089901,0.0002508776028544,200.3634183872261
2008-12-24,1.5280495941258858,0.6804583763046705,0.3099985753055301,0.200843854355087,0.799156145644913,False,0.0,0.0,200.3634183872261
2008-12-26,1.5276609850100398,0.6843849712763601,0.3098919956626507,0.2006405635947488,0.7993594364052512,False,0.0,0.0,200.3634183872261
2008-12-29,1.5278130800733416,0.6824215916613589,0.30733888490635,0.2007201404917309,0.7992798595082691,False,0.0,0.0,200.3634183872261
2008-12-30,1.5297637926968313,0.6985970111608196,0.3137217794606506,0.2017393601379846,0.7982606398620153,False,0.0,0.0,200.3634183872261
2008-12-31,1.5508955238701645,0.7085686405666491,0.3163813992617011,0.5074826831175215,0.4925173168824784,True,0.7009336947163425,0.0003504668473581,201.0643520819424
2009-01-02,1.5848186398218993,0.729926491969657,0.3301047108011093,0.3118941212674512,0.6881058787325488,True,0.2112130138239034,0.0001056065069119,201.27556509576632
2009-01-05,1.5885246253254202,0.7290627396308731,0.3299983429526186,0.3134994538954851,0.6865005461045148,False,0.0,0.0,201.27556509576632
2009-01-06,1.5944753022426874,0.733930945381697,0.3332962404427446,0.3160615148741968,0.6839384851258031,False,0.0,0.0,201.27556509576632
2009-01-07,1.5613388376201776,0.7119453808356518,0.3238281370298806,0.3015462137298995,0.6984537862701005,False,0.0,0.0,201.27556509576632
2009-01-08,1.5655468950824032,0.714850617617257,0.3272322847049477,0.5030275004546999,0.4969724995453001,True,0.6074433005829696,0.0003037216502914,201.88300839634928
2009-01-09,1.5425866711092446,0.699539114714893,0.3198919383179697,0.4956304445149808,0.5043695554850192,False,0.0,0.0,201.88300839634928
2009-01-12,1.5068719757395543,0.6827356124911905,0.3140410477350928,0.4836762736777052,0.5163237263222947,False,0.0,0.0,201.88300839634928
2009-01-13,1.5235201737329802,0.6839919421979869,0.3141473920508741,0.4893183779128301,0.5106816220871698,False,0.0,0.0,201.88300839634928
2009-01-14,1.4675534234675265,0.6624775526227131,0.3045729207895182,0.4698429773233389,0.5301570226766611,False,0.0,0.0,201.88300839634928
2009-01-15,1.4789435934938342,0.6627127294623164,0.3095729391825972,0.5034097292151247,0.4965902707848753,True,0.3933660165118158,0.0001966830082559,202.2763744128611
2009-01-16,1.4958701130021688,0.6678951613658634,0.3129770868576655,0.5090288968373855,0.4909711031626145,False,0.0,0.0,202.2763744128611
2009-01-20,1.4619273329401032,0.6326394551665407,0.2974453571649418,0.4976296133053078,0.5023703866946923,False,0.0,0.0,202.2763744128611
2009-01-21,1.4916937731809985,0.6599645646924944,0.3101048254904724,0.5076543103062573,0.4923456896937427,False,0.0,0.0,202.2763744128611
2009-01-22,1.4638751525083262,0.6497570603492314,0.3059558204834504,0.4982980629801469,0.5017019370198531,False,0.0,0.0,202.2763744128611
2009-01-23,1.4703721751992935,0.6525840691092819,0.3074452762875515,0.5080596399539015,0.4919403600460985,True,0.2331034529619134,0.0001165517264809,202.50947786582304
2009-01-26,1.4967311030026502,0.6570594921692022,0.3096794246946376,0.5167232004344706,0.4832767995655294,False,0.0,0.0,202.50947786582304
2009-01-27,1.5080771416778525,0.6637335538128836,0.3119133613073364,0.5203591399412507,0.4796408600587493,False,0.0,0.0,202.50947786582304
2009-01-28,1.5494970978736942,0.6861907039754827,0.3228706851972033,0.5331805278874634,0.4668194721125366,False,0.0,0.0,202.50947786582304
2009-01-29,1.5406705706305337,0.6638906258246667,0.3146792783587481,0.5305061113919547,0.4694938886080453,False,0.0,0.0,202.50947786582304
2009-01-30,1.5077113804341389,0.6503855126546774,0.309147326592375,0.4897791268658688,0.5102208731341312,True,0.6300014961473669,0.0003150007480736,203.1394793619704
2009-02-02,1.4852447585298951,0.6484224204917237,0.3128708131400137,0.4820612477900298,0.5179387522099702,False,0.0,0.0,203.1394793619704
2009-02-03,1.508129949075949,0.6575309135274431,0.3177643695537618,0.4899207343301472,0.5100792656698527,False,0.0,0.0,203.1394793619704
2009-02-04,1.4875046024899548,0.6543112042056456,0.3181899350785651,0.4828481097324422,0.5171518902675578,False,0.0,0.0,203.1394793619704
2009-02-05,1.4893045392007518,0.664047862094763,0.3252110602565211,0.4834731267439731,0.5165268732560269,False,0.0,0.0,203.1394793619704
2009-02-06,1.5313353071599447,0.682971158911998,0.3337217589021278,0.5118954938789066,0.4881045061210933,True,0.0580388373583191,2.9019418679159567e-05,203.1975181993287
2009-02-09,1.5136950712500905,0.6839136731118539,0.3351046585960588,0.5062072421298089,0.493792757870191,False,0.0,0.0,203.1975181993287
2009-02-10,1.4501409165520056,0.6525840691092819,0.3227643173487112,0.484566185757788,0.5154338142422119,False,0.0,0.0,203.1975181993287
2009-02-11,1.4630391228182782,0.6564312862512257,0.3212749792081599,0.4891102690628887,0.5108897309371113,False,0.0,0.0,203.1975181993287
2009-02-12,1.4648746768060636,0.6569024612219971,0.3252110602565211,0.4897504369201041,0.5102495630798958,False,0.0,0.0,203.1975181993287
2009-02-13,1.4260178088874782,0.6498355758228339,0.3237217221159697,0.4854269005515406,0.5145730994484594,True,0.5908417668594856,0.0002954208834297,203.78835996618815
2009-02-17,1.3610000282855106,0.6220393734552653,0.310849541626167,0.4608446814565414,0.5391553185434586,False,0.0,0.0,203.78835996618815
2009-02-18,1.3680628883384247,0.6205474562630832,0.3110621831923096,0.4636281635567552,0.5363718364432448,False,0.0,0.0,203.78835996618815
2009-02-19,1.331841811997302,0.613872901844463,0.3062750416924725,0.4490408716876826,0.5509591283123174,False,0.0,0.0,203.78835996618815
2009-02-20,1.3202542217657949,0.6079058490444083,0.3071261727420779,0.4442052207138474,0.5557947792861526,False,0.0,0.0,203.78835996618815
2009-02-23,1.2496516391433328,0.5861554613379663,0.2963813727548052,0.4639066897867632,0.5360933102132368,True,0.4350488900821377,0.000217524445041,204.2234088562703
2009-02-24,1.340155373369491,0.6083766133693972,0.306168556180432,0.500110287841198,0.4998897121588019,False,0.0,0.0,204.2234088562703
2009-02-25,1.311429333745376,0.6035871284150669,0.3041474493955551,0.4891605162373021,0.5108394837626979,False,0.0,0.0,204.2234088562703
2009-02-26,1.251837332498262,0.5937719550523469,0.2956367978153685,0.4648427024421905,0.5351572975578095,False,0.0,0.0,204.2234088562703
2009-02-27,1.1872393766650386,0.5805019776573825,0.2928708101658272,0.435724676077049,0.564275323922951,False,0.0,0.0,204.2234088562703
2009-03-02,1.1202592296786085,0.5543546413000445,0.2834028008838022,0.4792475128569455,0.5207524871430544,True,0.2211297661887992,0.0001105648830943,204.4445386224591
2009-03-03,1.0939185422354414,0.5501930337470647,0.2831900887195301,0.4667082076258121,0.5332917923741879,False,0.0,0.0,204.4445386224591
2009-03-04,1.1376766782539085,0.5632275879149563,0.2907431472707802,0.4872200588699261,0.512779941130074,False,0.0,0.0,204.4445386224591
2009-03-05,1.075824797202391,0.5402210347600309,0.28201990118987,0.457739046713618,0.542260953286382,False,0.0,0.0,204.4445386224591
2009-03-06,1.037796843060181,0.5411631383141043,0.2797857998482039,0.4378689971922879,0.5621310028077121,False,0.0,0.0,204.4445386224591
2009-03-09,1.0481359398227206,0.5348030153710983,0.273828447285996,0.5109312215498018,0.4890687784501982,True,0.4378147332582063,0.0002189073666291,204.8823533557173
2009-03-10,1.1836806327271012,0.5666823098180442,0.2907431472707802,0.566935075588897,0.433064924411103,False,0.0,0.0,204.8823533557173
2009-03-11,1.2119197094852532,0.5703727424002526,0.2952112793559853,0.5770259698502855,0.4229740301497144,False,0.0,0.0,204.8823533557173
2009-03-12,1.290528172006844,0.5928298104336953,0.304998509847031,0.6027901018683612,0.3972098981316387,False,0.0,0.0,204.8823533557173
2009-03-13,1.3269487112911926,0.5974623876345553,0.3057430847864676,0.6136922554903794,0.3863077445096206,False,0.0,0.0,204.8823533557173
2009-03-16,1.3262107536126726,0.5956564906771198,0.3006368397411569,0.486121689451206,0.513878310548794,True,0.7249443183799991,0.0003624721591899,205.6072976740973
2009-03-17,1.3500439587146682,0.613872901844463,0.3120197056231165,0.4951935178859162,0.5048064821140837,False,0.0,0.0,205.6072976740973
2009-03-18,1.379213092804201,0.6276143416622465,0.3159558808023179,0.5058697274164632,0.4941302725835368,False,0.0,0.0,205.6072976740973
2009-03-19,1.343335370453123,0.6198406938069261,0.3157430274417867,0.4926725250536352,0.5073274749463648,False,0.0,0.0,205.6072976740973
2009-03-20,1.3236341633375603,0.6066419223906367,0.3109372715684631,0.4851213723740071,0.5148786276259929,False,0.0,0.0,205.6072976740973
2009-03-23,1.3971705620767234,0.6502162855277339,0.3292653461064254,0.5162018267531301,0.4837981732468699,True,0.2348490610141976,0.000117424530507,205.8421467351115
2009-03-24,1.378525671332755,0.637404712019707,0.3231915066304942,0.5096583402806594,0.4903416597193406,False,0.0,0.0,205.8421467351115
2009-03-25,1.396417109174764,0.6441269424136686,0.3246833863037093,0.5159407878878794,0.4840592121121205,False,0.0,0.0,205.8421467351115
2009-03-26,1.4328168937670145,0.6572548363679088,0.3346998489213378,0.5282379984577882,0.4717620015422118,False,0.0,0.0,205.8421467351115
2009-03-27,1.4132876870859088,0.6453924705859916,0.3284128736923573,0.5217190584595159,0.478280941540484,False,0.0,0.0,205.8421467351115
2009-03-30,1.3631816020223697,0.6230909962395154,0.3203143269269434,0.4885361982117735,0.5114638017882265,True,0.4160643367014274,0.0002080321683507,206.25821107181287
2009-03-31,1.3711537222453136,0.628863977842789,0.3230849975857443,0.4915099354750637,0.5084900645249363,False,0.0,0.0,206.25821107181287
2009-04-01,1.4033279437099258,0.6410426640709196,0.3278801402069287,0.5031681312816185,0.4968318687183815,False,0.0,0.0,206.25821107181287
2009-04-02,1.4350867405578596,0.6597852767438812,0.3384294539735354,0.5141631338415841,0.4858368661584159,False,0.0,0.0,206.25821107181287
2009-04-03,1.4402076149135672,0.6663492031887122,0.3447163350716758,0.515890599745253,0.484109400254747,False,0.0,0.0,206.25821107181287
2009-04-06,1.4384371130122804,0.6611295667772762,0.3438637214613498,0.5055580705459191,0.4944419294540809,True,0.0127331534304729,6.36657671523648e-06,206.2709442252434
2009-04-07,1.4221078723172944,0.6457087089030485,0.3348064050315078,0.4998806803613101,0.5001193196386898,False,0.0,0.0,206.2709442252434
2009-04-08,1.4113382835734147,0.6526681693655255,0.3404539259359201,0.4960643880818007,0.5039356119181992,False,0.0,0.0,206.2709442252434
2009-04-09,1.450059168387238,0.6786071851174318,0.3510032161698174,0.5095209650326367,0.4904790349673633,False,0.0,0.0,206.2709442252434
2009-04-13,1.4611660568656766,0.6787648730978887,0.3504704356189687,0.5132492859286752,0.4867507140713247,False,0.0,0.0,206.2709442252434
2009-04-14,1.4371756183884328,0.6670606470067892,0.3462081441467614,0.4953980557142303,0.5046019442857697,True,0.2174390990435155,0.0001087195495217,206.4883833242869
2009-04-15,1.4419105765297648,0.6741784114183967,0.3452491156225245,0.4970550718448548,0.5029449281551451,False,0.0,0.0,206.4883833242869
2009-04-16,1.4367011925967457,0.6840638462744921,0.3541999936057461,0.4952314266488838,0.5047685733511161,False,0.0,0.0,206.4883833242869
2009-04-17,1.4387767311369926,0.6886503900831408,0.3549459099096443,0.4959595914886555,0.5040404085113446,False,0.0,0.0,206.4883833242869
2009-04-20,1.3909812357004183,0.6597852767438812,0.3435441472616801,0.4786402629265256,0.5213597370734744,False,0.0,0.0,206.4883833242869
2009-04-21,1.422311676377251,0.6726757353067147,0.3483393369482845,0.5142514120620065,0.4857485879379934,True,0.2184643874990199,0.0001092321937495,206.7068477117859
2009-04-22,1.3988902118039386,0.6685634052476277,0.3494048745172713,0.5061185770132466,0.4938814229867534,False,0.0,0.0,206.7068477117859
2009-04-23,1.3962316127081311,0.6751271674341457,0.3528146229772822,0.5051781651985893,0.4948218348014107,False,0.0,0.0,206.7068477117859
2009-04-24,1.403932656613931,0.6853291691239239,0.3589950656288022,0.5078924297734617,0.4921075702265383,False,0.0,0.0,206.7068477117859
2009-04-27,1.3912815559441711,0.6788442919922126,0.3594212900694809,0.5034176328607248,0.4965823671392751,False,0.0,0.0,206.7068477117859
2009-04-28,1.3939922770686786,0.6767090981818387,0.356757410847948,0.504898707002822,0.495101292997178,True,0.3998479182929075,0.0001999239591464,207.10669563007883
2009-04-29,1.4236884408334722,0.6911019043397282,0.3616590154484634,0.5152258324154566,0.4847741675845434,False,0.0,0.0,207.10669563007883
2009-04-30,1.4421741476556045,0.6913392576019783,0.3652820643904922,0.5214396403328144,0.4785603596671856,False,0.0,0.0,207.10669563007883
2009-05-01,1.456289103996692,0.6950563410954671,0.3662410693820184,0.5260780452791531,0.4739219547208468,False,0.0,0.0,207.10669563007883
2009-05-04,1.5117323895300392,0.7187019001524471,0.3734870496025264,0.5434592897626944,0.4565407102373056,False,0.0,0.0,207.10669563007883
2009-05-05,1.5034169204829275,0.7162500163146553,0.3731674989355661,0.4989771375814485,0.5010228624185515,True,0.0738594806106487,3.692974030532438e-05,207.18055511068948
2009-05-06,1.496782828721092,0.7286664664508187,0.3732738903167676,0.496756487009914,0.503243512990086,False,0.0,0.0,207.18055511068948
2009-05-07,1.4646190803918555,0.7185436372678947,0.364536101021174,0.4857050143663901,0.5142949856336099,False,0.0,0.0,207.18055511068948
2009-05-08,1.4942166386146756,0.7353089083692521,0.3647493309050636,0.4958922090392508,0.5041077909607492,False,0.0,0.0,207.18055511068948
2009-05-11,1.4738169502303542,0.7215486609746328,0.3660280042270998,0.4889146519918165,0.5110853480081835,False,0.0,0.0,207.18055511068948
2009-05-12,1.4429100813748703,0.7194134671642588,0.3615524593382934,0.4871447306487365,0.5128552693512635,True,0.3954650476511035,0.0001977325238255,207.57602015834055
2009-05-13,1.4056351473582591,0.7013037417711935,0.3518557121165937,0.4735447247289447,0.5264552752710553,False,0.0,0.0,207.57602015834055
2009-05-14,1.4257090066905531,0.7073140355721391,0.3557984764545514,0.4809571694080076,0.5190428305919924,False,0.0,0.0,207.57602015834055
2009-05-15,1.4075755121352798,0.7015406843876613,0.3555852701033724,0.4742704515293941,0.5257295484706059,False,0.0,0.0,207.57602015834055
2009-05-18,1.4573997037837785,0.7214696527260914,0.3648559105479431,0.4922435921237498,0.5077564078762502,False,0.0,0.0,207.57602015834055
2009-05-19,1.4319286713895327,0.7205999049588838,0.3665608083106579,0.4908572078300148,0.5091427921699851,True,0.5936708386576739,0.0002968354193288,208.16969099699827
2009-05-20,1.4277144302244975,0.715775474048468,0.3652820643904922,0.489354350908336,0.510645649091664,False,0.0,0.0,208.16969099699827
2009-05-21,1.39158663665937,0.7054950390142437,0.3585689588516719,0.4760971809202698,0.5239028190797301,False,0.0,0.0,208.16969099699827
2009-05-22,1.379525734683691,0.7039924860962964,0.3573967475089667,0.4715168092846866,0.5284831907153134,False,0.0,0.0,208.16969099699827
2009-05-26,1.3924878098490452,0.7220231211116638,0.3707167084016637,0.4764362339239736,0.5235637660760264,False,0.0,0.0,208.16969099699827
2009-05-27,1.37174998859707,0.7091325393550956,0.3681591734959122,0.4922905291085728,0.5077094708914272,True,0.2176941999357779,0.0001088470999678,208.38738519693405
2009-05-28,1.377576459052587,0.7190182616632387,0.3724214649681195,0.4944378903041679,0.505562109695832,False,0.0,0.0,208.38738519693405
2009-05-29,1.380830322512098,0.7317505805352547,0.3770035894998041,0.4956292242779611,0.5043707757220389,False,0.0,0.0,208.38738519693405
2009-06-01,1.3874460309941214,0.7494647719106738,0.3877657801596516,0.4980341971161754,0.5019658028838245,False,0.0,0.0,208.38738519693405
2009-06-02,1.382678528101512,0.7500974949322572,0.3882986077759204,0.4963034091068141,0.5036965908931859,False,0.0,0.0,208.38738519693405
2009-06-03,1.3469527029722252,0.7406075530292295,0.3871267494238617,0.4889331291044588,0.5110668708955411,True,0.4086011934097208,0.0002043005967048,208.79598639034376
2009-06-04,1.390081794390573,0.7475670134917065,0.391495549940819,0.5047896419259985,0.4952103580740015,False,0.0,0.0,208.79598639034376
2009-06-05,1.4113391155802113,0.7477251942471024,0.391921656717948,0.5122484061037964,0.4877515938962036,False,0.0,0.0,208.79598639034376
2009-06-08,1.4106642328758916,0.7446408337751969,0.3907495630387912,0.512015058502678,0.4879849414973219,False,0.0,0.0,208.79598639034376
2009-06-09,1.420083906710047,0.7484368433880706,0.3937332753198014,0.5152519510293553,0.4847480489706447,False,0.0,0.0,208.79598639034376
2009-06-10,1.4256873146339395,0.7465390028399467,0.3923481400184355,0.498284740091735,0.5017152599082649,True,0.2284806180945106,0.0001142403090472,209.02446700843828
2009-06-11,1.4393522042415383,0.7498602237991634,0.3923481400184355,0.5030479131503451,0.4969520868496548,False,0.0,0.0,209.02446700843828
2009-06-12,1.4327124129164814,0.7519163272318395,0.3905364508184525,0.5007448283683011,0.4992551716316988,False,0.0,0.0,209.02446700843828
2009-06-15,1.39588824500801,0.7346768423809207,0.3825445542940476,0.4875742494662395,0.5124257505337604,False,0.0,0.0,209.02446700843828
2009-06-16,1.3758756310926652,0.7247118654367667,0.3788150198399784,0.4801208296410997,0.5198791703589003,False,0.0,0.0,209.02446700843828
2009-06-17,1.3442927199475283,0.7240002984249551,0.3824379511184576,0.4896063760238988,0.5103936239761012,True,0.2132766827674695,0.0001066383413837,209.2377436912057
2009-06-18,1.3622511751019084,0.7292989430849325,0.381691917151011,0.4963348569199202,0.5036651430800798,False,0.0,0.0,209.2377436912057
2009-06-19,1.3946623547047152,0.7319870303767835,0.3857889619346999,0.5080397554976824,0.4919602445023175,False,0.0,0.0,209.2377436912057
2009-06-22,1.3345602739374105,0.710037109884654,0.3742665235506597,0.4858842673366674,0.5141157326633325,False,0.0,0.0,209.2377436912057
2009-06-23,1.3433038074760957,0.7105932885323905,0.3734130392300697,0.489230634797468,0.510769365202532,False,0.0,0.0,209.2377436912057
2009-06-24,1.367942421200676,0.7167175776025414,0.3797075684589096,0.503718872368272,0.496281127631728,True,0.0243437869052625,1.217189345263129e-05,209.262087478111
2009-06-25,1.3883836592427004,0.7323051987290178,0.3871759092547235,0.5110256427974326,0.4889743572025674,False,0.0,0.0,209.262087478111
2009-06-26,1.3909761024377496,0.7303962707447681,0.3880294406407336,0.5119369727927225,0.4880630272072774,False,0.0,0.0,209.262087478111
2009-06-29,1.4131715417551758,0.7372359047679292,0.3888829249613248,0.519602548402888,0.480397451597112,False,0.0,0.0,209.262087478111
2009-06-30,1.3997280052872996,0.7312713569071474,0.3881360438163237,0.5149886229579264,0.4850113770420736,False,0.0,0.0,209.262087478111
2009-07-01,1.3982440123854138,0.7342937919950608,0.3883495325600208,0.4972525790536522,0.5027474209463478,True,0.2258763530248,0.0001129381765124,209.4879638311358
2009-07-02,1.3591347771209712,0.7142522245830857,0.3798142186999185,0.4827859731692583,0.5172140268307417,False,0.0,0.0,209.4879638311358
2009-07-06,1.3556036200822572,0.7141725593012924,0.3777873464011292,0.4814387032709569,0.518561296729043,False,0.0,0.0,209.4879638311358
2009-07-07,1.3296018184315457,0.700334535595479,0.3683984305568872,0.4712976762398793,0.5287023237601207,False,0.0,0.0,209.4879638311358
2009-07-08,1.2894256464495883,0.6998569545505015,0.3703190526707342,0.4548242676760473,0.5451757323239527,False,0.0,0.0,209.4879638311358
2009-07-09,1.3171238198340358,0.7012090468537628,0.3709590247149189,0.501072730937421,0.498927269062579,True,0.0359760250345282,1.7988012517264146e-05,209.52393985617036
2009-07-10,1.3041943339991766,0.699539114714893,0.3725592489842509,0.4961264795316288,0.5038735204683712,False,0.0,0.0,209.52393985617036
2009-07-13,1.3531505107423725,0.7165582470389548,0.3797075684589096,0.5143563223528331,0.4856436776471668,False,0.0,0.0,209.52393985617036
2009-07-14,1.3488028273770585,0.7206143596904258,0.3810946805079028,0.512790915685587,0.487209084314413,False,0.0,0.0,209.52393985617036
2009-07-15,1.3838360020557623,0.7416894404076455,0.3938972512419879,0.5251250946854699,0.4748749053145301,False,0.0,0.0,209.52393985617036
2009-07-16,1.3870180150830058,0.7404964322805013,0.3985917209304642,0.5037570670541495,0.4962429329458505,True,0.2226806337301465,0.000111340316865,209.7466204899005
2009-07-17,1.3774482536830936,0.7486084933251304,0.4007254317319404,0.5003094410166659,0.4996905589833341,False,0.0,0.0,209.7466204899005
2009-07-20,1.402578631044796,0.7565615523227988,0.4045662523708569,0.5092625307282758,0.4907374692717242,False,0.0,0.0,209.7466204899005
2009-07-21,1.3832974225762953,0.760060747164125,0.4073401940763253,0.5024223448839977,0.4975776551160022,False,0.0,0.0,209.7466204899005
2009-07-22,1.392398153973009,0.7599018272463207,0.4107542725549469,0.5056745185351165,0.4943254814648835,False,0.0,0.0,209.7466204899005
2009-07-23,1.4371473480687589,0.7766822922416283,0.4198227905546752,0.5092124079560281,0.4907875920439719,True,0.2152345812050195,0.0001076172906025,209.96185507110548
2009-07-24,1.454855175399726,0.7798634008598766,0.4166220596234917,0.5151860485513596,0.4848139514486403,False,0.0,0.0,209.96185507110548
2009-07-27,1.474492297383199,0.7821698339615281,0.4198227905546752,0.5216427460334574,0.4783572539665426,False,0.0,0.0,209.96185507110548
2009-07-28,1.4326018643734573,0.7785115549440847,0.4169421986081967,0.5076551944321801,0.4923448055678199,False,0.0,0.0,209.96185507110548
2009-07-29,1.4324057570956783,0.7766028733473045,0.4197159991174059,0.5075877886715776,0.4924122113284224,False,0.0,0.0,209.96185507110548
2009-07-30,1.4744182444798395,0.7847147701336206,0.4221699900998474,0.5052347392754288,0.4947652607245711,True,0.0359476664407534,1.7973833220376734e-05,209.99780273754624
2009-07-31,1.4766256149725872,0.7858283593664409,0.4208898106843812,0.5059743514196895,0.4940256485803105,False,0.0,0.0,209.99780273754624
2009-08-03,1.4982586494303936,0.798791789684814,0.4271845752403204,0.5131074815256567,0.4868925184743433,False,0.0,0.0,209.99780273754624
2009-08-04,1.519736757361783,0.8008593090702419,0.4271845752403204,0.5199886272320565,0.4800113727679435,False,0.0,0.0,209.99780273754624
2009-08-05,1.5429327860097857,0.798552793839434,0.4238771470027078,0.5272049866581123,0.4727950133418876,False,0.0,0.0,209.99780273754624
2009-08-06,1.5115295282093044,0.7944170980353261,0.4201430236702203,0.4839756651838589,0.5160243348161411,True,0.2372446648416243,0.0001186223324208,210.23504740238783
2009-08-07,1.5719827811781255,0.8048357564399197,0.4254771830103619,0.503820252557347,0.496179747442653,False,0.0,0.0,210.23504740238783
2009-08-10,1.5774857776598945,0.8031654136552675,0.4224901290845536,0.5055511558993422,0.4944488441006578,False,0.0,0.0,210.23504740238783
2009-08-11,1.5280164694602358,0.7931449174013275,0.4188626089276549,0.4895434473787522,0.5104565526212478,False,0.0,0.0,210.23504740238783
2009-08-12,1.5465231877648882,0.8016545656925149,0.425370673965612,0.4956519077632218,0.5043480922367782,False,0.0,0.0,210.23504740238783
2009-08-13,1.5563478608369008,0.8077783619877269,0.4277178264453653,0.4994413642985586,0.5005586357014413,True,0.21590738073097,0.0001079536903654,210.45095478311885
2009-08-14,1.5287570167024147,0.801574982539878,0.4228100798075804,0.4904073352495212,0.5095926647504787,False,0.0,0.0,210.45095478311885
2009-08-17,1.4749560030919793,0.7818522405133892,0.4105409250075088,0.4718192540901209,0.5281807459098791,False,0.0,0.0,210.45095478311885
2009-08-18,1.501257834406003,0.788054962927986,0.4164088532723128,0.4810729083018463,0.5189270916981537,False,0.0,0.0,210.45095478311885
2009-08-19,1.514544863860749,0.7949737694580016,0.4192892569571109,0.4856254307901421,0.5143745692098579,False,0.0,0.0,210.45095478311885
2009-08-20,1.5640727613488603,0.8031654136552675,0.4241969565294756,0.5122950506473947,0.4877049493526053,True,0.4052742772949826,0.0002026371386474,210.85622906041385
2009-08-21,1.577186026747211,0.818912447474487,0.4298515843122616,0.516349996816389,0.4836500031836109,False,0.0,0.0,210.85622906041385
2009-08-24,1.593378816293613,0.8188330285801632,0.4294248892173855,0.5212651134450175,0.4787348865549825,False,0.0,0.0,210.85622906041385
2009-08-25,1.5951295857988703,0.8204234596955526,0.4307052568945308,0.5217905594325694,0.4782094405674306,False,0.0,0.0,210.85622906041385
2009-08-26,1.6074974297468732,0.82050279646072,0.4299583286841096,0.5254698310917041,0.4745301689082959,False,0.0,0.0,210.85622906041385
2009-08-27,1.65459182001767,0.8223324698089588,0.4310252546829766,0.5093971363234913,0.4906028636765087,True,0.2426029907166617,0.0001213014953583,211.09883205113047
2009-08-28,1.6712210789798267,0.8221733035036851,0.4314519968432728,0.5142788136612572,0.4857211863387428,False,0.0,0.0,211.09883205113047
2009-08-31,1.642899958991206,0.814856334823016,0.427077642606792,0.505905712229225,0.494094287770775,False,0.0,0.0,211.09883205113047
2009-09-01,1.5653453376125313,0.7968827795714077,0.4190760976713521,0.4814259412210762,0.5185740587789238,False,0.0,0.0,211.09883205113047
2009-09-02,1.5742341113960676,0.7938608372584331,0.4187561469483251,0.4843540238138287,0.5156459761861713,False,0.0,0.0,211.09883205113047
2009-09-03,1.6037160232684524,0.8004616396945272,0.4215299474575344,0.5013566830122789,0.4986433169877211,True,0.4027650950686857,0.0002013825475343,211.50159714619917
2009-09-04,1.6117755929721578,0.8116752262047677,0.4305983713264225,0.5038501136040265,0.4961498863959734,False,0.0,0.0,211.50159714619917
2009-09-08,1.6046130804272158,0.8186738622748895,0.4346527277744563,0.5016354490042985,0.4983645509957015,False,0.0,0.0,211.50159714619917
2009-09-09,1.63191898274264,0.8249562499712798,0.438386992303203,0.5099742782543195,0.4900257217456805,False,0.0,0.0,211.50159714619917
2009-09-10,1.6387898052748644,0.8333869721430821,0.4425478577959854,0.5120287697818496,0.4879712302181503,False,0.0,0.0,211.50159714619917
2009-09-11,1.6407133160100995,0.833227559450339,0.4429743646291823,0.4994025957508014,0.5005974042491985,True,0.6388932715168266,0.0003194466357584,212.140490417716
2009-09-14,1.6692293604242583,0.8372833435851841,0.4446815215320427,0.507954480921066,0.492045519078934,False,0.0,0.0,212.140490417716
2009-09-15,1.6728091610981175,0.8407830312014491,0.4460683982539367,0.5090074551166472,0.4909925448833527,False,0.0,0.0,212.140490417716
2009-09-16,1.6875593182901492,0.8535074656744422,0.4525766044881529,0.5132989885392962,0.4867010114607037,False,0.0,0.0,212.140490417716
2009-09-17,1.673575121933007,0.8522352029112872,0.4524700483779829,0.5092321722833131,0.4907678277166869,False,0.0,0.0,212.140490417716
2009-09-18,1.6735409872770193,0.8527786515397681,0.4532280369620302,0.4964329109506296,0.5035670890493704,True,0.0211967101995588,1.0598355099779446e-05,212.1616871279155
2009-09-21,1.6932830785666,0.8506205436947338,0.4546163256465151,0.5023040305338105,0.4976959694661895,False,0.0,0.0,212.1616871279155
2009-09-22,1.6904845470298246,0.8555753957056527,0.4554707983409188,0.5014801141787487,0.4985198858212513,False,0.0,0.0,212.1616871279155
2009-09-23,1.6854013060184885,0.848463667787047,0.4533349225301372,0.4999765572991356,0.5000234427008644,False,0.0,0.0,212.1616871279155
2009-09-24,1.6593051399583405,0.8391145773873961,0.4492766125868511,0.492112606009853,0.5078873939901469,False,0.0,0.0,212.1616871279155
2009-09-25,1.6525178471797737,0.8346396060378366,0.4453256118004481,0.4990859733533007,0.5009140266466994,True,0.2174731545678324,0.0001087365772839,212.37916028248333
2009-09-28,1.6856931791216234,0.8495821026401,0.452907803846485,0.5089442259191633,0.4910557740808366,False,0.0,0.0,212.37916028248333
2009-09-29,1.680350310312199,0.8470248470945344,0.4508787665383905,0.5073828571004575,0.4926171428995425,False,0.0,0.0,212.37916028248333
2009-09-30,1.6565526699426416,0.8437490435588555,0.4511988584576764,0.5003060367739367,0.4996939632260633,False,0.0,0.0,212.37916028248333
2009-10-01,1.608409270086984,0.8228127611161005,0.4378498346683235,0.4853490437221934,0.5146509562778065,False,0.0,0.0,212.37916028248333
2009-10-02,1.622548722042794,0.818977247378956,0.4365684786173656,0.5106302913847587,0.4893697086152413,True,0.0241130656262709,1.2056532813135498e-05,212.4032733481096
2009-10-05,1.632269882227332,0.8312030757429107,0.4400926901780522,0.5135447857209636,0.4864552142790364,False,0.0,0.0,212.4032733481096
2009-10-06,1.65889047303882,0.8431095859464401,0.4478887474911422,0.5213510426245402,0.4786489573754597,False,0.0,0.0,212.4032733481096
2009-10-07,1.6531025440083336,0.845427188613374,0.449169868215002,0.5196751718772313,0.4803248281227686,False,0.0,0.0,212.4032733481096
2009-10-08,1.6716361360461756,0.8518994589195644,0.4510922082166674,0.5250005798521571,0.4749994201478429,False,0.0,0.0,212.4032733481096
2009-10-09,1.6633548333500825,0.8570936352924892,0.4536553909727817,1.0,0.0,True,0.4745738610277102,0.0002372869305138,212.87784720913731
2009-10-12,1.647921398678362,0.8604500896598393,0.4546163256465151,1.0,1.1102230246251563e-16,False,0.0,0.0,212.87784720913731
2009-10-13,1.6464805177183832,0.8586920329360579,0.4547232112146234,1.0,0.0,False,0.0,0.0,212.87784720913731
2009-10-14,1.68660862438351,0.8734747061997958,0.460917067510754,1.0000000000000002,0.0,False,0.0,0.0,212.87784720913731
2009-10-15,1.6915842400092456,0.8766709265828379,0.4598492002034921,1.0,1.1102230246251563e-16,False,0.0,0.0,212.87784720913731
2009-10-16,1.6544645316710154,0.8701184982199153,0.456859181156244,1.0,0.0,True,0.4550552300959494,0.0002275276150479,213.3329024392333
2009-10-19,1.6387938997595604,0.8773104663244097,0.4614509776316742,1.0,1.1102230246251563e-16,False,0.0,0.0,213.3329024392333
2009-10-20,1.6071561330466937,0.8726755073780115,0.4615578631997825,1.0,1.1102230246251563e-16,False,0.0,0.0,213.3329024392333
2009-10-21,1.5776645733901595,0.8648444923068842,0.4607034375707977,0.9999999999999996,3.3306690738754696e-16,False,0.0,0.0,213.3329024392333
2009-10-22,1.6269774050956447,0.8736349401841038,0.4625191273314543,0.9999999999999996,4.440892098500626e-16,False,0.0,0.0,213.3329024392333
2009-10-23,1.559778454374262,0.8636460636554119,0.4605969285260478,1.0,1.1102230246251563e-16,True,0.4226708984092449,0.0002113354492046,213.75557333764252
2009-10-26,1.4705520085687538,0.8542967268682916,0.4591017542734547,0.9999999999999998,2.220446049250313e-16,False,0.0,0.0,213.75557333764252
2009-10-27,1.4394731715426592,0.8503811372035714,0.4521601696547683,1.0,0.0,False,0.0,0.0,213.75557333764252
2009-10-28,1.4018387565655948,0.8343201236190984,0.4420149831142977,1.0,0.0,False,0.0,0.0,213.75557333764252
2009-10-29,1.5109748804762977,0.852219351984085,0.4494902895922263,1.0,0.0,False,0.0,0.0,213.75557333764252
2009-10-30,1.4480360371781231,0.8275274674734484,0.4374228101155102,1.0,0.0,True,0.4235145576375094,0.0002117572788187,214.17908789528005
2009-11-02,1.4456528693618889,0.8336009185957333,0.4392381704182285,1.0,0.0,False,0.0,0.0,214.17908789528005
2009-11-03,1.5231253348150553,0.8362378394230923,0.4406267414952317,1.0,0.0,False,0.0,0.0,214.17908789528005
2009-11-04,1.4834185564544493,0.8383950438474052,0.4413741874252692,1.0,1.1102230246251563e-16,False,0.0,0.0,214.17908789528005
2009-11-05,1.5106158387930908,0.8538172568527148,0.4522668669611974,0.9999999999999998,2.220446049250313e-16,False,0.0,0.0,214.17908789528005
2009-11-06,1.4831702245647296,0.856054455075447,0.4549368411545784,1.0,0.0,True,0.8229483446540338,0.000411474172327,215.00203623993409
2009-11-09,1.536080177506281,0.8755522453423153,0.4646548148805566,1.0,0.0,False,0.0,0.0,215.00203623993409
2009-11-10,1.5532077154587782,0.8757121508099974,0.4658295677559255,1.0,0.0,False,0.0,0.0,215.00203623993409
2009-11-11,1.5786442869085398,0.8801870400304006,0.4688197279994328,1.0000000000000002,0.0,False,0.0,0.0,215.00203623993409
2009-11-12,1.6227687584006865,0.8712372615895942,0.46615003619857,1.0,0.0,False,0.0,0.0,215.00203623993409
2009-11-13,1.636749532722724,0.8759521322052553,0.4699944338093828,1.0000000000000002,0.0,True,0.4514513769871826,0.0002257256884935,215.45348761692128
2009-11-16,1.6612973928164123,0.8886573484556302,0.4748001896827065,0.9999999999999998,2.220446049250313e-16,False,0.0,0.0,215.45348761692128
2009-11-17,1.6521747510933795,0.8896964465435159,0.4762952698044607,0.9999999999999998,2.220446049250313e-16,False,0.0,0.0,215.45348761692128
2009-11-18,1.7136816285216314,0.8891369006003633,0.4736253897419174,0.9999999999999998,2.220446049250313e-16,False,0.0,0.0,215.45348761692128
2009-11-19,1.656576531905105,0.8775498728155721,0.466256827635838,0.9999999999999996,3.3306690738754696e-16,False,0.0,0.0,215.45348761692128
2009-11-20,1.6317450333955228,0.8744335641017928,0.4639072748196801,1.0,0.0,True,0.4233641994937033,0.0002116820997468,215.87685181641496
2009-11-23,1.660251279404138,0.8855407933543814,0.4713828166247067,1.0,0.0,False,0.0,0.0,215.87685181641496
2009-11-24,1.637392383412549,0.8868993738610053,0.4697809450656857,1.0,0.0,False,0.0,0.0,215.87685181641496
2009-11-25,1.64805579530808,0.8900155183164716,0.4718099353083602,0.9999999999999998,2.220446049250313e-16,False,0.0,0.0,215.87685181641496
2009-11-27,1.601314769548571,0.8755522453423153,0.4646548148805566,0.9999999999999996,4.440892098500626e-16,False,0.0,0.0,215.87685181641496
2009-11-30,1.6080135211801183,0.878509059234195,0.4651888661977372,1.0,0.0,True,1.5999999999999996,0.0007999999999999,217.47685181641495
2009-12-01,1.634672025845791,0.8893767177373082,0.4699944338093828,0.9999999999999998,2.220446049250313e-16,False,0.0,0.0,217.47685181641495
2009-12-02,1.634090878330567,0.8889766666160553,0.4706351824329913,1.0,1.1102230246251563e-16,False,0.0,0.0,217.47685181641495
2009-12-03,1.6280249591961855,0.8820247620359752,0.4687128894967459,1.0,0.0,False,0.0,0.0,217.47685181641495
2009-12-04,1.6320724738373038,0.8870590329412179,0.4711690454884927,1.0,0.0,False,0.0,0.0,217.47685181641495
2009-12-07,1.6247997135771104,0.8857010273386894,0.4689266135675411,1.0,0.0,True,0.4354921591499407,0.0002177460795749,217.9123439755649
2009-12-08,1.6139085723646092,0.8758715635027405,0.466043150630463,1.0,0.0,False,0.0,0.0,217.9123439755649
2009-12-09,1.6261908266346796,0.8791485168466102,0.4707420680010983,1.0,0.0,False,0.0,0.0,217.9123439755649
2009-12-10,1.6462180611562882,0.8841023833076512,0.473091291359318,1.0,0.0,False,0.0,0.0,217.9123439755649
2009-12-11,1.6531893074638409,0.8878580675046893,0.4712758839911796,0.9999999999999998,2.220446049250313e-16,False,0.0,0.0,217.9123439755649
2009-12-14,1.6840107123828885,0.8939311901103482,0.4757612184872802,1.0,0.0,True,0.0390500675830824,1.952503379154122e-05,217.951394043148
2009-12-15,1.6692089196936544,0.8897758654378397,0.473091291359318,0.9999999999999998,2.220446049250313e-16,False,0.0,0.0,217.951394043148
2009-12-16,1.6704066624971914,0.8911344459444636,0.4737322282446057,0.9999999999999998,2.220446049250313e-16,False,0.0,0.0,217.951394043148
2009-12-17,1.665339742519015,0.880426939296502,0.4679654906321272,0.9999999999999998,2.220446049250313e-16,False,0.0,0.0,217.951394043148
2009-12-18,1.6895971503991016,0.8854080726374969,0.4755923948268655,0.9999999999999998,2.220446049250313e-16,False,0.0,0.0,217.951394043148
2009-12-21,1.7220281368874633,0.8944058145056921,0.4809408620545923,1.0,0.0,True,1.220733010009965,0.0006103665050049,219.17212705315796
2009-12-22,1.7205379659618194,0.8976189534949707,0.4838291256644786,1.0,0.0,False,0.0,0.0,219.17212705315796
2009-12-23,1.7587061429426256,0.8993866193300611,0.487359361598885,1.0,0.0,False,0.0,0.0,219.17212705315796
2009-12-24,1.776224593995784,0.9036446054481796,0.4918519441696171,1.0,0.0,False,0.0,0.0,219.17212705315796
2009-12-28,1.7691159216515904,0.9055722588801086,0.4944192686826627,0.9999999999999998,2.220446049250313e-16,False,0.0,0.0,219.17212705315796
2009-12-29,1.7665794292803698,0.9042873482268544,0.492386842664351,1.0,0.0,True,0.8245124871584248,0.0004122562435792,219.99663954031635
2009-12-30,1.758173326379046,0.903965812579204,0.4938843701879288,1.0,0.0,False,0.0,0.0,219.99663954031635
2009-12-31,1.732734346802308,0.8952891135837202,0.4893914581592584,1.0,0.0,False,0.0,0.0,219.99663954031635
2010-01-04,1.771753267204948,0.9104733162935278,0.4965586743999205,0.9999999999999998,2.220446049250313e-16,False,0.0,0.0,219.99663954031635
2010-01-05,1.8022165843633624,0.912883232132354,0.4965586743999205,0.9999999999999998,2.220446049250313e-16,False,0.0,0.0,219.99663954031635
2010-01-06,1.8271590553995505,0.9135262212984984,0.4935635722873473,1.0000000000000002,0.0,True,0.030514824278843,1.52574121394215e-05,220.0271543645952
2010-01-07,1.827714939593862,0.9173820209372952,0.4938843701879288,0.9999999999999998,2.220446049250313e-16,False,0.0,0.0,220.0271543645952
2010-01-08,1.8589815305153576,0.9204353365880482,0.4979493163553912,1.0,0.0,False,0.0,0.0,220.0271543645952
2010-01-11,1.8342458783021487,0.9217204114996154,0.4959170315333387,1.0,0.0,False,0.0,0.0,220.0271543645952
2010-01-12,1.804822891900624,0.9131241990774898,0.4897124913869392,0.9999999999999998,2.220446049250313e-16,False,0.0,0.0,220.0271543645952
2010-01-13,1.851637404652266,0.9208369481632744,0.4958100047689712,1.0,0.0,True,0.4356089621818818,0.0002178044810909,220.46276332677704
2010-01-14,1.841177764812712,0.9233275148337718,0.4962378294339202,1.0,0.0,False,0.0,0.0,220.46276332677704
2010-01-15,1.7954857954193264,0.9129637187057122,0.4904613492795665,1.0,0.0,False,0.0,0.0,220.46276332677704
2010-01-19,1.8410058672996408,0.9243717049293598,0.498377141020339,1.0,0.0,False,0.0,0.0,220.46276332677704
2010-01-20,1.825718904474146,0.9149724336150948,0.491210301303034,1.0,1.1102230246251563e-16,False,0.0,0.0,220.46276332677704
2010-01-21,1.8012811376863112,0.8973778222915221,0.4866103154445785,1.0,0.0,True,0.8056772253854351,0.0004028386126927,221.2684405521625
2010-01-22,1.682858260002286,0.8773741164206879,0.4723832391855588,1.0,0.0,False,0.0,0.0,221.2684405521625
2010-01-25,1.6992657212238034,0.881873069483942,0.4739878405389215,0.9999999999999996,3.3306690738754696e-16,False,0.0,0.0,221.2684405521625
2010-01-26,1.6763633676459315,0.8781770110545142,0.4744157593347095,0.9999999999999994,5.551115123125784e-16,False,0.0,0.0,221.2684405521625
2010-01-27,1.6853099114931545,0.8823547569867438,0.4781599546670092,0.9999999999999992,8.881784197001252e-16,False,0.0,0.0,221.2684405521625
2010-01-28,1.6444517302628645,0.8722323384496025,0.4658583247273539,1.0,1.1102230246251563e-16,True,1.2041686381353696,0.0006020843190676,222.47260919029787
2010-01-29,1.587092992011665,0.8627524984328228,0.457728197065331,1.0,0.0,False,0.0,0.0,222.47260919029787
2010-02-01,1.686820937799226,0.8761686246617575,0.4627558193270562,1.0,1.1102230246251563e-16,False,0.0,0.0,222.47260919029787
2010-02-02,1.7126595061498524,0.8867734698641092,0.4669278393243048,1.0,1.1102230246251563e-16,False,0.0,0.0,222.47260919029787
2010-02-03,1.704675152708076,0.8823547569867438,0.4694951167719316,1.0,0.0,False,0.0,0.0,222.47260919029787
2010-02-04,1.593032301303136,0.8551201537912398,0.4559098716411729,1.0,0.0,True,0.4345624400510678,0.0002172812200255,222.90717163034896
2010-02-05,1.6130023310123802,0.8568874089805479,0.4597608584107407,1.0,0.0,False,0.0,0.0,222.90717163034896
2010-02-08,1.5889652815622504,0.8507012766555615,0.4564446760050678,1.0,1.1102230246251563e-16,False,0.0,0.0,222.90717163034896
2010-02-09,1.637292481692726,0.8613868548187409,0.4611512179736933,1.0,0.0,False,0.0,0.0,222.90717163034896
2010-02-10,1.5784971031702713,0.8596995112986957,0.4601885889448495,1.0,0.0,False,0.0,0.0,222.90717163034896
2010-02-11,1.6452357417513377,0.8686974995543605,0.4671417045913592,1.0,0.0,True,0.0415264665088752,2.0763233254437603e-05,222.94869809685784
2010-02-12,1.657926483892396,0.8679741059440145,0.4681044748164609,1.0,1.1102230246251563e-16,False,0.0,0.0,222.94869809685784
2010-02-16,1.7137646684645114,0.8816317740221803,0.4740948202378688,0.9999999999999998,2.220446049250313e-16,False,0.0,0.0,222.94869809685784
2010-02-17,1.7255541896652462,0.885809191437784,0.4767691244498617,1.0,1.1102230246251563e-16,False,0.0,0.0,222.94869809685784
2010-02-18,1.7275904102844373,0.8910315381113841,0.4797644618895343,0.9999999999999998,2.220446049250313e-16,False,0.0,0.0,222.94869809685784
2010-02-19,1.7543281601707357,0.8928789513574245,0.4795505495570599,1.0,0.0,True,0.4508151387559783,0.0002254075693779,223.39951323561385
2010-02-22,1.7480934509015578,0.8930400887624538,0.478587732266538,1.0,0.0,False,0.0,0.0,223.39951323561385
2010-02-23,1.692221560963253,0.8821940302274969,0.4723832391855588,1.0,0.0,False,0.0,0.0,223.39951323561385
2010-02-24,1.7184327093445175,0.8903080623718818,0.4771969491148095,0.9999999999999998,2.220446049250313e-16,False,0.0,0.0,223.39951323561385
2010-02-25,1.7210776361368794,0.8891033097753598,0.4770901576775413,0.9999999999999998,2.220446049250313e-16,False,0.0,0.0,223.39951323561385
2010-02-26,1.722253067439508,0.8896657302389893,0.4788015034027534,1.0,0.0,True,0.8226147915967553,0.0004113073957983,224.22212802721057
2010-03-01,1.8266881100833656,0.8989043569231638,0.4857546661146819,1.0,0.0,False,0.0,0.0,224.22212802721057
2010-03-02,1.8282167452130504,0.9013948414645048,0.4872523348345188,1.0,0.0,False,0.0,0.0,224.22212802721057
2010-03-03,1.8072575437822265,0.902198393131583,0.4877871391984138,1.0,1.1102230246251563e-16,False,0.0,0.0,224.22212802721057
2010-03-04,1.8058227225508443,0.9049300088763726,0.4893914581592584,0.9999999999999996,3.3306690738754696e-16,False,0.0,0.0,224.22212802721057
2010-03-05,1.866824654043835,0.9178642833441926,0.496772680863234,1.0,0.0,True,0.4434874883324957,0.0002217437441662,224.66561551554307
2010-03-08,1.874398593980689,0.9180251743617523,0.4977352157612376,1.0,1.1102230246251563e-16,False,0.0,0.0,224.66561551554307
2010-03-09,1.8835808779282133,0.9195515447350812,0.5005167820646961,0.9999999999999996,3.3306690738754696e-16,False,0.0,0.0,224.66561551554307
2010-03-10,1.917646377822139,0.9236483934481704,0.5045816341013182,0.9999999999999998,2.220446049250313e-16,False,0.0,0.0,224.66561551554307
2010-03-11,1.9337386154367249,0.9275047679910626,0.5065070333552638,0.9999999999999996,4.440892098500626e-16,False,0.0,0.0,224.66561551554307
2010-03-12,1.917190792245536,0.9275855830810468,0.5066141542504702,1.0,0.0,True,0.8309395733631053,0.0004154697866815,225.49655508890615
2010-03-15,1.8933078340549296,0.927826303638713,0.5053304449285266,1.0,0.0,False,0.0,0.0,225.49655508890615
2010-03-16,1.9475639758004444,0.9352174349476908,0.5085393652427352,1.0,0.0,False,0.0,0.0,225.49655508890615
2010-03-17,1.9623752630404776,0.9407607423648456,0.509930007198206,1.0,0.0,False,0.0,0.0,225.49655508890615
2010-03-18,1.9435324367463973,0.9402789727328874,0.5116416823813551,1.0,0.0,False,0.0,0.0,225.49655508890615
2010-03-19,1.877901801811072,0.9355191774686274,0.5085468015790461,1.0,0.0,True,0.4081168070622734,0.0002040584035311,225.90467189596845
2010-03-22,1.91251897573683,0.9405203503238057,0.5131515410448907,1.0,0.0,False,0.0,0.0,225.90467189596845
2010-03-23,1.939598586232633,0.947135853878911,0.5166854010166136,1.0,0.0,False,0.0,0.0,225.90467189596845
2010-03-24,1.9752166754513736,0.94253744240715,0.5142224205390112,0.9999999999999998,2.220446049250313e-16,False,0.0,0.0,225.90467189596845
2010-03-25,1.973911199633021,0.9410047480887715,0.5134728566650885,0.9999999999999998,2.220446049250313e-16,False,0.0,0.0,225.90467189596845
2010-03-26,1.9927168407212223,0.9404398637504472,0.51400822581402,1.0,0.0,True,0.4234155017570456,0.0002117077508785,226.32808739772548
2010-03-29,1.9902159365064829,0.946409914264714,0.5164711592262009,0.9999999999999998,2.220446049250313e-16,False,0.0,0.0,226.32808739772548
2010-03-30,1.9838368306949845,0.9470550387889268,0.5181844816990403,1.0,0.0,False,0.0,0.0,226.32808739772548
2010-03-31,1.9883887039155703,0.9438281842305148,0.5157217836139574,1.0,0.0,False,0.0,0.0,226.32808739772548
2010-04-01,1.9997849926156868,0.950281729089026,0.5157217836139574,1.0,0.0,False,0.0,0.0,226.32808739772548
2010-04-05,2.045889831473583,0.9580257693834324,0.520540482477694,1.0,0.0,True,0.0431207145402858,2.1560357270142924e-05,226.37120811226575
2010-04-06,2.058835149286603,0.9602848139617904,0.5220395631601219,0.9999999999999998,2.220446049250313e-16,False,0.0,0.0,226.37120811226575
2010-04-07,2.029578404825123,0.9547993254708028,0.5207546301372666,0.9999999999999998,2.220446049250313e-16,False,0.0,0.0,226.37120811226575
2010-04-08,2.0493640125069845,0.9581062559567908,0.5219327246574338,0.9999999999999998,2.220446049250313e-16,False,0.0,0.0,226.37120811226575
2010-04-09,2.0547804224143174,0.964398581281116,0.5250379127866543,0.9999999999999998,2.220446049250313e-16,False,0.0,0.0,226.37120811226575
2010-04-12,2.0932377168840115,0.9659315219869636,0.5254663963674774,1.0,0.0,True,0.4161493669382929,0.0002080746834691,226.78735747920408
2010-04-13,2.070276657625579,0.9666574616011608,0.5281433362429732,1.0,1.1102230246251563e-16,False,0.0,0.0,226.78735747920408
2010-04-14,2.1205015937374725,0.9776283564539794,0.5344612099199767,1.0,0.0,False,0.0,0.0,226.78735747920408
2010-04-15,2.123335407352644,0.9784352754164736,0.5368171165677915,1.0,0.0,False,0.0,0.0,226.78735747920408
2010-04-16,2.0795662161744017,0.9628660512210504,0.5303920749301627,1.0,0.0,False,0.0,0.0,226.78735747920408
2010-04-19,2.0466580617280528,0.9664962420669748,0.530071088767902,1.0000000000000002,0.0,True,0.8076228053021486,0.000403811402651,227.59498028450625
2010-04-20,2.127177116194493,0.9751277700263904,0.5327480757088164,1.0,0.0,False,0.0,0.0,227.59498028450625
2010-04-21,2.2071027956563625,0.9733528768255292,0.5357465194661892,0.9999999999999996,4.440892098500626e-16,False,0.0,0.0,227.59498028450625
2010-04-22,2.251275611662418,0.9762568816697867,0.5387448220273015,0.9999999999999996,3.3306690738754696e-16,False,0.0,0.0,227.59498028450625
2010-04-23,2.303014152103072,0.98262993995494,0.5409936077799112,0.9999999999999996,3.3306690738754696e-16,False,0.0,0.0,227.59498028450625
2010-04-26,2.292127751470352,0.9789190982773442,0.5398157956522623,1.0,0.0,True,0.4933299811859178,0.0002466649905929,228.08831026569212
2010-04-27,2.215453275184479,0.9557671354508568,0.5283577662950638,1.0,1.1102230246251563e-16,False,0.0,0.0,228.08831026569212
2010-04-28,2.2222695815008104,0.9630272707552364,0.5286787995227434,0.9999999999999996,3.3306690738754696e-16,False,0.0,0.0,228.08831026569212
2010-04-29,2.212170295349252,0.9749663041047352,0.5378882313890114,0.9999999999999996,4.440892098500626e-16,False,0.0,0.0,228.08831026569212
2010-04-30,2.161486319114857,0.9584290235417884,0.5272868397355219,0.9999999999999992,6.661338147750939e-16,False,0.0,0.0,228.08831026569212
2010-05-03,2.154317133084591,0.9708521261396272,0.5346756870374875,1.0,0.0,True,0.4542940383087255,0.0002271470191543,228.5426043040009
2010-05-04,2.084187697213651,0.948023013027294,0.5186128240836042,1.0,0.0,False,0.0,0.0,228.5426043040009
2010-05-05,2.1137609967387747,0.942375894356338,0.5159356488810116,1.0,1.1102230246251563e-16,False,0.0,0.0,228.5426043040009
2010-05-06,2.013743247142996,0.9110764728187754,0.4986951620611586,1.0,0.0,False,0.0,0.0,228.5426043040009
2010-05-07,1.9879802201523384,0.8975240943192271,0.4862732799742045,1.0,0.0,False,0.0,0.0,228.5426043040009
2010-05-10,2.1192733663698764,0.9370520360453188,0.5115452924018377,1.0,1.1102230246251563e-16,True,0.437815429036666,0.0002189077145183,228.98041973303756
2010-05-11,2.086596670535104,0.9343898194377616,0.5110099703183264,0.9999999999999998,2.220446049250313e-16,False,0.0,0.0,228.98041973303756
2010-05-12,2.100090817314604,0.9474584572055956,0.5206475563074804,1.0,1.1102230246251563e-16,False,0.0,0.0,228.98041973303756
2010-05-13,2.0698161325698354,0.9356804791319698,0.5124019301055479,0.9999999999999998,2.220446049250313e-16,False,0.0,0.0,228.98041973303756
2010-05-14,1.999865316190501,0.9187404371856062,0.5025499611297221,1.0,1.1102230246251563e-16,False,0.0,0.0,228.98041973303756
2010-05-17,1.9820852204776696,0.9192240957881638,0.5041564450998732,1.0,0.0,True,0.8254450105369993,0.0004127225052684,229.80586474357452
2010-05-18,1.914686157865635,0.9067205887461232,0.4971958460516339,1.0,0.0,False,0.0,0.0,229.80586474357452
2010-05-19,1.8685959548188176,0.901557457194351,0.4932335495645069,1.0,1.1102230246251563e-16,False,0.0,0.0,229.80586474357452
2010-05-20,1.742805077707169,0.8675151682175598,0.4749220891196943,0.9999999999999998,2.220446049250313e-16,False,0.0,0.0,229.80586474357452
2010-05-21,1.811609823688656,0.8801801411812555,0.4801692244988352,0.9999999999999998,2.220446049250313e-16,False,0.0,0.0,229.80586474357452
2010-05-24,1.7777018553099606,0.8688865608725957,0.4782417543664245,1.0,0.0,True,0.814731607986857,0.0004073658039934,230.6205963515614
2010-05-25,1.800445865148942,0.8697741306667612,0.4786703320780877,0.9999999999999998,2.220446049250313e-16,False,0.0,0.0,230.6205963515614
2010-05-26,1.8258051574886196,0.8645305946707872,0.4733158875420612,0.9999999999999998,2.220446049250313e-16,False,0.0,0.0,230.6205963515614
2010-05-27,1.940037933660116,0.8934905671857902,0.4911990056023099,1.0,0.0,False,0.0,0.0,230.6205963515614
2010-05-28,1.906219153556904,0.8822773913213322,0.4883079180672417,1.0,0.0,False,0.0,0.0,230.6205963515614
2010-06-01,1.831923429542833,0.8674342709984191,0.4838101583003443,1.0,1.1102230246251563e-16,True,0.8642990414326133,0.0004321495207163,231.484895392994
2010-06-02,1.8918667341454705,0.8900219243906776,0.4952685171154811,0.9999999999999998,2.220446049250313e-16,False,0.0,0.0,231.484895392994
2010-06-03,1.8845460632548623,0.8930876415440603,0.4999799538877548,0.9999999999999998,2.220446049250313e-16,False,0.0,0.0,231.484895392994
2010-06-04,1.8083766630442712,0.8617069121415746,0.4828465879631081,0.9999999999999998,2.220446049250313e-16,False,0.0,0.0,231.484895392994
2010-06-07,1.7434404618658372,0.8509782161712389,0.4740654984814041,1.0,0.0,False,0.0,0.0,231.484895392994
2010-06-08,1.7601887557763758,0.860093566991525,0.473208719581436,1.0,0.0,True,0.8097951646761877,0.000404897582338,232.2946905576702
2010-06-09,1.779212477693256,0.8554956482947028,0.4692466113559882,1.0,1.1102230246251563e-16,False,0.0,0.0,232.2946905576702
2010-06-10,1.830522827201339,0.8805029908954097,0.4826322049764375,0.9999999999999996,3.3306690738754696e-16,False,0.0,0.0,232.2946905576702
2010-06-11,1.8630844225217305,0.8847783062655472,0.4872369444422809,0.9999999999999998,2.220446049250313e-16,False,0.0,0.0,232.2946905576702
2010-06-14,1.8703364569226877,0.8834069957396676,0.4871297764816557,0.9999999999999998,2.220446049250313e-16,False,0.0,0.0,232.2946905576702
2010-06-15,1.9223987832930256,0.9034934878002416,0.5001942898090054,1.0,0.0,True,0.4213343738243785,0.0002106671869121,232.7160249314946
2010-06-16,1.9080723656810763,0.9031711308610264,0.5022289749674614,1.0000000000000002,0.0,False,0.0,0.0,232.7160249314946
2010-06-17,1.8905537203197016,0.9046227637019512,0.5038350824142553,0.9999999999999998,2.220446049250313e-16,False,0.0,0.0,232.7160249314946
2010-06-18,1.8918017229656556,0.9056033858304176,0.5042535410606862,1.0,1.1102230246251563e-16,False,0.0,0.0,232.7160249314946
2010-06-21,1.8714586566063367,0.90301015771431,0.4999620690282733,1.0,1.1102230246251563e-16,False,0.0,0.0,232.7160249314946
2010-06-22,1.822448614335715,0.8880963241876608,0.496099551230882,1.0,0.0,True,0.4303184573528977,0.0002151592286764,233.1463433888475
2010-06-23,1.8420297581722904,0.8853403982125507,0.4940613361659485,1.0,0.0,False,0.0,0.0,233.1463433888475
2010-06-24,1.7913430042640444,0.8706698312474189,0.4865511071466127,1.0,1.1102230246251563e-16,False,0.0,0.0,233.1463433888475
2010-06-25,1.7931038057560131,0.8743174334745188,0.4866478736494885,0.9999999999999998,2.220446049250313e-16,False,0.0,0.0,233.1463433888475
2010-06-28,1.8411013799223552,0.8715611789827827,0.4849275854945357,1.0,1.1102230246251563e-16,False,0.0,0.0,233.1463433888475
2010-06-29,1.7300224974316494,0.8446522178927536,0.4662231758607627,1.0,1.1102230246251563e-16,True,0.0177907898611153,8.895394930557673e-06,233.16413417870865
2010-06-30,1.701864477199835,0.8366276243997842,0.4591279226468003,1.0,0.0,False,0.0,0.0,233.16413417870865
2010-07-01,1.6875987469217346,0.8328992892118566,0.4578380948202979,0.9999999999999998,2.220446049250313e-16,False,0.0,0.0,233.16413417870865
2010-07-02,1.6743543544313406,0.8283602571202363,0.4565480787321176,0.9999999999999998,2.220446049250313e-16,False,0.0,0.0,233.16413417870865
2010-07-06,1.6812279352081938,0.8337910475930029,0.4579455451734426,1.0,0.0,False,0.0,0.0,233.16413417870865
2010-07-07,1.7678030571876404,0.8600523381549681,0.4725653352943248,1.0,0.0,True,0.8057740554746154,0.0004028870277373,233.96990823418324
2010-07-08,1.773917347637136,0.8685625613502508,0.4751453674706855,0.9999999999999998,2.220446049250313e-16,False,0.0,0.0,233.96990823418324
2010-07-09,1.7629562619986303,0.875046904642445,0.4796603531811878,1.0,1.1102230246251563e-16,False,0.0,0.0,233.96990823418324
2010-07-12,1.8029276889316304,0.8756142528554638,0.4810577725570928,1.0,0.0,False,0.0,0.0,233.96990823418324
2010-07-13,1.8241443214302315,0.8888258774847434,0.4872927169646096,0.9999999999999998,2.220446049250313e-16,False,0.0,0.0,233.96990823418324
2010-07-14,1.8406788959956484,0.8887448160072898,0.489765345853247,1.0,0.0,True,0.0090504514584657,4.525225729232863e-06,233.9789586856417
2010-07-15,1.8469193395654029,0.8889877540521812,0.490195241396661,1.0,0.0,False,0.0,0.0,233.9789586856417
2010-07-16,1.7894309257221337,0.8645098159941957,0.4766504254614131,1.0,0.0,False,0.0,0.0,233.9789586856417
2010-07-19,1.7982619760499174,0.8696165248154608,0.4807353273668222,1.0,1.1102230246251563e-16,False,0.0,0.0,233.9789586856417
2010-07-20,1.8192708732197644,0.8792616908242507,0.4865402350346659,1.0,0.0,False,0.0,0.0,233.9789586856417
2010-07-21,1.7955582476080454,0.8678332544406376,0.4798753009528949,1.0,0.0,True,0.0316059223199976,1.580296115999881e-05,234.01056460796173
2010-07-22,1.8485675119400475,0.8872045658065145,0.492022885773917,1.0,0.0,False,0.0,0.0,234.01056460796173
2010-07-23,1.8670218358823676,0.8949046670022001,0.4951400755851572,1.0,0.0,False,0.0,0.0,234.01056460796173
2010-07-26,1.91709251408844,0.9042257513594884,0.4992250716214065,1.0,0.0,False,0.0,0.0,234.01056460796173
2010-07-27,1.89293248680526,0.9041448541403476,0.4990101709151196,1.0,0.0,False,0.0,0.0,234.01056460796173
2010-07-28,1.8792872947701835,0.8983087562803131,0.4950325311011747,1.0,0.0,True,0.0230140135448906,1.1507006772445304e-05,234.03357862150665
2010-07-29,1.8182298456562047,0.8939316828852871,0.4913778541971167,1.0,0.0,False,0.0,0.0,234.03357862150665
2010-07-30,1.8107799354605767,0.8937702169636318,0.492452687186492,1.0,0.0,False,0.0,0.0,234.03357862150665
2010-08-02,1.8492448591028308,0.913952307362358,0.5016977475754627,1.0,0.0,False,0.0,0.0,234.03357862150665
2010-08-03,1.8440374916167608,0.9095753160964885,0.499547610942516,1.0,0.0,False,0.0,0.0,234.03357862150665
2010-08-04,1.8613432090711777,0.9156544341305708,0.5046001778766751,1.0,0.0,True,0.8676568459641938,0.000433828422982,234.90123546747083
2010-08-05,1.8449910066138655,0.9146816964011276,0.5034175180107993,1.0,0.0,False,0.0,0.0,234.90123546747083
2010-08-06,1.844052108036069,0.9109532790840434,0.5026651302116946,1.0,0.0,False,0.0,0.0,234.90123546747083
2010-08-09,1.8664345224558072,0.9158161464396956,0.5061051417365625,1.0000000000000002,0.0,False,0.0,0.0,234.90123546747083
2010-08-10,1.857007022181632,0.910871889089964,0.5016977475754627,1.0,1.1102230246251563e-16,False,0.0,0.0,234.90123546747083
2010-08-11,1.7948336999579917,0.8859079928130391,0.4880452459599733,1.0,0.0,True,0.0450333058964023,2.251665294820117e-05,234.9462687733672
2010-08-12,1.77873728803079,0.880477448727742,0.4841753388916902,1.0,0.0,False,0.0,0.0,234.9462687733672
2010-08-13,1.7860962041923891,0.8778834814492261,0.4807353273668222,0.9999999999999998,2.220446049250313e-16,False,0.0,0.0,234.9462687733672
2010-08-16,1.772220746654454,0.877478338320271,0.4815952125844892,0.9999999999999998,2.220446049250313e-16,False,0.0,0.0,234.9462687733672
2010-08-17,1.8151744481250487,0.8882586935300376,0.4877228949005417,1.0,1.1102230246251563e-16,False,0.0,0.0,234.9462687733672
2010-08-18,1.8248232921175456,0.8898796766916405,0.4896576601730042,1.0,0.0,True,0.8311516372465175,0.0004155758186232,235.77742041061373
2010-08-19,1.8050133421090904,0.87439808430619,0.4822402441612894,1.0,0.0,False,0.0,0.0,235.77742041061373
2010-08-20,1.7956698734765104,0.8715611789827827,0.4828853228035097,1.0,0.0,False,0.0,0.0,235.77742041061373
2010-08-23,1.7759662263373046,0.8682383975695928,0.4781553422558804,1.0,0.0,False,0.0,0.0,235.77742041061373
2010-08-24,1.7414776106032837,0.8553507724626581,0.4692330565151186,1.0,1.1102230246251563e-16,False,0.0,0.0,235.77742041061373
2010-08-25,1.74820778727505,0.8586742109091,0.4737479010293617,1.0,0.0,True,0.4515696783346801,0.0002257848391673,236.2289900889484
2010-08-26,1.745799467657749,0.8529192566556755,0.4680504437146615,1.0,0.0,False,0.0,0.0,236.2289900889484
2010-08-27,1.790771204061974,0.8661308812849552,0.4737479010293617,0.9999999999999998,2.220446049250313e-16,False,0.0,0.0,236.2289900889484
2010-08-30,1.7437766330558886,0.8535676663461479,0.4688031139062844,0.9999999999999998,2.220446049250313e-16,False,0.0,0.0,236.2289900889484
2010-08-31,1.7415932023748717,0.8535676663461479,0.4671905114315744,1.0,0.0,False,0.0,0.0,236.2289900889484
2010-09-01,1.8157869882203137,0.8790992393527175,0.4811654111719154,1.0,0.0,True,1.2145815540405165,0.0006072907770202,237.44357164298893
2010-09-02,1.857897294249816,0.8872857915422812,0.4865402350346659,1.0,0.0,False,0.0,0.0,237.44357164298893
2010-09-03,1.9008907162926223,0.8987952072741913,0.4946027296885997,1.0,0.0,False,0.0,0.0,237.44357164298893
2010-09-07,1.8569804660407188,0.8886635902715232,0.4912702626477142,0.9999999999999998,2.220446049250313e-16,False,0.0,0.0,237.44357164298893
2010-09-08,1.8780564967389348,0.8949046670022001,0.4971827618649604,1.0,0.0,False,0.0,0.0,237.44357164298893
2010-09-09,1.894607520357447,0.8990383095773957,0.499117621268263,1.0,0.0,True,0.4198303202925748,0.0002099151601462,237.8634019632815
2010-09-10,1.907727589926301,0.9035774237981724,0.5009451715146801,1.0,0.0,False,0.0,0.0,237.8634019632815
2010-09-13,1.9363513067346143,0.913627815065074,0.5079325507867205,1.0,0.0,False,0.0,0.0,237.8634019632815
2010-09-14,1.9240537161017484,0.9130604668520552,0.5100822638308911,1.0,0.0,False,0.0,0.0,237.8634019632815
2010-09-15,1.9296088385079664,0.9165461103825608,0.5133074687803111,1.0,0.0,False,0.0,0.0,237.8634019632815
2010-09-16,1.922815701295572,0.9163027616918868,0.5153500609292742,1.0,0.0,True,0.8074622144956982,0.0004037311072478,238.6708641777772
2010-09-17,1.9287850098053816,0.9166448296286592,0.517095623214598,1.0,0.0,False,0.0,0.0,238.6708641777772
2010-09-20,1.9781678829869211,0.930660827216582,0.5261466799436232,1.0,1.1102230246251563e-16,False,0.0,0.0,238.6708641777772
2010-09-21,1.960312315298492,0.9287863113489008,0.5260389942633805,0.9999999999999998,2.220446049250313e-16,False,0.0,0.0,238.6708641777772
2010-09-22,1.9530206746359664,0.9242231332852732,0.5246381861772584,1.0,1.1102230246251563e-16,False,0.0,0.0,238.6708641777772
2010-09-23,1.951310756589461,0.9167259732352694,0.5244226265550949,1.0,0.0,True,0.0114276353901948,5.713817695097406e-06,238.68229181316735
2010-09-24,2.0120038806952074,0.9356312016380772,0.5350900509924045,1.0,0.0,False,0.0,0.0,238.68229181316735
2010-09-27,2.0127499604756056,0.931149577826842,0.5321805608782397,1.0,1.1102230246251563e-16,False,0.0,0.0,238.68229181316735
2010-09-28,2.0033809301233267,0.9344091197895362,0.5319649541906574,0.9999999999999998,2.220446049250313e-16,False,0.0,0.0,238.68229181316735
2010-09-29,1.999615557024468,0.9327792666790324,0.5311029980945228,0.9999999999999996,4.440892098500626e-16,False,0.0,0.0,238.68229181316735
2010-09-30,1.9689877629892327,0.9300089681015372,0.5287326423628648,1.0,1.1102230246251563e-16,True,0.4203539157068712,0.0002101769578534,239.10264572887425
2010-10-01,1.9701090760602595,0.9339202049209634,0.5280862458888936,1.0,1.1102230246251563e-16,False,0.0,0.0,239.10264572887425
2010-10-04,1.9476923430936768,0.9269121239978456,0.5223755631912622,0.9999999999999998,2.220446049250313e-16,False,0.0,0.0,239.10264572887425
2010-10-05,1.9991788409182576,0.945572443256006,0.5350900509924045,1.0,0.0,False,0.0,0.0,239.10264572887425
2010-10-06,1.946685431908073,0.94549097113277,0.5304566486859718,1.0,0.0,False,0.0,0.0,239.10264572887425
2010-10-07,1.93554587372084,0.9443504435366216,0.5323962146312422,1.0,0.0,True,0.8449513903233861,0.0004224756951616,239.94759711919764
2010-10-08,1.993573929086224,0.9496473634843128,0.5360596457033618,0.9999999999999996,4.440892098500626e-16,False,0.0,0.0,239.94759711919764
2010-10-11,1.9621901752136035,0.9505433925815964,0.5362751111946851,1.0,1.1102230246251563e-16,False,0.0,0.0,239.94759711919764
2010-10-12,1.998922470145022,0.9534768817930336,0.5399388246593216,1.0000000000000002,0.0,False,0.0,0.0,239.94759711919764
2010-10-13,2.0262921761082238,0.9608921590740188,0.5443564320164941,0.9999999999999998,2.220446049250313e-16,False,0.0,0.0,239.94759711919764
2010-10-14,2.0199001621358628,0.9571437022427516,0.5432789162981959,1.0,0.0,True,0.0590807369021861,2.954036845109305e-05,240.00667785609983
2010-10-15,2.031441261369635,0.959099525975356,0.5548082027007999,1.0,1.1102230246251563e-16,False,0.0,0.0,240.00667785609983
2010-10-18,2.0055509487971337,0.9638259768020818,0.552761186402386,1.0,0.0,False,0.0,0.0,240.00667785609983
2010-10-19,1.9517854081549788,0.951195169567485,0.5475889321059658,1.0,0.0,False,0.0,0.0,240.00667785609983
2010-10-20,1.980175665984692,0.9604851269744644,0.5515757967421684,0.9999999999999998,2.220446049250313e-16,False,0.0,0.0,240.00667785609983
2010-10-21,2.0030376429794687,0.9626036485660716,0.5526534065913042,1.0,0.0,True,0.4055383937519915,0.0002027691968759,240.4122162498518
2010-10-22,2.0343091308773205,0.9643961174064212,0.5564246645399245,1.0,0.0,False,0.0,0.0,240.4122162498518
2010-10-25,2.0610333010246285,0.9672482166237788,0.5591183126394087,1.0,1.1102230246251563e-16,False,0.0,0.0,240.4122162498518
2010-10-26,2.076376317277848,0.967411325128564,0.5606267122749333,1.0,0.0,False,0.0,0.0,240.4122162498518
2010-10-27,2.112139053621481,0.9646405337761296,0.5623509068597194,1.0,0.0,False,0.0,0.0,240.4122162498518
2010-10-28,2.100695045213906,0.9648038065392276,0.5635360141274189,1.0000000000000002,0.0,True,0.4425019719865609,0.0002212509859932,240.8547182218384
2010-10-29,2.1036963673865072,0.9655368913900392,0.562243221179478,1.0,0.0,False,0.0,0.0,240.8547182218384
2010-11-01,2.0956178919403894,0.9658629441412964,0.5626741050967057,1.0,0.0,False,0.0,0.0,240.8547182218384
2010-11-02,2.117456107396838,0.9735224735336768,0.5687081742930014,1.0,1.1102230246251563e-16,False,0.0,0.0,240.8547182218384
2010-11-03,2.112271199427389,0.977434203128042,0.5712943249739209,1.0,0.0,False,0.0,0.0,240.8547182218384
2010-11-04,2.149802652144312,0.9962575487618308,0.5782979418157538,1.0,0.0,True,0.8010733662440445,0.000400536683122,241.6557915880824
2010-11-05,2.1602541037107863,1.000006169851411,0.5782979418157538,1.0,1.1102230246251563e-16,False,0.0,0.0,241.6557915880824
2010-11-08,2.170691601950133,0.9981317361128864,0.5790523063624858,1.0,1.1102230246251563e-16,False,0.0,0.0,241.6557915880824
2010-11-09,2.141505327551791,0.9909607109432964,0.5759275390186757,1.0,0.0,False,0.0,0.0,241.6557915880824
2010-11-10,2.1708275103937558,0.9949536662734282,0.5788369820674204,0.9999999999999998,2.220446049250313e-16,False,0.0,0.0,241.6557915880824
2010-11-11,2.176895762395778,0.9912051273130044,0.5751732686027838,1.0,0.0,True,0.8039177166263302,0.0004019588583131,242.45970930470875
2010-11-12,2.115342774010453,0.9794713347255694,0.5657988253750956,1.0,0.0,False,0.0,0.0,242.45970930470875
2010-11-15,2.100140356150898,0.9780856515973044,0.5636437939385006,1.0,0.0,False,0.0,0.0,242.45970930470875
2010-11-16,2.068401942883059,0.9628479828066232,0.5543773658489923,1.0,0.0,False,0.0,0.0,242.45970930470875
2010-11-17,2.0831215354680346,0.963337061933509,0.5559936394264376,1.0,0.0,False,0.0,0.0,242.45970930470875
2010-11-18,2.111522012460978,0.977515510992965,0.5649369163443811,1.0,0.0,True,0.4230128938904409,0.0002115064469452,242.8827221985992
2010-11-19,2.121916097196333,0.980205076609633,0.5653678473270277,1.0,1.1102230246251563e-16,False,0.0,0.0,242.8827221985992
2010-11-22,2.121812393256591,0.9793896162148636,0.5701088882482832,0.9999999999999996,3.3306690738754696e-16,False,0.0,0.0,242.8827221985992
2010-11-23,2.144440255145694,0.9652110028970948,0.5610577844538402,0.9999999999999998,2.220446049250313e-16,False,0.0,0.0,242.8827221985992
2010-11-24,2.1875183538781378,0.9794713347255694,0.5723718877576379,0.9999999999999998,2.220446049250313e-16,False,0.0,0.0,242.8827221985992
2010-11-26,2.170425337655141,0.9680629378561394,0.5686004415473397,1.0,0.0,True,0.4363363455499406,0.0002181681727749,243.31905854414916
2010-11-29,2.181111163059616,0.9709967555842024,0.5681695105646919,1.0,0.0,False,0.0,0.0,243.31905854414916
2010-11-30,2.181489844620924,0.9655368913900392,0.5612734382068427,1.0,1.1102230246251563e-16,False,0.0,0.0,243.31905854414916
2010-12-01,2.223017446360225,0.986071890774194,0.5731258287155927,1.0,0.0,False,0.0,0.0,243.31905854414916
2010-12-02,2.24736553842944,0.9987019588463824,0.5789443382897249,1.0,1.1102230246251563e-16,False,0.0,0.0,243.31905854414916
2010-12-03,2.254187775615053,1.0013912780755807,0.5804528791215086,1.0,0.0,True,0.4298463973335573,0.0002149231986667,243.7489049414827
2010-12-06,2.2685302463212453,1.000332140473512,0.5802375548264443,0.9999999999999998,2.220446049250313e-16,False,0.0,0.0,243.7489049414827
2010-12-07,2.2638195395842104,1.000902198948695,0.5805608471942695,0.9999999999999998,2.220446049250313e-16,False,0.0,0.0,243.7489049414827
2010-12-08,2.2559269840488847,1.0045690193984131,0.5827159256962834,0.9999999999999996,4.440892098500626e-16,False,0.0,0.0,243.7489049414827
2010-12-09,2.265151178327996,1.0084805847344651,0.5832545894245929,0.9999999999999996,4.440892098500626e-16,False,0.0,0.0,243.7489049414827
2010-12-10,2.268287112491626,1.014347645286496,0.5871335801188747,1.0,0.0,True,0.022557480759298,1.1278740379649044e-05,243.771462422242
2010-12-13,2.2401862858467645,1.0149997507890105,0.5850862814279426,1.0,0.0,False,0.0,0.0,243.771462422242
2010-12-14,2.2325991520540915,1.0158955334988242,0.5861637500808193,1.0,0.0,False,0.0,0.0,243.771462422242
2010-12-15,2.230984711016161,1.0112511296994302,0.5835777405961576,1.0,0.0,False,0.0,0.0,243.771462422242
2010-12-16,2.253276362239065,1.017118354509774,0.5881033160260898,1.0,1.1102230246251563e-16,False,0.0,0.0,243.771462422242
2010-12-17,2.2785766513747645,1.0182075513831172,0.5886216004276753,1.0,0.0,True,0.4159582679515927,0.0002079791339757,244.1874206901936
2010-12-20,2.275042898286282,1.0206653485201758,0.5890535197841356,0.79914587899793,0.20085412100207,True,0.2059470685377465,0.0001029735342688,244.39336775873133
2010-12-21,2.2956072860997048,1.027136222630706,0.5926162308581258,0.8009451597648195,0.1990548402351805,False,0.0,0.0,244.39336775873133
2010-12-22,2.261147527024361,1.0303313753347136,0.5925082157199459,0.7979115753766696,0.2020884246233304,False,0.0,0.0,244.39336775873133
2010-12-23,2.270691668348178,1.028856664200816,0.5909966156358822,0.7987609907822915,0.2012390092177085,False,0.0,0.0,244.39336775873133
2010-12-27,2.260502050307112,1.0292659137875952,0.5913204727887438,1.0,0.0,True,0.2215783218509968,0.0001107891609254,244.6149460805823
2010-12-28,2.256240345170322,1.0307408713089627,0.5902411215190786,1.0,0.0,False,0.0,0.0,244.6149460805823
2010-12-29,2.2616200597799416,1.0314778162301292,0.5915366913267825,1.0,0.0,False,0.0,0.0,244.6149460805823
2010-12-30,2.2717147468706,1.0298393395581944,0.5901330122500598,1.0,0.0,False,0.0,0.0,244.6149460805823
2010-12-31,2.2504224672855435,1.030085480640189,0.5879737919911132,1.0,0.0,False,0.0,0.0,244.6149460805823
2011-01-03,2.307193512576436,1.040734675587044,0.5971507957832176,1.0,0.0,True,0.4119562123091958,0.0002059781061545,245.02690229289152
2011-01-04,2.261131760733906,1.0401610034289757,0.5967189705575963,1.0000000000000002,0.0,False,0.0,0.0,245.02690229289152
2011-01-05,2.302394740139891,1.0455674836714215,0.601792905192293,1.0,0.0,False,0.0,0.0,245.02690229289152
2011-01-06,2.267870868733517,1.0435194288960814,0.6037365658290761,1.0,0.0,False,0.0,0.0,245.02690229289152
2011-01-07,2.2636678188911343,1.0414716205082104,0.6031965842690158,1.0,0.0,False,0.0,0.0,245.02690229289152
2011-01-10,2.302681980231301,1.0401610034289757,0.6054641491240793,1.0,0.0,True,0.0567677128226626,2.838385641133132e-05,245.0836700057142
2011-01-11,2.2842693515099595,1.0438472884887813,0.6063277054444829,1.0,0.0,False,0.0,0.0,245.0836700057142
2011-01-12,2.3002863690456303,1.0532670920921685,0.610646334224054,1.0,1.1102230246251563e-16,False,0.0,0.0,245.0836700057142
2011-01-13,2.2788139481677647,1.0515470611678406,0.6108622233041558,1.0,0.0,False,0.0,0.0,245.0836700057142
2011-01-14,2.2526935194184574,1.0591655259819772,0.6153967411638275,1.0,0.0,False,0.0,0.0,245.0836700057142
2011-01-18,2.25162029944838,1.060967439675323,0.6171242303279917,1.0,0.0,True,0.4279297857380679,0.000213964892869,245.51159979145223
2011-01-19,2.1932180261805905,1.0505642215521491,0.6101063997294139,1.0,1.1102230246251563e-16,False,0.0,0.0,245.51159979145223
2011-01-20,2.0661412691538183,1.0491714753164263,0.6057879121461018,1.0,1.1102230246251563e-16,False,0.0,0.0,245.51159979145223
2011-01-21,2.050499779309684,1.0515470611678406,0.60114523795199,1.0,0.0,False,0.0,0.0,245.51159979145223
2011-01-24,2.072845692594022,1.0575270493100426,0.6094585912928518,1.0,0.0,False,0.0,0.0,245.51159979145223
2011-01-25,2.061749885376709,1.0581008857264238,0.6103222417440956,1.0,0.0,True,0.0811312848492429,4.056564242462148e-05,245.5927310763015
2011-01-26,2.0764983905452654,1.0621960918563833,0.6135611427306443,0.9999999999999996,3.3306690738754696e-16,False,0.0,0.0,245.5927310763015
2011-01-27,2.076047508534325,1.0648173260148528,0.6173401194080923,1.0,0.0,False,0.0,0.0,245.5927310763015
2011-01-28,1.9706504626188452,1.046222463694413,0.6016851724466313,0.9999999999999998,2.220446049250313e-16,False,0.0,0.0,245.5927310763015
2011-01-31,2.025568466878128,1.054086412557292,0.6046002633457387,1.0,0.0,False,0.0,0.0,245.5927310763015
2011-02-01,2.031872095952463,1.0709609154367783,0.6159365344622098,1.0,0.0,True,0.8925036038627955,0.0004462518019313,246.4852346801643
2011-02-02,2.0307310985349822,1.0689131070489075,0.6149649630036262,1.0,0.0,False,0.0,0.0,246.4852346801643
2011-02-03,2.077304276220442,1.0712886929003218,0.6160445025349695,1.0,0.0,False,0.0,0.0,246.4852346801643
2011-02-04,2.0619312790800017,1.0743195872913538,0.619499386732459,1.0,0.0,False,0.0,0.0,246.4852346801643
2011-02-07,2.0947045585873725,1.0810367667421912,0.6224144305661462,0.9999999999999998,2.220446049250313e-16,False,0.0,0.0,246.4852346801643
2011-02-08,2.107813658567357,1.0859518682413698,0.6265169820039388,1.0,0.0,True,0.8455269570539444,0.0004227634785269,247.33076163721825
2011-02-09,2.093253299106677,1.0834946460084065,0.6254374424725945,1.0,0.0,False,0.0,0.0,247.33076163721825
2011-02-10,2.109656779870544,1.0839038134660297,0.6264092492582759,0.9999999999999996,3.3306690738754696e-16,False,0.0,0.0,247.33076163721825
2011-02-11,2.131334691534142,1.0903748518348726,0.6309434847254306,1.0,0.0,False,0.0,0.0,247.33076163721825
2011-02-14,2.1149736516587305,1.0929965787682814,0.6324549906786541,1.0,1.1102230246251563e-16,False,0.0,0.0,247.33076163721825
2011-02-15,2.087609060586383,1.0895559420155312,0.6315911990311525,1.0,0.0,True,0.4542668632820124,0.000227133431641,247.78502850050023
2011-02-16,2.1599009120926334,1.096436640616936,0.6356940799268821,1.0,1.1102230246251563e-16,False,0.0,0.0,247.78502850050023
2011-02-17,2.211560937264611,1.099713593960806,0.6354781437813615,1.0,0.0,False,0.0,0.0,247.78502850050023
2011-02-18,2.203838026798981,1.1020070506557325,0.6340745588354788,0.9999999999999998,2.220446049250313e-16,False,0.0,0.0,247.78502850050023
2011-02-22,2.1232778213003027,1.0798899973301497,0.615720598316689,0.9999999999999996,3.3306690738754696e-16,False,0.0,0.0,247.78502850050023
2011-02-23,2.108905468023782,1.0732547006483308,0.610646334224054,1.0,1.1102230246251563e-16,True,0.4007637641143803,0.0002003818820571,248.18579226461463
2011-02-24,2.1368338801634588,1.0725177557271643,0.6138852822760229,1.0,0.0,False,0.0,0.0,248.18579226461463
2011-02-25,2.1676866478374177,1.083985696235048,0.6224144305661462,0.9999999999999998,2.220446049250313e-16,False,0.0,0.0,248.18579226461463
2011-02-28,2.1730226096349154,1.090702629298416,0.6237099533084302,0.9999999999999998,2.220446049250313e-16,False,0.0,0.0,248.18579226461463
2011-03-01,2.1172752303519364,1.0725177557271643,0.6136692990650833,0.9999999999999998,2.220446049250313e-16,False,0.0,0.0,248.18579226461463
2011-03-02,2.083544911132279,1.074811623067873,0.6169081529862119,1.0,0.0,True,0.0260417869865046,1.3020893493252334e-05,248.21183405160116
2011-03-03,2.0700236449923377,1.0933241098443554,0.6291080745539255,1.0,0.0,False,0.0,0.0,248.21183405160116
2011-03-04,2.059570491385268,1.0851323835179332,0.6258692676982157,1.0,0.0,False,0.0,0.0,248.21183405160116
2011-03-07,2.0418850105014377,1.0766131261154366,0.617447993350013,1.0,1.1102230246251563e-16,False,0.0,0.0,248.21183405160116
2011-03-08,2.047269317415627,1.0860332582354495,0.6199312119580803,1.0,1.1102230246251563e-16,False,0.0,0.0,248.21183405160116
2011-03-09,2.0420912807348905,1.0844770749783157,0.615720598316689,1.0,1.1102230246251563e-16,True,0.0457668558788256,2.288342793941281e-05,248.25760090748
2011-03-10,1.974988276190126,1.0644075836531344,0.6061117692989622,1.0,1.1102230246251563e-16,False,0.0,0.0,248.25760090748
2011-03-11,1.9842736247168,1.0717801537727458,0.6098905106493133,1.0000000000000002,0.0,False,0.0,0.0,248.25760090748
2011-03-14,1.968431486936667,1.0653087047581205,0.6077312433249467,1.0000000000000002,0.0,False,0.0,0.0,248.25760090748
2011-03-15,1.9255995177852,1.053103490812444,0.5990940798966434,1.0,0.0,False,0.0,0.0,248.25760090748
2011-03-16,1.910300178238302,1.0336076716453315,0.5846268758663846,1.0,1.1102230246251563e-16,True,1.246909422722044,0.000623454711361,249.504510330202
2011-03-17,1.9390876370639376,1.0472877609832183,0.5900250912427188,1.0,0.0,False,0.0,0.0,249.504510330202
2011-03-18,1.9401484403796008,1.0510967470028172,0.5886951166132252,1.0,0.0,False,0.0,0.0,249.504510330202
2011-03-21,1.956285770609543,1.0673863260297964,0.6000475311686484,1.0,1.1102230246251563e-16,False,0.0,0.0,249.504510330202
2011-03-22,1.954308139836908,1.0636843543011012,0.5989662972821961,0.9999999999999998,2.220446049250313e-16,False,0.0,0.0,249.504510330202
2011-03-23,1.9827069809447089,1.0667280608405454,0.6023177787526335,0.9999999999999998,2.220446049250313e-16,True,0.4177367715043776,0.0002088683857521,249.9222471017064
2011-03-24,2.0690597914978577,1.07693014465948,0.6130216788902004,0.9999999999999998,2.220446049250313e-16,False,0.0,0.0,249.9222471017064
2011-03-25,2.054559731571755,1.0802206493141704,0.614535067460211,1.0,1.1102230246251563e-16,False,0.0,0.0,249.9222471017064
2011-03-28,2.0663922495084663,1.0775883277195746,0.6111833977280945,1.0,0.0,False,0.0,0.0,249.9222471017064
2011-03-29,2.068638274709417,1.0848280128639889,0.6171296899166752,0.9999999999999996,3.3306690738754696e-16,False,0.0,0.0,249.9222471017064
2011-03-30,2.0337507402556985,1.092314496123649,0.6200490637689743,1.0,1.1102230246251563e-16,True,0.046233117841747,2.311655892087353e-05,249.96848021954813
2011-03-31,2.021700425121348,1.090833707432171,0.6209139379211287,1.0,0.0,False,0.0,0.0,249.96848021954813
2011-04-01,2.015878013861759,1.0954407424653632,0.6212385010552857,1.0,0.0,False,0.0,0.0,249.96848021954813
2011-04-04,1.9813694305642733,1.0963454772532348,0.6191842366822402,1.0,0.0,False,0.0,0.0,249.96848021954813
2011-04-05,1.9949152044365035,1.0961813010694152,0.61756245645069,1.0,0.0,False,0.0,0.0,249.96848021954813
2011-04-06,1.9993158322202065,1.0996367210703333,0.619075986216961,0.9999999999999998,2.220446049250313e-16,True,0.4333806575810504,0.0002166903287905,250.4018608771292
2011-04-07,1.996837747825516,1.0968394841295095,0.6186434550100443,0.9999999999999998,2.220446049250313e-16,False,0.0,0.0,250.4018608771292
2011-04-08,1.967219348995112,1.0930549725985443,0.6157242694194243,0.9999999999999998,2.220446049250313e-16,False,0.0,0.0,250.4018608771292
2011-04-11,1.931366800966242,1.0897640572980718,0.613670287438897,0.9999999999999998,2.220446049250313e-16,False,0.0,0.0,250.4018608771292
2011-04-12,1.9049924348058,1.08161930884916,0.6094536023583658,0.9999999999999998,2.220446049250313e-16,False,0.0,0.0,250.4018608771292
2011-04-13,1.9291984923817225,1.081537097563516,0.614643129663811,1.0,0.0,True,0.8185345723559212,0.0004092672861779,251.2203954494851
2011-04-14,1.9322063672705696,1.082359621065743,0.613561989908199,1.0,1.1102230246251563e-16,False,0.0,0.0,251.2203954494851
2011-04-15,1.9412621656835916,1.08630871942631,0.6124808972180045,1.0,1.1102230246251563e-16,False,0.0,0.0,251.2203954494851
2011-04-18,1.907437839457348,1.074132661331187,0.6081562440647136,0.9999999999999998,2.220446049250313e-16,False,0.0,0.0,251.2203954494851
2011-04-19,1.903421760610205,1.0803029427289712,0.6119403038074891,1.0,0.0,False,0.0,0.0,251.2203954494851
2011-04-20,1.9474223682781404,1.0950295217788275,0.6257795139428746,1.0000000000000002,0.0,True,0.8144398811063972,0.0004072199405531,252.0348353305915
2011-04-21,1.9453748464469576,1.100623831402162,0.630752634448603,1.0,0.0,False,0.0,0.0,252.0348353305915
2011-04-25,1.9474551509792364,1.0994721342407314,0.6323745088109909,1.0,0.0,False,0.0,0.0,252.0348353305915
2011-04-26,1.951930131977756,1.1089334951973011,0.6359422558848885,1.0,1.1102230246251563e-16,False,0.0,0.0,252.0348353305915
2011-04-27,1.9417936469605643,1.116173344600028,0.6402669090381794,1.0,0.0,False,0.0,0.0,252.0348353305915
2011-04-28,1.892368536173439,1.119793187172235,0.639293925617005,1.0,1.1102230246251563e-16,True,0.8172689553987418,0.0004086344776993,252.85210428599024
2011-04-29,1.892145595006178,1.122425508766831,0.6387532851410694,1.0,1.1102230246251563e-16,False,0.0,0.0,252.85210428599024
2011-05-02,1.904437657279013,1.120698168347576,0.6375640831818563,0.9999999999999996,3.3306690738754696e-16,False,0.0,0.0,252.85210428599024
2011-05-03,1.8634835875885545,1.1166667765722078,0.6345368353876364,0.9999999999999996,3.3306690738754696e-16,False,0.0,0.0,252.85210428599024
2011-05-04,1.8428191540082737,1.109262340339879,0.6335639460973022,0.9999999999999996,4.440892098500626e-16,False,0.0,0.0,252.85210428599024
2011-05-05,1.8323785547544675,1.0992255825129544,0.6301037905728084,1.0,1.1102230246251563e-16,True,0.8113113560467129,0.0004056556780233,253.6634156420369
2011-05-06,1.8353840441923224,1.1040793335322363,0.632158196142113,1.0,0.0,False,0.0,0.0,253.6634156420369
2011-05-09,1.804855747586504,1.1083576055520077,0.6345368353876364,1.0,1.1102230246251563e-16,False,0.0,0.0,253.6634156420369
2011-05-10,1.8080711161517284,1.1178186379919512,0.6399426282965406,0.9999999999999996,3.3306690738754696e-16,False,0.0,0.0,253.6634156420369
2011-05-11,1.8054163458723615,1.1060538005833638,0.6352936002707719,0.9999999999999998,2.220446049250313e-16,False,0.0,0.0,253.6634156420369
2011-05-12,1.814971792610215,1.1113193471932763,0.6390776600135473,1.0,1.1102230246251563e-16,True,0.4221917235782541,0.0002110958617891,254.0856073656152
2011-05-13,1.808625660170255,1.102763049541204,0.6315094463971573,1.0,0.0,False,0.0,0.0,254.0856073656152
2011-05-16,1.8046115425960976,1.0957699982537237,0.6205896571794911,1.0,0.0,False,0.0,0.0,254.0856073656152
2011-05-17,1.8075569432063232,1.0956052471658086,0.6223195937454788,1.0,0.0,False,0.0,0.0,254.0856073656152
2011-05-18,1.8232401086743304,1.1053956996524257,0.6275091681163443,1.0,0.0,False,0.0,0.0,254.0856073656152
2011-05-19,1.8273806693434087,1.1080284318928038,0.6293469315588339,1.0,0.0,True,0.0152467887055602,7.6233943527801025e-06,254.1008541543208
2011-05-20,1.8083256917130923,1.0992255825129544,0.6245899354603042,1.0,0.0,False,0.0,0.0,254.1008541543208
2011-05-23,1.7976546116652377,1.0864733883850684,0.6153999416123667,1.0,0.0,False,0.0,0.0,254.1008541543208
2011-05-24,1.8042415208111489,1.0855684072097276,0.6116158348041723,1.0,0.0,False,0.0,0.0,254.1008541543208
2011-05-25,1.789903900989373,1.0891884140402477,0.6139945211151144,0.9999999999999998,2.220446049250313e-16,False,0.0,0.0,254.1008541543208
2011-05-26,1.7887998315478946,1.0942065876308185,0.6177786279233101,1.0,0.0,True,0.4213180652402083,0.0002106590326201,254.52217221956096
2011-05-27,1.7910709267579654,1.098402401977476,0.6209139379211287,0.9999999999999998,2.220446049250313e-16,False,0.0,0.0,254.52217221956096
2011-05-31,1.799828592014913,1.109838804889268,0.6309689471174809,0.9999999999999996,3.3306690738754696e-16,False,0.0,0.0,254.52217221956096
2011-06-01,1.7643255789893353,1.0849100598913202,0.6172380815782135,0.9999999999999998,2.220446049250313e-16,False,0.0,0.0,254.52217221956096
2011-06-02,1.746269437758586,1.0837586912465154,0.6185355340027034,1.0,1.1102230246251563e-16,False,0.0,0.0,254.52217221956096
2011-06-03,1.7426276188014056,1.0729810462989129,0.6092373367549068,1.0,0.0,True,0.4365324385533823,0.0002182662192766,254.95870465811436
2011-06-06,1.7117767693846204,1.0616275938351734,0.6042638867912413,1.0,0.0,False,0.0,0.0,254.95870465811436
2011-06-07,1.723684536302594,1.0609695750333918,0.6031829352973073,1.0,0.0,False,0.0,0.0,254.95870465811436
2011-06-08,1.7082811804321576,1.0565266340548627,0.5988583292094352,1.0,0.0,False,0.0,0.0,254.95870465811436
2011-06-09,1.7064883040350305,1.0645891712181297,0.5999394689650485,1.0,1.1102230246251563e-16,False,0.0,0.0,254.95870465811436
2011-06-10,1.6680248967430067,1.0497804630117846,0.5907492868554316,1.0,0.0,True,0.4180566740192681,0.0002090283370096,255.3767613321336
2011-06-13,1.66739805077357,1.050603232901481,0.5907492868554316,1.0,0.0,False,0.0,0.0,255.3767613321336
2011-06-14,1.6874606354693102,1.0639312345455043,0.5983175475372405,1.0,0.0,False,0.0,0.0,255.3767613321336
2011-06-15,1.6678284618942387,1.045008923278147,0.5869654624397554,1.0,0.0,False,0.0,0.0,255.3767613321336
2011-06-16,1.6566623968698055,1.047312071213539,0.5846950736595101,0.9999999999999998,2.220446049250313e-16,False,0.0,0.0,255.3767613321336
2011-06-17,1.6751900799958406,1.0504374962636884,0.5828637581795175,1.0000000000000002,0.0,True,0.4057761642564972,0.0002028880821282,255.7825374963901
2011-06-20,1.6815704865834322,1.0558114533601652,0.5858978304595917,1.0,0.0,False,0.0,0.0,255.7825374963901
2011-06-21,1.7120238339293146,1.0702807217627452,0.5984674508989409,1.0,0.0,False,0.0,0.0,255.7825374963901
2011-06-22,1.6859812315809113,1.063831201232902,0.5941329610729358,1.0,0.0,False,0.0,0.0,255.7825374963901
2011-06-23,1.6803132075091345,1.0607723829286642,0.5996593355870758,1.0,0.0,False,0.0,0.0,255.7825374963901
2011-06-24,1.6530364688726686,1.0484530094554698,0.5892568894626002,1.0,0.0,True,0.0182604195968372,9.130209798418635e-06,255.8007979159869
2011-06-27,1.6589453300096788,1.0577958580392273,0.5986841400911761,1.0,0.0,False,0.0,0.0,255.8007979159869
2011-06-28,1.689262903553165,1.0716030011822013,0.6075697148045838,0.9999999999999998,2.220446049250313e-16,False,0.0,0.0,255.8007979159869
2011-06-29,1.7061931519425138,1.0807808522905749,0.6100619229078106,0.9999999999999996,3.3306690738754696e-16,False,0.0,0.0,255.8007979159869
2011-06-30,1.703188666125417,1.091115410438925,0.6181886147941963,0.9999999999999996,4.440892098500626e-16,False,0.0,0.0,255.8007979159869
2011-07-01,1.7235850944743942,1.1072376923741376,0.6275077090883343,1.0,0.0,True,0.8161032450998336,0.0004080516225499,256.6169011610868
2011-07-05,1.7382815264541789,1.106328686870129,0.6306498906374274,1.0,1.1102230246251563e-16,False,0.0,0.0,256.6169011610868
2011-07-06,1.751419260384161,1.107651623322837,0.6327088144870231,1.0,0.0,False,0.0,0.0,256.6169011610868
2011-07-07,1.7761873586380703,1.1191440383193545,0.6413775588119354,0.9999999999999998,2.220446049250313e-16,False,0.0,0.0,256.6169011610868
2011-07-08,1.7569640122404162,1.1112064196031055,0.639643857012372,0.9999999999999998,2.220446049250313e-16,False,0.0,0.0,256.6169011610868
2011-07-11,1.723572669286702,1.091115410438925,0.6280494791343427,1.0,0.0,True,0.822273587758914,0.0004111367938794,257.43917474884563
2011-07-12,1.721302978711568,1.0864031679562711,0.6232817521201254,0.9999999999999998,2.220446049250313e-16,False,0.0,0.0,257.43917474884563
2011-07-13,1.71738735566352,1.0900409146845926,0.6258822577540489,0.9999999999999996,3.3306690738754696e-16,False,0.0,0.0,257.43917474884563
2011-07-14,1.689692987143432,1.0825170626587304,0.6186221814403469,0.9999999999999996,4.440892098500626e-16,False,0.0,0.0,257.43917474884563
2011-07-15,1.7029299562559697,1.088800682292468,0.6268574532499488,0.9999999999999996,4.440892098500626e-16,False,0.0,0.0,257.43917474884563
2011-07-18,1.67451245712744,1.0798714361407835,0.6234984413123604,1.0,1.1102230246251563e-16,True,0.8119374660830392,0.0004059687330415,258.2511122149287
2011-07-19,1.7175636555069056,1.0973989479435058,0.6376935130859938,1.0,0.0,False,0.0,0.0,258.2511122149287
2011-07-20,1.7097711517570438,1.0967375618463082,0.6349844745942728,1.0,0.0,False,0.0,0.0,258.2511122149287
2011-07-21,1.743213523870912,1.1119511667941382,0.6392103844970618,1.0,0.0,False,0.0,0.0,258.2511122149287
2011-07-22,1.7574005037249247,1.1126948463061368,0.6458202049723796,1.0,0.0,False,0.0,0.0,258.2511122149287
2011-07-25,1.7469555352913717,1.1064944235079217,0.6445201168843868,1.0,0.0,True,0.414590550141958,0.0002072952750709,258.66570276507065
2011-07-26,1.7459835115686255,1.102360288157787,0.646145521153251,0.9999999999999998,2.220446049250313e-16,False,0.0,0.0,258.66570276507065
2011-07-27,1.695240741856338,1.0797887320802002,0.6294582883418107,0.9999999999999998,2.220446049250313e-16,False,0.0,0.0,258.66570276507065
2011-07-28,1.71483762481477,1.0766465526821272,0.6305418284338274,0.9999999999999994,5.551115123125784e-16,False,0.0,0.0,258.66570276507065
2011-07-29,1.7341905431500773,1.0692884372940576,0.6284828104533939,0.9999999999999994,5.551115123125784e-16,False,0.0,0.0,258.66570276507065
2011-08-01,1.727681178527092,1.0647410280284757,0.6255571769002769,1.0,1.1102230246251563e-16,True,0.4164913847467024,0.0002082456923733,259.0821941498173
2011-08-02,1.6655899185913103,1.0375400156579753,0.6097367008577782,1.0,0.0,False,0.0,0.0,259.0821941498173
2011-08-03,1.7103562841271942,1.043161838548733,0.6155882974219506,1.0,0.0,False,0.0,0.0,259.0821941498173
2011-08-04,1.6024063546600202,0.9942986862504368,0.5869811822899306,1.0,0.0,False,0.0,0.0,259.0821941498173
2011-08-05,1.5934778357410673,0.9928102595474052,0.5832972306948279,1.0,1.1102230246251563e-16,False,0.0,0.0,259.0821941498173
2011-08-08,1.4539392824471995,0.9281553130396036,0.5481887338144471,1.0,0.0,True,0.4651293746922567,0.0002325646873461,259.5473235245096
2011-08-09,1.5716936897224278,0.9713136919990896,0.5746283451736565,1.0,0.0,False,0.0,0.0,259.5473235245096
2011-08-10,1.527325202733336,0.9284033430921974,0.5511145556292434,1.0,0.0,False,0.0,0.0,259.5473235245096
2011-08-11,1.6095500455128562,0.9700734596069646,0.5753869926735792,1.0,0.0,False,0.0,0.0,259.5473235245096
2011-08-12,1.62265472446339,0.9766052735516088,0.5804798005415699,1.0,0.0,False,0.0,0.0,259.5473235245096
2011-08-15,1.6698155663522358,0.9972748004940912,0.5890401532049451,1.0,1.1102230246251563e-16,True,0.0326853692493261,1.6342684624663053e-05,259.58000889375893
2011-08-16,1.644138083291955,0.9887590746453236,0.5840554546059732,0.9999999999999996,3.3306690738754696e-16,False,0.0,0.0,259.58000889375893
2011-08-17,1.625129345345072,0.9894203786133646,0.580588098072268,0.9999999999999996,4.440892098500626e-16,False,0.0,0.0,259.58000889375893
2011-08-18,1.5262366248551111,0.94675797762991,0.552089751125142,0.9999999999999996,4.440892098500626e-16,False,0.0,0.0,259.58000889375893
2011-08-19,1.4787984523456283,0.9312970817918944,0.5421207304505565,0.9999999999999996,4.440892098500626e-16,False,0.0,0.0,259.58000889375893
2011-08-22,1.4518667682332855,0.9320411719496752,0.544071027311516,1.0,0.0,True,1.1999999999999995,0.0005999999999999,260.7800088937589
2011-08-23,1.526057427020563,0.9627150978314256,0.5665014650255915,1.0,0.0,False,0.0,0.0,260.7800088937589
2011-08-24,1.5320460652944607,0.9762744573092752,0.5709443465131337,1.0,0.0,False,0.0,0.0,260.7800088937589
2011-08-25,1.5003923447420642,0.961392243507874,0.5616252051535768,0.9999999999999998,2.220446049250313e-16,False,0.0,0.0,260.7800088937589
2011-08-26,1.5452910893468976,0.9753648769011712,0.5757120735273524,0.9999999999999998,2.220446049250313e-16,False,0.0,0.0,260.7800088937589
2011-08-29,1.6166074848979697,1.0033929298775053,0.591749144631246,1.0,0.0,True,0.4401627640479062,0.0002200813820239,261.2201716578068
2011-08-30,1.6478740286382394,1.0060388027829217,0.595650114876522,1.0,0.0,False,0.0,0.0,261.2201716578068
2011-08-31,1.6460273425896426,1.0105036722462333,0.5966252162415816,1.0,0.0,False,0.0,0.0,261.2201716578068
2011-09-01,1.6467846691871553,0.9999206733995072,0.5912072804543986,1.0,0.0,False,0.0,0.0,261.2201716578068
2011-09-02,1.5951746703841625,0.9743727566907966,0.5773373836653776,1.0,0.0,False,0.0,0.0,261.2201716578068
2011-09-06,1.5855105644064564,0.9672621785803815,0.5774456811960755,1.0,0.0,True,1.2,0.0006,262.4201716578068
2011-09-07,1.6350075364419192,0.9945468805613432,0.5920743196158582,0.9999999999999998,2.220446049250313e-16,False,0.0,0.0,262.4201716578068
2011-09-08,1.6122167347529586,0.9842115011214287,0.5893652340587172,0.9999999999999998,2.220446049250313e-16,False,0.0,0.0,262.4201716578068
2011-09-09,1.5523251409297265,0.9584159650059068,0.5762536553116816,1.0,1.1102230246251563e-16,False,0.0,0.0,262.4201716578068
2011-09-12,1.5581941596417157,0.9646168805790608,0.5836222174177622,0.9999999999999998,2.220446049250313e-16,False,0.0,0.0,262.4201716578068
2011-09-13,1.5774294438112553,0.9734631762826922,0.5914241108428928,1.0,0.0,True,0.0189665775897623,9.48328879488118e-06,262.43913823539657
2011-09-14,1.5879670533056007,0.986940242345741,0.5998759306484719,1.0,1.1102230246251563e-16,False,0.0,0.0,262.43913823539657
2011-09-15,1.6188077756687849,1.003972022559902,0.6087615524272985,1.0,0.0,False,0.0,0.0,262.43913823539657
2011-09-16,1.617531018594687,1.009913902773493,0.6143412991273637,1.0,0.0,False,0.0,0.0,262.43913823539657
2011-09-19,1.6286580428424071,0.9998580088531068,0.6145584589737962,0.9999999999999998,2.220446049250313e-16,False,0.0,0.0,262.43913823539657
2011-09-20,1.6227785156887558,0.9986944029639852,0.6118447610055262,1.0000000000000002,0.0,True,0.4165351424809568,0.0002082675712404,262.8556733778775
2011-09-21,1.615764938610443,0.9692749999475888,0.6012056228854475,1.0000000000000002,0.0,False,0.0,0.0,262.8556733778775
2011-09-22,1.5477657777385672,0.9379433837806828,0.5816650019401083,1.0,0.0,False,0.0,0.0,262.8556733778775
2011-09-23,1.501065851512123,0.9435948552969324,0.5878528809279391,0.9999999999999998,2.220446049250313e-16,False,0.0,0.0,262.8556733778775
2011-09-26,1.5291697772245638,0.9660335263993218,0.5946920511933881,0.9999999999999998,2.220446049250313e-16,False,0.0,0.0,262.8556733778775
2011-09-27,1.560398201096176,0.9768374526770004,0.6008801184428981,1.0,0.0,True,0.0320324462135791,1.6016223106789588e-05,262.8877058240911
2011-09-28,1.5071725302217551,0.9568917299906466,0.5919781649634402,1.0,0.0,False,0.0,0.0,262.8877058240911
2011-09-29,1.511716538185579,0.9644546754949972,0.5849216465898794,1.0,0.0,False,0.0,0.0,262.8877058240911
2011-09-30,1.4736428757345532,0.940353628136135,0.5698318141225907,1.0,1.1102230246251563e-16,False,0.0,0.0,262.8877058240911
2011-10-03,1.431156368027387,0.9135929923027232,0.5551763013481666,0.9999999999999998,2.220446049250313e-16,False,0.0,0.0,262.8877058240911
2011-10-04,1.4354385970668972,0.9336219939537556,0.5665751224074006,0.5076022276872536,0.4923977723127464,True,0.4999999999999998,0.0002499999999999,263.3877058240911
2011-10-05,1.4580079927751923,0.9509079639072466,0.5811222435202875,0.5152243533712536,0.4847756466287464,False,0.0,0.0,263.3877058240911
2011-10-06,1.4721128722351888,0.9681113940584672,0.5908924127966968,0.5198691752390621,0.4801308247609379,False,0.0,0.0,263.3877058240911
2011-10-07,1.4601781562413505,0.9616289397368724,0.5869841944767904,0.5159448424383581,0.4840551575616418,False,0.0,0.0,263.3877058240911
2011-10-10,1.4883702867486128,0.9937910459341848,0.6072850631463212,0.5251136267766309,0.4748863732233691,False,0.0,0.0,263.3877058240911
2011-10-11,1.4956036389185996,0.9947887509272004,0.611410205985562,1.0,0.0,True,0.47686075416435,0.0002384303770821,263.86456657825545
2011-10-12,1.4841805991549706,1.00351489167489,0.614450114377678,1.0,0.0,False,0.0,0.0,263.86456657825545
2011-10-13,1.5156494125153823,1.0015203029804234,0.620095282011107,1.0,1.1102230246251563e-16,False,0.0,0.0,263.86456657825545
2011-10-14,1.5656459117268244,1.0186401256503392,0.6316025888627168,1.0,1.1102230246251563e-16,False,0.0,0.0,263.86456657825545
2011-10-17,1.5583453971472658,0.99919333758965,0.6218321842592082,0.9999999999999998,2.220446049250313e-16,False,0.0,0.0,263.86456657825545
2011-10-18,1.582222510795778,1.018723076098392,0.6295397585832877,1.0,1.1102230246251563e-16,True,0.8413179435391404,0.0004206589717695,264.7058845217946
2011-10-19,1.5384328604913051,1.0066729220001651,0.6173810192578005,1.0,0.0,False,0.0,0.0,264.7058845217946
2011-10-20,1.540262463432768,1.0110778371792406,0.6143412991273637,0.9999999999999998,2.220446049250313e-16,False,0.0,0.0,264.7058845217946
2011-10-21,1.583370422760259,1.0302749526042063,0.6220494853018997,0.9999999999999998,2.220446049250313e-16,False,0.0,0.0,264.7058845217946
2011-10-24,1.6423148173377662,1.042907895196872,0.6349678134357043,0.9999999999999996,3.3306690738754696e-16,False,0.0,0.0,264.7058845217946
2011-10-25,1.5971633392371714,1.022629220910116,0.6224834755368264,1.0,0.0,True,1.2260792541666876,0.0006130396270833,265.93196377596126
2011-10-26,1.5952985473424166,1.0330175736559657,0.6217236043359919,1.0,1.1102230246251563e-16,False,0.0,0.0,265.93196377596126
2011-10-27,1.624636418121201,1.069003202733575,0.6388761258864508,0.9999999999999996,3.3306690738754696e-16,False,0.0,0.0,265.93196377596126
2011-10-28,1.6349507806763797,1.068753612227008,0.6398530628028775,0.9999999999999998,2.220446049250313e-16,False,0.0,0.0,265.93196377596126
2011-10-31,1.6113904266239008,1.0429907635157682,0.629105627152102,0.9999999999999998,2.220446049250313e-16,False,0.0,0.0,265.93196377596126
2011-11-01,1.5866239803699749,1.01390299803327,0.6127130238678976,1.0,0.0,True,0.4283878811808926,0.0002141939405904,266.36035165714213
2011-11-02,1.6116595998514622,1.030441346275251,0.6179236835467824,1.0,1.1102230246251563e-16,False,0.0,0.0,266.36035165714213
2011-11-03,1.6393681433133938,1.0492234630724833,0.630734090673246,1.0,1.1102230246251563e-16,False,0.0,0.0,266.36035165714213
2011-11-04,1.6280953504158555,1.0428243698447237,0.627477398958056,1.0,1.1102230246251563e-16,False,0.0,0.0,266.36035165714213
2011-11-07,1.645203457134898,1.049306413520536,0.6319282345015265,1.0,0.0,False,0.0,0.0,266.36035165714213
2011-11-08,1.6542919659441997,1.0627699282727645,0.6392018185906794,1.0,0.0,True,1.228504237330471,0.0006142521186652,267.5888558944726
2011-11-09,1.5998374063129397,1.02354348268014,0.6167297279801812,1.0,0.0,False,0.0,0.0,267.5888558944726
2011-11-10,1.614968113338995,1.0331841315853232,0.6164040823413727,1.0,1.1102230246251563e-16,False,0.0,0.0,267.5888558944726
2011-11-11,1.6333382980700393,1.0526307553876997,0.6280200161816188,0.9999999999999998,2.220446049250313e-16,False,0.0,0.0,267.5888558944726
2011-11-14,1.6286658375829226,1.0426582225611485,0.6241118449271315,0.9999999999999998,2.220446049250313e-16,False,0.0,0.0,267.5888558944726
2011-11-15,1.6456549091718828,1.0478110058392032,0.6310597363120558,1.0,0.0,True,0.8101693778920847,0.000405084688946,268.39902527236467
2011-11-16,1.6254489895563788,1.0311895428908562,0.6206380874963479,1.0,0.0,False,0.0,0.0,268.39902527236467
2011-11-17,1.586377463105026,1.0148173419324504,0.6060911546451402,1.0,0.0,False,0.0,0.0,268.39902527236467
2011-11-18,1.580493521235052,1.0137369328788512,0.6014227356664611,1.0,0.0,False,0.0,0.0,268.39902527236467
2011-11-21,1.5843604638276347,0.9944562921017372,0.5899154758802702,1.0,0.0,False,0.0,0.0,268.39902527236467
2011-11-22,1.5803597501533686,0.9905503936774824,0.5918695850402239,1.0,1.1102230246251563e-16,True,1.2200286689100135,0.000610014334455,269.6190539412747
2011-11-23,1.4962793810308244,0.9686927863572456,0.5785166077556162,1.0,0.0,False,0.0,0.0,269.6190539412747
2011-11-25,1.4907169975120755,0.9668645913338236,0.5740658192775657,1.0,0.0,False,0.0,0.0,269.6190539412747
2011-11-28,1.5518420903474512,0.9948716192460968,0.59404075991577,1.0,0.0,False,0.0,0.0,269.6190539412747
2011-11-29,1.543401205742918,0.9976973550042216,0.590349795573135,1.0,0.0,False,0.0,0.0,269.6190539412747
2011-11-30,1.6569456110940133,1.0387519956202682,0.6121702183826566,1.0,0.0,True,0.4513757144147535,0.0002256878572073,270.07042965568945
2011-12-01,1.6386231181116857,1.038586012595006,0.6164040823413727,1.0,0.0,False,0.0,0.0,270.07042965568945
2011-12-02,1.6617675693607403,1.0376718329541386,0.6146669918315922,1.0,0.0,False,0.0,0.0,270.07042965568945
2011-12-05,1.6861372124047742,1.0489742010825425,0.6213979586971822,1.0000000000000002,0.0,False,0.0,0.0,270.07042965568945
2011-12-06,1.671244219622677,1.049306413520536,0.619660915252822,1.0,0.0,False,0.0,0.0,270.07042965568945
2011-12-07,1.6732255396878088,1.0532125583322602,0.619660915252822,1.0000000000000002,0.0,True,0.419764336062806,0.0002098821680314,270.4901939917523
2011-12-08,1.6262339486118995,1.030108805320631,0.6092392193716952,1.0,0.0,False,0.0,0.0,270.4901939917523
2011-12-09,1.6536382997588115,1.0475615795909494,0.6190093886481057,1.0,0.0,False,0.0,0.0,270.4901939917523
2011-12-12,1.6206339052767176,1.0322697876861426,0.6120615913940204,1.0000000000000002,0.0,False,0.0,0.0,270.4901939917523
2011-12-13,1.5622363366586334,1.022629220910116,0.6053310010517875,1.0,0.0,False,0.0,0.0,270.4901939917523
2011-12-14,1.5045060054103592,1.0117425084426974,0.5958864303487666,1.0,1.1102230246251563e-16,True,0.433449421206627,0.0002167247106033,270.9236434129589
2011-12-15,1.5189339833985671,1.0153989806186985,0.5942578726967823,1.0,0.0,False,0.0,0.0,270.9236434129589
2011-12-16,1.4838598570507502,1.0169043259279662,0.5973173132380677,0.9999999999999998,2.220446049250313e-16,False,0.0,0.0,270.9236434129589
2011-12-19,1.4568616475292753,1.0060322324504023,0.5914379010108606,0.9999999999999996,4.440892098500626e-16,False,0.0,0.0,270.9236434129589
2011-12-20,1.5409280404825176,1.0364748826274828,0.608967746030944,0.9999999999999996,3.3306690738754696e-16,False,0.0,0.0,270.9236434129589
2011-12-21,1.520426581396663,1.0384822834703615,0.600257019351672,1.0,0.0,True,0.3999999999999996,0.0001999999999999,271.32364341295886
2011-12-22,1.5868771316161474,1.0476816524177346,0.6053747248266765,1.0,0.0,False,0.0,0.0,271.32364341295886
2011-12-23,1.596999762273675,1.057048729102657,0.610600774897798,1.0000000000000002,0.0,False,0.0,0.0,271.32364341295886
2011-12-27,1.5957145932353878,1.0578850503031734,0.6128784588180952,1.0,0.0,False,0.0,0.0,271.32364341295886
2011-12-28,1.579189521916743,1.0440017734321352,0.6057951602207334,1.0,1.1102230246251563e-16,False,0.0,0.0,271.32364341295886
2011-12-29,1.6137032003497112,1.0547906700741765,0.6101539358032972,1.0,0.0,True,0.0499961167331728,2.499805836658642e-05,271.373639529692
2011-12-30,1.612990588642275,1.0496054457793087,0.6084106797235378,1.0,0.0,False,0.0,0.0,271.373639529692
2012-01-03,1.6447577846160335,1.0663320340479605,0.6200709021237094,1.0,0.0,False,0.0,0.0,271.373639529692
2012-01-04,1.6381814520641411,1.0680046764489943,0.6226861862994144,1.0,0.0,False,0.0,0.0,271.373639529692
2012-01-05,1.6794931467826004,1.0708484806215466,0.6278082217930309,1.0,0.0,False,0.0,0.0,271.373639529692
2012-01-06,1.6914584447202357,1.068088448188612,0.6299874919207631,1.0,0.0,True,0.4274231372988056,0.0002137115686494,271.80106266699084
2012-01-09,1.7168354205181977,1.070681101400624,0.6279170370433452,1.0,0.0,False,0.0,0.0,271.80106266699084
2012-01-10,1.7098898234547255,1.0799644884750843,0.6324940549769942,1.0,0.0,False,0.0,0.0,271.80106266699084
2012-01-11,1.7282462075057894,1.0805495765859046,0.6338016264667178,1.0,0.0,False,0.0,0.0,271.80106266699084
2012-01-12,1.7224851698717958,1.0831427225728556,0.6363080012612695,1.0,0.0,False,0.0,0.0,271.80106266699084
2012-01-13,1.694547456934372,1.077538885967369,0.6340196334907048,1.0,1.1102230246251563e-16,True,0.8350739958093408,0.0004175369979046,272.6361366628002
2012-01-17,1.6825006971313647,1.0817206562282664,0.6397953605983429,0.9999999999999998,2.220446049250313e-16,False,0.0,0.0,272.6361366628002
2012-01-18,1.7354986297060986,1.0936803861252,0.6482955165899398,0.9999999999999998,2.220446049250313e-16,False,0.0,0.0,272.6361366628002
2012-01-19,1.788305553609444,1.0994512734349833,0.6523274698982021,0.9999999999999996,3.3306690738754696e-16,False,0.0,0.0,272.6361366628002
2012-01-20,1.752867011957198,1.1035493540854198,0.6513467206827799,0.9999999999999996,3.3306690738754696e-16,False,0.0,0.0,272.6361366628002
2012-01-23,1.7408224528441547,1.1007054677837111,0.6515647277067658,1.0,0.0,True,0.8098660859210873,0.0004049330429605,273.4460027487213
2012-01-24,1.7930187123899777,1.0994512734349833,0.6503659244019375,1.0,1.1102230246251563e-16,False,0.0,0.0,273.4460027487213
2012-01-25,1.826123488148499,1.108651053028139,0.6585393522500721,0.9999999999999996,3.3306690738754696e-16,False,0.0,0.0,273.4460027487213
2012-01-26,1.7932052577240083,1.102963855328817,0.656250607956149,0.9999999999999996,3.3306690738754696e-16,False,0.0,0.0,273.4460027487213
2012-01-27,1.7926178051922563,1.102462210440989,0.6582125299757707,0.9999999999999996,4.440892098500626e-16,False,0.0,0.0,273.4460027487213
2012-01-30,1.7867847155348833,1.0986984775866149,0.6587572180778001,1.0000000000000002,0.0,True,1.205064636030981,0.0006025323180154,274.65106738475225
2012-01-31,1.8122020001566788,1.098280440180091,0.6596289637812288,0.9999999999999998,2.220446049250313e-16,False,0.0,0.0,274.65106738475225
2012-02-01,1.8657261805324048,1.1078978465339882,0.6649686768408928,0.9999999999999998,2.220446049250313e-16,False,0.0,0.0,274.65106738475225
2012-02-02,1.8663317606333285,1.1096543428037962,0.66703936704541,0.9999999999999996,4.440892098500626e-16,False,0.0,0.0,274.65106738475225
2012-02-03,1.9285955488759785,1.1252103442050243,0.6761932146510286,0.9999999999999998,2.220446049250313e-16,False,0.0,0.0,274.65106738475225
2012-02-06,1.9238236055801825,1.1244578768732818,0.6756481970910622,1.0,0.0,True,0.4282297379436596,0.0002141148689718,275.0792971226959
2012-02-07,1.9411324376908397,1.1273015167875209,0.6770651486161365,1.0,0.0,False,0.0,0.0,275.0792971226959
2012-02-08,2.0109380787133166,1.1306468015895887,0.680661276138104,1.0,1.1102230246251563e-16,False,0.0,0.0,275.0792971226959
2012-02-09,1.990615518828593,1.132068539417552,0.6855651634114743,1.0,1.1102230246251563e-16,False,0.0,0.0,275.0792971226959
2012-02-10,1.9740692266816005,1.1237048346374436,0.6807701384538385,1.0,1.1102230246251563e-16,False,0.0,0.0,275.0792971226959
2012-02-13,1.9629952200894576,1.132068539417552,0.6870906477943447,1.0,0.0,True,0.4722968650543886,0.0002361484325271,275.55159398775027
2012-02-14,1.9630948774230008,1.1306468015895887,0.6888341392012022,0.9999999999999998,2.220446049250313e-16,False,0.0,0.0,275.55159398775027
2012-02-15,1.980758795485433,1.125377723425947,0.6840394907669247,0.9999999999999996,3.3306690738754696e-16,False,0.0,0.0,275.55159398775027
2012-02-16,2.0131118627878,1.1378395088564917,0.69341125126569,0.9999999999999994,5.551115123125784e-16,False,0.0,0.0,275.55159398775027
2012-02-17,2.013819858413345,1.140849953087558,0.6912317928762786,0.9999999999999998,2.220446049250313e-16,False,0.0,0.0,275.55159398775027
2012-02-21,1.9737880378154973,1.1413519264920124,0.6931934325033822,1.0,0.0,True,0.416346427000217,0.0002081732135001,275.9679404147505
2012-02-22,1.943675234843216,1.1376717189897867,0.6900331307677096,1.0,0.0,False,0.0,0.0,275.9679404147505
2012-02-23,1.9856027548911883,1.1426900568386706,0.6946101016359384,1.0,1.1102230246251563e-16,False,0.0,0.0,275.9679404147505
2012-02-24,1.9814718433288707,1.1451990204402216,0.6970074258530776,0.9999999999999998,2.220446049250313e-16,False,0.0,0.0,275.9679404147505
2012-02-27,1.989870756257652,1.1471224031560132,0.6979882221339201,1.0,1.1102230246251563e-16,False,0.0,0.0,275.9679404147505
2012-02-28,2.0294238576059374,1.1504681807330197,0.7050716619275408,1.0,0.0,True,0.4252021999669993,0.0002126010999834,276.3931426147175
2012-02-29,2.039841341372775,1.145951569901121,0.7019115484535461,1.0,0.0,False,0.0,0.0,276.3931426147175
2012-03-01,2.056884763823424,1.1518895079152005,0.7074693626680374,1.0,0.0,False,0.0,0.0,276.3931426147175
2012-03-02,2.0454666141418234,1.1483771724088363,0.7069242980426509,1.0,0.0,False,0.0,0.0,276.3931426147175
2012-03-05,2.0178111453117915,1.1436932644851712,0.6996229924213021,1.0,1.1102230246251563e-16,False,0.0,0.0,276.3931426147175
2012-03-06,1.9408209136362289,1.1269668404748328,0.6927574184554094,1.0,0.0,True,0.4156997096107359,0.0002078498548053,276.8088423243282
2012-03-07,1.9667941278901448,1.134828161204704,0.6980973668421726,0.9999999999999998,2.220446049250313e-16,False,0.0,0.0,276.8088423243282
2012-03-08,2.007471352729822,1.1461189491220432,0.7056166794875072,0.9999999999999992,6.661338147750939e-16,False,0.0,0.0,276.8088423243282
2012-03-09,2.0248272432919827,1.1505512133102291,0.7085586447412556,0.9999999999999992,8.881784197001252e-16,False,0.0,0.0,276.8088423243282
2012-03-12,2.004047416861948,1.1506349850498467,0.7088857964734941,0.9999999999999992,8.881784197001252e-16,False,0.0,0.0,276.8088423243282
2012-03-13,2.0747461828537186,1.1713762928750997,0.7220717856490543,0.9999999999999998,2.220446049250313e-16,True,0.8299398745531223,0.0004149699372765,277.63878219888136
2012-03-14,2.089701725054344,1.1701216878805891,0.7245782545744462,1.0,1.1102230246251563e-16,False,0.0,0.0,277.63878219888136
2012-03-15,2.181780624188668,1.1768960292243424,0.7266488506481232,1.0,0.0,False,0.0,0.0,277.63878219888136
2012-03-16,2.207999263010082,1.1785262929806286,0.7261359317043823,1.0,0.0,False,0.0,0.0,277.63878219888136
2012-03-19,2.2212199402290747,1.1831458937747634,0.7312664860389609,1.0,1.1102230246251563e-16,False,0.0,0.0,277.63878219888136
2012-03-20,2.2210680989600564,1.1797017254682842,0.7325762225379912,1.0,0.0,True,0.447408742531786,0.0002237043712658,278.0861909414131
2012-03-21,2.2468610627385037,1.1777696370619049,0.7326853672462426,1.0000000000000002,0.0,False,0.0,0.0,278.0861909414131
2012-03-22,2.201357767570173,1.1692856951966983,0.7311569177419323,1.0,1.1102230246251563e-16,False,0.0,0.0,278.0861909414131
2012-03-23,2.214219506601547,1.1730657717532131,0.7307208566285393,0.9999999999999996,4.440892098500626e-16,False,0.0,0.0,278.0861909414131
2012-03-26,2.2366975847403228,1.1895300394960424,0.743492293587502,0.9999999999999996,4.440892098500626e-16,False,0.0,0.0,278.0861909414131
2012-03-27,2.238932108617819,1.1858338168083014,0.744583881866286,1.0,0.0,True,0.4243060606694605,0.0002121530303347,278.51049700208256
2012-03-28,2.217780525870899,1.179953533462076,0.7416366923509521,1.0,0.0,False,0.0,0.0,278.51049700208256
2012-03-29,2.168339198893132,1.1779378375743923,0.7387986004784507,1.0,1.1102230246251563e-16,False,0.0,0.0,278.51049700208256
2012-03-30,2.14104619057712,1.1828099033955712,0.7373790603552938,0.9999999999999998,2.220446049250313e-16,False,0.0,0.0,278.51049700208256
2012-04-02,2.125737145911242,1.1914620457732652,0.7450205077647154,0.9999999999999998,2.220446049250313e-16,False,0.0,0.0,278.51049700208256
2012-04-03,2.1137214935165507,1.1865898978229297,0.7448023595444693,1.0000000000000002,0.0,True,0.8197020144264259,0.0004098510072132,279.33019901650897
2012-04-04,2.0459727085860058,1.1748293311304794,0.7346500661256261,1.0,0.0,False,0.0,0.0,279.33019901650897
2012-04-05,2.0443693350768117,1.1742419434032774,0.7392349439843631,1.0,0.0,False,0.0,0.0,279.33019901650897
2012-04-09,1.994302676803224,1.1610539719710664,0.7336679049476129,1.0,1.1102230246251563e-16,False,0.0,0.0,279.33019901650897
2012-04-10,1.9152391723490043,1.1415654622988811,0.7218785821012433,0.9999999999999998,2.220446049250313e-16,False,0.0,0.0,279.33019901650897
2012-04-11,1.929624661655884,1.150805813695342,0.725371636354097,1.0,1.1102230246251563e-16,True,1.2093683995709892,0.0006046841997854,280.53956741607993
2012-04-12,1.9651979370070876,1.1658412805027496,0.7336679049476129,1.0,0.0,False,0.0,0.0,280.53956741607993
2012-04-13,1.9225427469838536,1.151981821087093,0.7225336386124357,1.0,0.0,False,0.0,0.0,280.53956741607993
2012-04-16,1.900671237035392,1.1512258222016212,0.7144554711737457,1.0,0.0,False,0.0,0.0,280.53956741607993
2012-04-17,1.9039709543820384,1.1682778883174345,0.7289740235768836,1.0,0.0,False,0.0,0.0,280.53956741607993
2012-04-18,1.8420981420758,1.1643300218942148,0.7271183282094935,1.0,1.1102230246251563e-16,True,0.7999999999999998,0.0003999999999999,281.33956741607994
2012-04-19,1.8133387891138573,1.1568534762624894,0.7189312043242302,1.0,1.1102230246251563e-16,False,0.0,0.0,281.33956741607994
2012-04-20,1.767183007476303,1.1587854825397124,0.7169662701177485,0.9999999999999998,2.220446049250313e-16,False,0.0,0.0,281.33956741607994
2012-04-23,1.7542796500607565,1.149041597284824,0.7104165992487902,0.9999999999999998,2.220446049250313e-16,False,0.0,0.0,281.33956741607994
2012-04-24,1.7537714300123337,1.1534097186017926,0.7065961108711787,1.0,1.1102230246251563e-16,False,0.0,0.0,281.33956741607994
2012-04-25,1.792262654406584,1.1692015128112982,0.725371636354097,1.0,0.0,True,0.042016989064929,2.1008494532464505e-05,281.38158440514485
2012-04-26,1.7761900158151622,1.1773499570722514,0.7296288447609779,1.0,0.0,False,0.0,0.0,281.38158440514485
2012-04-27,1.7867780594004252,1.1792816348328483,0.7339953390723707,1.0,0.0,False,0.0,0.0,281.38158440514485
2012-04-30,1.7675215713759929,1.174913431386723,0.7287558753566374,1.0,1.1102230246251563e-16,False,0.0,0.0,281.38158440514485
2012-05-01,1.8474070017694897,1.182221940764274,0.7299563730165749,1.0,0.0,False,0.0,0.0,281.38158440514485
2012-05-02,1.8388470798153156,1.17869416497649,0.732030498996728,1.0,0.0,True,0.0730234850767645,3.6511742538382286e-05,281.4546078902216
2012-05-03,1.7841828150230885,1.1697058679612906,0.7242800951407342,1.0,1.1102230246251563e-16,False,0.0,0.0,281.4546078902216
2012-05-04,1.7292953332900831,1.150805813695342,0.7062685355501618,0.9999999999999998,2.220446049250313e-16,False,0.0,0.0,281.4546078902216
2012-05-07,1.7319510034080925,1.1516455021912748,0.7069237803230334,0.9999999999999996,3.3306690738754696e-16,False,0.0,0.0,281.4546078902216
2012-05-08,1.6043995564211666,1.147025408622201,0.7043039308016182,0.9999999999999996,4.440892098500626e-16,False,0.0,0.0,281.4546078902216
2012-05-09,1.5804209134080318,1.1402219114278944,0.7021204718515333,1.0,1.1102230246251563e-16,True,0.9212226478103824,0.0004606113239051,282.375830538032
2012-05-10,1.5388345344184118,1.1425735976947706,0.7007016847750908,1.0,1.1102230246251563e-16,False,0.0,0.0,282.375830538032
2012-05-11,1.5393748683982424,1.139129675775761,0.700592210608901,1.0,0.0,False,0.0,0.0,282.375830538032
2012-05-14,1.507814685452879,1.1265296669748472,0.6940425868053616,1.0,0.0,False,0.0,0.0,282.375830538032
2012-05-15,1.4938423997084214,1.1200612567390118,0.6917502655395433,1.0000000000000002,0.0,False,0.0,0.0,282.375830538032
2012-05-16,1.4881230299744457,1.115777810582382,0.6870561488417147,1.0,0.0,True,0.8026115207636323,0.0004013057603818,283.1784420587956
2012-05-17,1.4548151181116191,1.0992294425833091,0.6725381612236133,1.0,0.0,False,0.0,0.0,283.1784420587956
2012-05-18,1.459146057699313,1.0898208906743614,0.6638052196662492,1.0,0.0,False,0.0,0.0,283.1784420587956
2012-05-21,1.5061392853443487,1.108553237202762,0.6823623145364044,1.0,0.0,False,0.0,0.0,283.1784420587956
2012-05-22,1.5204437120237029,1.1104855719966105,0.6815981603823782,0.9999999999999998,2.220446049250313e-16,False,0.0,0.0,283.1784420587956
2012-05-23,1.5246866709810034,1.1110739452736902,0.6829080851430863,1.0,0.0,True,0.4541413891043432,0.0002270706945521,283.63258344789995
2012-05-24,1.505124743999792,1.1132573488989228,0.6784325873197,1.0,0.0,False,0.0,0.0,283.63258344789995
2012-05-25,1.504862440088296,1.109645226467426,0.6775593825882615,0.9999999999999998,2.220446049250313e-16,False,0.0,0.0,283.63258344789995
2012-05-29,1.5108942813346902,1.1230852522808987,0.6861831323719542,0.9999999999999996,3.3306690738754696e-16,False,0.0,0.0,283.63258344789995
2012-05-30,1.4693637314027963,1.106789185050557,0.6803975685916018,0.9999999999999998,2.220446049250313e-16,False,0.0,0.0,283.63258344789995
2012-05-31,1.4710678761998637,1.1043533163982804,0.6774501437491699,0.5010087775650305,0.4989912224349695,True,0.8999999999999997,0.0004499999999999,284.5325834478999
2012-06-01,1.4440766377451868,1.0765490653733758,0.6594385841585974,0.491682131928991,0.508317868071009,False,0.0,0.0,284.5325834478999
2012-06-04,1.4537530318318268,1.0760456136441046,0.6644600879157636,0.4950655704533033,0.5049344295466967,False,0.0,0.0,284.5325834478999
2012-06-05,1.4613905208519589,1.084193400871806,0.6671890821454313,0.4977044483620648,0.5022955516379352,False,0.0,0.0,284.5325834478999
2012-06-06,1.4863476525610726,1.108553237202762,0.6824714121792369,0.5061384484545263,0.4938615515454737,False,0.0,0.0,284.5325834478999
2012-06-07,1.4636690130597385,1.1092253822194595,0.6797425591458283,1.0,0.0,True,0.6869221871622657,0.0003434610935811,285.2195056350622
2012-06-08,1.5015767992903946,1.1180452323347017,0.6862923241456269,1.0,1.1102230246251563e-16,False,0.0,0.0,285.2195056350622
2012-06-11,1.4738453053904723,1.1038497004106962,0.674721196584921,0.9999999999999996,3.3306690738754696e-16,False,0.0,0.0,285.2195056350622
2012-06-12,1.502720977154966,1.1165333988220714,0.6829080851430863,0.9999999999999998,2.220446049250313e-16,False,0.0,0.0,285.2195056350622
2012-06-13,1.4692748249353225,1.1093932542153209,0.678214486164874,0.9999999999999996,3.3306690738754696e-16,False,0.0,0.0,285.2195056350622
2012-06-14,1.480610800419972,1.1211536566494582,0.6807250027163585,1.0,0.0,True,0.4151041886539441,0.0002075520943269,285.6346098237162
2012-06-15,1.51525571038758,1.1326200367033683,0.6891826115685594,0.9999999999999998,2.220446049250313e-16,False,0.0,0.0,285.6346098237162
2012-06-18,1.5263369344848334,1.1348151026688225,0.6956378221402075,1.0,0.0,False,0.0,0.0,285.6346098237162
2012-06-19,1.519898340164275,1.145791910820908,0.7028589282864112,1.0,0.0,False,0.0,0.0,285.6346098237162
2012-06-20,1.5091249291658078,1.1439338207845242,0.7034058284631647,1.0,0.0,False,0.0,0.0,285.6346098237162
2012-06-21,1.4790704651162825,1.118265749119872,0.68590031626506,0.9999999999999998,2.220446049250313e-16,True,0.022740565963757,1.1370282981878505e-05,285.65735038967995
2012-06-22,1.5142182504673125,1.126878387373295,0.6931213282804234,0.9999999999999998,2.220446049250313e-16,False,0.0,0.0,285.65735038967995
2012-06-25,1.4808702509857097,1.1088091516543783,0.6797732928648827,0.9999999999999996,3.3306690738754696e-16,False,0.0,0.0,285.65735038967995
2012-06-26,1.4939902202304056,1.1143815327929305,0.684040008486541,0.9999999999999998,2.220446049250313e-16,False,0.0,0.0,285.65735038967995
2012-06-27,1.5022255223879737,1.1244295423142934,0.6881978147270447,1.0,1.1102230246251563e-16,False,0.0,0.0,285.65735038967995
2012-06-28,1.4859502495342265,1.1212210025577782,0.680539094308598,1.0,0.0,True,0.8242802198850367,0.0004121401099425,286.481630609565
2012-06-29,1.5199594047680407,1.149169225994006,0.7019837938727641,1.0,0.0,False,0.0,0.0,286.481630609565
2012-07-02,1.5386120118653464,1.1526308056816608,0.7040623910677883,1.0,0.0,False,0.0,0.0,286.481630609565
2012-07-03,1.535638810712717,1.1602302986606483,0.7099707014626829,1.0,0.0,False,0.0,0.0,286.481630609565
2012-07-05,1.5400956802639945,1.1549953040969492,0.7104084098657649,1.0,1.1102230246251563e-16,False,0.0,0.0,286.481630609565
2012-07-06,1.52856695978377,1.14401857807402,0.7015460854696821,1.0,0.0,True,0.0130261170199758,6.513058509987901e-06,286.494656726585
2012-07-09,1.5240965714279473,1.1425836174518624,0.7002331485221153,1.0,0.0,False,0.0,0.0,286.494656726585
2012-07-10,1.49606389875054,1.1326200367033683,0.6933401354165448,1.0,0.0,False,0.0,0.0,286.494656726585
2012-07-11,1.490488743637759,1.132788565732482,0.6895109399362908,1.0,0.0,False,0.0,0.0,286.494656726585
2012-07-12,1.4752732293101842,1.127300284850174,0.6830553999067043,1.0,0.0,False,0.0,0.0,286.494656726585
2012-07-13,1.5071326794767452,1.1462141368144123,0.6934495625173157,1.0,0.0,True,0.0230516719066558,1.1525835953327916e-05,286.51770839849166
2012-07-16,1.504459130581555,1.1435120875659588,0.6914803453576421,1.0,0.0,False,0.0,0.0,286.51770839849166
2012-07-17,1.514686575539674,1.1513645383469295,0.6950907337017749,0.9999999999999998,2.220446049250313e-16,False,0.0,0.0,286.51770839849166
2012-07-18,1.5166340924779724,1.1598923371817005,0.7045000994708703,1.0,1.1102230246251563e-16,False,0.0,0.0,286.51770839849166
2012-07-19,1.5260148996333511,1.1629323479091025,0.7122682469900865,1.0,0.0,False,0.0,0.0,286.51770839849166
2012-07-20,1.512623027853299,1.152293583365121,0.7028589282864112,1.0,0.0,True,0.4126367332493659,0.0002063183666246,286.93034513174103
2012-07-23,1.5008027924071992,1.1406410165134526,0.6943248851926395,1.0,0.0,False,0.0,0.0,286.93034513174103
2012-07-24,1.4864291851738918,1.1308465396981675,0.688854377331667,1.0,1.1102230246251563e-16,False,0.0,0.0,286.93034513174103
2012-07-25,1.4171607538292783,1.131100072404246,0.6842590038843405,1.0,0.0,False,0.0,0.0,286.93034513174103
2012-07-26,1.4771923666190343,1.149760145274937,0.6933401354165448,1.0,1.1102230246251563e-16,False,0.0,0.0,286.93034513174103
2012-07-27,1.55737671146186,1.1709534919774995,0.7097519884574004,1.0,0.0,True,0.0901793347442148,4.508966737210744e-05,287.02052446648526
2012-07-30,1.5852797468225714,1.1709534919774995,0.7092048058881287,1.0,0.0,False,0.0,0.0,287.02052446648526
2012-07-31,1.5835382308021269,1.1627637367508328,0.708985904621167,1.0,0.0,False,0.0,0.0,287.02052446648526
2012-08-01,1.5692862562902836,1.1617498523139889,0.7069072132953038,1.0,1.1102230246251563e-16,False,0.0,0.0,287.02052446648526
2012-08-02,1.55571262426796,1.1537287903747484,0.7043907194355197,1.0,1.1102230246251563e-16,False,0.0,0.0,287.02052446648526
2012-08-03,1.5725905700448604,1.1766107946638598,0.7177388489818991,1.0,1.1102230246251563e-16,True,0.4189948639222523,0.0002094974319611,287.4395193304075
2012-08-06,1.5943407759805888,1.178890617918809,0.7232094509737106,1.0,0.0,False,0.0,0.0,287.4395193304075
2012-08-07,1.5996832085642954,1.1848012890529347,0.7292272355347948,1.0,0.0,False,0.0,0.0,287.4395193304075
2012-08-08,1.590349127661505,1.186236496062562,0.7288990483633228,1.0,0.0,False,0.0,0.0,287.4395193304075
2012-08-09,1.5912226811044974,1.1872494770786846,0.7310871197245378,1.0,0.0,False,0.0,0.0,287.4395193304075
2012-08-10,1.5930513076921349,1.1891919137587814,0.7315248281276198,1.0,1.1102230246251563e-16,True,0.4305846086559878,0.0002152923043279,287.8701039390635
2012-08-13,1.600644889771048,1.1886008302195377,0.7332750498894927,1.0,0.0,False,0.0,0.0,287.8701039390635
2012-08-14,1.592779584357185,1.1887694413778072,0.7336037077151609,1.0,0.0,False,0.0,0.0,287.8701039390635
2012-08-15,1.6344242748057385,1.190120630260347,0.7354637331011618,0.9999999999999998,2.220446049250313e-16,False,0.0,0.0,287.8701039390635
2012-08-16,1.610213427085579,1.1989022081886664,0.7442162068076965,0.9999999999999998,2.220446049250313e-16,False,0.0,0.0,287.8701039390635
2012-08-17,1.6093357698826134,1.2005060263565632,0.7474988786345544,1.0,0.0,True,1.1999999999999995,0.0005999999999999,289.0701039390635
2012-08-20,1.5933992666023638,1.2005907836460583,0.7485930084459997,1.0,1.1102230246251563e-16,False,0.0,0.0,289.0701039390635
2012-08-21,1.588803619153993,1.196959853637726,0.7456388532485536,0.9999999999999998,2.220446049250313e-16,False,0.0,0.0,289.0701039390635
2012-08-22,1.5934684427624075,1.1974660156291612,0.7487022472850926,1.0,0.0,False,0.0,0.0,289.0701039390635
2012-08-23,1.5679979826357542,1.1876721958471284,0.7425754121465946,0.9999999999999998,2.220446049250313e-16,False,0.0,0.0,289.0701039390635
2012-08-24,1.5850769580164066,1.1948492985742982,0.747170503201403,1.0,1.1102230246251563e-16,True,0.8248061102230894,0.0004124030551115,289.8949100492866
2012-08-27,1.5731144701197477,1.1951021742471246,0.7483740601136203,0.9999999999999996,3.3306690738754696e-16,False,0.0,0.0,289.8949100492866
2012-08-28,1.567026060861805,1.1939197607811671,0.7483740601136203,1.0,1.1102230246251563e-16,False,0.0,0.0,289.8949100492866
2012-08-29,1.5707958353775036,1.1948492985742982,0.7483740601136203,0.9999999999999998,2.220446049250313e-16,False,0.0,0.0,289.8949100492866
2012-08-30,1.554013632680871,1.186236496062562,0.7408245785342653,0.9999999999999998,2.220446049250313e-16,False,0.0,0.0,289.8949100492866
2012-08-31,1.559975472199269,1.191893552361453,0.7457484686110024,1.0,0.0,True,0.808764269725474,0.0004043821348627,290.70367431901207
2012-09-04,1.562570798813542,1.1907956497975218,0.7449823377093501,1.0,0.0,False,0.0,0.0,290.70367431901207
2012-09-05,1.5785159060142275,1.189783161556338,0.7442162068076965,1.0,1.1102230246251563e-16,False,0.0,0.0,290.70367431901207
2012-09-06,1.617986745369882,1.2139316795676505,0.7607375810801619,0.9999999999999998,2.220446049250313e-16,False,0.0,0.0,290.70367431901207
2012-09-07,1.6136611492350703,1.2186599372358191,0.7596436865958147,0.9999999999999996,4.440892098500626e-16,False,0.0,0.0,290.70367431901207
2012-09-10,1.5973794120076066,1.2117358744397884,0.7499059453935677,1.0,0.0,True,0.4468457381840621,0.000223422869092,291.1505200571961
2012-09-11,1.6113281215035378,1.2151135181295123,0.7487022472850926,1.0,0.0,False,0.0,0.0,291.1505200571961
2012-09-12,1.644209029659896,1.2191665098730369,0.7508904598425655,1.0,0.0,False,0.0,0.0,291.1505200571961
2012-09-13,1.6676533874193884,1.2377424824874843,0.7610659565133133,1.0,1.1102230246251563e-16,False,0.0,0.0,291.1505200571961
2012-09-14,1.7098138423510465,1.243230681240636,0.7678496366489519,1.0000000000000002,0.0,False,0.0,0.0,291.1505200571961
2012-09-17,1.682737297370423,1.2390089962096853,0.7681777767550052,1.0,0.0,True,0.0706667232515907,3.53333616257954e-05,291.2211867804477
2012-09-18,1.6661578703861564,1.2379955224186237,0.7688340099016905,1.0,1.1102230246251563e-16,False,0.0,0.0,291.2211867804477
2012-09-19,1.7096399044278348,1.2386713632473632,0.7702567504733866,1.0,0.0,False,0.0,0.0,291.2211867804477
2012-09-20,1.7094265796952943,1.2387555456327637,0.769490478375474,1.0,0.0,False,0.0,0.0,291.2211867804477
2012-09-21,1.7157788776361491,1.2382378034302632,0.7697098032312117,1.0,0.0,False,0.0,0.0,291.2211867804477
2012-09-24,1.7108886080010626,1.2363705149283526,0.7652112904176,1.0,0.0,True,0.0591181499964592,2.9559074998229628e-05,291.2803049304441
2012-09-25,1.6733850055018804,1.2232129312840423,0.7544584893089801,1.0,0.0,False,0.0,0.0,291.2803049304441
2012-09-26,1.6532072531648403,1.216336749786244,0.7483137693110018,1.0,0.0,False,0.0,0.0,291.2803049304441
2012-09-27,1.718697353585533,1.2277966416367918,0.7586280148389851,1.0,1.1102230246251563e-16,False,0.0,0.0,291.2803049304441
2012-09-28,1.6825237790168872,1.222109772454096,0.7523736324131379,0.9999999999999996,3.3306690738754696e-16,False,0.0,0.0,291.2803049304441
2012-10-01,1.6469263620546948,1.2253348201710654,0.7512764433494113,1.0,0.0,True,0.0441680715106668,2.2084035755333424e-05,291.3244730019548
2012-10-02,1.6604384317921843,1.226608232742411,0.7534710568039626,1.0,1.1102230246251563e-16,False,0.0,0.0,291.3244730019548
2012-10-03,1.69253341176549,1.2316168793508295,0.7582983686395031,1.0000000000000002,0.0,False,0.0,0.0,291.3244730019548
2012-10-04,1.6978832862525717,1.2404449423817208,0.7609321024597261,1.0,0.0,False,0.0,0.0,291.3244730019548
2012-10-05,1.6820909638599866,1.2405294532837468,0.7568720040304906,1.0,0.0,False,0.0,0.0,291.3244730019548
2012-10-08,1.6693542133451935,1.2362854291222314,0.74995964703743,1.0,0.0,True,0.8582055595172378,0.0004291027797586,292.182678561472
2012-10-09,1.647350148670632,1.224061325470563,0.7379999003063756,0.9999999999999998,2.220446049250313e-16,False,0.0,0.0,292.182678561472
2012-10-10,1.6467753660667686,1.2162524031425308,0.7342691186186852,0.9999999999999998,2.220446049250313e-16,False,0.0,0.0,292.182678561472
2012-10-11,1.7147976329065704,1.216931775524999,0.7319653133904624,0.9999999999999998,2.220446049250313e-16,False,0.0,0.0,292.182678561472
2012-10-12,1.717350604862362,1.2129412019404056,0.7316357142564005,0.9999999999999996,3.3306690738754696e-16,False,0.0,0.0,292.182678561472
2012-10-15,1.728471808722934,1.223043580963364,0.737012279539679,0.9999999999999998,2.220446049250313e-16,True,0.06701616169332,3.350808084666003e-05,292.24969472316536
2012-10-16,1.7982740072260646,1.2354365421607716,0.7474359992338533,0.9999999999999992,6.661338147750939e-16,False,0.0,0.0,292.24969472316536
2012-10-17,1.839437756888458,1.241038982570598,0.7469973495223777,0.9999999999999992,8.881784197001252e-16,False,0.0,0.0,292.24969472316536
2012-10-18,1.8387128699907944,1.2378139348536286,0.7383290758516615,0.9999999999999992,6.661338147750939e-16,False,0.0,0.0,292.24969472316536
2012-10-19,1.791147833667983,1.2171858010060166,0.7206635412266227,0.9999999999999992,7.771561172376097e-16,False,0.0,0.0,292.24969472316536
2012-10-22,1.8082850847054368,1.21735572623079,0.7243940405217949,1.0,1.1102230246251563e-16,True,0.4253481158739685,0.0002126740579369,292.6750428390393
2012-10-23,1.7821594656860775,1.2004631549368765,0.7174814482016351,1.0,0.0,False,0.0,0.0,292.6750428390393
2012-10-24,1.7706134441809207,1.1970677713493512,0.7149579415943174,0.9999999999999998,2.220446049250313e-16,False,0.0,0.0,292.6750428390393
2012-10-25,1.7836791673664112,1.2005483228721543,0.7149579415943174,0.9999999999999998,2.220446049250313e-16,False,0.0,0.0,292.6750428390393
2012-10-26,1.7890436771270388,1.1998689504896858,0.7170425631630601,0.9999999999999998,2.220446049250313e-16,False,0.0,0.0,292.6750428390393
2012-10-31,1.800682979193996,1.1998689504896858,0.7126539010389966,1.0,0.0,True,0.432851107924139,0.000216425553962,293.1078939469635
2012-11-01,1.8125251623935024,1.21243200117018,0.7227484451878837,1.0,1.1102230246251563e-16,False,0.0,0.0,293.1078939469635
2012-11-02,1.7758472553927729,1.201651645960414,0.7150679805455434,1.0,1.1102230246251563e-16,False,0.0,0.0,293.1078939469635
2012-11-05,1.785953956952565,1.204113385296984,0.719785818214893,1.0,0.0,False,0.0,0.0,293.1078939469635
2012-11-06,1.814019330627364,1.213536063420848,0.7211023321343574,1.0,0.0,False,0.0,0.0,293.1078939469635
2012-11-07,1.8033768624699988,1.1860325693670026,0.7040952897961493,1.0,0.0,True,0.823200779997266,0.0004116003899986,293.93109472696074
2012-11-08,1.8330885315349128,1.1717716626344326,0.6930131248805643,1.0,1.1102230246251563e-16,False,0.0,0.0,293.93109472696074
2012-11-09,1.845591422788724,1.1727906390789786,0.6959757989189751,0.9999999999999998,2.220446049250313e-16,False,0.0,0.0,293.93109472696074
2012-11-12,1.8502045120517292,1.1737243654590903,0.6958660894256861,0.9999999999999996,3.3306690738754696e-16,False,0.0,0.0,293.93109472696074
2012-11-13,1.8604728908951051,1.1696492809724706,0.6910380716088501,0.9999999999999996,4.440892098500626e-16,False,0.0,0.0,293.93109472696074
2012-11-14,1.7908521850144496,1.1538606076709117,0.682918721927935,1.0,1.1102230246251563e-16,True,1.2393004822408633,0.0006196502411204,295.1703952092016
2012-11-15,1.7894683585402773,1.1519082333628796,0.6806143519146771,1.0,0.0,False,0.0,0.0,295.1703952092016
2012-11-16,1.812536976162116,1.1575955953205146,0.6835770730185068,1.0,0.0,False,0.0,0.0,295.1703952092016
2012-11-19,1.8498581062403292,1.1810243334043662,0.6998161018382741,0.9999999999999998,2.220446049250313e-16,False,0.0,0.0,295.1703952092016
2012-11-20,1.8771764881462103,1.1815336984329048,0.7000357561519502,0.9999999999999996,3.3306690738754696e-16,False,0.0,0.0,295.1703952092016
2012-11-21,1.890679541968124,1.1837405909968928,0.7014619795647036,1.0,0.0,True,0.8550456695923422,0.0004275228347961,296.025440878794
2012-11-23,1.918808460120496,1.1998689504896858,0.7121050711800345,1.0,0.0,False,0.0,0.0,296.025440878794
2012-11-26,1.9135915533539416,1.1973225359927768,0.7151773605808942,0.9999999999999998,2.220446049250313e-16,False,0.0,0.0,296.025440878794
2012-11-27,1.916509077187018,1.1912105662960992,0.7127633752051862,0.9999999999999998,2.220446049250313e-16,False,0.0,0.0,296.025440878794
2012-11-28,1.915143845129736,1.2008030053864236,0.7189079540069054,0.9999999999999996,3.3306690738754696e-16,False,0.0,0.0,296.025440878794
2012-11-29,1.924497367962141,1.2064052815379371,0.7231873772918787,1.0,1.1102230246251563e-16,True,0.8306555107603932,0.0004153277553801,296.85609638955435
2012-11-30,1.9078303674052937,1.2066598819230498,0.7219803846040241,1.0,1.1102230246251563e-16,False,0.0,0.0,296.85609638955435
2012-12-03,1.8925877785079968,1.2007180017094583,0.7205536434716544,1.0,1.1102230246251563e-16,False,0.0,0.0,296.85609638955435
2012-12-04,1.8919019108921065,1.199020309915696,0.7201148996293398,1.0,0.0,False,0.0,0.0,296.85609638955435
2012-12-05,1.8902145039594709,1.2011421166735623,0.7121050711800345,1.0,0.0,False,0.0,0.0,296.85609638955435
2012-12-06,1.9246650240310272,1.205216872643556,0.7167136229448735,1.0,1.1102230246251563e-16,True,0.8203844451946264,0.0004101922225973,297.676480834749
2012-12-07,1.925462948460184,1.2088674315202896,0.7124343879215795,1.0,0.0,False,0.0,0.0,297.676480834749
2012-12-10,1.9232627294832303,1.2093761395155762,0.7145189624249035,1.0,0.0,False,0.0,0.0,297.676480834749
2012-12-11,1.9400835825849496,1.2176107372616851,0.7238454930553512,1.0,0.0,False,0.0,0.0,297.676480834749
2012-12-12,2.002312941174396,1.2182044489339368,0.7223094189530509,1.0,1.1102230246251563e-16,False,0.0,0.0,297.676480834749
2012-12-13,2.0050403827557943,1.2107346378930437,0.7166038193207456,1.0,1.1102230246251563e-16,True,0.4133631654149774,0.0002066815827074,298.089844000164
2012-12-14,2.023655316041511,1.2062356848297895,0.7098010306247138,1.0,0.0,False,0.0,0.0,298.089844000164
2012-12-17,2.042813186267586,1.2204119985311768,0.7192371766176114,1.0000000000000002,0.0,False,0.0,0.0,298.089844000164
2012-12-18,2.075459395405338,1.2339932864938088,0.7302096791053263,1.0,0.0,False,0.0,0.0,298.089844000164
2012-12-19,2.065806446063152,1.2248253730133705,0.7270274919494998,0.9999999999999998,2.220446049250313e-16,False,0.0,0.0,298.089844000164
2012-12-20,2.079217104779289,1.2318713154776293,0.7270274919494998,1.0,0.0,True,1.2073092423002905,0.0006036546211501,299.2971532424643
2012-12-21,2.0323438347213822,1.2206894308217933,0.7193812909326902,1.0,0.0,False,0.0,0.0,299.2971532424643
2012-12-24,2.0216315700993124,1.2169281618421135,0.7179469252023317,0.7989822180384061,0.2010177819615939,True,0.2070329199935753,0.0001035164599967,299.50418616245787
2012-12-26,2.004938344446894,1.2117986211153449,0.7116579496930155,0.7973085330576547,0.2026914669423453,False,0.0,0.0,299.50418616245787
2012-12-27,2.011591334021272,1.2101740242708567,0.7105546891901491,0.7979788999426058,0.2020211000573941,False,0.0,0.0,299.50418616245787
2012-12-28,1.993309963771286,1.1970949561001487,0.703713777504172,1.0,0.0,True,0.6073672442579496,0.0003036836221289,300.1115534067158
2012-12-31,2.065112338835568,1.2174405656494425,0.7186089003302187,1.0,0.0,False,0.0,0.0,300.1115534067158
2013-01-02,2.094736817323212,1.2486441424613834,0.741448148279689,1.0,0.0,False,0.0,0.0,300.1115534067158
2013-01-03,2.1874413861588646,1.245822841677709,0.7375866188561101,1.0,0.0,False,0.0,0.0,300.1115534067158
2013-01-04,2.171764756169514,1.2512942039537804,0.7351591727703728,1.0,0.0,False,0.0,0.0,300.1115534067158
2013-01-07,2.189240726172232,1.2478751671691868,0.7353798154578614,1.0,0.0,True,0.442076174068981,0.0002210380870344,300.5536295807848
2013-01-08,2.1783463605187974,1.2442837412851246,0.733945496792923,0.9999999999999998,2.220446049250313e-16,False,0.0,0.0,300.5536295807848
2013-01-09,2.1861788017320705,1.2474472742638845,0.7367039539753145,0.9999999999999996,3.3306690738754696e-16,False,0.0,0.0,300.5536295807848
2013-01-10,2.2179232464362517,1.2573633022307718,0.7411170901176158,0.9999999999999998,2.220446049250313e-16,False,0.0,0.0,300.5536295807848
2013-01-11,2.23852629580951,1.2572784628121194,0.742110264603835,1.0,1.1102230246251563e-16,False,0.0,0.0,300.5536295807848
2013-01-14,2.230820144870957,1.256423744680549,0.738800483095239,1.0,0.0,True,0.4184533661528304,0.0002092266830764,300.97208294693763
2013-01-15,2.249326317668498,1.2572784628121194,0.7351591727703728,1.0,0.0,False,0.0,0.0,300.97208294693763
2013-01-16,2.253118605208765,1.2571075520374682,0.7381384138365119,0.9999999999999998,2.220446049250313e-16,False,0.0,0.0,300.97208294693763
2013-01-17,2.2587908651580118,1.265229057935093,0.7416690262942768,0.9999999999999998,2.220446049250313e-16,False,0.0,0.0,300.97208294693763
2013-01-18,2.2704325751204832,1.2680497016855157,0.7400139237455895,1.0,0.0,False,0.0,0.0,300.97208294693763
2013-01-22,2.304778918627381,1.2748888429337382,0.7412276467884582,1.0,0.0,True,0.0501464711426397,2.5073235571319865e-05,301.02222941808026
2013-01-23,2.3180129142492665,1.27694083990859,0.745751151339924,1.0,1.1102230246251563e-16,False,0.0,0.0,301.02222941808026
2013-01-24,2.5126997529547586,1.277282579328736,0.7354901368016056,1.0,0.0,False,0.0,0.0,301.02222941808026
2013-01-25,2.635730954367206,1.2844636242554175,0.7392416272739583,1.0,0.0,False,0.0,0.0,301.02222941808026
2013-01-28,2.57685346595354,1.282925016637772,0.7408965886263852,0.9999999999999998,2.220446049250313e-16,False,0.0,0.0,301.02222941808026
2013-01-29,2.575633943571642,1.2879684860085416,0.7410069570355495,1.0,0.0,True,0.1642778473778411,8.213892368892055e-05,301.1865072654581
2013-01-30,2.563683363538104,1.282925016637772,0.7394622228960279,1.0,0.0,False,0.0,0.0,301.1865072654581
2013-01-31,2.5620033743891697,1.2797619764339514,0.7378073556744389,1.0,0.0,False,0.0,0.0,301.1865072654581
2013-02-01,2.582467298224353,1.2929271980898154,0.7465235890078156,1.0,1.1102230246251563e-16,False,0.0,0.0,301.1865072654581
2013-02-04,2.59710766585517,1.278393376170236,0.7335042114179446,1.0,0.0,False,0.0,0.0,301.1865072654581
2013-02-05,2.6222407019993463,1.2913030118911095,0.7443167856095655,1.0,0.0,True,0.0299464152429718,1.497320762148592e-05,301.2164536807011
2013-02-06,2.6890906983777336,1.292243144345427,0.7418894807200873,1.0,0.0,False,0.0,0.0,301.2164536807011
2013-02-07,2.6843804232889013,1.2905337080822863,0.7425513617171353,1.0,1.1102230246251563e-16,False,0.0,0.0,301.2164536807011
2013-02-08,2.6588480855182137,1.2977143423631856,0.7501647581364228,1.0,0.0,False,0.0,0.0,301.2164536807011
2013-02-11,2.6910551209233824,1.29745793513663,0.7503854008239114,1.0,1.1102230246251563e-16,False,0.0,0.0,301.2164536807011
2013-02-12,2.7354808272145146,1.2995956749508557,0.7472959796102858,1.0000000000000002,0.0,True,0.0403955817152948,2.0197790857647437e-05,301.2568492624164
2013-02-13,2.739857221319772,1.300706307534042,0.7499439271872551,1.0,0.0,False,0.0,0.0,301.2568492624164
2013-02-14,2.800195405563058,1.3019035863773236,0.749722860910988,1.0,0.0,False,0.0,0.0,301.2568492624164
2013-02-15,2.7756188061748506,1.3003644859847392,0.7475169046902939,0.9999999999999998,2.220446049250313e-16,False,0.0,0.0,301.2568492624164
2013-02-19,2.85117421288686,1.3101103423393832,0.7529234977113325,0.9999999999999992,6.661338147750939e-16,False,0.0,0.0,301.2568492624164
2013-02-20,2.762348558500807,1.2937815877047596,0.7413381093284628,1.0,0.0,True,1.2181756886352997,0.0006090878443176,302.4750249510517
2013-02-21,2.7120822115764054,1.285917228196098,0.7333938430087802,1.0,0.0,False,0.0,0.0,302.4750249510517
2013-02-22,2.7360699810128293,1.298483564042852,0.7407860790209629,0.9999999999999998,2.220446049250313e-16,False,0.0,0.0,302.4750249510517
2013-02-25,2.632374161676972,1.2737773890589863,0.7316283249855098,0.9999999999999996,3.3306690738754696e-16,False,0.0,0.0,302.4750249510517
2013-02-26,2.6010917158908384,1.2824974522490955,0.7343867351024812,0.9999999999999996,4.440892098500626e-16,False,0.0,0.0,302.4750249510517
2013-02-27,2.584585879025972,1.29865455694666,0.7418894807200873,1.0,0.0,True,0.4071999907334618,0.0002035999953667,302.8822249417852
2013-02-28,2.5908755037871583,1.2960908131977316,0.7403450289730826,1.0,1.1102230246251563e-16,False,0.0,0.0,302.8822249417852
2013-03-01,2.580032211362488,1.3003644859847392,0.7434344031212882,0.9999999999999998,2.220446049250313e-16,False,0.0,0.0,302.8822249417852
2013-03-04,2.590046004155631,1.3072892058140215,0.7467443258261444,0.9999999999999996,3.3306690738754696e-16,False,0.0,0.0,302.8822249417852
2013-03-05,2.634570868504508,1.3190008235292054,0.7577779192286123,0.9999999999999998,2.220446049250313e-16,False,0.0,0.0,302.8822249417852
2013-03-06,2.6720490015547487,1.320796823923284,0.7559023151886957,1.0,1.1102230246251563e-16,True,0.4264837564060066,0.000213241878203,303.3087086981912
2013-03-07,2.6806218805205715,1.3231901496725,0.7578880523106774,1.0,1.1102230246251563e-16,False,0.0,0.0,303.3087086981912
2013-03-08,2.7171094428777067,1.3288325869815358,0.7587706230606339,1.0000000000000002,0.0,False,0.0,0.0,303.3087086981912
2013-03-11,2.7503534519967694,1.333876549127244,0.7609776617859821,1.0,0.0,False,0.0,0.0,303.3087086981912
2013-03-12,2.751339650861285,1.3308841733106052,0.7582190634073315,1.0,0.0,False,0.0,0.0,303.3087086981912
2013-03-13,2.794680623459354,1.3327647667358666,0.7572263125098896,1.0,0.0,True,0.0339969205685869,1.6998460284293484e-05,303.3427056187598
2013-03-14,2.795565533171989,1.3398608901147395,0.7597638446122732,1.0,0.0,False,0.0,0.0,303.3427056187598
2013-03-15,2.77545202991051,1.3380914995673627,0.7576516427075937,1.0,0.0,False,0.0,0.0,303.3427056187598
2013-03-18,2.7678699075254505,1.3307062815576522,0.755992586663653,1.0,0.0,False,0.0,0.0,303.3427056187598
2013-03-19,2.7377711096148496,1.3276160899156362,0.7545550204847566,1.0,0.0,False,0.0,0.0,303.3427056187598
2013-03-20,2.7670282959433288,1.3368892108455357,0.7598631055823915,1.0,0.0,True,0.0151099029292716,7.554951464635848e-06,303.3578155216891
2013-03-21,2.746791893522353,1.3254691516358843,0.7512376143781707,1.0,0.0,False,0.0,0.0,303.3578155216891
2013-03-22,2.7587454069685413,1.3361165397412968,0.7585361431397576,1.0,0.0,False,0.0,0.0,303.3578155216891
2013-03-25,2.786441916949473,1.3305351243955317,0.7557712850602891,1.0,0.0,False,0.0,0.0,303.3578155216891
2013-03-26,2.831198213582576,1.3411829231467265,0.7598631055823915,1.0,0.0,False,0.0,0.0,303.3578155216891
2013-03-27,2.8073951544080757,1.3411829231467265,0.7608586804050153,1.0000000000000002,0.0,True,1.206399180215644,0.0006031995901078,304.56421470190475
2013-03-28,2.8139003389634243,1.3453041642192924,0.7627388497906419,1.0,0.0,False,0.0,0.0,304.56421470190475
2013-04-01,2.759327448902658,1.3399797310041777,0.7575408977750722,1.0,1.1102230246251563e-16,False,0.0,0.0,304.56421470190475
2013-04-02,2.708644079114392,1.3465926064262754,0.7635129818136414,0.9999999999999998,2.220446049250313e-16,False,0.0,0.0,304.56421470190475
2013-04-03,2.681959812166982,1.3329392911934037,0.7565455112141275,0.9999999999999998,2.220446049250313e-16,False,0.0,0.0,304.56421470190475
2013-04-04,2.7717609266581547,1.3383493029895783,0.7567670010791707,1.0,0.0,True,0.0378980335445391,1.894901677226957e-05,304.6021127354493
2013-04-05,2.759545462911227,1.332338187897068,0.7504632470280731,1.0,0.0,False,0.0,0.0,304.6021127354493
2013-04-08,2.775005079899124,1.3413542445671602,0.7544444167484942,1.0,1.1102230246251563e-16,False,0.0,0.0,304.6021127354493
2013-04-09,2.802493404852695,1.3459913388716271,0.7595316708969612,1.0,0.0,False,0.0,0.0,304.6021127354493
2013-04-10,2.786102707186631,1.3624780278741773,0.7743505477431163,1.0,0.0,False,0.0,0.0,304.6021127354493
2013-04-11,2.7534088580516856,1.3669436364998973,0.774018924796007,1.0,0.0,True,0.0462926391832653,2.3146319591632687e-05,304.64840537463255
2013-04-12,2.756256585789934,1.363594491627475,0.7734657178530141,0.9999999999999998,2.220446049250313e-16,False,0.0,0.0,304.64840537463255
2013-04-15,2.727355906062423,1.3319949701521052,0.7582046143234872,0.9999999999999998,2.220446049250313e-16,False,0.0,0.0,304.64840537463255
2013-04-16,2.750884391408222,1.3516585791859226,0.7682679540991236,0.9999999999999996,4.440892098500626e-16,False,0.0,0.0,304.64840537463255
2013-04-17,2.715479858186024,1.3319084881503231,0.7532277285841845,0.9999999999999996,4.440892098500626e-16,False,0.0,0.0,304.64840537463255
2013-04-18,2.6754070054241987,1.3235795240034092,0.7428323422726613,1.0,0.0,True,0.4178381886018665,0.0002089190943009,305.0662435632344
2013-04-19,2.670971317174488,1.335086311602312,0.7530069447004355,1.0,0.0,False,0.0,0.0,305.0662435632344
2013-04-22,2.726421863624908,1.341010205530632,0.7607479354724936,1.0,0.0,False,0.0,0.0,305.0662435632344
2013-04-23,2.8864331083299155,1.3548355813463464,0.7680468878228578,1.0,0.0,False,0.0,0.0,305.0662435632344
2013-04-24,2.8827696864355614,1.355694405935741,0.7677150295486502,1.0,0.0,False,0.0,0.0,305.0662435632344
2013-04-25,2.901306366090079,1.361190324829603,0.7718071324632708,1.0,0.0,True,0.4673695516377356,0.0002336847758188,305.53361311487214
2013-04-26,2.9259427393519,1.3587856652567916,0.7693738502654917,1.0,1.1102230246251563e-16,False,0.0,0.0,305.53361311487214
2013-04-29,2.9629218099378685,1.3678873826371007,0.776451924601268,1.0,0.0,False,0.0,0.0,305.53361311487214
2013-04-30,2.917950266290733,1.3711511131867755,0.7820918679731115,1.0,0.0,False,0.0,0.0,305.53361311487214
2013-05-01,2.9111048040142187,1.359129129389224,0.7784423211998,1.0,0.0,False,0.0,0.0,305.53361311487214
2013-05-02,2.95786018306384,1.3717516415790156,0.7882849241571076,1.0,0.0,True,0.4324028642008958,0.0002162014321004,305.96601597907306
2013-05-03,3.037709196993906,1.3856629244924163,0.7975746496293608,0.9999999999999996,3.3306690738754696e-16,False,0.0,0.0,305.96601597907306
2013-05-06,3.0269956055335974,1.389183144397803,0.80067108359052,0.9999999999999996,4.440892098500626e-16,False,0.0,0.0,305.96601597907306
2013-05-07,3.0509090491630064,1.3962247340167684,0.8002284803837896,0.9999999999999996,4.440892098500626e-16,False,0.0,0.0,305.96601597907306
2013-05-08,3.074929177562668,1.4025790668542422,0.8040991404987872,0.9999999999999998,2.220446049250313e-16,False,0.0,0.0,305.96601597907306
2013-05-09,3.0986197215616644,1.398628654427171,0.8029933855286783,1.0,0.0,True,0.438926047931599,0.0002194630239657,306.40494202700467
2013-05-10,3.124652818842543,1.403179923763108,0.8078593851392014,0.9999999999999998,2.220446049250313e-16,False,0.0,0.0,306.40494202700467
2013-05-13,3.1138925728555185,1.4042957304831534,0.8088543481113687,1.0,1.1102230246251563e-16,False,0.0,0.0,306.40494202700467
2013-05-14,3.181281804613655,1.4188079524345765,0.813057101827672,0.9999999999999998,2.220446049250313e-16,False,0.0,0.0,306.40494202700467
2013-05-15,3.173531874317482,1.4264500704457814,0.8147161578716126,0.9999999999999996,3.3306690738754696e-16,False,0.0,0.0,306.40494202700467
2013-05-16,3.190313325618197,1.419751780700936,0.8138310455889934,1.0,0.0,True,0.0214781157046531,1.0739057852326569e-05,306.42642014270933
2013-05-17,3.2357104104719974,1.4334913315481206,0.821682875424412,1.0,0.0,False,0.0,0.0,306.42642014270933
2013-05-20,3.1960233102529423,1.4334054244504342,0.8204667991105575,1.0,0.0,False,0.0,0.0,306.42642014270933
2013-05-21,3.169728833160244,1.435466537761656,0.8213515348698208,1.0,1.1102230246251563e-16,False,0.0,0.0,306.42642014270933
2013-05-22,3.130351625470688,1.4248184926229917,0.8141628567977808,1.0,1.1102230246251563e-16,False,0.0,0.0,306.42642014270933
2013-05-23,3.221821359838916,1.4206974158087389,0.8122828756738334,1.0,0.0,True,0.8468979331102313,0.0004234489665551,307.2733180758196
2013-05-24,3.139599145069813,1.419494880699442,0.8118404607287822,1.0,0.0,False,0.0,0.0,307.2733180758196
2013-05-28,3.171051107660917,1.427996069687511,0.8171485928918373,1.0,0.0,False,0.0,0.0,307.2733180758196
2013-05-29,3.179739197853244,1.4187217168202642,0.8132782151693578,1.0,0.0,False,0.0,0.0,307.2733180758196
2013-05-30,3.23353005544564,1.4239595859044405,0.8175911019677287,1.0,0.0,False,0.0,0.0,307.2733180758196
2013-05-31,3.1786675372567843,1.4035232236372277,0.8100709892102583,1.0,0.0,True,0.8579139308294071,0.0004289569654147,308.131232006649
2013-06-03,3.1642143346421427,1.411251577262745,0.8115086495199949,1.0,1.1102230246251563e-16,False,0.0,0.0,308.131232006649
2013-06-04,3.165243881560156,1.4044677089368391,0.8073060840653696,1.0000000000000002,0.0,False,0.0,0.0,308.131232006649
2013-06-05,3.1021687277107466,1.3848036892572393,0.7968004234755224,1.0,1.1102230246251563e-16,False,0.0,0.0,308.131232006649
2013-06-06,3.20893176274098,1.3973405407368138,0.80067108359052,1.0,0.0,False,0.0,0.0,308.131232006649
2013-06-07,3.2604697257147706,1.4151157540755035,0.8116198180412938,1.0,0.0,True,0.0301237327435381,1.5061866371769052e-05,308.16135573939255
2013-06-10,3.2642969678590066,1.4151157540755035,0.8119511585958851,0.9999999999999998,2.220446049250313e-16,False,0.0,0.0,308.16135573939255
2013-06-11,3.2366087048136607,1.40051795354302,0.8038781212879401,0.9999999999999998,2.220446049250313e-16,False,0.0,0.0,308.16135573939255
2013-06-12,3.072100559637202,1.388925423104744,0.7945886311427862,0.9999999999999998,2.220446049250313e-16,False,0.0,0.0,308.16135573939255
2013-06-13,3.117146228869533,1.4100496991867002,0.8046523474417799,1.0,1.1102230246251563e-16,False,0.0,0.0,308.16135573939255
2013-06-14,3.096366197153119,1.4012047175495723,0.7993439328862068,1.0,1.1102230246251563e-16,True,0.0584481197337239,2.922405986686197e-05,308.2198038591263
2013-06-17,3.09908918251326,1.4120240841086709,0.807085347247041,0.9999999999999998,2.220446049250313e-16,False,0.0,0.0,308.2198038591263
2013-06-18,3.1529965765398456,1.4231869148002017,0.8137206301144089,0.9999999999999996,3.3306690738754696e-16,False,0.0,0.0,308.2198038591263
2013-06-19,3.0789640577459423,1.4035232236372277,0.8046523474417799,0.9999999999999998,2.220446049250313e-16,False,0.0,0.0,308.2198038591263
2013-06-20,3.010081116384425,1.3687462893556517,0.7855201131430579,0.9999999999999998,2.220446049250313e-16,False,0.0,0.0,308.2198038591263
2013-06-21,2.99049740751731,1.373140281356914,0.7813485167345866,1.0,0.0,True,0.4463335478525858,0.0002231667739262,308.66613740697886
2013-06-24,2.979289140373188,1.355790168532206,0.7735831460751322,1.0,0.0,False,0.0,0.0,308.66613740697886
2013-06-25,3.054756933076307,1.3688239014085328,0.7792407860447769,1.0,0.0,False,0.0,0.0,308.66613740697886
2013-06-26,3.0951454144727437,1.3823766084247069,0.7862301420644445,0.9999999999999996,3.3306690738754696e-16,False,0.0,0.0,308.66613740697886
2013-06-27,3.123246798689089,1.3904908048274047,0.7895584202829785,0.9999999999999996,3.3306690738754696e-16,False,0.0,0.0,308.66613740697886
2013-06-28,3.116038342565008,1.384794490791713,0.7906672345053661,1.0,0.0,True,0.4042406358271345,0.0002021203179135,309.070378042806
2013-07-01,3.1528050706129305,1.3929081944194714,0.7955489539660644,0.9999999999999998,2.220446049250313e-16,False,0.0,0.0,309.070378042806
2013-07-02,3.1057924367842684,1.3916131818799693,0.7958820830066039,1.0,1.1102230246251563e-16,False,0.0,0.0,309.070378042806
2013-07-03,3.129519556133608,1.3922176524717207,0.7990987220496416,1.0,0.0,False,0.0,0.0,309.070378042806
2013-07-05,3.1546440658371537,1.4072377611268652,0.8052013184969998,1.0,0.0,False,0.0,0.0,309.070378042806
2013-07-08,3.1313455933979206,1.4152662146901895,0.8059775213984657,1.0,0.0,True,0.0134684111341805,6.734205567090298e-06,309.08384645394017
2013-07-09,3.155133232559596,1.42545203693614,0.8108588643358068,1.0,0.0,False,0.0,0.0,309.08384645394017
2013-07-10,3.125500205668453,1.4259699433969528,0.815518340884745,1.0,0.0,False,0.0,0.0,309.08384645394017
2013-07-11,3.279865993202733,1.4453921748398524,0.831715622677252,1.0,0.0,False,0.0,0.0,309.08384645394017
2013-07-12,3.3281635129946,1.4459968096899167,0.8353760886279303,1.0,1.1102230246251563e-16,False,0.0,0.0,309.08384645394017
2013-07-15,3.4032160706781167,1.451521966563488,0.837262753041473,1.0,0.0,True,0.8139538949966362,0.0004069769474983,309.8978003489368
2013-07-16,3.3836416114229206,1.446083373820855,0.8361534210994691,1.0,0.0,False,0.0,0.0,309.8978003489368
2013-07-17,3.3771030978078107,1.449795118919172,0.8382609164621795,0.9999999999999998,2.220446049250313e-16,False,0.0,0.0,309.8978003489368
2013-07-18,3.4208121266327307,1.457737008351558,0.8361534210994691,1.0,1.1102230246251563e-16,False,0.0,0.0,309.8978003489368
2013-07-19,3.304646260882521,1.4603263763973104,0.8274998789051142,1.0,1.1102230246251563e-16,False,0.0,0.0,309.8978003489368
2013-07-22,3.188529267373349,1.463175108319252,0.8299403150466861,1.0,0.0,True,0.8247379638399139,0.0004123689819199,310.72253831277675
2013-07-23,3.1754940524635056,1.4600676695543735,0.8238390364310786,1.0,0.0,False,0.0,0.0,310.72253831277675
2013-07-24,3.16172081460107,1.454715805200992,0.8265012448302117,0.9999999999999998,2.220446049250313e-16,False,0.0,0.0,310.72253831277675
2013-07-25,3.1920701140150887,1.4582545862957452,0.831715622677252,0.9999999999999998,2.220446049250313e-16,False,0.0,0.0,310.72253831277675
2013-07-26,3.241084811389833,1.4598083056781843,0.8361534210994691,0.9999999999999996,3.3306690738754696e-16,False,0.0,0.0,310.72253831277675
2013-07-29,3.200851983477045,1.4553197830178044,0.8345999798573035,1.0,0.0,True,0.8260133106462988,0.0004130066553231,311.54855162342307
2013-07-30,3.250853300103437,1.4553197830178044,0.8390373076253247,1.0,0.0,False,0.0,0.0,311.54855162342307
2013-07-31,3.2858854098300614,1.4563559244560564,0.8405905606058097,1.0,0.0,False,0.0,0.0,311.54855162342307
2013-08-01,3.3159685983586566,1.4731889521115165,0.8491334049330618,1.0,0.0,False,0.0,0.0,311.54855162342307
2013-08-02,3.3134544849973504,1.4756917560263303,0.8539035793491027,1.0,1.1102230246251563e-16,False,0.0,0.0,311.54855162342307
2013-08-05,3.35067134780641,1.4735340588270789,0.8544580099930073,1.0,0.0,True,0.7999999999999998,0.0003999999999999,312.3485516234231
2013-08-06,3.337724436974015,1.465160498548192,0.8493549889289451,0.9999999999999998,2.220446049250313e-16,False,0.0,0.0,312.3485516234231
2013-08-07,3.3055851921298527,1.4604129405282489,0.8478015476867808,0.9999999999999998,2.220446049250313e-16,False,0.0,0.0,312.3485516234231
2013-08-08,3.328547284989842,1.4657651333982564,0.8520174797205964,0.9999999999999996,3.3306690738754696e-16,False,0.0,0.0,312.3485516234231
2013-08-09,3.337125247292927,1.4615353175808137,0.8485785977658,0.9999999999999994,5.551115123125784e-16,False,0.0,0.0,312.3485516234231
2013-08-12,3.3535153243447344,1.4598083056781843,0.850575395261409,1.0,1.1102230246251563e-16,True,0.4123312741562568,0.0002061656370781,312.76088289757934
2013-08-13,3.400504290824657,1.4641250141431918,0.8553458520699695,1.0,1.1102230246251563e-16,False,0.0,0.0,312.76088289757934
2013-08-14,3.3771663678156343,1.4566146312989936,0.852128365849377,0.9999999999999998,2.220446049250313e-16,False,0.0,0.0,312.76088289757934
2013-08-15,3.2667642492914557,1.4362424940321543,0.837706297556597,0.9999999999999996,3.3306690738754696e-16,False,0.0,0.0,312.76088289757934
2013-08-16,3.2692696437228097,1.4314946074955852,0.8373735450394149,0.9999999999999996,4.440892098500626e-16,False,0.0,0.0,312.76088289757934
2013-08-19,3.1819222067948254,1.4223447624295742,0.8359309899260311,1.0,0.0,True,0.4243324241642151,0.0002121662120821,313.1852153217436
2013-08-20,3.222060038511729,1.4293364175213945,0.8395921147925863,1.0,1.1102230246251563e-16,False,0.0,0.0,313.1852153217436
2013-08-21,3.162297377843752,1.420531514912633,0.8367076634816945,1.0,1.1102230246251563e-16,False,0.0,0.0,313.1852153217436
2013-08-22,3.1208074627826985,1.4334798334662122,0.8449172846375669,1.0,0.0,False,0.0,0.0,313.1852153217436
2013-08-23,3.1253015202490686,1.4383132985838418,0.850575395261409,1.0,0.0,False,0.0,0.0,313.1852153217436
2013-08-26,3.108430383499006,1.432961927005399,0.8510189397765329,1.0,0.0,True,1.2000000000000002,0.0006,314.38521532174354
2013-08-27,2.9967457317367754,1.4099145145951208,0.83360143991324,1.0,1.1102230246251563e-16,False,0.0,0.0,314.38521532174354
2013-08-28,3.0325951450280986,1.4149209437163142,0.8368186437413141,1.0,1.1102230246251563e-16,False,0.0,0.0,314.38521532174354
2013-08-29,3.0502736759185582,1.4171648765298783,0.8426986207535577,0.9999999999999998,2.220446049250313e-16,False,0.0,0.0,314.38521532174354
2013-08-30,3.027197913011539,1.4126760253528725,0.837262753041473,0.9999999999999998,2.220446049250313e-16,False,0.0,0.0,314.38521532174354
2013-09-03,3.082941349830812,1.419064195402819,0.8420330215883542,1.0,0.0,True,0.4089497706268012,0.0002044748853134,314.79416509237035
2013-09-04,3.183873965509477,1.4308039012895213,0.8510189397765329,0.9999999999999998,2.220446049250313e-16,False,0.0,0.0,314.79416509237035
2013-09-05,3.182116730515875,1.4326171488064627,0.8524609301048801,1.0,1.1102230246251563e-16,False,0.0,0.0,314.79416509237035
2013-09-06,3.207866287386874,1.4333076907542135,0.8534593759181046,1.0,0.0,False,0.0,0.0,314.79416509237035
2013-09-09,3.2271649050529927,1.44703245835323,0.8634446812279002,1.0,0.0,False,0.0,0.0,314.79416509237035
2013-09-10,3.257238990566757,1.457737008351558,0.8676597660841624,1.0,1.1102230246251563e-16,True,0.4604686883854354,0.0002302343441927,315.2546337807558
2013-09-11,3.2502768084920133,1.4623120951428763,0.8659960034982527,0.9999999999999998,2.220446049250313e-16,False,0.0,0.0,315.2546337807558
2013-09-12,3.216877639915023,1.458427714557622,0.865441102200152,1.0,1.1102230246251563e-16,False,0.0,0.0,315.2546337807558
2013-09-13,3.244309676748679,1.4617074602928122,0.8659960034982527,1.0,1.1102230246251563e-16,False,0.0,0.0,315.2546337807558
2013-09-16,3.238390842024405,1.4701674204443242,0.8636665476163017,0.9999999999999998,2.220446049250313e-16,False,0.0,0.0,315.2546337807558
2013-09-17,3.257069924380396,1.476728225981209,0.869434885453049,1.0,0.0,True,0.4308586288273708,0.0002154293144136,315.6854924095832
2013-09-18,3.2615134423847767,1.4938202889962315,0.8798635470162892,1.0,1.1102230246251563e-16,False,0.0,0.0,315.6854924095832
2013-09-19,3.24553588652299,1.4913164995315396,0.8819711365098398,1.0,0.0,False,0.0,0.0,315.6854924095832
2013-09-20,3.164767718946537,1.4808900388570796,0.8789444535006564,1.0,0.0,False,0.0,0.0,315.6854924095832
2013-09-23,3.1407573498549675,1.474037017781411,0.8771646275898006,0.9999999999999998,2.220446049250313e-16,False,0.0,0.0,315.6854924095832
2013-09-24,3.154776093612107,1.4705678822113597,0.8771646275898006,1.0000000000000002,0.0,True,0.8109882742497735,0.0004054941371248,316.49648068383294
2013-09-25,3.1505766030042843,1.4663167128132295,0.8741597829353522,1.0,0.0,False,0.0,0.0,316.49648068383294
2013-09-26,3.156731311844809,1.4719555364393802,0.8809474636316643,1.0,1.1102230246251563e-16,False,0.0,0.0,316.49648068383294
2013-09-27,3.10955757444622,1.4651892437529628,0.8798348371102811,0.9999999999999998,2.220446049250313e-16,False,0.0,0.0,316.49648068383294
2013-09-30,3.079936417642887,1.457382703170469,0.8777207525888144,0.9999999999999998,2.220446049250313e-16,False,0.0,0.0,316.49648068383294
2013-10-01,3.15768735234146,1.4689188930073942,0.8866223295449154,1.0,0.0,True,0.4263817783345835,0.0002131908891672,316.9228624621676
2013-10-02,3.179274787039154,1.4675315672959994,0.8862885415884992,1.0,0.0,False,0.0,0.0,316.9228624621676
2013-10-03,3.132726180504722,1.4539998032147297,0.8759400795004042,1.0,0.0,False,0.0,0.0,316.9228624621676
2013-10-04,3.197226168097646,1.465016115491086,0.8835069752850421,1.0,1.1102230246251563e-16,False,0.0,0.0,316.9228624621676
2013-10-07,3.1334238806118586,1.4523513067857037,0.8761627930663602,0.9999999999999998,2.220446049250313e-16,False,0.0,0.0,316.9228624621676
2013-10-08,3.0327318135733616,1.4354356571988165,0.8592490814553897,1.0,0.0,True,0.8135320790836212,0.0004067660395418,317.7363945412512
2013-10-09,3.027839964110931,1.4364772191613968,0.8565786836732302,1.0,1.1102230246251563e-16,False,0.0,0.0,317.7363945412512
2013-10-10,3.1320213748368064,1.4674445103901224,0.874716096196044,1.0,1.1102230246251563e-16,False,0.0,0.0,317.7363945412512
2013-10-11,3.1676811273772927,1.4769000401765815,0.8816151336753343,0.9999999999999998,2.220446049250313e-16,False,0.0,0.0,317.7363945412512
2013-10-14,3.180420399101397,1.482798227678921,0.8878464069801144,0.9999999999999998,2.220446049250313e-16,False,0.0,0.0,317.7363945412512
2013-10-15,3.213821049247444,1.4720425933452574,0.8843970765021485,1.0,0.0,True,0.8020755331253312,0.0004010377665626,318.5384700743765
2013-10-16,3.242727741681527,1.4926005067640724,0.8944116565029899,1.0000000000000002,0.0,False,0.0,0.0,318.5384700743765
2013-10-17,3.272810019211399,1.502576078369413,0.899530303286388,1.0,0.0,False,0.0,0.0,318.5384700743765
2013-10-18,3.2949115730388265,1.512725106753257,0.9141068402865788,1.0,0.0,False,0.0,0.0,318.5384700743765
2013-10-21,3.27276191479311,1.512811342367569,0.9161096621559076,1.0,0.0,False,0.0,0.0,318.5384700743765
2013-10-22,3.206008040711192,1.521572880781705,0.9174450022432458,1.0,0.0,True,0.4474743270127693,0.0002237371635063,318.98594440138925
2013-10-23,3.199653935418569,1.514286874793032,0.9118812107204548,1.0,0.0,False,0.0,0.0,318.98594440138925
2013-10-24,3.205163236746354,1.5193172856279198,0.9158871368516306,1.0,0.0,False,0.0,0.0,318.98594440138925
2013-10-25,3.187865830995887,1.5262570350928395,0.9224522922436672,1.0,1.1102230246251563e-16,False,0.0,0.0,318.98594440138925
2013-10-28,3.158729127037786,1.5286864155417537,0.9226749116787828,1.0,0.0,False,0.0,0.0,318.98594440138925
2013-10-29,3.1742898453607067,1.5368397054229397,0.924233059462915,1.0,0.0,True,0.4565754141432548,0.0002282877070716,319.4425198155325
2013-10-30,3.168078319940084,1.5292059645856964,0.9233426758532916,1.0,0.0,False,0.0,0.0,319.4425198155325
2013-10-31,3.1755321991393823,1.524868723831567,0.9212284972009848,1.0,1.1102230246251563e-16,False,0.0,0.0,319.4425198155325
2013-11-01,3.181837332178745,1.528512630246625,0.9214507401127436,0.9999999999999998,2.220446049250313e-16,False,0.0,0.0,319.4425198155325
2013-11-04,3.215006763640786,1.533890283155144,0.9227858919384024,0.9999999999999996,3.3306690738754696e-16,False,0.0,0.0,319.4425198155325
2013-11-05,3.2325696099565686,1.5290323435488808,0.9237875382001652,1.0,0.0,True,0.021916197002564,1.0958098501282017e-05,319.46443601253503
2013-11-06,3.1642993416403185,1.5368397054229397,0.9235649187650492,1.0,0.0,False,0.0,0.0,319.46443601253503
2013-11-07,3.1542701233703285,1.5174090968060785,0.9062067213305623,1.0,1.1102230246251563e-16,False,0.0,0.0,319.46443601253503
2013-11-08,3.2095434455027547,1.537880610352268,0.918446177850812,1.0,0.0,False,0.0,0.0,319.46443601253503
2013-11-11,3.249628301609244,1.538140795520022,0.917000045765532,1.0,0.0,False,0.0,0.0,319.46443601253503
2013-11-12,3.24614951608477,1.5350180807320366,0.918446177850812,1.0,0.0,True,0.4090438779796026,0.0002045219389898,319.87347989051466
2013-11-13,3.2611973114958395,1.5473359758804144,0.929573949158072,1.0000000000000002,0.0,False,0.0,0.0,319.87347989051466
2013-11-14,3.261521792281649,1.5550559523319698,0.9324672487678656,1.0,0.0,False,0.0,0.0,319.87347989051466
2013-11-15,3.2947428675082158,1.5618222450183872,0.9342474512020784,1.0,1.1102230246251563e-16,False,0.0,0.0,319.87347989051466
2013-11-18,3.27230848886802,1.556356713912426,0.9251228782875044,1.0,0.0,False,0.0,0.0,319.87347989051466
2013-11-19,3.187473374031088,1.552974470989939,0.9224522922436672,1.0,0.0,True,0.8301192062549085,0.0004150596031274,320.70359909676955
2013-11-20,3.179572203325485,1.548116695641989,0.9202268509392212,1.0,0.0,False,0.0,0.0,320.70359909676955
2013-11-21,3.2023596695444305,1.5606073905356173,0.929573949158072,1.0,0.0,False,0.0,0.0,320.70359909676955
2013-11-22,3.199757515224785,1.568414752409676,0.9345807685042958,1.0,0.0,False,0.0,0.0,320.70359909676955
2013-11-25,3.2034646628545578,1.5668533128865267,0.936806962855456,1.0,0.0,False,0.0,0.0,320.70359909676955
2013-11-26,3.2093394478111352,1.5672869548327832,0.941702519549541,1.0,0.0,True,0.8093359035702145,0.0004046679517851,321.5129350003398
2013-11-27,3.246115099811295,1.5711034967347788,0.9482676749415776,1.0,0.0,False,0.0,0.0,321.5129350003398
2013-11-29,3.227066377936382,1.5700627560637634,0.9539428232473453,1.0,1.1102230246251563e-16,False,0.0,0.0,321.5129350003398
2013-12-02,3.2050590040287497,1.565985371960762,0.95116097455137,1.0,0.0,False,0.0,0.0,321.5129350003398
2013-12-03,3.2024449602137794,1.5592199005659095,0.9503817594630442,0.9999999999999998,2.220446049250313e-16,False,0.0,0.0,321.5129350003398
2013-12-04,3.20054783204114,1.559046279529094,0.9512716724184724,1.0000000000000002,0.0,True,0.0168962148342531,8.448107417126566e-06,321.52983121517406
2013-12-05,3.165914677056995,1.5521934227117384,0.95004778324495,1.0,0.0,False,0.0,0.0,321.52983121517406
2013-12-06,3.14646502192773,1.5695425499865687,0.9569467265934014,1.0,1.1102230246251563e-16,False,0.0,0.0,321.52983121517406
2013-12-09,3.145657839829826,1.573532055892128,0.9608414842032784,0.7997799851098291,0.2002200148901709,True,0.2154158641885528,0.0001077079320942,321.7452470793626
2013-12-10,3.1651262206092285,1.5678942178158553,0.9601740965521268,0.8010115187732132,0.1989884812267868,False,0.0,0.0,321.7452470793626
2013-12-11,3.083862858019722,1.550284905373271,0.9478224360713458,1.0,0.0,True,0.2131589251427114,0.0001065794625713,321.9584060045053
2013-12-12,3.1070819080665557,1.54516710911588,0.945374469462624,1.0,0.0,False,0.0,0.0,321.9584060045053
2013-12-13,3.127631240433804,1.5449938165956905,0.9441502978965846,1.0000000000000002,0.0,False,0.0,0.0,321.9584060045053
2013-12-16,3.106331344577357,1.5546218176107744,0.9493802073321208,1.0,0.0,False,0.0,0.0,321.9584060045053
2013-12-17,3.0852509398350305,1.549677642390199,0.9474883657224128,1.0,0.0,False,0.0,0.0,321.9584060045053
2013-12-18,3.102135121065821,1.5761345646029186,0.9585044037233372,1.0,0.0,True,0.4174406039316298,0.0002087203019658,322.375846608437
2013-12-19,3.155591774096289,1.5743132684286414,0.955834194202857,1.0,0.0,False,0.0,0.0,322.375846608437
2013-12-20,3.161268746947718,1.5834703408604234,0.9655683584332077,1.0,1.1102230246251563e-16,False,0.0,0.0,322.375846608437
2013-12-23,3.1988535317061504,1.5919303010119354,0.975725734917377,1.0,0.0,False,0.0,0.0,322.375846608437
2013-12-24,3.2078326452986525,1.595418983321231,0.9761723857501996,1.0,0.0,False,0.0,0.0,322.375846608437
2013-12-26,3.241699542145025,1.6035298945576697,0.9794098277087386,1.0,0.0,True,0.0187586974465916,9.379348723295808e-06,322.39460530588354
2013-12-27,3.220337223802495,1.6034426733934792,0.9769542365020284,1.0,0.0,False,0.0,0.0,322.39460530588354
2013-12-30,3.2119083748025057,1.6031813384175344,0.9755026448280648,1.0,1.1102230246251563e-16,False,0.0,0.0,322.39460530588354
2013-12-31,3.204541207758256,1.6107687584105186,0.981865136522931,0.9999999999999998,2.220446049250313e-16,False,0.0,0.0,322.39460530588354
2014-01-02,3.2526506649979705,1.5953319264153538,0.974163351245472,1.0,1.1102230246251563e-16,False,0.0,0.0,322.39460530588354
2014-01-03,3.28668304626068,1.5950700986644704,0.9671308362359528,1.0,1.1102230246251563e-16,True,0.4122434995324753,0.0002061217497662,322.806848805416
2014-01-06,3.203837139898112,1.5904478697373277,0.9635585708817654,1.0,0.0,False,0.0,0.0,322.806848805416
2014-01-07,3.2223290824934345,1.600215818835067,0.9724888577438744,1.0,0.0,False,0.0,0.0,322.806848805416
2014-01-08,3.203030128139602,1.6005651962667669,0.9746099079474556,1.0,1.1102230246251563e-16,False,0.0,0.0,322.806848805416
2014-01-09,3.1804765588499184,1.6016113574621107,0.9713722777272388,1.0,1.1102230246251563e-16,False,0.0,0.0,322.806848805416
2014-01-10,3.197618058742597,1.6059725799299345,0.9744979863794412,1.0,0.0,True,1.243201635177249,0.0006216008175886,324.0500504405932
2014-01-13,3.111565666543428,1.5846040517365831,0.9600986977497896,1.0,0.0,False,0.0,0.0,324.0500504405932
2014-01-14,3.1835852842003023,1.601873349471307,0.978405075129276,1.0,0.0,False,0.0,0.0,324.0500504405932
2014-01-15,3.15965743277378,1.610506766401322,0.98644224858742,1.0,0.0,False,0.0,0.0,324.0500504405932
2014-01-16,3.1337003397614835,1.6084144440106345,0.9865536995012372,1.0,0.0,False,0.0,0.0,324.0500504405932
2014-01-17,3.12412701004665,1.6016113574621107,0.980972493773162,1.0,0.0,True,0.4191435669673528,0.0002095717834836,324.4691940075606
2014-01-21,3.124506957347479,1.6063213003283825,0.9884514713538256,1.0,0.0,False,0.0,0.0,324.4691940075606
2014-01-22,3.1307940199059736,1.6073666402321611,0.9910189841285506,1.0,0.0,False,0.0,0.0,324.4691940075606
2014-01-23,3.106008052251054,1.594198051280881,0.9876700912561948,1.0,1.1102230246251563e-16,False,0.0,0.0,324.4691940075606
2014-01-24,3.04678193527093,1.5601842611213912,0.9682469455983924,1.0,0.0,False,0.0,0.0,324.4691940075606
2014-01-27,3.025833843736955,1.552509455705904,0.9588703844268176,1.0,0.0,True,0.4080496124398444,0.0002040248062199,324.87724362000046
2014-01-28,3.0552261239832306,1.5617540778185022,0.9583121885493388,0.9999999999999998,2.220446049250313e-16,False,0.0,0.0,324.87724362000046
2014-01-29,3.039362859527013,1.5467533516442886,0.94804232571212,1.0,1.1102230246251563e-16,False,0.0,0.0,324.87724362000046
2014-01-30,3.0832795886453104,1.5631496164455456,0.9655683584332077,1.0,0.0,False,0.0,0.0,324.87724362000046
2014-01-31,3.0575130213015504,1.5539920512388248,0.9630005632659656,1.0,0.0,False,0.0,0.0,324.87724362000046
2014-02-03,2.996699256158001,1.5190189925315554,0.9408986421813006,0.9999999999999998,2.220446049250313e-16,True,0.0177787589121202,8.889379456060138e-06,324.8950223789126
2014-02-04,3.006416281773109,1.529659153271197,0.9478195180153246,0.9999999999999998,2.220446049250313e-16,False,0.0,0.0,324.8950223789126
2014-02-05,3.0028277989410044,1.5277402876590125,0.9453639268086144,0.9999999999999998,2.220446049250313e-16,False,0.0,0.0,324.8950223789126
2014-02-06,3.0843315557816755,1.5478868982621354,0.9574193575378904,0.9999999999999998,2.220446049250313e-16,False,0.0,0.0,324.8950223789126
2014-02-07,3.1770253064313327,1.567074240317479,0.9744979863794412,0.9999999999999996,3.3306690738754696e-16,False,0.0,0.0,324.8950223789126
2014-02-10,3.1701883684821968,1.5699520459608176,0.9800792862383554,1.0,0.0,True,0.4533339839132847,0.0002266669919566,325.3483563628259
2014-02-11,3.1933129857733915,1.5871334654980995,0.9912417918253446,1.0,0.0,False,0.0,0.0,325.3483563628259
2014-02-12,3.1975472305023445,1.5879181274591856,0.9931400343321308,1.0,0.0,False,0.0,0.0,325.3483563628259
2014-02-13,3.2255605426441134,1.5961167526347528,1.0005069962139412,1.0,0.0,False,0.0,0.0,325.3483563628259
2014-02-14,3.254529520704073,1.6049259259596518,1.0025162189803485,1.0,1.1102230246251563e-16,False,0.0,0.0,325.3483563628259
2014-02-18,3.447198701348365,1.6068442987968976,1.0074283427021626,1.0,0.0,True,0.4799130891551021,0.0002399565445775,325.828269451981
2014-02-19,3.480755564152642,1.5962044665738822,1.0005069962139412,1.0,0.0,False,0.0,0.0,325.828269451981
2014-02-20,3.5236350755477828,1.6056230382399217,1.0051951826688887,1.0,0.0,False,0.0,0.0,325.828269451981
2014-02-21,3.5123316196281795,1.60379155805024,1.003855983217136,1.0,0.0,False,0.0,0.0,325.828269451981
2014-02-24,3.510073883413166,1.6126874597643903,1.0092141929867382,1.0,0.0,False,0.0,0.0,325.828269451981
2014-02-25,3.509682793237857,1.6120772401316847,1.008097330577583,1.0,0.0,True,0.0214762735031431,1.0738136751571592e-05,325.8497457254841
2014-02-26,3.512137436360608,1.612163475745997,1.007204593696974,1.0,0.0,False,0.0,0.0,325.8497457254841
2014-02-27,3.5053682073452967,1.620624257189074,1.013739438958732,1.0,0.0,False,0.0,0.0,325.8497457254841
2014-02-28,3.4623329055290366,1.6247229948727624,1.0126186230543237,1.0,1.1102230246251563e-16,False,0.0,0.0,325.8497457254841
2014-03-03,3.4611025642953743,1.6132971866221568,1.005108488165828,1.0000000000000002,0.0,False,0.0,0.0,325.8497457254841
2014-03-04,3.523034686175969,1.6359743607949873,1.0178866554798058,1.0,0.0,True,0.4074548825952655,0.0002037274412976,326.2572006080794
2014-03-05,3.5068350742262453,1.6374561350363432,1.0206889305679252,1.0,0.0,False,0.0,0.0,326.2572006080794
2014-03-06,3.4503171175497918,1.6412071378714614,1.019792428453742,1.0,0.0,False,0.0,0.0,326.2572006080794
2014-03-07,3.4404818799067165,1.6419039216351052,1.0147482391642872,1.0,0.0,False,0.0,0.0,326.2572006080794
2014-03-10,3.462710651537152,1.641032367026455,1.015645306063507,1.0,0.0,False,0.0,0.0,326.2572006080794
2014-03-11,3.4288446684027685,1.6329216200483296,1.0112739640138872,1.0,0.0,True,1.2,0.0006,327.4572006080794
2014-03-12,3.445459769868421,1.633357561610968,1.0150843803916865,1.0,0.0,False,0.0,0.0,327.4572006080794
2014-03-13,3.3894859881470047,1.6150421026809,1.0007368637236886,1.0,0.0,False,0.0,0.0,327.4572006080794
2014-03-14,3.376625428198958,1.610506766401322,0.993899576075028,1.0,1.1102230246251563e-16,False,0.0,0.0,327.4572006080794
2014-03-17,3.4134756146716594,1.6250723723044622,1.0026423543051064,0.9999999999999998,2.220446049250313e-16,False,0.0,0.0,327.4572006080794
2014-03-18,3.454100904998524,1.636671801591883,1.0147482391642872,1.0,0.0,True,0.015483379971388,7.741689985694037e-06,327.4726839880508
2014-03-19,3.415948860500302,1.6279498494311744,1.0092556105560613,1.0,0.0,False,0.0,0.0,327.4726839880508
2014-03-20,3.4296347754252525,1.6374561350363432,1.0120585445600574,1.0000000000000002,0.0,False,0.0,0.0,327.4726839880508
2014-03-21,3.351975079663091,1.631105251623442,0.9998798024312024,1.0,1.1102230246251563e-16,False,0.0,0.0,327.4726839880508
2014-03-24,3.2669004511020643,1.6243596554844597,0.991116974332337,1.0,1.1102230246251563e-16,False,0.0,0.0,327.4726839880508
2014-03-25,3.2570284977363806,1.6320691194039847,0.9943746544213408,1.0,0.0,True,0.4581934246182775,0.0002290967123091,327.9308774126691
2014-03-26,3.183017276916235,1.6203307275837862,0.981567588939674,1.0,0.0,False,0.0,0.0,327.9308774126691
2014-03-27,3.185010917434763,1.6169143189321995,0.9760624409298126,1.0,0.0,False,0.0,0.0,327.9308774126691
2014-03-28,3.181867656863296,1.6248862676358604,0.9779724497915204,1.0,0.0,False,0.0,0.0,327.9308774126691
2014-03-31,3.207012325159865,1.638200882227376,0.9849379436434068,0.9999999999999998,2.220446049250313e-16,False,0.0,0.0,327.9308774126691
2014-04-01,3.2806307912957697,1.6490636129810998,1.0022392860509135,1.0,0.0,True,0.0230509064394838,1.1525453219741924e-05,327.95392831910857
2014-04-02,3.281080849479836,1.654582363780465,1.004822989330011,0.9999999999999998,2.220446049250313e-16,False,0.0,0.0,327.95392831910857
2014-04-03,3.194662051978335,1.6523923076935572,0.9968463420015848,0.9999999999999996,3.3306690738754696e-16,False,0.0,0.0,327.95392831910857
2014-04-04,3.071086768292292,1.632857723564582,0.9703329791297262,0.9999999999999996,4.440892098500626e-16,False,0.0,0.0,327.95392831910857
2014-04-07,3.032380476122084,1.614812141042734,0.9611206762728574,0.9999999999999998,2.220446049250313e-16,False,0.0,0.0,327.95392831910857
2014-04-08,3.0736628666360506,1.621469694725961,0.9699960848556124,1.0,1.1102230246251563e-16,True,0.4125959670395629,0.0002062979835197,328.3665242861481
2014-04-09,3.1668742992820005,1.6389019367071571,0.9866230739298542,1.0,1.1102230246251563e-16,False,0.0,0.0,328.3665242861481
2014-04-10,3.0152056259913973,1.604474544115594,0.9560650971518384,0.9999999999999996,4.440892098500626e-16,False,0.0,0.0,328.3665242861481
2014-04-11,2.976150528354233,1.5900211266402162,0.9449425971715828,0.9999999999999996,4.440892098500626e-16,False,0.0,0.0,328.3665242861481
2014-04-14,2.974294693166444,1.6025481226210123,0.9523574716506336,0.9999999999999994,5.551115123125784e-16,False,0.0,0.0,328.3665242861481
2014-04-15,3.0107366454723268,1.6135857884780556,0.9555034184333022,0.9999999999999998,2.220446049250313e-16,True,0.412233465032198,0.000206116732516,328.7787577511804
2014-04-16,3.063215927081829,1.6304922395994157,0.9681981858235972,0.9999999999999996,4.440892098500626e-16,False,0.0,0.0,328.7787577511804
2014-04-17,3.0871541404852736,1.632770009625453,0.9684229702680184,0.9999999999999996,3.3306690738754696e-16,False,0.0,0.0,328.7787577511804
2014-04-21,3.1418208424724137,1.6384643525613891,0.975612966171809,0.9999999999999996,3.3306690738754696e-16,False,0.0,0.0,328.7787577511804
2014-04-22,3.185158868879479,1.6459091963387102,0.9833647349249752,0.9999999999999998,2.220446049250313e-16,False,0.0,0.0,328.7787577511804
2014-04-23,3.0975227586245637,1.642055039283043,0.9747141107866412,1.0,0.0,True,0.4308318309781641,0.000215415915489,329.2095895821585
2014-04-24,3.0799205861409424,1.6453837339955002,0.9840387117348816,1.0,0.0,False,0.0,0.0,329.2095895821585
2014-04-25,2.992317304412178,1.6318943485589783,0.968310860438326,1.0,0.0,False,0.0,0.0,329.2095895821585
2014-04-28,2.9343452961135634,1.637062243601827,0.971456242435958,1.0,0.0,False,0.0,0.0,329.2095895821585
2014-04-29,2.9698349534031534,1.6446833365489708,0.979208011189124,1.0,0.0,False,0.0,0.0,329.2095895821585
2014-04-30,3.0213546026908062,1.649589732357562,0.9817919027298994,1.0,0.0,True,0.4050423369608085,0.0002025211684804,329.61463191911935
2014-05-01,3.0274610318820643,1.6497645032025685,0.9847134415915036,1.0,0.0,False,0.0,0.0,329.61463191911935
2014-05-02,3.013354880298294,1.6473985264624629,0.9829153542978104,1.0,0.0,False,0.0,0.0,329.61463191911935
2014-05-05,3.054349273738916,1.6505524503299138,0.9880833256410402,0.9999999999999998,2.220446049250313e-16,False,0.0,0.0,329.61463191911935
2014-05-06,3.0269597501607675,1.6361867467936653,0.9752762601593734,0.9999999999999998,2.220446049250313e-16,False,0.0,0.0,329.61463191911935
2014-05-07,2.926349724133718,1.645822139432833,0.9724672076508184,1.0,1.1102230246251563e-16,True,0.4043768980562648,0.0002021884490281,330.01900881717563
2014-05-08,3.0048350041377847,1.6440696674916928,0.971568822919848,1.0,0.0,False,0.0,0.0,330.01900881717563
2014-05-09,3.0262307196793383,1.6465230296543012,0.9751636796754836,1.0,0.0,False,0.0,0.0,330.01900881717563
2014-05-12,3.079237337758097,1.6625539839675,0.9912293665545476,1.0,1.1102230246251563e-16,False,0.0,0.0,330.01900881717563
2014-05-13,3.1482025336891417,1.6640431498329395,0.9919032492336152,1.0000000000000002,0.0,False,0.0,0.0,330.01900881717563
2014-05-14,3.111879199957273,1.656158750810095,0.9867351837595466,1.0,0.0,True,0.4786607583350354,0.0002393303791675,330.49766957551066
2014-05-15,3.042353885113536,1.6416174551372753,0.978983509137221,1.0,0.0,False,0.0,0.0,330.49766957551066
2014-05-16,3.064045182864176,1.6473111410399597,0.9853873242705712,1.0,1.1102230246251563e-16,False,0.0,0.0,330.49766957551066
2014-05-19,3.0937217499518184,1.653355189924222,0.9922405200310872,1.0,0.0,False,0.0,0.0,330.49766957551066
2014-05-20,3.0717100608659,1.6429310288661438,0.9886451926212542,1.0,0.0,False,0.0,0.0,330.49766957551066
2014-05-21,3.114961282963461,1.656772091350747,0.9980822799225456,1.0,0.0,True,0.4253330273122591,0.0002126665136561,330.9230026028229
2014-05-22,3.1275812930800417,1.6608021690596115,1.0024636939719775,1.0,0.0,False,0.0,0.0,330.9230026028229
2014-05-23,3.160497926565144,1.6674595584845258,1.0097664586213362,1.0,0.0,False,0.0,0.0,330.9230026028229
2014-05-27,3.1578836888664705,1.6777086201809717,1.0223486455277413,1.0,1.1102230246251563e-16,False,0.0,0.0,330.9230026028229
2014-05-28,3.17696867644621,1.6764822676162934,1.0192032635301091,0.9999999999999998,2.220446049250313e-16,False,0.0,0.0,330.9230026028229
2014-05-29,3.227896107224936,1.6851544495081705,1.0257193767548325,0.9999999999999998,2.220446049250313e-16,True,0.8148758565103889,0.0004074379282551,331.73787845933333
2014-05-30,3.238742903117969,1.6878699679382885,1.0258316748462026,0.9999999999999998,2.220446049250313e-16,False,0.0,0.0,331.73787845933333
2014-06-02,3.25817437690825,1.689797539241061,1.0248211802855396,0.9999999999999996,3.3306690738754696e-16,False,0.0,0.0,331.73787845933333
2014-06-03,3.23161737823214,1.6889208926247083,1.0243717996583752,0.9999999999999998,2.220446049250313e-16,False,0.0,0.0,331.73787845933333
2014-06-04,3.248140914515387,1.692337629792921,1.0281911584659151,0.9999999999999998,2.220446049250313e-16,False,0.0,0.0,331.73787845933333
2014-06-05,3.2454879936356287,1.703374638616712,1.036841876735088,1.0,0.0,True,0.0269253323255323,1.346266616276616e-05,331.76480379165884
2014-06-06,3.253612775905294,1.711522179456944,1.0427957464562374,1.0,0.0,False,0.0,0.0,331.76480379165884
2014-06-09,3.262831303851645,1.7132738301065191,1.0420096598166384,1.0,0.0,False,0.0,0.0,331.76480379165884
2014-06-10,3.265137311995893,1.7134490937264646,1.0438069940636172,1.0,1.1102230246251563e-16,False,0.0,0.0,331.76480379165884
2014-06-11,3.3123096746071177,1.7074917732314536,1.0435828685350714,1.0,0.0,False,0.0,0.0,331.76480379165884
2014-06-12,3.307902813138764,1.6954043324961812,1.0341453105795826,1.0,0.0,True,0.0367220482436375,1.8361024121818782e-05,331.80152583990247
2014-06-13,3.3613327082979545,1.7005723917973428,1.0371787710092015,0.9999999999999998,2.220446049250313e-16,False,0.0,0.0,331.80152583990247
2014-06-16,3.378222015713157,1.7019733509487145,1.0380773440018514,1.0,1.1102230246251563e-16,False,0.0,0.0,331.80152583990247
2014-06-17,3.418445844582283,1.706703990362421,1.0386391168512266,0.9999999999999996,4.440892098500626e-16,False,0.0,0.0,331.80152583990247
2014-06-18,3.475453511062297,1.7192306578265912,1.044481253266042,0.9999999999999994,5.551115123125784e-16,False,0.0,0.0,331.80152583990247
2014-06-19,3.479001018653024,1.7211574078377987,1.0438069940636172,1.0,0.0,True,0.4302499315123511,0.0002151249657561,332.23177577141485
2014-06-20,3.5222621981371027,1.7246521677046749,1.04503511912491,1.0,0.0,False,0.0,0.0,332.23177577141485
2014-06-23,3.5289769780365225,1.724123912970144,1.0452601859618498,0.9999999999999998,2.220446049250313e-16,False,0.0,0.0,332.23177577141485
2014-06-24,3.478534972728477,1.7137375313240502,1.0442463026909683,0.9999999999999994,5.551115123125784e-16,False,0.0,0.0,332.23177577141485
2014-06-25,3.547575869475885,1.721483624847369,1.0508929753899006,0.9999999999999994,5.551115123125784e-16,False,0.0,0.0,332.23177577141485
2014-06-26,3.5538360785685184,1.7202516875000495,1.0514561602018666,1.0,1.1102230246251563e-16,True,0.4097612464816946,0.0002048806232408,332.6415370178965
2014-06-27,3.5636790830409084,1.7235966437854913,1.0560745015739996,0.9999999999999998,2.220446049250313e-16,False,0.0,0.0,332.6415370178965
2014-06-30,3.581094693811803,1.7227157264530013,1.0578772012788231,0.9999999999999996,4.440892098500626e-16,False,0.0,0.0,332.6415370178965
2014-07-01,3.6009122818176915,1.7342463315072854,1.0694797685398776,0.9999999999999996,4.440892098500626e-16,False,0.0,0.0,332.6415370178965
2014-07-02,3.5867843084235904,1.7360066878474485,1.0712819034596646,0.9999999999999994,5.551115123125784e-16,False,0.0,0.0,332.6415370178965
2014-07-03,3.5729576722346734,1.74454499921425,1.0780407801191296,1.0,0.0,True,0.4121693598461785,0.000206084679923,333.05370637774274
2014-07-07,3.516400845255759,1.7384708910587132,1.0747742517312238,1.0,0.0,False,0.0,0.0,333.05370637774274
2014-07-08,3.5077627311623374,1.7272926200857626,1.0618194008317432,1.0,0.0,False,0.0,0.0,333.05370637774274
2014-07-09,3.507951646978798,1.7350383850924551,1.069704741245978,1.0,0.0,False,0.0,0.0,333.05370637774274
2014-07-10,3.5083458263850846,1.7281723876100616,1.066325444112506,1.0,0.0,False,0.0,0.0,333.05370637774274
2014-07-11,3.5129218234847794,1.7305496981737625,1.073196807125019,1.0,0.0,True,0.4147044489630526,0.0002073522244815,333.4684108267058
2014-07-14,3.571227435690401,1.7392627803855705,1.0796178482019756,1.0,0.0,False,0.0,0.0,333.4684108267058
2014-07-15,3.543653848936501,1.7360066878474485,1.0759005272243158,1.0,0.0,False,0.0,0.0,333.4684108267058
2014-07-16,3.5791424696964578,1.7424319802761277,1.080181033013942,1.0,1.1102230246251563e-16,False,0.0,0.0,333.4684108267058
2014-07-17,3.5324865869680218,1.7226278482555593,1.0658749339152689,1.0,0.0,False,0.0,0.0,333.4684108267058
2014-07-18,3.5750350994301723,1.7402317401738152,1.0827722667601876,1.0,1.1102230246251563e-16,True,0.4119894027222754,0.0002059947013611,333.88040022942806
2014-07-21,3.5887490925786176,1.7369748263441285,1.0814204537759602,1.0000000000000002,0.0,False,0.0,0.0,333.88040022942806
2014-07-22,3.5784156596755863,1.74454499921425,1.0882916285267954,1.0,0.0,False,0.0,0.0,333.88040022942806
2014-07-23,3.525637707463932,1.7484177174592834,1.095276042677396,1.0,0.0,False,0.0,0.0,333.88040022942806
2014-07-24,3.5363505564232525,1.7485052671400996,1.094036810177057,1.0,0.0,False,0.0,0.0,333.88040022942806
2014-07-25,3.4982038212187168,1.7403192898546314,1.0897563985182712,1.0,0.0,True,0.4167776973434138,0.0002083888486717,334.2971779267715
2014-07-28,3.4584915616740077,1.741023465242359,1.090094328231619,1.0,1.1102230246251563e-16,False,0.0,0.0,334.2971779267715
2014-07-29,3.434145550863396,1.7335423203778706,1.0881791421737446,1.0,1.1102230246251563e-16,False,0.0,0.0,334.2971779267715
2014-07-30,3.4312523438045925,1.7338064477451358,1.0924598362250495,1.0,0.0,False,0.0,0.0,334.2971779267715
2014-07-31,3.3171523072917664,1.699566802405304,1.070380694803512,1.0,1.1102230246251563e-16,False,0.0,0.0,334.2971779267715
2014-08-01,3.3246776943531566,1.6943741043571965,1.0664383069889127,1.0000000000000002,0.0,True,0.4278893229844108,0.0002139446614922,334.7250672497559
2014-08-04,3.3309975242547183,1.706608063507643,1.0737600860678242,1.0,0.0,False,0.0,0.0,334.7250672497559
2014-08-05,3.315338344220302,1.6900601882835091,1.065536627678564,1.0,0.0,False,0.0,0.0,334.7250672497559
2014-08-06,3.322913269679859,1.690588278759727,1.0647481877679792,1.0,0.0,False,0.0,0.0,334.7250672497559
2014-08-07,3.286683934163805,1.6814339987192657,1.061369173027024,1.0,0.0,False,0.0,0.0,334.7250672497559
2014-08-08,3.318631648553895,1.7008871107250043,1.069028881819283,1.0,0.0,True,0.8224294127463246,0.0004112147063731,335.5474966625022
2014-08-11,3.3549037472821297,1.7058158456641603,1.0753370600198329,0.9999999999999998,2.220446049250313e-16,False,0.0,0.0,335.5474966625022
2014-08-12,3.3370215121373192,1.7034396849086506,1.0748867380842748,0.9999999999999998,2.220446049250313e-16,False,0.0,0.0,335.5474966625022
2014-08-13,3.4000761303454183,1.7149701257046217,1.086264050246712,0.9999999999999996,3.3306690738754696e-16,False,0.0,0.0,335.5474966625022
2014-08-14,3.4100660890061443,1.7230678962760215,1.0918967455439226,0.9999999999999992,8.881784197001252e-16,False,0.0,0.0,335.5474966625022
2014-08-15,3.451292403504852,1.7227157264530013,1.0971907580810727,1.0,0.0,True,0.4204649120374913,0.0002102324560187,335.96796157453974
2014-08-18,3.4868847693863074,1.7371512397722646,1.10563975396147,1.0,0.0,False,0.0,0.0,335.96796157453974
2014-08-19,3.5049202489196043,1.746216984582032,1.1118350692856105,1.0,0.0,False,0.0,0.0,335.96796157453974
2014-08-20,3.531716981981696,1.7508822491871745,1.1118350692856105,1.0,0.0,False,0.0,0.0,335.96796157453974
2014-08-21,3.5058497200401817,1.75598706903784,1.11408837331851,1.0,0.0,False,0.0,0.0,335.96796157453974
2014-08-22,3.5164112616893908,1.75325873845931,1.115777927754407,1.0,1.1102230246251563e-16,True,0.8157591257885365,0.0004078795628942,336.7837207003283
2014-08-25,3.523211024147151,1.7621485626158802,1.1197207862232037,1.0,0.0,False,0.0,0.0,336.7837207003283
2014-08-26,3.5561908349052813,1.7632927860240704,1.1208467793237775,1.0,0.0,False,0.0,0.0,336.7837207003283
2014-08-27,3.537222826875549,1.7625879536030906,1.1210723168149144,1.0,0.0,False,0.0,0.0,336.7837207003283
2014-08-28,3.521220465598798,1.7616206363979754,1.119832707791217,1.0,0.0,False,0.0,0.0,336.7837207003283
2014-08-29,3.5441062452657603,1.7666372495345732,1.1240011978819897,1.0,0.0,True,0.4085240341155519,0.0002042620170577,337.1922447344438
2014-09-02,3.551669642450032,1.765756824977022,1.1272680086624132,1.0,0.0,False,0.0,0.0,337.1922447344438
2014-09-03,3.5467446663890088,1.76478967203022,1.1206219948793563,0.9999999999999998,2.220446049250313e-16,False,0.0,0.0,337.1922447344438
2014-09-04,3.515274352103595,1.7622362765550093,1.1196079233467957,0.9999999999999998,2.220446049250313e-16,False,0.0,0.0,337.1922447344438
2014-09-05,3.5368845031612763,1.770158454989838,1.1252404303823282,0.9999999999999998,2.220446049250313e-16,False,0.0,0.0,337.1922447344438
2014-09-08,3.519246061726044,1.7655817256153898,1.127380777407981,1.0,0.0,True,0.0091232472189019,4.5616236094509765e-06,337.2013679816627
2014-09-09,3.493540011124732,1.7544031261258133,1.118030761133109,1.0,0.0,False,0.0,0.0,337.2013679816627
2014-09-10,3.5103917126749504,1.7610043392076895,1.1272680086624132,0.9999999999999998,2.220446049250313e-16,False,0.0,0.0,337.2013679816627
2014-09-11,3.508558201394865,1.7630286586568051,1.1263668000062603,0.9999999999999998,2.220446049250313e-16,False,0.0,0.0,337.2013679816627
2014-09-12,3.491119518127005,1.7527304837247797,1.1206219948793563,0.9999999999999998,2.220446049250313e-16,False,0.0,0.0,337.2013679816627
2014-09-15,3.4511080292410576,1.7514105039217047,1.109807491005527,1.0,0.0,True,0.4185432321507385,0.0002092716160753,337.61991121381345
2014-09-16,3.493534386821512,1.7646127658271449,1.1194953428629058,1.0,0.0,False,0.0,0.0,337.61991121381345
2014-09-17,3.4972548613956294,1.7669902406491584,1.121184709037125,1.0,0.0,False,0.0,0.0,337.61991121381345
2014-09-18,3.530667624984388,1.7764081552819462,1.129633422525004,0.9999999999999996,3.3306690738754696e-16,False,0.0,0.0,337.61991121381345
2014-09-19,3.5763635504924824,1.7748069652470568,1.1289334656034309,1.0,1.1102230246251563e-16,False,0.0,0.0,337.61991121381345
2014-09-22,3.5568486107129025,1.7610999375458418,1.1184322291630333,1.0,0.0,True,0.8189481405995034,0.0004094740702997,338.4388593544129
2014-09-23,3.53997367244011,1.751019404878509,1.1153837077991149,1.0,1.1102230246251563e-16,False,0.0,0.0,338.4388593544129
2014-09-24,3.63056738310409,1.7647261040630984,1.127352349894491,1.0,0.0,False,0.0,0.0,338.4388593544129
2014-09-25,3.570041517862538,1.7362506114422176,1.103640509064037,1.0,0.0,False,0.0,0.0,338.4388593544129
2014-09-26,3.594469384342132,1.750046174374127,1.1153837077991149,1.0,1.1102230246251563e-16,False,0.0,0.0,338.4388593544129
2014-09-29,3.588847380980765,1.7468631767852794,1.1139156432282618,1.0,0.0,True,0.8294650517216098,0.0004147325258608,339.2683244061346
2014-09-30,3.586547637202851,1.742264765313518,1.1154965706755229,1.0,0.0,False,0.0,0.0,339.2683244061346
2014-10-01,3.525828939813152,1.7186532898564808,1.097655764427572,1.0,0.0,False,0.0,0.0,339.2683244061346
2014-10-02,3.5313654212720134,1.7189192240651887,1.097655764427572,1.0,0.0,False,0.0,0.0,339.2683244061346
2014-10-03,3.571556527822468,1.7378435885614585,1.1084957777588718,1.0,0.0,False,0.0,0.0,339.2683244061346
2014-10-06,3.5539731960781094,1.7358087565803124,1.106124621915078,1.0,0.0,True,0.8088961772696094,0.0004044480886348,340.0772205834042
2014-10-07,3.5266052574486224,1.7090146120510534,1.090428963365588,1.0,0.0,False,0.0,0.0,340.0772205834042
2014-10-08,3.596209997855142,1.7389040402300309,1.1116577267842336,1.0,0.0,False,0.0,0.0,340.0772205834042
2014-10-09,3.5272957805477136,1.7044163648376054,1.0937035870056786,1.0,0.0,False,0.0,0.0,340.0772205834042
2014-10-10,3.489213241313629,1.6849614459904236,1.0663778749900363,1.0,0.0,False,0.0,0.0,340.0772205834042
2014-10-13,3.422755911675482,1.6572830989624152,1.0496664505528766,1.0,0.0,True,0.4180470366210063,0.0002090235183105,340.49526762002523
2014-10-14,3.460225651436497,1.6598473354862824,1.0497794075601237,1.0,1.1102230246251563e-16,False,0.0,0.0,340.49526762002523
2014-10-15,3.4215402304153706,1.6486160090782405,1.0430046227888057,1.0,0.0,False,0.0,0.0,340.49526762002523
2014-10-16,3.4677538463675197,1.647201087970266,1.0364556579011417,1.0,0.0,False,0.0,0.0,340.49526762002523
2014-10-17,3.5284569741970624,1.6666566638506994,1.0501179020585074,1.0,0.0,False,0.0,0.0,340.49526762002523
2014-10-20,3.581359534694517,1.6828392285867748,1.0658134664771584,1.0,0.0,True,0.0258875186874327,1.2943759343716374e-05,340.5211551387127
2014-10-21,3.6971412897414058,1.7161775885633077,1.0938165440129255,1.0,0.0,False,0.0,0.0,340.5211551387127
2014-10-22,3.6410297133994662,1.7039740172007611,1.0881709527907193,1.0,0.0,False,0.0,0.0,340.5211551387127
2014-10-23,3.6592000726062808,1.72378258419578,1.104543882729495,1.0,0.0,False,0.0,0.0,340.5211551387127
2014-10-24,3.659462816173983,1.737046935743525,1.113577148729878,1.0,0.0,False,0.0,0.0,340.5211551387127
2014-10-27,3.6568714786681946,1.734660098197672,1.1143673771264095,1.0,0.0,True,0.8013013778225038,0.0004006506889112,341.3224565165352
2014-10-28,3.688798677178529,1.7545560506151938,1.1311918527016556,0.9999999999999998,2.220446049250313e-16,False,0.0,0.0,341.3224565165352
2014-10-29,3.6662885875436473,1.7519037716355714,1.127013949526946,0.9999999999999998,2.220446049250313e-16,False,0.0,0.0,341.3224565165352
2014-10-30,3.645688887109578,1.7631344410103615,1.1293853877632578,1.0,0.0,False,0.0,0.0,341.3224565165352
2014-10-31,3.7160506958701,1.7832966561532175,1.1449672421279462,1.0,0.0,False,0.0,0.0,341.3224565165352
2014-11-03,3.726781126463766,1.784269229624348,1.1483551992986425,1.0,0.0,True,0.4053645993580561,0.000202682299679,341.7278211158932
2014-11-04,3.720568391848607,1.7780786623249114,1.1445156023606375,1.0,0.0,False,0.0,0.0,341.7278211158932
2014-11-05,3.70543485592884,1.7893096602163272,1.1446286534987236,1.0,0.0,False,0.0,0.0,341.7278211158932
2014-11-06,3.769181763015809,1.7964723082119556,1.1482424305530732,1.0,0.0,False,0.0,0.0,341.7278211158932
2014-11-07,3.764331362567016,1.798153163528638,1.1472260998803685,1.0,1.1102230246251563e-16,False,0.0,0.0,341.7278211158932
2014-11-10,3.796967458634672,1.8038123551855976,1.1512910460478307,1.0000000000000002,0.0,True,0.0301785266020846,1.5089263301042337e-05,341.7579996424953
2014-11-11,3.80302295366963,1.8055807601830969,1.1549043524479845,0.9999999999999998,2.220446049250313e-16,False,0.0,0.0,341.7579996424953
2014-11-12,3.805280005289101,1.8036354489825224,1.1569365431391967,1.0,0.0,False,0.0,0.0,341.7579996424953
2014-11-13,3.7345232855708974,1.8056694596721037,1.1619048629721185,1.0,0.0,False,0.0,0.0,341.7579996424953
2014-11-14,3.74750723524882,1.8061119715672609,1.1655181693722707,0.9999999999999996,3.3306690738754696e-16,False,0.0,0.0,341.7579996424953
2014-11-17,3.752864239903228,1.8072614512414664,1.162017725848525,1.0,0.0,True,0.8266108762324944,0.0004133054381162,342.5846105187278
2014-11-18,3.7665477428862895,1.8176959605732617,1.1707120266963278,0.9999999999999998,2.220446049250313e-16,False,0.0,0.0,342.5846105187278
2014-11-19,3.709710578436888,1.8147775831266184,1.1654054006267027,1.0,1.1102230246251563e-16,False,0.0,0.0,342.5846105187278
2014-11-20,3.701147948320495,1.817961402007031,1.1705994462124378,0.9999999999999998,2.220446049250313e-16,False,0.0,0.0,342.5846105187278
2014-11-21,3.6787042125027294,1.8276886150431524,1.172858209834021,0.9999999999999996,3.3306690738754696e-16,False,0.0,0.0,342.5846105187278
2014-11-24,3.724915140386312,1.8328177451241388,1.1820038680566145,1.0,0.0,True,0.3999999999999997,0.0001999999999999,342.9846105187278
2014-11-25,3.7456106033564542,1.831491194988545,1.18381061538753,0.9999999999999998,2.220446049250313e-16,False,0.0,0.0,342.9846105187278
2014-11-26,3.7656650747317046,1.836178305949313,1.191488867955146,0.9999999999999996,4.440892098500626e-16,False,0.0,0.0,342.9846105187278
2014-11-28,3.798663467571125,1.8322873550315395,1.1970218786934623,0.9999999999999992,8.881784197001252e-16,False,0.0,0.0,342.9846105187278
2014-12-01,3.750203291561368,1.8195529008014548,1.18347165023495,0.9999999999999992,8.881784197001252e-16,False,0.0,0.0,342.9846105187278
2014-12-02,3.7839630088300575,1.831314617302096,1.188214526707574,1.0,1.1102230246251563e-16,True,0.0102407711042734,5.12038555213673e-06,342.99485128983207
2014-12-03,3.767665847320752,1.838389058583656,1.190359768536872,1.0,1.1102230246251563e-16,False,0.0,0.0,342.99485128983207
2014-12-04,3.782084169457429,1.8363552121523885,1.1897953600239957,1.0,1.1102230246251563e-16,False,0.0,0.0,342.99485128983207
2014-12-05,3.791089790627615,1.8393617963130997,1.1899080346387243,1.0,0.0,False,0.0,0.0,342.99485128983207
2014-12-08,3.8048161479064144,1.827069853978172,1.1814391771512196,1.0000000000000002,0.0,False,0.0,0.0,342.99485128983207
2014-12-09,3.832606168642139,1.8258318390732728,1.1851653464277798,1.0,0.0,True,0.8079698059610474,0.0004039849029805,343.8028210957931
2014-12-10,3.804034693311912,1.7965608434426494,1.1665346883066547,1.0,0.0,False,0.0,0.0,343.8028210957931
2014-12-11,3.840084794778968,1.8056694596721037,1.172067604914131,1.0,0.0,False,0.0,0.0,343.8028210957931
2014-12-12,3.785342237248167,1.7764874920471134,1.1593077931138305,1.0,0.0,False,0.0,0.0,343.8028210957931
2014-12-15,3.722460743632506,1.764283756426254,1.1473386803642582,1.0,1.1102230246251563e-16,False,0.0,0.0,343.8028210957931
2014-12-16,3.687141201635332,1.7501348738631337,1.1289334656034309,1.0,0.0,True,0.4321875122105789,0.0002160937561052,344.2350086080037
2014-12-17,3.727237443046509,1.7844453145358583,1.1494847693711123,1.0,0.0,False,0.0,0.0,344.2350086080037
2014-12-18,3.8265092001824073,1.8285734745751536,1.1771483169692618,1.0,0.0,False,0.0,0.0,344.2350086080037
2014-12-19,3.832987270793786,1.8363535695692583,1.1823280546674129,1.0,1.1102230246251563e-16,False,0.0,0.0,344.2350086080037
2014-12-22,3.814349204704695,1.8448012103472973,1.1852748205939696,1.0,0.0,False,0.0,0.0,344.2350086080037
2014-12-23,3.7663609207296,1.8472905450804475,1.1810811975690851,1.0,1.1102230246251563e-16,True,0.8085440487154231,0.0004042720243577,345.0435526567191
2014-12-24,3.783530615720789,1.8474681083167743,1.1821014817370434,1.0,0.0,False,0.0,0.0,345.0435526567191
2014-12-26,3.794361795762229,1.853426085845037,1.1904883512634552,1.0,0.0,False,0.0,0.0,345.0435526567191
2014-12-29,3.803852384262961,1.8559150920615612,1.1902615900714075,1.0,0.0,False,0.0,0.0,345.0435526567191
2014-12-30,3.766285091309661,1.845956931837396,1.1823280546674129,1.0,0.0,False,0.0,0.0,345.0435526567191
2014-12-31,3.755732230036133,1.82763933754926,1.1702008962385348,1.0,0.0,True,0.4104533594770587,0.0002052266797385,345.45400601619616
2015-01-02,3.749949441314926,1.826661343553801,1.166687462658956,1.0,0.0,False,0.0,0.0,345.45400601619616
2015-01-05,3.7322947646479,1.7936723610089678,1.149573817145158,1.0,0.0,False,0.0,0.0,345.45400601619616
2015-01-06,3.717957853219031,1.7767779007444549,1.1341599863287497,1.0,1.1102230246251563e-16,False,0.0,0.0,345.45400601619616
2015-01-07,3.783614484411143,1.798918607267106,1.148780388300087,0.9999999999999996,4.440892098500626e-16,False,0.0,0.0,345.45400601619616
2015-01-08,3.897125124355231,1.8308400750359088,1.1707678462840754,0.9999999999999998,2.220446049250313e-16,True,1.2211380171292967,0.0006105690085646,346.67514403332547
2015-01-09,3.853425732829218,1.816168851037525,1.1630606955487732,1.0,1.1102230246251563e-16,False,0.0,0.0,346.67514403332547
2015-01-12,3.804646701813217,1.801941124484176,1.1509340077740913,1.0,1.1102230246251563e-16,False,0.0,0.0,346.67514403332547
2015-01-13,3.791559333366421,1.7968735912705558,1.1505938189205995,1.0,0.0,False,0.0,0.0,346.67514403332547
2015-01-14,3.7595472280526985,1.7860258080233125,1.1442468588142292,1.0,0.0,False,0.0,0.0,346.67514403332547
2015-01-15,3.703916559744959,1.7696646945010324,1.1293994132583236,1.0,0.0,True,0.0220755715490859,1.1037785774542968e-05,346.69721960487453
2015-01-16,3.785835008425351,1.792872094508149,1.1426600011240875,0.9999999999999998,2.220446049250313e-16,False,0.0,0.0,346.69721960487453
2015-01-20,3.8290171331067473,1.7966956995176029,1.151727342488323,0.9999999999999998,2.220446049250313e-16,False,0.0,0.0,346.69721960487453
2015-01-21,3.853278820506964,1.8057662078184464,1.157620686079757,0.9999999999999998,2.220446049250313e-16,False,0.0,0.0,346.69721960487453
2015-01-22,3.938026048910928,1.8326184997904988,1.179041476410723,1.0,1.1102230246251563e-16,False,0.0,0.0,346.69721960487453
2015-01-23,3.964126678720544,1.8225711473023876,1.1816482417454657,1.0,1.1102230246251563e-16,True,0.0324797178327903,1.6239858916395193e-05,346.72969932270735
2015-01-26,3.969415011114416,1.8268387425318149,1.1802880511165326,1.0,0.0,False,0.0,0.0,346.72969932270735
2015-01-27,3.896849482169479,1.8027423765348725,1.1496873389374411,1.0,0.0,False,0.0,0.0,346.72969932270735
2015-01-28,3.9656765163364014,1.7796235117584498,1.143793430560971,1.0,1.1102230246251563e-16,False,0.0,0.0,346.72969932270735
2015-01-29,4.058742956331733,1.796073160511424,1.1547870654221266,1.0,0.0,False,0.0,0.0,346.72969932270735
2015-01-30,3.958195201658881,1.7734881352521732,1.1458337165043708,1.0,0.0,True,0.4422463286427717,0.0002211231643213,347.17194565135014
2015-02-02,3.95129810831417,1.7954509500218712,1.1558073495900851,1.0,0.0,False,0.0,0.0,347.17194565135014
2015-02-03,4.050721527285018,1.8214150972956629,1.1669140355893255,1.0,0.0,False,0.0,0.0,347.17194565135014
2015-02-04,3.978264241957493,1.8144796185468803,1.1658943162064035,1.0,0.0,False,0.0,0.0,347.17194565135014
2015-02-05,4.015350477224525,1.832796391543452,1.175981094561044,1.0,1.1102230246251563e-16,False,0.0,0.0,347.17194565135014
2015-02-06,3.96166913808115,1.8277280370382667,1.1688411762637991,1.0,0.0,True,0.3999999999999998,0.0001999999999999,347.5719456513501
2015-02-09,3.936460188352797,1.8195476445354395,1.165101169753851,1.0,1.1102230246251563e-16,False,0.0,0.0,347.5719456513501
2015-02-10,4.007969708195335,1.8389322608246677,1.1832348170430893,1.0,0.0,False,0.0,0.0,347.5719456513501
2015-02-11,4.035466394892851,1.83999879005082,1.1875413029443818,0.9999999999999996,3.3306690738754696e-16,False,0.0,0.0,347.5719456513501
2015-02-12,4.076066596480867,1.8576940095910908,1.2013684643323277,0.9999999999999994,5.551115123125784e-16,False,0.0,0.0,347.5719456513501
2015-02-13,4.072587191621111,1.865341383868311,1.2116823804023726,1.0,1.1102230246251563e-16,True,0.0147926033429202,7.396301671460145e-06,347.58673825469305
2015-02-17,4.073265047019095,1.868274873079748,1.212815715708418,0.9999999999999998,2.220446049250313e-16,False,0.0,0.0,347.58673825469305
2015-02-18,4.09520926971962,1.8684537503825789,1.2145156245366455,0.9999999999999998,2.220446049250313e-16,False,0.0,0.0,347.58673825469305
2015-02-19,4.109719222045967,1.8671193158479624,1.2205225840512022,0.9999999999999996,3.3306690738754696e-16,False,0.0,0.0,347.58673825469305
2015-02-20,4.113799774773006,1.8783228826011116,1.2286829747780843,0.9999999999999996,4.440892098500626e-16,False,0.0,0.0,347.58673825469305
2015-02-23,4.123960786491272,1.8780567841340905,1.2299293612222164,1.0,0.0,True,0.4146689935064342,0.0002073344967532,348.0014072481995
2015-02-24,4.132088360504584,1.8833909085896705,1.2308365001212485,1.0,0.0,False,0.0,0.0,348.0014072481995
2015-02-25,4.145157617470092,1.881790868362972,1.2277759300098905,0.9999999999999998,2.220446049250313e-16,False,0.0,0.0,348.0014072481995
2015-02-26,4.248266653892141,1.879567796355156,1.2340094624548197,0.9999999999999998,2.220446049250313e-16,False,0.0,0.0,348.0014072481995
2015-02-27,4.247263285492108,1.873165992865232,1.2285697353783194,0.9999999999999996,3.3306690738754696e-16,False,0.0,0.0,348.0014072481995
2015-03-02,4.292531435600671,1.8849922628828728,1.2396762331158868,1.0,0.0,True,0.4237975215984222,0.0002118987607992,348.4252047697979
2015-03-03,4.266389911789016,1.8772560248583328,1.2338963171858883,1.0,0.0,False,0.0,0.0,348.4252047697979
2015-03-04,4.248493081465325,1.869342552114092,1.2291362147696625,1.0,0.0,False,0.0,0.0,348.4252047697979
2015-03-05,4.263306051064968,1.8713875681106416,1.2312892694586302,1.0,0.0,False,0.0,0.0,348.4252047697979
2015-03-06,4.112178678657737,1.8450676373309445,1.2173492451942762,1.0,0.0,False,0.0,0.0,348.4252047697979
2015-03-09,4.049345698761076,1.8527143545749123,1.220862490512177,1.0,0.0,True,0.8440369555744148,0.0004220184777872,349.26924172537235
2015-03-10,3.962624704756939,1.8226600110497075,1.1981953137370795,1.0,0.0,False,0.0,0.0,349.26924172537235
2015-03-11,3.994349549124612,1.818391923045341,1.1912814977160078,1.0000000000000002,0.0,False,0.0,0.0,349.26924172537235
2015-03-12,4.030852315386934,1.841510787821764,1.1991020761127558,0.9999999999999998,2.220446049250313e-16,False,0.0,0.0,349.26924172537235
2015-03-13,3.998246432891305,1.8302175360297297,1.193888733704948,0.9999999999999998,2.220446049250313e-16,False,0.0,0.0,349.26924172537235
2015-03-16,4.008165391585318,1.8546708353407688,1.209302187997999,1.0,0.0,True,0.4168336949139919,0.0002084168474569,349.6860754202864
2015-03-17,3.983737634841383,1.8491583263572968,1.211229328672473,1.0,1.1102230246251563e-16,False,0.0,0.0,349.6860754202864
2015-03-18,4.082625191264054,1.8713875681106416,1.223129066993428,1.0,1.1102230246251563e-16,False,0.0,0.0,349.6860754202864
2015-03-19,4.065967979269375,1.862851227843596,1.224942874137296,1.0,0.0,False,0.0,0.0,349.6860754202864
2015-03-20,4.094338679214934,1.879294306264051,1.232871702999322,1.0,0.0,False,0.0,0.0,349.6860754202864
2015-03-23,4.08114914829,1.8756328242095048,1.230485956875425,1.0,0.0,True,0.0282030482003659,1.410152410018299e-05,349.71427846848667
2015-03-24,4.099228467647806,1.8650931895574043,1.226056159574555,1.0,0.0,False,0.0,0.0,349.71427846848667
2015-03-25,4.0516152964054255,1.837762413119653,1.1979976389743976,1.0,0.0,False,0.0,0.0,349.71427846848667
2015-03-26,4.052719202039923,1.8333862431453485,1.193907748134501,1.0,0.0,False,0.0,0.0,349.71427846848667
2015-03-27,4.049127240347632,1.8375845213667,1.198678863858937,0.9999999999999998,2.220446049250313e-16,False,0.0,0.0,349.71427846848667
2015-03-30,4.097829320578831,1.8600018388884023,1.212424413809147,1.0,0.0,True,0.0271978870086342,1.3598943504317104e-05,349.7414763554953
2015-03-31,4.057707718103696,1.8437465077196789,1.199587697113078,1.0,1.1102230246251563e-16,False,0.0,0.0,349.7414763554953
2015-04-01,4.104747862900972,1.8372266025027253,1.193339950911406,0.9999999999999998,2.220446049250313e-16,False,0.0,0.0,349.7414763554953
2015-04-02,4.102303283060309,1.843835699983625,1.1941353565041044,0.9999999999999998,2.220446049250313e-16,False,0.0,0.0,349.7414763554953
2015-04-06,4.168454943154687,1.8562513288282232,1.2039047256683804,0.9999999999999998,2.220446049250313e-16,False,0.0,0.0,349.7414763554953
2015-04-07,4.135443108012175,1.8513386912037395,1.2018597331830128,1.0,0.0,True,0.0242638934677708,1.2131946733885416e-05,349.7657402489631
2015-04-08,4.158684466083561,1.857590526853916,1.211401776370204,1.0,0.0,False,0.0,0.0,349.7657402489631
2015-04-09,4.194800808907447,1.8658075489605368,1.2190126312568288,1.0000000000000002,0.0,False,0.0,0.0,349.7657402489631
2015-04-10,4.233960174259854,1.8759894290069756,1.2240111670891871,1.0,0.0,False,0.0,0.0,349.7657402489631
2015-04-13,4.260322302034216,1.8675048301085169,1.220944101949913,1.0,0.0,False,0.0,0.0,349.7657402489631
2015-04-14,4.287573926917132,1.8710771198991172,1.217422196594791,1.0,0.0,True,0.431724526394162,0.000215862263197,350.1974647753572
2015-04-15,4.324328186498148,1.8794726907919428,1.225033522135612,1.0,0.0,False,0.0,0.0,350.1974647753572
2015-04-16,4.481030096946824,1.8789373729499543,1.2233298480738088,1.0,0.0,False,0.0,0.0,350.1974647753572
2015-04-17,4.475089554922588,1.857322621545452,1.2042452910452293,1.0,0.0,False,0.0,0.0,350.1974647753572
2015-04-20,4.501396578038823,1.87429296915056,1.222307022373187,1.0,0.0,False,0.0,0.0,350.1974647753572
2015-04-21,4.455299742213666,1.8720597131273395,1.2275326959209525,1.0,1.1102230246251563e-16,True,0.0497084963331941,2.485424816659709e-05,350.24717327169043
2015-04-22,4.4747124077134295,1.881259985495434,1.234234999945958,1.0,0.0,False,0.0,0.0,350.24717327169043
2015-04-23,4.498255750403652,1.885993581558774,1.2388919349622274,1.0,0.0,False,0.0,0.0,350.24717327169043
2015-04-24,4.516664520309517,1.8903694230164527,1.2557049265750675,1.0,0.0,False,0.0,0.0,350.24717327169043
2015-04-27,4.493439796395251,1.882509826998868,1.2525239631201588,1.0,1.1102230246251563e-16,False,0.0,0.0,350.24717327169043
2015-04-28,4.534933263818555,1.88849425011552,1.250024977596493,1.0,0.0,True,0.4024251003124844,0.0002012125501562,350.6495983720029
2015-04-29,4.493127751190328,1.8807233535869416,1.2421868908636242,1.0,0.0,False,0.0,0.0,350.6495983720029
2015-04-30,4.34345337726265,1.8618781615975264,1.2226480584042343,1.0,0.0,False,0.0,0.0,350.6495983720029
2015-05-01,4.305518164178232,1.8820633729041991,1.2387789779549865,1.0,0.0,False,0.0,0.0,350.6495983720029
2015-05-04,4.315752007640706,1.887422464623352,1.2408238763095163,0.9999999999999998,2.220446049250313e-16,False,0.0,0.0,350.6495983720029
2015-05-05,4.252036567866873,1.8658075489605368,1.2206033483113847,1.0,0.0,True,0.4253504326541911,0.000212675216327,351.0749488046571
2015-05-06,4.203528113660247,1.8581263374708437,1.2121969937012227,1.0,0.0,False,0.0,0.0,351.0749488046571
2015-05-07,4.203055698999406,1.865539972168699,1.2194672832109974,0.9999999999999996,3.3306690738754696e-16,False,0.0,0.0,351.0749488046571
2015-05-08,4.256488393933586,1.890101846224615,1.2346893695076049,0.9999999999999996,4.440892098500626e-16,False,0.0,0.0,351.0749488046571
2015-05-11,4.2494867499753255,1.8810809439342904,1.229918065521491,0.9999999999999992,6.661338147750939e-16,False,0.0,0.0,351.0749488046571
2015-05-12,4.232389718164072,1.875453618390048,1.2243520148585556,1.0,0.0,True,0.4307833172196172,0.0002153916586098,351.5057321218767
2015-05-13,4.203974755045455,1.8758115372540225,1.2268510945130555,1.0,0.0,False,0.0,0.0,351.5057321218767
2015-05-14,4.218710690824799,1.8953717456798216,1.2447999629646114,1.0,1.1102230246251563e-16,False,0.0,0.0,351.5057321218767
2015-05-15,4.252451096002009,1.8974257958835856,1.2447999629646114,1.0,0.0,False,0.0,0.0,351.5057321218767
2015-05-18,4.325588478311464,1.903320205444727,1.250252021181067,1.0,0.0,False,0.0,0.0,351.5057321218767
2015-05-19,4.310630685310448,1.9026952025638533,1.248889100757792,1.0,0.0,True,0.0208501794460956,1.04250897230478e-05,351.5265823013228
2015-05-20,4.318329263751175,1.9013556760215349,1.249684223957966,1.0,0.0,False,0.0,0.0,351.5265823013228
2015-05-21,4.363011742472996,1.906893152268579,1.2561592020058814,1.0,1.1102230246251563e-16,False,0.0,0.0,351.5265823013228
2015-05-22,4.341498421767832,1.9023382692497568,1.2549096151132155,0.9999999999999998,2.220446049250313e-16,False,0.0,0.0,351.5265823013228
2015-05-26,4.245108189356713,1.8818849883763076,1.2404826520167884,0.9999999999999998,2.220446049250313e-16,False,0.0,0.0,351.5265823013228
2015-05-27,4.239556704758545,1.8997480799124395,1.2604761364303485,1.0,0.0,True,0.8304061013439421,0.0004152030506719,352.3569884026668
2015-05-28,4.23024898879023,1.8976040161531644,1.2576360207447994,1.0,0.0,False,0.0,0.0,352.3569884026668
2015-05-29,4.227993022363388,1.8858142114810044,1.2501386876504577,1.0,0.0,False,0.0,0.0,352.3569884026668
2015-06-01,4.219395949145891,1.8896547350966943,1.2543415354976035,1.0,0.0,False,0.0,0.0,352.3569884026668
2015-06-02,4.235488307407102,1.8877792336791357,1.2503656371041867,1.0,0.0,False,0.0,0.0,352.3569884026668
2015-06-03,4.210672160338203,1.8927810635675653,1.2541144919130296,1.0,0.0,True,0.4127017022482653,0.0002063508511241,352.769690104915
2015-06-04,4.217692014752108,1.8767936377073056,1.2445724487258485,1.0,0.0,False,0.0,0.0,352.769690104915
2015-06-05,4.227811808805093,1.8735782812308015,1.241618717117167,1.0,0.0,False,0.0,0.0,352.769690104915
2015-06-08,4.205680583326939,1.8620565461254184,1.229009514659868,1.0,0.0,False,0.0,0.0,352.769690104915
2015-06-09,4.224986698895952,1.8617878195253896,1.2269644280436598,1.0,0.0,False,0.0,0.0,352.769690104915
2015-06-10,4.211510750145912,1.8841172588496504,1.2437772313948292,1.0000000000000002,0.0,True,0.4126595346342615,0.0002063297673171,353.1823496395493
2015-06-11,4.167344273677519,1.890190709971935,1.2455947096414293,1.0,0.0,False,0.0,0.0,353.1823496395493
2015-06-12,4.152138780081425,1.8757216879568248,1.2353707826538258,1.0,0.0,False,0.0,0.0,353.1823496395493
2015-06-15,4.138577297053186,1.8676835431530348,1.229236558244435,1.0,0.0,False,0.0,0.0,353.1823496395493
2015-06-16,4.146561962984944,1.8778652589411604,1.2359390505311156,0.9999999999999998,2.220446049250313e-16,False,0.0,0.0,353.1823496395493
2015-06-17,4.116930036513654,1.8809022308897725,1.2393463986547195,1.0,0.0,True,0.4247758963982365,0.0002123879481991,353.6071255359475
2015-06-18,4.087317945668176,1.9004627678321973,1.2574085065060363,1.0,0.0,False,0.0,0.0,353.6071255359475
2015-06-19,4.053084429429886,1.892025968102815,1.25119201174304,1.0,0.0,False,0.0,0.0,353.6071255359475
2015-06-22,4.099093369913472,1.9017188511515244,1.2604147631230698,1.0,1.1102230246251563e-16,False,0.0,0.0,353.6071255359475
2015-06-23,4.102572503714343,1.9030644552514235,1.2614395655713218,1.0,1.1102230246251563e-16,False,0.0,0.0,353.6071255359475
2015-06-24,4.074023707748091,1.889243596539316,1.2549493383274284,1.0,0.0,True,0.4188545578790274,0.0002094272789395,354.0259800938265
2015-06-25,4.011388127206326,1.8834996475928607,1.2524447049533989,1.0,0.0,False,0.0,0.0,354.0259800938265
2015-06-26,4.037117930701609,1.8831405789206952,1.2441329518368107,1.0,0.0,False,0.0,0.0,354.0259800938265
2015-06-29,3.977914044251281,1.843650088089962,1.2147571642704758,1.0,0.0,False,0.0,0.0,354.0259800938265
2015-06-30,4.009469485110625,1.8475098299282704,1.219083982433072,1.0,0.0,False,0.0,0.0,354.0259800938265
2015-07-01,4.001312709717079,1.862318373876302,1.2287618564214788,1.0,1.1102230246251563e-16,True,0.8198722490277656,0.0004099361245138,354.84585234285424
2015-07-02,4.015260999564619,1.860613208329299,1.2291036454992397,1.0,0.0,False,0.0,0.0,354.84585234285424
2015-07-06,3.9638169508125194,1.855317848835581,1.2262571289166149,1.0,1.1102230246251563e-16,False,0.0,0.0,354.84585234285424
2015-07-07,4.006880077080143,1.866985445322887,1.229331347999682,1.0,1.1102230246251563e-16,False,0.0,0.0,354.84585234285424
2015-07-08,3.952227937970186,1.835662370588256,1.2079258068646948,0.9999999999999998,2.220446049250313e-16,False,0.0,0.0,354.84585234285424
2015-07-09,3.9420298802355394,1.838983837934942,1.2072427934942085,1.0,0.0,True,0.0161705001125337,8.085250056266854e-06,354.8620228429668
2015-07-10,4.017627491834498,1.8621386752819065,1.22568782560009,1.0,0.0,False,0.0,0.0,354.8620228429668
2015-07-13,4.078228550910114,1.882691825209645,1.2472074533123994,0.9999999999999998,2.220446049250313e-16,False,0.0,0.0,354.8620228429668
2015-07-14,4.093402864933168,1.8908584200141825,1.2554047433283104,0.9999999999999996,4.440892098500626e-16,False,0.0,0.0,354.8620228429668
2015-07-15,4.067005633087502,1.890230953258614,1.2567710524618012,0.9999999999999998,2.220446049250313e-16,False,0.0,0.0,354.8620228429668
2015-07-16,4.218614666820385,1.905398730137124,1.2745330711972065,1.0,1.1102230246251563e-16,True,0.4324769702550794,0.0002162384851275,355.2944998132219
2015-07-17,4.20215854122839,1.9070140463869292,1.293319704119161,1.0,1.1102230246251563e-16,False,0.0,0.0,355.2944998132219
2015-07-20,4.140298373305719,1.9080015673645403,1.2977601382048845,0.9999999999999996,4.440892098500626e-16,False,0.0,0.0,355.2944998132219
2015-07-21,4.155040599138299,1.900462439315572,1.2969632265187514,0.9999999999999994,5.551115123125784e-16,False,0.0,0.0,355.2944998132219
2015-07-22,4.116314924301497,1.8970517797049395,1.282275615128102,0.9999999999999992,6.661338147750939e-16,False,0.0,0.0,355.2944998132219
2015-07-23,4.095978366193258,1.8863710471619928,1.277493391964629,1.0,0.0,True,0.0088983679555002,4.449183977750112e-06,355.3033981811774
2015-07-24,4.057090649083637,1.8668060752451168,1.2649690955244364,1.0000000000000002,0.0,False,0.0,0.0,355.3033981811774
2015-07-27,4.0609665240904365,1.855945972624401,1.2544941215882246,1.0,0.0,False,0.0,0.0,355.3033981811774
2015-07-28,4.139525684937039,1.878742398332452,1.2653106963405203,1.0,0.0,False,0.0,0.0,355.3033981811774
2015-07-29,4.149926438723428,1.891666570914024,1.270092825373161,1.0,1.1102230246251563e-16,False,0.0,0.0,355.3033981811774
2015-07-30,4.1959659221243335,1.8921154888833869,1.276126988700293,1.0,0.0,True,0.0252935100237133,1.2646755011856651e-05,355.3286916912011
2015-07-31,4.219456651789775,1.889243596539316,1.274646781251159,1.0,1.1102230246251563e-16,False,0.0,0.0,355.3286916912011
2015-08-03,4.20968160350092,1.8828711952874149,1.2706619404280075,0.9999999999999998,2.220446049250313e-16,False,0.0,0.0,355.3286916912011
2015-08-04,4.258649493508097,1.879191316301815,1.268270828846265,0.9999999999999998,2.220446049250313e-16,False,0.0,0.0,355.3286916912011
2015-08-05,4.289128366937872,1.885383854701008,1.2780627894119867,0.9999999999999996,3.3306690738754696e-16,False,0.0,0.0,355.3286916912011
2015-08-06,4.208626975258308,1.86994685844753,1.25756834067129,1.0,0.0,True,0.4303194247641665,0.000215159712382,355.7590111159652
2015-08-07,4.157829495566339,1.866356993017441,1.2559742349065133,1.0,0.0,False,0.0,0.0,355.7590111159652
2015-08-10,4.1759801540057175,1.8898718845864488,1.2703203396119236,1.0,0.0,False,0.0,0.0,355.7590111159652
2015-08-11,4.113495033546179,1.872818750791601,1.2540385283256648,1.0,1.1102230246251563e-16,False,0.0,0.0,355.7590111159652
2015-08-12,4.100372238802162,1.875063012121791,1.258365064095733,1.0,0.0,False,0.0,0.0,355.7590111159652
2015-08-13,4.108379870717115,1.872729065752716,1.2563156474609192,1.0,0.0,True,0.0223422445159654,1.1171122257982724e-05,355.7813533604812
2015-08-14,4.102869293257787,1.8795505492322933,1.2582509775184243,1.0,0.0,False,0.0,0.0,355.7813533604812
2015-08-17,4.156340364169542,1.8900514189225317,1.268726327977992,1.0,0.0,False,0.0,0.0,355.7813533604812
2015-08-18,4.112270199012073,1.884576360834418,1.2622363831266097,1.0,1.1102230246251563e-16,False,0.0,0.0,355.7813533604812
2015-08-19,4.085112917954551,1.8696782961058145,1.2539245358791764,1.0,0.0,False,0.0,0.0,355.7813533604812
2015-08-20,3.933665162659677,1.8306363947278184,1.2191978807487138,1.0,0.0,True,1.2000000000000002,0.0006,356.9813533604812
2015-08-21,3.784056322124665,1.7755303588574027,1.1659118245425266,1.0,0.0,False,0.0,0.0,356.9813533604812
2015-08-24,3.6376915592756767,1.7007675306731582,1.1210517962919313,1.0,0.0,False,0.0,0.0,356.9813533604812
2015-08-25,3.650777382914584,1.6807539693035454,1.116838876444974,0.9999999999999998,2.220446049250313e-16,False,0.0,0.0,356.9813533604812
2015-08-26,3.842326297563136,1.7452839973643288,1.1730848768952291,0.9999999999999996,3.3306690738754696e-16,False,0.0,0.0,356.9813533604812
2015-08-27,3.932335922620216,1.7884538744057228,1.2028020770159704,0.5028140422933883,0.4971859577066116,True,0.4999999999999998,0.0002499999999999,357.4813533604812
2015-08-28,3.917387886021571,1.7885435594446075,1.2025746569080464,0.5009168714978562,0.4990831285021437,False,0.0,0.0,357.4813533604812
2015-08-31,3.880905344082711,1.7740937556521152,1.1876590606244366,0.4962252288134195,0.5037747711865804,False,0.0,0.0,357.4813533604812
2015-09-01,3.8184701586899767,1.7211414747814402,1.1505412939122288,0.4879880893496906,0.5120119106503094,False,0.0,0.0,357.4813533604812
2015-09-02,3.8485609127185088,1.753809825099344,1.1829905475149174,0.4919913583150177,0.5080086416849823,False,0.0,0.0,357.4813533604812
2015-09-03,3.825201815995949,1.755066893968549,1.1771840866882235,0.4969054279261206,0.5030945720738794,True,0.016358719668397,8.179359834198541e-06,357.4977120801496
2015-09-04,3.797631542231257,1.7285009042360135,1.1631793945372215,0.4932530317082775,0.5067469682917225,False,0.0,0.0,357.4977120801496
2015-09-08,3.8146424771043264,1.771939672135749,1.1959710020027077,0.4955128082735716,0.5044871917264284,False,0.0,0.0,357.4977120801496
2015-09-09,3.810369967985071,1.7482457390055977,1.182535236644872,0.4949471345607013,0.5050528654392987,False,0.0,0.0,357.4977120801496
2015-09-10,3.8143358766887303,1.7577589234599114,1.1954016986861824,0.4954722570511186,0.5045277429488815,False,0.0,0.0,357.4977120801496
2015-09-11,3.813251198905576,1.7657468052199308,1.2020053535915214,0.5005653759873401,0.4994346240126599,True,0.2042542054455436,0.0001021271027227,357.7019662855951
2015-09-14,3.805375744906189,1.75919503389026,1.1983616429302515,0.4995317659916968,0.5004682340083031,False,0.0,0.0,357.7019662855951
2015-09-15,3.837314657420352,1.7811841299900342,1.2124804216585734,0.5036972860412969,0.496302713958703,False,0.0,0.0,357.7019662855951
2015-09-16,3.858812606944669,1.7966209619851987,1.2193116849335142,0.5064622533460748,0.4935377466539252,False,0.0,0.0,357.7019662855951
2015-09-17,3.857550973457853,1.7925833283939374,1.2197669958035595,0.506300839082862,0.4936991609171379,False,0.0,0.0,357.7019662855951
2015-09-18,3.824925465932435,1.763289172341185,1.202418587976367,1.0,1.1102230246251563e-16,True,0.6974597550183232,0.0003487298775091,358.39942604061343
2015-09-21,3.835956506199932,1.7724009094785855,1.206185139383018,0.9999999999999998,2.220446049250313e-16,False,0.0,0.0,358.39942604061343
2015-09-22,3.782907725141071,1.749395547196429,1.1881516473068727,1.0,0.0,False,0.0,0.0,358.39942604061343
2015-09-23,3.78308383911237,1.746598556643075,1.1890646223179466,1.0,0.0,False,0.0,0.0,358.39942604061343
2015-09-24,3.835086850060514,1.7402836458007156,1.1847275438938576,1.0,0.0,False,0.0,0.0,358.39942604061343
2015-09-25,3.822438726195928,1.7398325924732838,1.1746835950711327,0.4955250993224408,0.5044749006775592,True,0.4999999999999999,0.0002499999999999,358.89942604061343
2015-09-28,3.7889990107620295,1.6961679693932064,1.1412421082906183,0.4910728687796811,0.508927131220319,False,0.0,0.0,358.89942604061343
2015-09-29,3.782336448267888,1.697160418120207,1.135306970606504,0.4901763967542289,0.509823603245771,False,0.0,0.0,358.89942604061343
2015-09-30,3.8179134270502297,1.7288259714373928,1.1614439042517102,0.4949271549529094,0.5050728450470905,False,0.0,0.0,358.89942604061343
2015-10-01,3.833439989824357,1.7333368332283376,1.1666942400793916,0.496972848965323,0.503027151034677,False,0.0,0.0,358.89942604061343
2015-10-02,3.923178708193528,1.759229199619359,1.1871243033259606,1.0,1.1102230246251563e-16,True,0.7063575894044474,0.0003531787947022,359.60578363001787
2015-10-05,4.01673118071455,1.7905348629728146,1.2041304514211952,0.9999999999999998,2.220446049250313e-16,False,0.0,0.0,359.60578363001787
2015-10-06,4.014965351951794,1.784399157949912,1.1984240516767557,1.0,1.1102230246251563e-16,False,0.0,0.0,359.60578363001787
2015-10-07,4.025914014804098,1.799014698380197,1.2056144241039033,1.0,0.0,False,0.0,0.0,359.60578363001787
2015-10-08,4.082237548216452,1.815253932234249,1.2104083194914663,1.0,0.0,False,0.0,0.0,359.60578363001787
2015-10-09,4.072725901100733,1.8163359017418208,1.2158867343429458,1.0,0.0,True,0.4358208403698175,0.0002179104201849,360.0416044703877
2015-10-12,4.083216878921718,1.818050265754351,1.2188541149233243,1.0,0.0,False,0.0,0.0,360.0416044703877
2015-10-13,4.094547162594535,1.806593412682593,1.2109787523780629,1.0,0.0,False,0.0,0.0,360.0416044703877
2015-10-14,4.092472273775292,1.7979327288726246,1.209038527516917,1.0,0.0,False,0.0,0.0,360.0416044703877
2015-10-15,4.139883119295578,1.8255388022429235,1.2288981578768898,1.0,0.0,False,0.0,0.0,360.0416044703877
2015-10-16,4.096864909255427,1.833838774797597,1.234034124734733,1.0,0.0,True,0.8176935553145139,0.0004088467776572,360.85929802570223
2015-10-19,4.066739946497092,1.8347402244192088,1.241110598846243,1.0,0.0,False,0.0,0.0,360.85929802570223
2015-10-20,4.100554933267131,1.8323951084848515,1.23471892659117,1.0,0.0,False,0.0,0.0,360.85929802570223
2015-10-21,4.101621731395869,1.821027940451979,1.2271860120395433,1.0,1.1102230246251563e-16,False,0.0,0.0,360.85929802570223
2015-10-22,4.173298629060643,1.85179187988924,1.2521817033881957,0.9999999999999996,4.440892098500626e-16,False,0.0,0.0,360.85929802570223
2015-10-23,4.159080345610096,1.872090265173553,1.2872212494287354,1.0,0.0,True,0.4038530497194872,0.0002019265248597,361.2631510754217
2015-10-26,4.150192171761076,1.867488897052158,1.2880204202550165,1.0,0.0,False,0.0,0.0,361.2631510754217
2015-10-27,4.176413217415603,1.863881291724268,1.2906452587109076,1.0,0.0,False,0.0,0.0,361.2631510754217
2015-10-28,4.21562767256003,1.8850821121800707,1.301374009390077,1.0,0.0,False,0.0,0.0,361.2631510754217
2015-10-29,4.197182826548778,1.8839993213809332,1.2993196038207662,1.0,0.0,False,0.0,0.0,361.2631510754217
2015-10-30,4.204217360178767,1.8758793759372816,1.2934989292373325,1.0,0.0,True,0.4081812261393585,0.0002040906130696,361.67133230156105
2015-11-02,4.232181675248529,1.898072645120085,1.3081081296387784,1.0,0.0,False,0.0,0.0,361.67133230156105
2015-11-03,4.238531623127112,1.9035759556380305,1.3126736636100278,1.0,0.0,False,0.0,0.0,361.67133230156105
2015-11-04,4.2130156773286815,1.8978019474203005,1.312787844318194,1.0,0.0,False,0.0,0.0,361.67133230156105
2015-11-05,4.178474199832511,1.895907392038436,1.3092493719353324,1.0,0.0,False,0.0,0.0,361.67133230156105
2015-11-06,4.2031888277736,1.8949156003446876,1.3101625352080892,1.0,1.1102230246251563e-16,True,0.4299061851796265,0.0002149530925898,362.1012384867407
2015-11-09,4.169802963931319,1.8772333572111424,1.296238419055591,1.0,0.0,False,0.0,0.0,362.1012384867407
2015-11-10,4.117871049850788,1.881563206341188,1.2929284963507273,1.0,1.1102230246251563e-16,False,0.0,0.0,362.1012384867407
2015-11-11,4.074178718143656,1.8741651761830649,1.2913304370907006,0.9999999999999998,2.220446049250313e-16,False,0.0,0.0,362.1012384867407
2015-11-12,4.009977069160324,1.8480017835756333,1.2787754539968748,1.0,1.1102230246251563e-16,False,0.0,0.0,362.1012384867407
2015-11-13,3.9906151406093526,1.8272528377388275,1.2536653936783906,1.0,0.0,True,0.0605466049486459,3.0273302474322973e-05,362.1617850916893
2015-11-16,4.041099149395858,1.8550394309950868,1.2716992622778882,1.0,0.0,False,0.0,0.0,362.1617850916893
2015-11-17,3.973882325457135,1.853686271012791,1.272497680057445,1.0,1.1102230246251563e-16,False,0.0,0.0,362.1617850916893
2015-11-18,4.036092086996729,1.8830967219511308,1.2969228443886718,1.0,0.0,False,0.0,0.0,362.1617850916893
2015-11-19,3.988083866086929,1.881473028527364,1.2978361017922615,1.0,0.0,False,0.0,0.0,362.1617850916893
2015-11-20,3.962888992223369,1.8883298275442308,1.3066243452177508,1.0,0.0,True,0.0216288703512119,1.0814435175605973e-05,362.1834139620405
2015-11-23,3.939351651951525,1.886164574462582,1.3028581703344606,1.0,0.0,False,0.0,0.0,362.1834139620405
2015-11-24,3.97208241625852,1.8886905387995256,1.301716645645396,1.0,0.0,False,0.0,0.0,362.1834139620405
2015-11-25,3.940475069563434,1.888420169616368,1.3028581703344606,1.0,0.0,False,0.0,0.0,362.1834139620405
2015-11-27,3.941900262515615,1.890585422698016,1.3046842144874513,1.0,0.0,False,0.0,0.0,362.1834139620405
2015-11-30,3.9359612668125066,1.8827366677290875,1.301374009390077,1.0,0.0,True,1.2075194360735098,0.0006037597180367,363.390933398114
2015-12-01,3.9933234455254953,1.9006887872708524,1.3143854329240197,1.0,0.0,False,0.0,0.0,363.390933398114
2015-12-02,3.932133132809192,1.8812925086414032,1.306281991354955,1.0,1.1102230246251563e-16,False,0.0,0.0,363.390933398114
2015-12-03,3.9017664655435538,1.854949417439576,1.284139688140204,1.0,1.1102230246251563e-16,False,0.0,0.0,363.390933398114
2015-12-04,3.910859588429743,1.8911263253226456,1.3141570715076996,0.9999999999999998,2.220446049250313e-16,False,0.0,0.0,363.390933398114
2015-12-07,3.866819823016548,1.879668158184384,1.3082222162160997,1.0,0.0,True,0.7999999999999998,0.0003999999999999,364.190933398114
2015-12-08,3.827539862905891,1.8670380079830395,1.3083366793167766,1.0,0.0,False,0.0,0.0,364.190933398114
2015-12-09,3.829439189348861,1.852513630916456,1.2884770489568114,1.0,0.0,False,0.0,0.0,364.190933398114
2015-12-10,3.8925237321946753,1.8572948618905596,1.294297535278567,1.0,0.0,False,0.0,0.0,364.190933398114
2015-12-11,3.800487286932165,1.821298966668389,1.2645082309348683,1.0,0.0,False,0.0,0.0,364.190933398114
2015-12-14,3.801045976589113,1.8305002245863613,1.2740955510557936,1.0,0.0,True,1.2,0.0006,365.390933398114
2015-12-15,3.864422881978813,1.849716476104789,1.2818568270237405,1.0,1.1102230246251563e-16,False,0.0,0.0,365.390933398114
2015-12-16,3.871732602414362,1.8767821396253968,1.3009176630807928,1.0,1.1102230246251563e-16,False,0.0,0.0,365.390933398114
2015-12-17,3.793816100428452,1.8481827962365327,1.2819711959935722,1.0,0.0,False,0.0,0.0,365.390933398114
2015-12-18,3.742799654809831,1.8152573816588211,1.2573797966000282,1.0,0.0,False,0.0,0.0,365.390933398114
2015-12-21,3.7690765992330832,1.8302321550195848,1.271346930546123,0.5011797693974896,0.4988202306025103,True,0.7000000000000001,0.00035,366.090933398114
2015-12-22,3.777804475428187,1.8468396560113285,1.2797041488581324,0.5023321956928759,0.4976678043071241,False,0.0,0.0,366.090933398114
2015-12-23,3.8104918886659256,1.8697096694435928,1.289206374700268,0.5066013225273647,0.4933986774726353,False,0.0,0.0,366.090933398114
2015-12-24,3.8144558317560695,1.866623912776027,1.288977448498914,0.507114057335295,0.492885942664705,False,0.0,0.0,366.090933398114
2015-12-28,3.805600029143653,1.86235910993792,1.2882904816331744,0.505967089554854,0.4940329104451459,False,0.0,0.0,366.090933398114
2015-12-29,3.81423850342738,1.882233873033068,1.3085545922099258,1.0,0.0,True,0.6939662425614813,0.0003469831212807,366.78489964067546
2015-12-30,3.808507925662681,1.8688929771114764,1.296762163045861,1.0,0.0,False,0.0,0.0,366.78489964067546
2015-12-31,3.7853952971560094,1.8501982457367476,1.280620041925226,1.0,0.0,False,0.0,0.0,366.78489964067546
2016-01-04,3.785381836385322,1.82433314622568,1.2536019494926542,1.0,0.0,False,0.0,0.0,366.78489964067546
2016-01-05,3.833689943923902,1.827418410118307,1.251426774056436,1.0,1.1102230246251563e-16,False,0.0,0.0,366.78489964067546
2016-01-06,3.719870039960418,1.8043668912502044,1.239405701083528,1.0,0.0,True,0.4071940423712144,0.0002035970211856,367.19209368304666
2016-01-07,3.685134136195727,1.7610775984152771,1.2005959325335969,1.0,1.1102230246251563e-16,False,0.0,0.0,367.19209368304666
2016-01-08,3.643567557562065,1.7417466945943922,1.190749940866072,0.9999999999999998,2.220446049250313e-16,False,0.0,0.0,367.19209368304666
2016-01-11,3.642097625445795,1.7434707498473876,1.1944137955269676,1.0,1.1102230246251563e-16,False,0.0,0.0,367.19209368304666
2016-01-12,3.6596762928614734,1.7575381602872715,1.2082660898490267,1.0,1.1102230246251563e-16,False,0.0,0.0,367.19209368304666
2016-01-13,3.5706006844886864,1.7137041868865162,1.1665937083429414,0.4964173413462385,0.5035826586537615,True,0.7,0.00035,367.89209368304665
2016-01-14,3.5884224221433145,1.7418378579580938,1.191436719470134,0.4989183618433145,0.5010816381566855,False,0.0,0.0,367.89209368304665
2016-01-15,3.534661557340658,1.704447081142132,1.154458548792716,0.4912970997317864,0.5087029002682135,False,0.0,0.0,367.89209368304665
2016-01-19,3.528666655911118,1.7067156527026424,1.156977301792646,0.490432857217147,0.509567142782853,False,0.0,0.0,367.89209368304665
2016-01-20,3.527181388539049,1.6848443298132718,1.1534285691483026,0.4902182826411093,0.5097817173588907,False,0.0,0.0,367.89209368304665
2016-01-21,3.517705848638802,1.6942834337684334,1.154572917762554,0.4978652431672447,0.5021347568327552,True,0.391117739391034,0.0001955588696955,368.28321142243766
2016-01-22,3.5330872113323406,1.7290416426023305,1.1880019792722702,0.5000512964271538,0.4999487035728461,False,0.0,0.0,368.28321142243766
2016-01-25,3.5105868308747787,1.702904367066662,1.170371931973675,0.4968469785790035,0.5031530214209965,False,0.0,0.0,368.28321142243766
2016-01-26,3.531383359363529,1.7261377198872287,1.1809046081144223,0.4998100769116831,0.5001899230883169,False,0.0,0.0,368.28321142243766
2016-01-27,3.495273033096838,1.7073513323738592,1.1514822257825967,0.4946425202867783,0.5053574797132216,False,0.0,0.0,368.28321142243766
2016-01-28,3.4742516524063647,1.7162452629882536,1.1677389041347477,0.4949236553290824,0.5050763446709177,True,0.3967945504046302,0.0001983972752023,368.6800059728423
2016-01-29,3.513879960617817,1.758082676594787,1.192123874597553,0.5006197295493906,0.4993802704506094,False,0.0,0.0,368.6800059728423
2016-02-01,3.518098223065738,1.757447489698509,1.1953295944632236,0.5012184953906237,0.4987815046093763,False,0.0,0.0,368.6800059728423
2016-02-02,3.4835716029983987,1.7257740519823002,1.16945603890658,0.4962749370347566,0.5037250629652433,False,0.0,0.0,368.6800059728423
2016-02-03,3.484012521439003,1.7361203546000277,1.1638462174033368,0.4963386858496329,0.5036613141503671,False,0.0,0.0,368.6800059728423
2016-02-04,3.4741261804231565,1.7388429361376037,1.1637316601718195,0.4998976784338551,0.5001023215661449,True,0.0152512302742993,7.625615137149676e-06,368.6952572031166
2016-02-05,3.437699019230055,1.7057181119679397,1.1233188434273784,0.494598404768875,0.5054015952311249,False,0.0,0.0,368.6952572031166
2016-02-08,3.423597123267012,1.6827574279469126,1.106146460269812,0.4925166409225776,0.5074833590774224,False,0.0,0.0,368.6952572031166
2016-02-09,3.4499166750881107,1.6828476057607364,1.1027119083336274,0.4963882516962618,0.5036117483037381,False,0.0,0.0,368.6952572031166
2016-02-10,3.437199843552591,1.6813958907906552,1.106947796105391,0.4945250065973481,0.5054749934026519,False,0.0,0.0,368.6952572031166
2016-02-11,3.351802485144197,1.6595245679012849,1.1053448420417158,0.495600370832981,0.504399629167019,True,0.217480484986329,0.0001087402424931,368.9127376881029
2016-02-12,3.362453898173216,1.6937387532026054,1.1221738358972515,0.497198182712234,0.502801817287766,False,0.0,0.0,368.9127376881029
2016-02-16,3.402293113387669,1.7223251201847447,1.14747498181967,0.5030857500503697,0.4969142499496303,False,0.0,0.0,368.9127376881029
2016-02-17,3.440430809187721,1.750459448289574,1.1734630004769897,0.5085941196570714,0.4914058803429286,False,0.0,0.0,368.9127376881029
2016-02-18,3.4368450618768254,1.743289572928175,1.1600683702959604,0.5080814234830298,0.4919185765169702,False,0.0,0.0,368.9127376881029
2016-02-19,3.423444470015203,1.7424733733709976,1.163502922232145,0.4989725845030492,0.5010274154969507,True,0.2127625410855229,0.0001063812705427,369.1255002291885
2016-02-22,3.440136261942792,1.767702793210848,1.1823926284232231,0.5014036060477508,0.4985963939522492,False,0.0,0.0,369.1255002291885
2016-02-23,3.4271075631800905,1.7453771318277862,1.16293060672876,0.4995081119317315,0.5004918880682685,False,0.0,0.0,369.1255002291885
2016-02-24,3.479017943561947,1.7533632067463627,1.1740354101112134,0.5069759447251023,0.4930240552748977,False,0.0,0.0,369.1255002291885
2016-02-25,3.509235077667483,1.7745995069977685,1.1855983482888928,0.5112212499456914,0.4887787500543086,False,0.0,0.0,369.1255002291885
2016-02-26,3.4975909399102223,1.7705157168205607,1.1841101397184142,0.497592957273712,0.502407042726288,True,0.6161213175059747,0.0003080606587529,369.7416215466944
2016-02-29,3.501162327783291,1.7566309616247058,1.1734630004769897,0.4981054414865972,0.5018945585134028,False,0.0,0.0,369.7416215466944
2016-03-01,3.5016806418979725,1.7979240231820368,1.211128420412665,0.4981797312521021,0.5018202687478979,False,0.0,0.0,369.7416215466944
2016-03-02,3.511303674965981,1.806000768689376,1.2115860845536954,0.499555013337439,0.500444986662561,False,0.0,0.0,369.7416215466944
2016-03-03,3.5263884987831067,1.8130788236538216,1.2092967284093157,0.4031459283307943,0.5968540716692057,True,0.1086428957000234,5.4321447850011705e-05,369.85026444239446
2016-03-04,3.49947963290865,1.818978325222665,1.2097543925503456,0.4963768566341811,0.5036231433658189,True,0.3066806513906828,0.0001533403256953,370.1569450937852
2016-03-07,3.521071482846346,1.820430368709372,1.2023125966512334,0.4994651652327658,0.5005348347672341,False,0.0,0.0,370.1569450937852
2016-03-08,3.4877105722955983,1.800555277097598,1.1923528949297455,0.4946774119189316,0.5053225880810683,False,0.0,0.0,370.1569450937852
2016-03-09,3.505819439136631,1.8094498647452448,1.2000233346376938,0.4972875918264229,0.5027124081735771,False,0.0,0.0,370.1569450937852
2016-03-10,3.5211467977560917,1.8109007584237609,1.1981916426343442,0.4994758713288395,0.5005241286711605,False,0.0,0.0,370.1569450937852
2016-03-11,3.56009202747156,1.840123954885308,1.2191422494226445,0.5027106286212452,0.4972893713787548,True,0.2055736889614797,0.0001027868444807,370.3625187827466
2016-03-14,3.5375611244526137,1.8377647127360344,1.221202867627348,0.4995433678433495,0.5004566321566505,False,0.0,0.0,370.3625187827466
2016-03-15,3.5198398138321263,1.8347694623989184,1.220744921093801,0.4970237226607254,0.5029762773392745,False,0.0,0.0,370.3625187827466
2016-03-16,3.555851849845649,1.8453874482663084,1.2316211747982575,0.5021176356183972,0.4978823643816028,False,0.0,0.0,370.3625187827466
2016-03-17,3.5809056735195464,1.8570951237819808,1.2309339255399985,0.5056010719623932,0.4943989280376067,False,0.0,0.0,370.3625187827466
2016-03-18,3.5764196229926557,1.864392627852562,1.2328632312237786,0.4980549236772559,0.5019450763227441,True,0.4125897199243278,0.0002062948599621,370.77510850267095
2016-03-21,3.54626492396969,1.8670386650162911,1.2376855541248355,0.4937867702744276,0.5062132297255724,False,0.0,0.0,370.77510850267095
2016-03-22,3.5433136412327837,1.8660350467240083,1.2414748851946151,0.4933651371599615,0.5066348628400386,False,0.0,0.0,370.77510850267095
2016-03-23,3.4571205676746977,1.8537197797086384,1.2312554764872956,0.4807336957204649,0.5192663042795351,False,0.0,0.0,370.77510850267095
2016-03-24,3.464897870952852,1.8528988166603848,1.2316000894902384,0.4818992398954792,0.5181007601045208,False,0.0,0.0,370.77510850267095
2016-03-28,3.492576726054214,1.853994091091308,1.2298776833914,1.0,0.0,True,0.7026198897832878,0.0003513099448916,371.4777283924543
2016-03-29,3.591129173466583,1.8711429874826209,1.2496273689309834,1.0,0.0,False,0.0,0.0,371.4777283924543
2016-03-30,3.567298788779196,1.8793532749984092,1.2557130218272572,1.0,0.0,False,0.0,0.0,371.4777283924543
2016-03-31,3.596610196033133,1.874791821647068,1.2538757761043835,1.0,0.0,False,0.0,0.0,371.4777283924543
2016-04-01,3.570892693741639,1.8875627412226328,1.2671953840064405,1.0,1.1102230246251563e-16,False,0.0,0.0,371.4777283924543
2016-04-04,3.534979236201313,1.8814518392049897,1.2623729669745412,1.0,0.0,True,0.4166284092624372,0.0002083142046312,371.8943568017167
2016-04-05,3.538941052924196,1.862659209875727,1.2502012846586372,1.0,0.0,False,0.0,0.0,371.8943568017167
2016-04-06,3.578909769042371,1.883001944904544,1.2707549416973094,1.0,0.0,False,0.0,0.0,371.8943568017167
2016-04-07,3.5263529691340154,1.860470632113636,1.2524982654010104,0.9999999999999998,2.220446049250313e-16,False,0.0,0.0,371.8943568017167
2016-04-08,3.5678622407356224,1.8654875737668597,1.2515790777545337,1.0,1.1102230246251563e-16,False,0.0,0.0,371.8943568017167
2016-04-11,3.6155117746812486,1.8611094326927995,1.2469861517090344,0.5022092921724015,0.4977907078275985,True,0.4999999999999999,0.0002499999999999,372.3943568017167
2016-04-12,3.649679222080701,1.8784406558115152,1.2574352396644195,0.5068694929162739,0.4931305070837261,False,0.0,0.0,372.3943568017167
2016-04-13,3.655289960632077,1.8974147905766163,1.2735108102816133,0.5076264304989974,0.4923735695010026,False,0.0,0.0,372.3943568017167
2016-04-14,3.627490516119321,1.8975066109735697,1.27362527338229,0.503853102446431,0.496146897553569,False,0.0,0.0,372.3943568017167
2016-04-15,3.647150939127527,1.895408539541928,1.270410611086876,0.506527644312923,0.493472355687077,False,0.0,0.0,372.3943568017167
2016-04-18,3.703215315601699,1.9087266035580164,1.2771849252040042,1.0,1.1102230246251563e-16,True,0.4970104027659303,0.0002485052013829,372.8913672044826
2016-04-19,3.798981610768629,1.914747327761836,1.269376960339735,1.0,0.0,False,0.0,0.0,372.8913672044826
2016-04-20,3.8138867261439406,1.9165715805857464,1.270410611086876,1.0,0.0,False,0.0,0.0,372.8913672044826
2016-04-21,3.772235829699227,1.9062635501549423,1.2705252624492311,1.0,0.0,False,0.0,0.0,372.8913672044826
2016-04-22,3.771586166755803,1.9062635501549423,1.251350057422347,1.0,0.0,False,0.0,0.0,372.8913672044826
2016-04-25,3.7029818123290736,1.9029798622202403,1.251350057422347,1.0000000000000002,0.0,True,0.4300303061052499,0.0002150151530526,373.3213975105879
2016-04-26,3.744967362949651,1.9058078975947472,1.2452639338718716,1.0,0.0,False,0.0,0.0,373.3213975105879
2016-04-27,3.845375919959526,1.9097302218502992,1.2352742044126304,1.0,1.1102230246251563e-16,False,0.0,0.0,373.3213975105879
2016-04-28,3.8329443599973554,1.8923973561484533,1.2203470300357735,1.0,1.1102230246251563e-16,False,0.0,0.0,373.3213975105879
2016-04-29,3.9452960116536735,1.882181146114603,1.2139169523982372,1.0,0.0,False,0.0,0.0,373.3213975105879
2016-05-02,3.974100346066444,1.8971409719688852,1.2253997852316103,0.799863840715749,0.200136159284251,True,0.2609623278340738,0.000130481163917,373.582359838422
2016-05-03,3.868682815879209,1.8806302191234845,1.2140324509381468,0.7944103412646418,0.2055896587353581,False,0.0,0.0,373.582359838422
2016-05-04,3.7769113893134514,1.8701398619652767,1.2062238271580008,0.7894149219061959,0.2105850780938041,False,0.0,0.0,373.582359838422
2016-05-05,3.73093706383608,1.8697748799938445,1.2058793082858972,0.7868199955498106,0.2131800044501893,False,0.0,0.0,373.582359838422
2016-05-06,3.812010754455346,1.8766168957625435,1.212309574185111,0.7913538992663225,0.2086461007336775,False,0.0,0.0,373.582359838422
2016-05-09,3.635299692873119,1.8781668372037843,1.2157544805136276,1.0,1.1102230246251563e-16,True,1.0489103412778162,0.0005244551706389,374.63127017969975
2016-05-10,3.786524672877937,1.9015202628511363,1.2324038727276394,1.0,0.0,False,0.0,0.0,374.63127017969975
2016-05-11,3.8691874603740968,1.8837314160724696,1.221265652897209,1.0,1.1102230246251563e-16,False,0.0,0.0,374.63127017969975
2016-05-12,3.843541834626128,1.8842790532879317,1.215869226006823,0.9999999999999998,2.220446049250313e-16,False,0.0,0.0,374.63127017969975
2016-05-13,3.764317480589477,1.8678592995479188,1.211391233716194,1.0,1.1102230246251563e-16,False,0.0,0.0,374.63127017969975
2016-05-16,3.853455798915242,1.8862861256141843,1.2265474284252402,0.5018116185674004,0.4981883814325996,True,0.4999999999999996,0.0002499999999999,375.13127017969975
2016-05-17,3.870899761115597,1.8686802625961727,1.2111616485989647,0.5040566726454377,0.4959433273545622,False,0.0,0.0,375.13127017969975
2016-05-18,3.8186035816244974,1.8692274070366957,1.2155248012655593,0.4972646763802184,0.5027353236197816,False,0.0,0.0,375.13127017969975
2016-05-19,3.8380847920324297,1.8627503732394288,1.2092091867287,0.4998164419481048,0.5001835580518952,False,0.0,0.0,375.13127017969975
2016-05-20,3.8650557541788566,1.874518660072589,1.22252860636907,0.5033068008635996,0.4966931991364004,False,0.0,0.0,375.13127017969975
2016-05-23,3.8767005691956458,1.8719642790475004,1.2209214164176234,0.5047819297661532,0.4952180702338468,True,0.4001170242286488,0.0002000585121143,375.5313872039284
2016-05-24,3.91472327405301,1.896228517040304,1.2453789617575826,0.5095918560895127,0.4904081439104872,False,0.0,0.0,375.5313872039284
2016-05-25,3.999344778379209,1.909091421271136,1.25433494633885,0.5199683245290111,0.4800316754709889,False,0.0,0.0,375.5313872039284
2016-05-26,3.956369359932399,1.9096390584865977,1.2580096260462623,0.5147540585582924,0.4852459414417076,False,0.0,0.0,375.5313872039284
2016-05-27,3.924428307261608,1.9178488532274476,1.2645544491770024,0.5108046256828852,0.4891953743171148,False,0.0,0.0,375.5313872039284
2016-05-31,3.964289179471348,1.9141998548046872,1.2669655164966844,1.0,1.1102230246251563e-16,True,0.6842121081218437,0.0003421060540609,376.21559931205024
2016-06-01,3.975141204692624,1.9181228360934912,1.2670805443823954,1.0,1.1102230246251563e-16,False,0.0,0.0,376.21559931205024
2016-06-02,3.9766891532121527,1.923960576536656,1.2697215733426783,1.0,0.0,False,0.0,0.0,376.21559931205024
2016-06-03,3.990305676892381,1.918213342423941,1.2637505718087596,1.0,0.0,False,0.0,0.0,376.21559931205024
2016-06-06,4.2230443316499695,1.9279742284142225,1.268343591985104,1.0,0.0,False,0.0,0.0,376.21559931205024
2016-06-07,4.2748490235316,1.930984590516132,1.265128553166334,0.9999999999999998,2.220446049250313e-16,True,1.6,0.0007999999999999,377.8155993120503
2016-06-08,4.163417395914465,1.937278640552744,1.2673103177613063,1.0000000000000002,0.0,False,0.0,0.0,377.8155993120503
2016-06-09,4.25568480910679,1.9346335889388924,1.265243486921212,1.0,1.1102230246251563e-16,False,0.0,0.0,377.8155993120503
2016-06-10,4.032372219929245,1.9162979262363289,1.2508902282720018,1.0,1.1102230246251563e-16,False,0.0,0.0,377.8155993120503
2016-06-13,4.049813411840362,1.9015202628511363,1.2404413285783067,1.0,0.0,False,0.0,0.0,377.8155993120503
2016-06-14,4.014608708326136,1.897780265322988,1.2404413285783067,1.0,0.0,True,0.0467911940649801,2.3395597032490055e-05,377.8623905061153
2016-06-15,4.0276789431456885,1.8951342281592585,1.236881865018271,1.0,0.0,False,0.0,0.0,377.8623905061153
2016-06-16,3.9867308727169855,1.900789970391645,1.2405562623331725,1.0,0.0,False,0.0,0.0,377.8623905061153
2016-06-17,4.0726737721056265,1.893711094135635,1.2260153067902668,1.0,0.0,False,0.0,0.0,377.8623905061153
2016-06-20,4.171928783536338,1.9059067810991583,1.2337289525534876,1.0,0.0,False,0.0,0.0,377.8623905061153
2016-06-21,4.22857781242213,1.9113174499285857,1.2376433835087963,1.0,0.0,True,0.0252206060471582,1.2610303023579127e-05,377.88761111216246
2016-06-22,4.180292398569629,1.908199662889989,1.2346501169475803,1.0,0.0,False,0.0,0.0,377.88761111216246
2016-06-23,4.203675100448012,1.933048988993613,1.2522645385268496,0.9999999999999998,2.220446049250313e-16,False,0.0,0.0,377.88761111216246
2016-06-24,4.065355517014732,1.863635068513117,1.20068695705527,0.9999999999999998,2.220446049250313e-16,False,0.0,0.0,377.88761111216246
2016-06-27,3.984594801531501,1.830257615058096,1.1768548170120987,0.9999999999999996,4.440892098500626e-16,False,0.0,0.0,377.88761111216246
2016-06-28,4.112940787792514,1.8632681154419288,1.2026441254675038,0.5067768324467221,0.4932231675532779,True,0.6999999999999997,0.0003499999999999,378.5876111121625
2016-06-29,4.104684905667748,1.894995101368168,1.223943016361482,0.5057847971441095,0.4942152028558905,False,0.0,0.0,378.5876111121625
2016-06-30,4.0950418190299285,1.920853137771777,1.2381041539675193,0.5046210092685571,0.4953789907314428,False,0.0,0.0,378.5876111121625
2016-07-01,4.118230738631044,1.9248879789717177,1.244321025253884,0.5074103876004694,0.4925896123995306,False,0.0,0.0,378.5876111121625
2016-07-05,4.023976357972035,1.911042317254351,1.2367224073763727,0.4958723653295886,0.5041276346704113,False,0.0,0.0,378.5876111121625
2016-07-06,4.115396734567807,1.922504919367063,1.246853803748876,1.0,0.0,True,0.5057078229913605,0.0002528539114956,379.0933189351538
2016-07-07,4.111615414989073,1.9213119112399188,1.2505380848019143,1.0,0.0,False,0.0,0.0,379.0933189351538
2016-07-08,4.22584228256735,1.9499211101275615,1.2698796190219854,1.0,1.1102230246251563e-16,False,0.0,0.0,379.0933189351538
2016-07-11,4.207320819340626,1.956798605691864,1.2771330591115064,1.0,0.0,False,0.0,0.0,379.0933189351538
2016-07-12,4.4403713946688095,1.9710112204804189,1.2835799861692927,1.0,0.0,False,0.0,0.0,379.0933189351538
2016-07-13,4.406020872530402,1.9707364163228096,1.280471597591533,1.0,1.1102230246251563e-16,True,0.8315517934028941,0.0004157758967014,379.9248707285567
2016-07-14,4.448871522524883,1.9817399164507548,1.2892215297654004,0.9999999999999998,2.220446049250313e-16,False,0.0,0.0,379.9248707285567
2016-07-15,4.452814965273523,1.9790802458470484,1.2871490510749424,0.9999999999999998,2.220446049250313e-16,False,0.0,0.0,379.9248707285567
2016-07-18,4.492512517457565,1.984398765762896,1.2956690216082207,1.0,1.1102230246251563e-16,False,0.0,0.0,379.9248707285567
2016-07-19,4.476402040965369,1.9823813451629255,1.2909483600136915,1.0,0.0,False,0.0,0.0,379.9248707285567
2016-07-20,4.46668561345874,1.9906348326150272,1.3060305678829909,1.0,0.0,True,0.4447102420981744,0.000222355121049,380.36958097065485
2016-07-21,4.435566303099138,1.9831152513053016,1.303037113060109,0.9999999999999998,2.220446049250313e-16,False,0.0,0.0,380.36958097065485
2016-07-22,4.499551204126304,1.9920096746946352,1.3084477537072376,1.0,0.0,False,0.0,0.0,380.36958097065485
2016-07-25,4.42591509000479,1.98659966289846,1.3085633463779949,1.0,0.0,False,0.0,0.0,380.36958097065485
2016-07-26,4.431505417271397,1.9875170455764308,1.310059838462329,1.0,0.0,False,0.0,0.0,380.36958097065485
2016-07-27,4.369188739616362,1.985407804579507,1.3191549484241862,1.0,0.0,True,1.2285000412765106,0.0006142500206382,381.59808101193136
2016-07-28,4.378301399917687,1.987700357853712,1.3237603938713265,1.0,1.1102230246251563e-16,False,0.0,0.0,381.59808101193136
2016-07-29,4.427518290468954,1.9909094725143224,1.326638726677652,0.9999999999999996,3.3306690738754696e-16,False,0.0,0.0,381.59808101193136
2016-08-01,4.36408726432555,1.9892590049855403,1.333661734472395,0.9999999999999996,4.440892098500626e-16,False,0.0,0.0,381.59808101193136
2016-08-02,4.429003888520148,1.9765133811901732,1.3235300557073817,0.9999999999999998,2.220446049250313e-16,False,0.0,0.0,381.59808101193136
2016-08-03,4.37650440419015,1.9822900175409108,1.327904974728899,1.0,0.0,True,0.8732147761558495,0.0004366073880779,382.4712957880872
2016-08-04,4.384255883546896,1.984398765762896,1.3317042836676485,1.0000000000000002,0.0,False,0.0,0.0,382.4712957880872
2016-08-05,4.49088294009788,2.000629458184673,1.3444838629442222,1.0000000000000002,0.0,False,0.0,0.0,382.4712957880872
2016-08-08,4.525382619118007,1.9994377641240328,1.3429872767290305,1.0,0.0,False,0.0,0.0,382.4712957880872
2016-08-09,4.534803811399195,2.000629458184673,1.3460955711759577,1.0,0.0,False,0.0,0.0,382.4712957880872
2016-08-10,4.412697079561551,1.995677562823388,1.3426416282868516,1.0,0.0,True,0.4272366060020915,0.000213618303001,382.8985323940893
2016-08-11,4.48648065145304,2.0049384465089704,1.3483980115070044,1.0,0.0,False,0.0,0.0,382.8985323940893
2016-08-12,4.53826252703881,2.003196322841548,1.349319175901106,0.9999999999999998,2.220446049250313e-16,False,0.0,0.0,382.8985323940893
2016-08-15,4.648219235033075,2.008972959192285,1.3550756532520918,0.9999999999999998,2.220446049250313e-16,False,0.0,0.0,382.8985323940893
2016-08-16,4.669355310453383,1.99861138055145,1.34759243978366,0.9999999999999998,2.220446049250313e-16,False,0.0,0.0,382.8985323940893
2016-08-17,4.616799043076331,2.0023717461104087,1.350010190392941,1.0,0.0,True,0.427833721642508,0.0002139168608212,383.32636611573184
2016-08-18,4.722117512009452,2.0068642109703,1.3503551799192406,1.0,1.1102230246251563e-16,False,0.0,0.0,383.32636611573184
2016-08-19,4.780732346967765,2.0039295719506725,1.350010190392941,1.0,0.0,False,0.0,0.0,383.32636611573184
2016-08-22,4.711622328985555,2.0038384085869705,1.3510463826727537,1.0,1.1102230246251563e-16,False,0.0,0.0,383.32636611573184
2016-08-23,4.738176543635525,2.007873578303537,1.3534639450203565,0.9999999999999998,2.220446049250313e-16,False,0.0,0.0,383.32636611573184
2016-08-24,4.595976629872501,1.9976034915430307,1.3447142011081672,1.0,0.0,True,0.4153739561775555,0.0002076869780887,383.7417400719094
2016-08-25,4.690494472055232,1.996228320946796,1.34252631800863,1.0000000000000002,0.0,False,0.0,0.0,383.7417400719094
2016-08-26,4.767604061343312,1.992468283904464,1.3444838629442222,1.0,1.1102230246251563e-16,False,0.0,0.0,383.7417400719094
2016-08-29,4.811730789160034,2.0022802542300804,1.3463258152090571,0.9999999999999998,2.220446049250313e-16,False,0.0,0.0,383.7417400719094
2016-08-30,4.806606513352979,1.998978662139265,1.341951084449218,0.9999999999999996,3.3306690738754696e-16,False,0.0,0.0,383.7417400719094
2016-08-31,4.735691219353889,1.993293517668855,1.3405693378580716,1.0,0.0,True,1.210550660221056,0.0006052753301105,384.9522907321305
2016-09-01,4.756070541309151,1.9933855023241216,1.344023092485487,1.0,0.0,False,0.0,0.0,384.9522907321305
2016-09-02,4.822067210081879,2.0023717461104087,1.3483980115070044,1.0,1.1102230246251563e-16,False,0.0,0.0,384.9522907321305
2016-09-06,4.886187657656354,2.0084231866187547,1.3568027658928938,1.0,0.0,False,0.0,0.0,384.9522907321305
2016-09-07,4.954484872050465,2.008240367116412,1.3576083376162509,1.0,0.0,False,0.0,0.0,384.9522907321305
2016-09-08,4.951715361900543,2.0036552605680025,1.3496643536890838,1.0000000000000002,0.0,True,0.4567813610755205,0.0002283906805377,385.409072093206
2016-09-09,4.849055848736086,1.955697910736612,1.3157012879276038,1.0,0.0,False,0.0,0.0,385.409072093206
2016-09-12,4.94906778699117,1.9837570085340983,1.339302995675992,1.0,1.1102230246251563e-16,False,0.0,0.0,385.409072093206
2016-09-13,4.854371767464902,1.9552397943017223,1.3273294587769762,1.0,0.0,False,0.0,0.0,385.409072093206
2016-09-14,4.855854948065409,1.95450555964272,1.333661734472395,1.0,0.0,False,0.0,0.0,385.409072093206
2016-09-15,4.954932877906759,1.974037022863748,1.3543845446294118,1.0,0.0,True,0.8024863012647403,0.0004012431506323,386.2115583944707
2016-09-16,4.942811916791615,1.966406402934452,1.3537383364171198,0.9999999999999996,3.3306690738754696e-16,False,0.0,0.0,386.2115583944707
2016-09-19,4.8616579042699,1.966774834330457,1.3478519585078017,0.9999999999999996,3.3306690738754696e-16,False,0.0,0.0,386.2115583944707
2016-09-20,4.803289184634259,1.9668678045356007,1.3503914202923926,0.9999999999999996,3.3306690738754696e-16,False,0.0,0.0,386.2115583944707
2016-09-21,4.845647214357943,1.9889856791527485,1.3636646216906374,0.9999999999999996,4.440892098500626e-16,False,0.0,0.0,386.2115583944707
2016-09-22,4.839176920034176,2.0015190812077504,1.3745136715825133,1.0,0.0,True,0.4122830002014164,0.0002061415001007,386.6238413946721
2016-09-23,5.010092346761079,1.9905522106836,1.3657421834464254,1.0,0.0,False,0.0,0.0,386.6238413946721
2016-09-26,4.8852571108318985,1.9744246724823715,1.35431582911668,1.0,0.0,False,0.0,0.0,386.6238413946721
2016-09-27,4.894305130327817,1.9866819563132607,1.3677042466623013,1.0,1.1102230246251563e-16,False,0.0,0.0,386.6238413946721
2016-09-28,4.971093421568631,1.996542711357832,1.3700122407128794,1.0,0.0,False,0.0,0.0,386.6238413946721
2016-09-29,4.769062337333567,1.9784792246798693,1.360086614355241,1.0,0.0,True,0.4340568371055581,0.0002170284185527,387.0578982317777
2016-09-30,4.796470963839087,1.9934086627462515,1.3702433319235363,1.0,0.0,False,0.0,0.0,387.0578982317777
2016-10-03,4.814929915140699,1.9886169192401173,1.368281645231016,1.0,0.0,False,0.0,0.0,387.0578982317777
2016-10-04,4.795587302202366,1.9784792246798693,1.3662035186901944,0.9999999999999998,2.220446049250313e-16,False,0.0,0.0,387.0578982317777
2016-10-05,4.945381370305753,1.9872343570197992,1.371051256917874,0.9999999999999998,2.220446049250313e-16,False,0.0,0.0,387.0578982317777
2016-10-06,4.921446861630336,1.9886169192401173,1.3703586422017702,1.0,1.1102230246251563e-16,True,0.4073055151749562,0.0002036527575874,387.4652037469527
2016-10-07,4.884934342050796,1.9817972426019836,1.3673579393042556,1.0,0.0,False,0.0,0.0,387.4652037469527
2016-10-10,4.8906583423339285,1.9921187422144515,1.3760143054237877,1.0,0.0,False,0.0,0.0,387.4652037469527
2016-10-11,4.745104825651242,1.966959296415929,1.356393014349112,1.0,0.0,False,0.0,0.0,387.4652037469527
2016-10-12,4.740836952663345,1.9695401230294067,1.3552390643892394,1.0,0.0,False,0.0,0.0,387.4652037469527
2016-10-13,4.7273814681252855,1.963088877787277,1.3503914202923926,1.0,1.1102230246251563e-16,True,0.0420451008132977,2.1022550406648884e-05,387.507248847766
2016-10-14,4.760660092181119,1.9641023515783385,1.3520071761502228,0.9999999999999998,2.220446049250313e-16,False,0.0,0.0,387.507248847766
2016-10-17,4.705425328924728,1.9572828391985169,1.3483139526674497,0.9999999999999998,2.220446049250313e-16,False,0.0,0.0,387.507248847766
2016-10-18,4.773988369860774,1.9695401230294067,1.360317611435065,1.0,0.0,False,0.0,0.0,387.507248847766
2016-10-19,4.792541105890846,1.9747926111034375,1.360202207025998,1.0,0.0,False,0.0,0.0,387.507248847766
2016-10-20,4.834767584607208,1.9711068188185707,1.3585860746448115,1.0,0.0,True,0.4145377290545688,0.0002072688645272,387.9217865768206
2016-10-21,4.802619282899832,1.9720281436960527,1.3636646216906374,0.9999999999999998,2.220446049250313e-16,False,0.0,0.0,387.9217865768206
2016-10-24,4.77299550555069,1.9804141876067247,1.3800542127879745,0.9999999999999996,3.3306690738754696e-16,False,0.0,0.0,387.9217865768206
2016-10-25,4.724221464872926,1.9737789730540631,1.3756675274115406,0.9999999999999998,2.220446049250313e-16,False,0.0,0.0,387.9217865768206
2016-10-26,4.727492977565378,1.9698162412535187,1.3663189230992612,0.9999999999999998,2.220446049250313e-16,False,0.0,0.0,387.9217865768206
2016-10-27,4.675483647029052,1.9645632604045489,1.360086614355241,1.0,0.0,True,0.4369717764596962,0.0002184858882298,388.3587583532803
2016-10-28,4.587077443581117,1.9587568932991628,1.351545652644776,1.0,0.0,False,0.0,0.0,388.3587583532803
2016-10-31,4.47286945743647,1.9588493707293684,1.3502759217524805,1.0,0.0,False,0.0,0.0,388.3587583532803
2016-11-01,4.408448842028873,1.9446567954549965,1.3401192983150303,1.0,0.0,False,0.0,0.0,388.3587583532803
2016-11-02,4.338167577459895,1.9329522408472708,1.3293854645705436,1.0,0.0,False,0.0,0.0,388.3587583532803
2016-11-03,4.345661178037596,1.9241051238520743,1.316343354382968,1.0,0.0,True,0.3999999999999999,0.0001999999999999,388.75875835328026
2016-11-04,4.338522492126678,1.9219852060648075,1.311726236711744,1.0,0.0,False,0.0,0.0,388.75875835328026
2016-11-07,4.4870209885748,1.9643787983190768,1.342889474786922,1.0,0.0,False,0.0,0.0,388.75875835328026
2016-11-08,4.485717489319953,1.973226736605838,1.35166096292301,1.0000000000000002,0.0,False,0.0,0.0,388.75875835328026
2016-11-09,4.576276578750072,1.994147003863078,1.357893836452064,1.0,0.0,False,0.0,0.0,388.75875835328026
2016-11-10,4.576140664890476,1.999123373712997,1.3359642689342874,1.0,0.0,True,0.4129226418506108,0.0002064613209253,389.1716809951309
2016-11-11,4.57794292645788,1.994514613967518,1.336541196848801,1.0,0.0,False,0.0,0.0,389.1716809951309
2016-11-14,4.615402603851389,1.9960816382733084,1.3230371866324224,1.0000000000000002,0.0,False,0.0,0.0,389.1716809951309
2016-11-15,4.827904576508917,2.0116571042846245,1.341388935076493,1.0,0.0,False,0.0,0.0,389.1716809951309
2016-11-16,4.77310399998009,2.0078783417946133,1.3493528747415993,1.0,0.0,False,0.0,0.0,389.1716809951309
2016-11-17,4.892036370371085,2.018199841407082,1.3591633790826816,1.0,0.0,True,0.8027849888490047,0.0004013924944245,389.9744659839799
2016-11-18,4.912296728487362,2.0136843803833733,1.3540847379060108,1.0,0.0,False,0.0,0.0,389.9744659839799
2016-11-21,4.991987197567502,2.028890429448807,1.3681656760369154,1.0,0.0,False,0.0,0.0,389.9744659839799
2016-11-22,5.015615825990929,2.0328531612493514,1.3723209878101692,1.0,0.0,False,0.0,0.0,389.9744659839799
2016-11-23,5.044747916839041,2.0339596052455566,1.366781011389742,1.0,0.0,False,0.0,0.0,389.9744659839799
2016-11-25,5.042314003512784,2.041516473192328,1.3711669437194638,1.0,0.0,True,0.8364131191428479,0.0004182065595714,390.8108791031227
2016-11-28,5.011431107658451,2.031931507855244,1.3680502716278362,1.0,0.0,False,0.0,0.0,390.8108791031227
2016-11-29,5.011894109235629,2.035894568172413,1.372782228923093,0.9999999999999998,2.220446049250313e-16,False,0.0,0.0,390.8108791031227
2016-11-30,5.090590319436523,2.0310098544611352,1.356162393792644,1.0,0.0,False,0.0,0.0,390.8108791031227
2016-12-01,4.983406341416092,2.023545135427944,1.3327322865644382,1.0,0.0,False,0.0,0.0,390.8108791031227
2016-12-02,5.046562139595098,2.0245594305105707,1.3353871527580956,1.0,0.0,True,0.4,0.0002,391.2108791031227
2016-12-05,5.022913762718445,2.0367240726529414,1.345775055667893,1.0,0.0,False,0.0,0.0,391.2108791031227
2016-12-06,5.145074712467587,2.0431751536367586,1.3490065673835534,0.9999999999999998,2.220446049250313e-16,False,0.0,0.0,391.2108791031227
2016-12-07,5.276247456407276,2.069901623741071,1.366088302542793,0.9999999999999998,2.220446049250313e-16,False,0.0,0.0,391.2108791031227
2016-12-08,5.255053469462533,2.074969813987944,1.3685120775258064,1.0,1.1102230246251563e-16,False,0.0,0.0,391.2108791031227
2016-12-09,5.245624907023756,2.08750403733451,1.3792458171394482,1.0,0.0,True,1.21008537386396,0.0006050426869319,392.4209644769866
2016-12-12,5.1770241430477855,2.085108165581444,1.373013414264595,1.0,0.0,False,0.0,0.0,392.4209644769866
2016-12-13,5.195086512074268,2.099023801340138,1.390326146503671,1.0,1.1102230246251563e-16,False,0.0,0.0,392.4209644769866
2016-12-14,5.257724011552997,2.081697505970812,1.387440753884378,1.0000000000000002,0.0,False,0.0,0.0,392.4209644769866
2016-12-15,5.301726515899592,2.090268833258521,1.389633437656722,1.0,1.1102230246251563e-16,False,0.0,0.0,392.4209644769866
2016-12-16,5.221724321264539,2.086180772365176,1.3844821274720571,1.0,0.0,True,1.235761609074248,0.0006178808045371,393.65672608606087
2016-12-19,5.235416680623666,2.090723336010526,1.3901544518526556,1.0,0.0,False,0.0,0.0,393.65672608606087
2016-12-20,5.358022008281036,2.0987879264027045,1.3954794334359484,1.0,1.1102230246251563e-16,False,0.0,0.0,393.65672608606087
2016-12-21,5.35165293462789,2.0929478863431585,1.3944376874366171,1.0,0.0,False,0.0,0.0,393.65672608606087
2016-12-22,5.344602960673519,2.089331739582994,1.390502171173292,1.0,1.1102230246251563e-16,False,0.0,0.0,393.65672608606087
2016-12-23,5.375064982688679,2.092391543437109,1.3914278538476776,1.0,1.1102230246251563e-16,True,0.0256298014792183,1.2814900739609185e-05,393.6823558875401
2016-12-27,5.454440315985311,2.09758325593534,1.398605236219001,0.9999999999999996,4.440892098500626e-16,False,0.0,0.0,393.6823558875401
2016-12-28,5.325193830660011,2.080248090617112,1.3877234287950095,0.9999999999999996,4.440892098500626e-16,False,0.0,0.0,393.6823558875401
2016-12-29,5.314103856691232,2.0797840608829548,1.385755435336259,0.9999999999999996,4.440892098500626e-16,False,0.0,0.0,393.6823558875401
2016-12-30,5.263416971185499,2.0721823504167416,1.3715171104419266,0.9999999999999992,6.661338147750939e-16,False,0.0,0.0,393.6823558875401
2017-01-03,5.273670839709588,2.088034755943736,1.383787818400852,1.0,1.1102230246251563e-16,True,0.0072843290753391,3.6421645376695927e-06,393.6896402166154
2017-01-04,5.406545287054659,2.1004562980876007,1.3913116963918988,0.9999999999999996,3.3306690738754696e-16,False,0.0,0.0,393.6896402166154
2017-01-05,5.33625697387244,2.0987879264027045,1.3991838584886165,0.9999999999999998,2.220446049250313e-16,False,0.0,0.0,393.6896402166154
2017-01-06,5.386435404555823,2.1062971594387125,1.411454189924186,0.9999999999999998,2.220446049250313e-16,False,0.0,0.0,393.6896402166154
2017-01-09,5.386409809900508,2.099344762083693,1.41608458004375,0.9999999999999998,2.220446049250313e-16,False,0.0,0.0,393.6896402166154
2017-01-10,5.467377958748602,2.099344762083693,1.4192101004342794,1.0,0.0,True,0.0412868328854582,2.064341644272913e-05,393.7309270495009
2017-01-11,5.482334406626459,2.1052772795734445,1.42303030641937,1.0000000000000002,0.0,False,0.0,0.0,393.7309270495009
2017-01-12,5.398514521597381,2.099993089645009,1.4208307510957618,0.9999999999999998,2.220446049250313e-16,False,0.0,0.0,393.7309270495009
2017-01-13,5.420569668864338,2.1048139068725398,1.425692985472707,1.0,1.1102230246251563e-16,False,0.0,0.0,393.7309270495009
2017-01-17,5.295217077949906,2.0973979725583023,1.4214094674962223,0.9999999999999996,3.3306690738754696e-16,False,0.0,0.0,393.7309270495009
2017-01-18,5.346364464844726,2.102032849375544,1.424303614283572,0.9999999999999998,2.220446049250313e-16,True,0.4218391437109618,0.0002109195718554,394.1527661932119
2017-01-19,5.35091067699355,2.094245362757356,1.4236090228198308,1.0,0.0,False,0.0,0.0,394.1527661932119
2017-01-20,5.37425332032551,2.1019400434287125,1.4267346373412055,1.0,0.0,False,0.0,0.0,394.1527661932119
2017-01-23,5.356359949512144,2.0964702416066143,1.4278921642729596,1.0,0.0,False,0.0,0.0,394.1527661932119
2017-01-24,5.512975116252673,2.109912320648999,1.4375000990477154,1.0000000000000002,0.0,False,0.0,0.0,394.1527661932119
2017-01-25,5.533882428006697,2.128175216918915,1.4519697975452153,1.0,0.0,True,0.0389564105698719,1.9478205284935964e-05,394.1917226037817
2017-01-26,5.508107009623105,2.125950502327969,1.4534752320593087,1.0,0.0,False,0.0,0.0,394.1917226037817
2017-01-27,5.53269085967499,2.1226129376666107,1.4562528448675112,1.0,1.1102230246251563e-16,False,0.0,0.0,394.1917226037817
2017-01-30,5.422399281026626,2.109448947948094,1.444908760891373,1.0,1.1102230246251563e-16,False,0.0,0.0,394.1917226037817
2017-01-31,5.448462396324202,2.109263664571057,1.442014802365702,0.9999999999999998,2.220446049250313e-16,False,0.0,0.0,394.1917226037817
2017-02-01,5.517538532046661,2.110097604026036,1.4519697975452153,1.0,1.1102230246251563e-16,True,0.4234108395512911,0.0002117054197756,394.615133443333
2017-02-02,5.472056310721338,2.111488379162003,1.4506968662043822,1.0,0.0,False,0.0,0.0,394.615133443333
2017-02-03,5.5199030745417526,2.126042651241548,1.45486403846341,1.0000000000000002,0.0,False,0.0,0.0,394.615133443333
2017-02-06,5.4988784517888405,2.1222420423959107,1.4566003759264698,1.0,0.0,False,0.0,0.0,394.615133443333
2017-02-07,5.507997537096117,2.122334519826117,1.4619254516406075,1.0,0.0,False,0.0,0.0,394.615133443333
2017-02-08,5.467070046107222,2.125116070098051,1.4643561923057309,1.0,0.0,True,0.4273513692629163,0.0002136756846314,395.042484812596
2017-02-09,5.428087721164972,2.137723224135579,1.4696810797581907,1.0,0.0,False,0.0,0.0,395.042484812596
2017-02-10,5.468197410326908,2.1461587097984576,1.4745432200043032,1.0,0.0,False,0.0,0.0,395.042484812596
2017-02-13,5.458098013769127,2.157839611209115,1.4828782234382132,1.0,0.0,False,0.0,0.0,395.042484812596
2017-02-14,5.476437036171803,2.1664607087656567,1.4878553915700363,1.0,0.0,False,0.0,0.0,395.042484812596
2017-02-15,5.427322600600935,2.1777708791639268,1.496653236341152,1.0,0.0,True,0.8002029908442923,0.0004001014954221,395.8426878034402
2017-02-16,5.313528723739509,2.1759165670687417,1.496189924349758,1.0,1.1102230246251563e-16,False,0.0,0.0,395.8426878034402
2017-02-17,5.335167909901251,2.179346609160305,1.5026725269956624,1.0,0.0,False,0.0,0.0,395.8426878034402
2017-02-21,5.3542982429284205,2.1923254797600977,1.5100811888393206,1.0,0.0,False,0.0,0.0,395.8426878034402
2017-02-22,5.2765052636830765,2.190378690234707,1.510659811108936,1.0,0.0,False,0.0,0.0,395.8426878034402
2017-02-23,5.316745431635161,2.191861614284253,1.5049878632517062,1.0,1.1102230246251563e-16,True,0.8251981348078591,0.0004125990674039,396.6678859382481
2017-02-24,5.28377191475091,2.194642343264624,1.5078816335156997,1.0,0.0,False,0.0,0.0,396.6678859382481
2017-02-27,5.333980569368374,2.1980730423894386,1.5097337519111949,1.0,0.0,False,0.0,0.0,396.6678859382481
2017-02-28,5.290290399923079,2.192139210833183,1.5051038324458192,1.0,0.0,False,0.0,0.0,396.6678859382481
2017-03-01,5.375195177562707,2.222824142021903,1.521541242009559,1.0,1.1102230246251563e-16,False,0.0,0.0,396.6678859382481
2017-03-02,5.334093181131048,2.2088263771067207,1.5139011124319006,1.0,0.0,True,0.021573264058232,1.0786632029116034e-05,396.6894592023064
2017-03-03,5.325397872558481,2.210216823726061,1.5166793841559698,1.0,0.0,False,0.0,0.0,396.6894592023064
2017-03-06,5.283974016803112,2.203634993125116,1.5133221136389168,1.0,0.0,False,0.0,0.0,396.6894592023064
2017-03-07,5.189486941444748,2.197052834007545,1.510776156826405,1.0,0.0,False,0.0,0.0,396.6894592023064
2017-03-08,5.118638867927644,2.1929739715797267,1.5134381769638627,1.0,0.0,False,0.0,0.0,396.6894592023064
2017-03-09,5.1364605976984175,2.195755193335035,1.5145960804189853,1.0,1.1102230246251563e-16,True,0.4116785074396466,0.0002058392537198,397.101137709746
2017-03-10,5.166357814316145,2.2034495454897662,1.5209623373474204,0.9999999999999998,2.220446049250313e-16,False,0.0,0.0,397.101137709746
2017-03-13,5.17287112394756,2.204562067043552,1.5235092354683222,0.9999999999999998,2.220446049250313e-16,False,0.0,0.0,397.101137709746
2017-03-14,5.105092836689166,2.196125760089109,1.5198047162848212,1.0,1.1102230246251563e-16,False,0.0,0.0,397.101137709746
2017-03-15,5.153832199325814,2.215129461350545,1.52918137158723,0.9999999999999998,2.220446049250313e-16,False,0.0,0.0,397.101137709746
2017-03-16,5.138722105345226,2.210773166632111,1.5281393431953754,1.0,0.0,True,0.0231378300014635,1.1568915000731777e-05,397.1242755397475
2017-03-17,5.183554071766418,2.2068899358550467,1.5276059978594918,1.0,0.0,False,0.0,0.0,397.1242755397475
2017-03-20,5.290926629321519,2.204469589613347,1.5289980047121308,1.0,0.0,False,0.0,0.0,397.1242755397475
2017-03-21,5.19332204458698,2.1761652541545877,1.505797859124514,1.0,0.0,False,0.0,0.0,397.1242755397475
2017-03-22,5.237011867357031,2.1812864998365504,1.516005972131106,1.0,0.0,False,0.0,0.0,397.1242755397475
2017-03-23,5.186480409989644,2.1789587952833687,1.512178423940537,1.0,0.0,True,0.8183642313838497,0.0004091821156919,397.9426397711313
2017-03-24,5.259336374887671,2.1773756736629064,1.5153102510972971,1.0,0.0,False,0.0,0.0,397.9426397711313
2017-03-27,5.2902983163316994,2.175141596348121,1.5177462630894278,1.0,1.1102230246251563e-16,False,0.0,0.0,397.9426397711313
2017-03-28,5.311410548934949,2.1909690346115425,1.52702586949644,0.9999999999999998,2.220446049250313e-16,False,0.0,0.0,397.9426397711313
2017-03-29,5.3636573522727335,2.1930175000326653,1.534101967084594,0.9999999999999998,2.220446049250313e-16,False,0.0,0.0,397.9426397711313
2017-03-30,5.351140758334017,2.200000285175585,1.5366540424016584,1.0,0.0,True,0.4194339568552205,0.0002097169784276,398.36207372798657
2017-03-31,5.345969573643393,2.1948795322685606,1.535610319654702,1.0,0.0,False,0.0,0.0,398.36207372798657
2017-04-03,5.391789219772221,2.1910624975916257,1.5346819071859674,1.0,1.1102230246251563e-16,False,0.0,0.0,398.36207372798657
2017-04-04,5.396575950036554,2.192458693251921,1.53711848396312,0.9999999999999998,2.220446049250313e-16,False,0.0,0.0,398.36207372798657
2017-04-05,5.344362872690928,2.1859415804262885,1.5308541707337209,0.9999999999999998,2.220446049250313e-16,False,0.0,0.0,398.36207372798657
2017-04-06,5.3076278170062166,2.192086483914718,1.531666237484986,1.0,1.1102230246251563e-16,True,0.4061916358168991,0.0002030958179084,398.7682653638035
2017-04-07,5.33592139389242,2.189851421050055,1.5308541707337209,1.0,0.0,False,0.0,0.0,398.7682653638035
2017-04-10,5.312594682850942,2.191155139280144,1.5314342049659395,1.0,0.0,False,0.0,0.0,398.7682653638035
2017-04-11,5.314448994789133,2.1885486883698424,1.5248218900233808,1.0,0.0,False,0.0,0.0,398.7682653638035
2017-04-12,5.291611557237609,2.1789587952833687,1.5186735459880822,1.0,0.0,False,0.0,0.0,398.7682653638035
2017-04-13,5.272302590439438,2.164806463295676,1.5126423948478098,1.0,0.0,True,0.4147301243592735,0.0002073650621796,399.1829954881628
2017-04-17,5.231247897187008,2.183986577985249,1.5251697976056953,1.0,0.0,False,0.0,0.0,399.1829954881628
2017-04-18,5.236229854959674,2.177468808126364,1.5228500372002003,0.9999999999999998,2.220446049250313e-16,False,0.0,0.0,399.1829954881628
2017-04-19,5.194816263196604,2.173465504522515,1.525286613977353,0.9999999999999998,2.220446049250313e-16,False,0.0,0.0,399.1829954881628
2017-04-20,5.244183814739388,2.191155139280144,1.5380465199084985,0.9999999999999996,4.440892098500626e-16,False,0.0,0.0,399.1829954881628
2017-04-21,5.225309534919971,2.1841718613622856,1.5376981416719826,1.0,0.0,True,0.4710362771766909,0.0002355181385883,399.6540317653394
2017-04-24,5.274233546788627,2.208193654085137,1.5562581075327313,1.0,1.1102230246251563e-16,False,0.0,0.0,399.6540317653394
2017-04-25,5.324418126203477,2.221042596359366,1.5675103198096476,0.9999999999999996,3.3306690738754696e-16,False,0.0,0.0,399.6540317653394
2017-04-26,5.387591599283283,2.2196459079241317,1.565306528598254,1.0,0.0,False,0.0,0.0,399.6540317653394
2017-04-27,5.389361490907554,2.2215079401600266,1.5747024807227474,1.0,0.0,False,0.0,0.0,399.6540317653394
2017-04-28,5.3530872197534505,2.216666426385061,1.5774866826897036,1.0,1.1102230246251563e-16,True,0.4096353379686601,0.0002048176689843,400.0636671033081
2017-05-01,5.435152431152212,2.2222533443843115,1.5915228145410532,1.0,1.1102230246251563e-16,False,0.0,0.0,400.0636671033081
2017-05-02,5.153504149794454,2.223090897522176,1.5941895412204847,1.0,0.0,False,0.0,0.0,400.0636671033081
2017-05-03,5.162395229509354,2.2203908193734776,1.5890857671096996,1.0,0.0,False,0.0,0.0,400.0636671033081
2017-05-04,5.139574300685838,2.22299727028378,1.5896661778652743,1.0,0.0,False,0.0,0.0,400.0636671033081
2017-05-05,5.134383572809054,2.2317499387490147,1.5954665201874003,1.0,0.0,True,0.0893522596059585,4.467612980297926e-05,400.1530193629141
2017-05-08,5.063941959409638,2.23137707237856,1.598945972533977,1.0,1.1102230246251563e-16,False,0.0,0.0,400.1530193629141
2017-05-09,5.162939794355264,2.2293292639906883,1.6045149412529234,1.0,0.0,False,0.0,0.0,400.1530193629141
2017-05-10,5.252734819702747,2.233332567594537,1.605442506544101,1.0,1.1102230246251563e-16,False,0.0,0.0,400.1530193629141
2017-05-11,5.244613234036623,2.2287702929516318,1.6041657158388505,0.9999999999999998,2.220446049250313e-16,False,0.0,0.0,400.1530193629141
2017-05-12,5.268457833777523,2.225046228479841,1.6077626434729635,1.0,1.1102230246251563e-16,True,0.4422456892960147,0.000221122844648,400.5952650522101
2017-05-15,5.31055662357158,2.237336199715013,1.6128660410603803,1.0,0.0,False,0.0,0.0,400.5952650522101
2017-05-16,5.364397223834138,2.235287570035577,1.6195943251970524,1.0,0.0,False,0.0,0.0,400.5952650522101
2017-05-17,5.188675345230282,2.195624607976219,1.578414342111714,1.0,0.0,False,0.0,0.0,400.5952650522101
2017-05-18,5.329793242546843,2.204469589613347,1.592218253182339,1.0,1.1102230246251563e-16,False,0.0,0.0,400.5952650522101
2017-05-19,5.373740502096295,2.218808190527955,1.598945972533977,1.0,0.0,True,0.8337307597117106,0.0004168653798558,401.42899581192177
2017-05-22,5.430180822946222,2.2300738469234083,1.6124021642839526,1.0,0.0,False,0.0,0.0,401.42899581192177
2017-05-23,5.406894588450361,2.235008330903518,1.6140261095248056,1.0,1.1102230246251563e-16,False,0.0,0.0,401.42899581192177
2017-05-24,5.453181948828617,2.240222546790626,1.621450020564441,0.9999999999999998,2.220446049250313e-16,False,0.0,0.0,401.42899581192177
2017-05-25,5.496140868604052,2.2509289036303968,1.6352544964201003,0.9999999999999998,2.220446049250313e-16,False,0.0,0.0,401.42899581192177
2017-05-26,5.533391949883089,2.2504638883463617,1.638154291057801,1.0,0.0,True,0.0144513523348942,7.22567616744714e-06,401.4434471642567
2017-05-30,5.588331111042551,2.2485085573886963,1.6395459213870842,1.0,0.0,False,0.0,0.0,401.4434471642567
2017-05-31,5.65202179592895,2.247950243382891,1.6389666402015897,1.0,1.1102230246251563e-16,False,0.0,0.0,401.4434471642567
2017-06-01,5.766243815578225,2.265826475584061,1.645346828494257,1.0,1.1102230246251563e-16,False,0.0,0.0,401.4434471642567
2017-06-02,5.809663335216856,2.273367410474473,1.6641385444815535,0.9999999999999998,2.220446049250313e-16,False,0.0,0.0,401.4434471642567
2017-06-05,5.789425449752216,2.271691975682119,1.663789883852515,1.0,0.0,True,0.4253830074191805,0.0002126915037095,401.8688301716758
2017-06-06,5.744687231395427,2.264430115665453,1.6571788867417017,1.0,0.0,False,0.0,0.0,401.8688301716758
2017-06-07,5.72499264043782,2.2686200167128425,1.6636741029200797,1.0,1.1102230246251563e-16,False,0.0,0.0,401.8688301716758
2017-06-08,5.755320851975841,2.269737137499392,1.6654142056167238,1.0,1.1102230246251563e-16,False,0.0,0.0,401.8688301716758
2017-06-09,5.679311506687221,2.266292147901348,1.623769969231614,1.0,0.0,False,0.0,0.0,401.8688301716758
2017-06-12,5.684471305543032,2.265826475584061,1.615070020533452,1.0,0.0,True,0.417735610157155,0.0002088678050785,402.28656578183296
2017-06-13,5.755360327118778,2.2769061915692266,1.6281784929627792,1.0,0.0,False,0.0,0.0,402.28656578183296
2017-06-14,5.760148779867325,2.2740198444936137,1.6211030542905045,1.0,1.1102230246251563e-16,False,0.0,0.0,402.28656578183296
2017-06-15,5.760042893468565,2.2696440030359346,1.6139093872839807,1.0,0.0,False,0.0,0.0,402.28656578183296
2017-06-16,5.752940403144244,2.270139570366182,1.606907935451458,1.0,0.0,False,0.0,0.0,402.28656578183296
2017-06-19,5.842073805120684,2.2890389675988803,1.6337770187653031,1.0,0.0,True,0.4247727603202307,0.0002123863801601,402.7113385421532
2017-06-20,5.842435864171731,2.2736019713454025,1.6209823785544295,1.0,0.0,False,0.0,0.0,402.7113385421532
2017-06-21,5.944290499631376,2.273040043656712,1.637033569284233,1.0,0.0,False,0.0,0.0,402.7113385421532
2017-06-22,5.9241593448704055,2.272010636809292,1.636568939461093,1.0,0.0,False,0.0,0.0,402.7113385421532
2017-06-23,5.876110172224191,2.2747241841396546,1.6428499138490609,1.0,0.0,False,0.0,0.0,402.7113385421532
2017-06-26,5.851769294977548,2.276221234404117,1.635172979113192,1.0,0.0,True,0.0257885912354625,1.2894295617731295e-05,402.7371271333887
2017-06-27,5.756728281955861,2.2578836006017973,1.6055119751035571,1.0,0.0,False,0.0,0.0,402.7371271333887
2017-06-28,5.821206736140034,2.278092300847225,1.6286583719819083,1.0,1.1102230246251563e-16,False,0.0,0.0,402.7371271333887
2017-06-29,5.713775286829531,2.25807085507859,1.6003946461519205,1.0,1.1102230246251563e-16,False,0.0,0.0,402.7371271333887
2017-06-30,5.718226769770867,2.262281124156789,1.6009761864775631,0.9999999999999998,2.220446049250313e-16,False,0.0,0.0,402.7371271333887
2017-07-03,5.681821015102871,2.2661165557647767,1.584110010940467,1.0,0.0,True,0.8163340081708668,0.0004081670040854,403.5534611415596
2017-07-05,5.735417955348322,2.271355738915457,1.5996963835854532,1.0,0.0,False,0.0,0.0,403.5534611415596
2017-07-06,5.715563792894056,2.250585932272903,1.5852727150683965,1.0,0.0,False,0.0,0.0,403.5534611415596
2017-07-07,5.769963565561389,2.26518061189744,1.602371582040418,1.0,0.0,False,0.0,0.0,403.5534611415596
2017-07-10,5.753542483448757,2.26761360602924,1.612840437472065,1.0,0.0,False,0.0,0.0,403.5534611415596
2017-07-11,5.745354758847064,2.26592962980461,1.617376979144783,1.0,0.0,True,0.4260539066713357,0.0002130269533356,403.9795150482309
2017-07-12,5.828550389460095,2.2829571393026336,1.636568939461093,0.9999999999999998,2.220446049250313e-16,False,0.0,0.0,403.9795150482309
2017-07-13,5.865982353331892,2.2867935564605,1.6401745271324175,0.9999999999999996,4.440892098500626e-16,False,0.0,0.0,403.9795150482309
2017-07-14,5.933930362679741,2.297459177238652,1.653084948275714,0.9999999999999996,4.440892098500626e-16,False,0.0,0.0,403.9795150482309
2017-07-17,5.907003972544967,2.297178459781777,1.6538999330830069,0.9999999999999992,7.771561172376097e-16,False,0.0,0.0,403.9795150482309
2017-07-18,5.922790806467827,2.298394956847676,1.6649495757935844,1.0,0.0,True,0.0182299292222391,9.114964611119562e-06,403.9977449774531
2017-07-19,5.9783455881736,2.310838838122105,1.6747201686587758,1.0,1.1102230246251563e-16,False,0.0,0.0,403.9977449774531
2017-07-20,5.9829351488713485,2.311867095161335,1.6769303607672328,1.0,0.0,False,0.0,0.0,403.9977449774531
2017-07-21,5.978145464071147,2.309809267016373,1.6762324747241335,1.0,0.0,False,0.0,0.0,403.9977449774531
2017-07-24,6.003730717049988,2.309247503585996,1.68390940945999,1.0,0.0,False,0.0,0.0,403.9977449774531
2017-07-25,5.956833352618278,2.3148618527235127,1.67960537096052,0.9999999999999998,2.220446049250313e-16,True,1.2007780547253026,0.0006003890273626,405.1985230321784
2017-07-26,5.999227015369326,2.31495498718697,1.6850723018495974,0.9999999999999998,2.220446049250313e-16,False,0.0,0.0,405.1985230321784
2017-07-27,5.941140933592288,2.3128028747703597,1.6744878537471937,1.0,1.1102230246251563e-16,False,0.0,0.0,405.1985230321784
2017-07-28,5.921598891108802,2.3100896559566237,1.6730917051376264,0.9999999999999998,2.220446049250313e-16,False,0.0,0.0,405.1985230321784
2017-07-31,5.841791480506361,2.308780352943892,1.6659966872507563,0.9999999999999996,3.3306690738754696e-16,False,0.0,0.0,405.1985230321784
2017-08-01,5.830894552191073,2.3139260731144886,1.669835342880375,1.0,1.1102230246251563e-16,True,0.4405990698427693,0.0002202995349213,405.6391221020212
2017-08-02,5.84734412650423,2.3150479573921143,1.6743715080297368,0.9999999999999998,2.220446049250313e-16,False,0.0,0.0,405.6391221020212
2017-08-03,5.8086660779814485,2.310557463631979,1.667857842206831,0.9999999999999998,2.220446049250313e-16,False,0.0,0.0,405.6391221020212
2017-08-04,5.8029588846377465,2.3147675684518645,1.6708818895525128,0.9999999999999998,2.220446049250313e-16,False,0.0,0.0,405.6391221020212
2017-08-07,5.876095252474923,2.319071136251833,1.6814667141782729,0.9999999999999998,2.220446049250313e-16,False,0.0,0.0,405.6391221020212
2017-08-08,5.836639333647813,2.313364473942424,1.6785588242883818,1.0,0.0,True,0.4282629399548109,0.0002141314699774,406.067385041976
2017-08-09,5.8556685779975055,2.3132713394789666,1.6763482556565563,1.0,0.0,False,0.0,0.0,406.067385041976
2017-08-10,5.696550365197147,2.2806184294424825,1.6404075950906991,1.0,0.0,False,0.0,0.0,406.067385041976
2017-08-11,5.6661118969321205,2.2839865461500537,1.6528533864108563,1.0,0.0,False,0.0,0.0,406.067385041976
2017-08-14,5.8403694922555065,2.306628076268968,1.6741388165947986,1.0,0.0,False,0.0,0.0,406.067385041976
2017-08-15,5.864856463294575,2.306346866037154,1.6753017089844182,1.0,1.1102230246251563e-16,True,0.4236800669417448,0.0002118400334708,406.4910651089178
2017-08-16,5.794245731313372,2.310370701930125,1.678209410612631,0.9999999999999998,2.220446049250313e-16,False,0.0,0.0,406.4910651089178
2017-08-17,5.703291213481031,2.274350003702695,1.6438958957361651,0.9999999999999998,2.220446049250313e-16,False,0.0,0.0,406.4910651089178
2017-08-18,5.717170389054385,2.2707944682600183,1.6427337563932698,1.0,0.0,False,0.0,0.0,406.4910651089178
2017-08-21,5.665346200747353,2.2725722359813565,1.6406400982639473,0.9999999999999998,2.220446049250313e-16,False,0.0,0.0,406.4910651089178
2017-08-22,5.721615499936508,2.2963372929610264,1.665647461836696,1.0,1.1102230246251563e-16,True,0.0302153015552932,1.5107650777646616e-05,406.5212804104731
2017-08-23,5.757708828411579,2.288102695214918,1.6597159011244664,1.0,0.0,False,0.0,0.0,406.5212804104731
2017-08-24,5.772387286595864,2.2827702133424665,1.654830322299354,1.0,0.0,False,0.0,0.0,406.5212804104731
2017-08-25,5.688417735429646,2.288102695214918,1.6513407038221422,1.0,0.0,False,0.0,0.0,406.5212804104731
2017-08-28,5.673021186086418,2.2881968152282526,1.656459162343859,0.7988240760902916,0.2011759239097084,True,0.2209037640238444,0.0001104518820119,406.7421841744969
2017-08-29,5.673236112941615,2.290816406803593,1.6629730164284424,1.0,0.0,True,1.0081959303638195,0.0005040979651819,407.7503801048607
2017-08-30,5.742569009971769,2.3016692820585383,1.6825134491121014,1.0,1.1102230246251563e-16,False,0.0,0.0,407.7503801048607
2017-08-31,5.843117547557091,2.315516422100721,1.7005421405154362,1.0,0.0,False,0.0,0.0,407.7503801048607
2017-09-01,5.908594216236941,2.318791075828209,1.698215790951188,1.0,1.1102230246251563e-16,False,0.0,0.0,407.7503801048607
2017-09-05,5.85205585249767,2.3021372539922065,1.6829784554585971,1.0,1.1102230246251563e-16,False,0.0,0.0,407.7503801048607
2017-09-06,5.954365787848415,2.309996028718227,1.688097290503669,1.0,0.0,True,0.81705202626282,0.0004085260131314,408.5674321311236
2017-09-07,5.986216347296639,2.3097158040362897,1.692051350542355,1.0,0.0,False,0.0,0.0,408.5674321311236
2017-09-08,5.898910011325998,2.307002420964241,1.6773955553754187,1.0,1.1102230246251563e-16,False,0.0,0.0,408.5674321311236
2017-09-11,5.928638366119348,2.331609466056225,1.6967038614091858,1.0,0.0,False,0.0,0.0,408.5674321311236
2017-09-12,5.920043839062919,2.3394674194906804,1.70077502021204,1.0,1.1102230246251563e-16,False,0.0,0.0,408.5674321311236
2017-09-13,5.905048514305431,2.340590782093123,1.7031013697763004,1.0,0.0,True,0.4397463066850774,0.0002198731533425,409.0071784378087
2017-09-14,5.877437509417903,2.339841764185953,1.6930978972145052,1.0,0.0,False,0.0,0.0,409.0071784378087
2017-09-15,5.9035487434631175,2.342992402887144,1.6989136769942872,1.0,0.0,False,0.0,0.0,409.0071784378087
2017-09-18,5.933585389213747,2.3479753430695816,1.696687106119772,1.0,0.0,False,0.0,0.0,409.0071784378087
2017-09-19,6.03603886568835,2.350325386753328,1.699601961691785,1.0,0.0,False,0.0,0.0,409.0071784378087
2017-09-20,5.984464895378945,2.351172138356719,1.6943558617518717,1.0,1.1102230246251563e-16,True,0.0308633203813878,1.5431660190693948e-05,409.0380417581901
2017-09-21,5.959035975596866,2.3448723392791533,1.6839817019446282,0.9999999999999998,2.220446049250313e-16,False,0.0,0.0,409.0380417581901
2017-09-22,5.951587381318372,2.3453426108292037,1.6823498497132636,0.9999999999999998,2.220446049250313e-16,False,0.0,0.0,409.0380417581901
2017-09-25,5.898226375542847,2.340547746415123,1.6646310370331443,0.9999999999999998,2.220446049250313e-16,False,0.0,0.0,409.0380417581901
2017-09-26,5.928494559580888,2.341957575515396,1.6689443003548723,1.0,1.1102230246251563e-16,False,0.0,0.0,409.0380417581901
2017-09-27,6.018248378866572,2.351077525568445,1.6839817019446282,1.0,1.1102230246251563e-16,True,0.4184402134725709,0.0002092201067362,409.4564819716626
2017-09-28,6.0324990091541535,2.353898169318867,1.683399032048918,1.0,0.0,False,0.0,0.0,409.4564819716626
2017-09-29,6.046397904737374,2.3621725175767168,1.6955215780666608,1.0000000000000002,0.0,False,0.0,0.0,409.4564819716626
2017-10-02,6.093294312829062,2.3724214150148497,1.697037084580557,1.0,0.0,False,0.0,0.0,409.4564819716626
2017-10-03,6.116129002418092,2.377498803727248,1.700651144027427,1.0,1.1102230246251563e-16,False,0.0,0.0,409.4564819716626
2017-10-04,6.111301953764883,2.380319611735984,1.702283372782148,1.0,0.0,True,0.0251567710392177,1.2578385519608852e-05,409.4816387427019
2017-10-05,6.121813744335963,2.394423159004723,1.7189528148649469,1.0,0.0,False,0.0,0.0,409.4816387427019
2017-10-06,6.085407315306012,2.391696306751009,1.7212844357562034,1.0,0.0,False,0.0,0.0,409.4816387427019
2017-10-09,6.077211302338363,2.387747536907068,1.7193024168023758,1.0,1.1102230246251563e-16,False,0.0,0.0,409.4816387427019
2017-10-10,6.085362153344977,2.3940466789513826,1.7205844788346338,1.0,0.0,False,0.0,0.0,409.4816387427019
2017-10-11,6.011351957232946,2.397808194318531,1.725713291748676,1.0,1.1102230246251563e-16,True,0.4095516342717775,0.0002047758171358,409.89119037697367
2017-10-12,6.01135584502368,2.394234754719739,1.7225659330034273,0.9999999999999994,5.551115123125784e-16,False,0.0,0.0,409.89119037697367
2017-10-13,6.034425879002584,2.397150011258436,1.7292106289547338,0.9999999999999994,5.551115123125784e-16,False,0.0,0.0,409.89119037697367
2017-10-16,6.122223831250447,2.400346149512322,1.735155932769492,0.9999999999999992,7.771561172376097e-16,False,0.0,0.0,409.89119037697367
2017-10-17,6.117309811149305,2.4020394884607907,1.7373713962049695,0.9999999999999992,6.661338147750939e-16,False,0.0,0.0,409.89119037697367
2017-10-18,6.09232091739758,2.404389367886224,1.735272278486961,1.0,0.0,True,0.8176334266422864,0.0004088167133211,410.7088238036159
2017-10-19,6.07884100434978,2.405047879462945,1.7288610270172926,1.0,1.1102230246251563e-16,False,0.0,0.0,410.7088238036159
2017-10-20,6.189435036653625,2.41745890907478,1.7335242687998174,0.9999999999999994,5.551115123125784e-16,False,0.0,0.0,410.7088238036159
2017-10-23,6.151845074309097,2.408056434723412,1.7222167075893546,0.9999999999999994,5.551115123125784e-16,False,0.0,0.0,410.7088238036159
2017-10-24,6.168924677669625,2.412287728865672,1.7251309983763214,0.9999999999999994,5.551115123125784e-16,False,0.0,0.0,410.7088238036159
2017-10-25,6.178143026333583,2.400346149512322,1.7186032129275182,1.0,1.1102230246251563e-16,True,0.4075022364895507,0.0002037511182447,411.1163260401055
2017-10-26,6.159168104885388,2.403449317561063,1.7131238567676452,0.9999999999999996,3.3306690738754696e-16,False,0.0,0.0,411.1163260401055
2017-10-27,6.119852349093445,2.423100196575625,1.7630165903452968,1.0,1.1102230246251563e-16,False,0.0,0.0,411.1163260401055
2017-10-30,6.152629401425836,2.414074202277598,1.766979122159516,1.0,0.0,False,0.0,0.0,411.1163260401055
2017-10-31,6.130477619418536,2.417834896353181,1.7736243828958558,0.9999999999999998,2.220446049250313e-16,False,0.0,0.0,411.1163260401055
2017-11-01,6.1120183773098695,2.421031527382006,1.7730419012618237,1.0,0.0,True,0.4204727449496199,0.0002102363724748,411.5367987850551
2017-11-02,6.167074065024266,2.421971906223793,1.769661474558281,1.0,0.0,False,0.0,0.0,411.5367987850551
2017-11-03,6.129305818855918,2.430058835746537,1.7866799537934626,1.0,1.1102230246251563e-16,False,0.0,0.0,411.5367987850551
2017-11-06,6.255481646572244,2.433819365563808,1.7927414150640242,0.9999999999999998,2.220446049250313e-16,False,0.0,0.0,411.5367987850551
2017-11-07,6.13716257612183,2.4321270121652168,1.7937911621847002,0.9999999999999998,2.220446049250313e-16,False,0.0,0.0,411.5367987850551
2017-11-08,6.1515660205078095,2.436263857777515,1.801018339770051,1.0,1.1102230246251563e-16,True,1.2137440847834602,0.0006068720423917,412.75054286983857
2017-11-09,6.315946394383118,2.4274252822145943,1.7915760752725909,1.0,0.0,False,0.0,0.0,412.75054286983857
2017-11-10,6.414905075692698,2.4266731433994773,1.791459729555122,1.0,1.1102230246251563e-16,False,0.0,0.0,412.75054286983857
2017-11-13,6.337224962398288,2.428929888361454,1.793674439943875,0.9999999999999998,2.220446049250313e-16,False,0.0,0.0,412.75054286983857
2017-11-14,6.26309591032731,2.423288765118921,1.7871470310184403,1.0,1.1102230246251563e-16,False,0.0,0.0,412.75054286983857
2017-11-15,6.2578984360163785,2.41115943851384,1.7787537605949444,1.0,0.0,True,0.7999999999999998,0.0003999999999999,413.5505428698386
2017-11-16,6.30494045854265,2.431657069131793,1.8014844756866144,1.0,0.0,False,0.0,0.0,413.5505428698386
2017-11-17,6.416665211686588,2.4245108469674617,1.7946063352536707,1.0,0.0,False,0.0,0.0,413.5505428698386
2017-11-20,6.4091539230800505,2.428647692579761,1.7932077392422778,0.9999999999999998,2.220446049250313e-16,False,0.0,0.0,413.5505428698386
2017-11-21,6.499279281544856,2.444538206035365,1.8126751263945744,0.9999999999999998,2.220446049250313e-16,False,0.0,0.0,413.5505428698386
2017-11-22,6.48771909232792,2.442375416828411,1.814890589830052,1.0,0.0,True,0.8277698309069934,0.0004138849154534,414.3783127007456
2017-11-24,6.419442175600223,2.448016704329256,1.8215349092580024,1.0,0.0,False,0.0,0.0,414.3783127007456
2017-11-27,6.367937159372059,2.4467947867390283,1.8207191714039976,1.0,0.0,False,0.0,0.0,414.3783127007456
2017-11-28,6.449049444305313,2.471617010221011,1.8253812836164425,1.0,1.1102230246251563e-16,False,0.0,0.0,414.3783127007456
2017-11-29,6.29934711398572,2.4701128968490904,1.7935579059647406,0.9999999999999998,2.220446049250313e-16,False,0.0,0.0,414.3783127007456
2017-11-30,6.244565619001062,2.4917386535605623,1.8085951192928185,1.0,0.0,True,0.8324467693095507,0.0004162233846547,415.2107594700552
2017-12-01,6.280767438623408,2.4865674733514544,1.800901805790904,0.9999999999999998,2.220446049250313e-16,False,0.0,0.0,415.2107594700552
2017-12-04,6.023947487971589,2.483558425316048,1.7801523566063373,0.9999999999999996,4.440892098500626e-16,False,0.0,0.0,415.2107594700552
2017-12-05,6.083549914198007,2.474626386773043,1.7813178846594484,0.9999999999999994,5.551115123125784e-16,False,0.0,0.0,415.2107594700552
2017-12-06,6.039066025588909,2.4750960012898413,1.789361929668872,0.9999999999999996,4.440892098500626e-16,False,0.0,0.0,415.2107594700552
2017-12-07,6.129113918359713,2.4829000779976407,1.7954230144160652,1.0,0.0,True,0.8266782800974487,0.0004133391400487,416.0374377501526
2017-12-08,6.233354119025876,2.496438905186369,1.8033499606613077,1.0,1.1102230246251563e-16,False,0.0,0.0,416.0374377501526
2017-12-11,6.204490153601951,2.5039611146291008,1.817337991653731,1.0,1.1102230246251563e-16,False,0.0,0.0,416.0374377501526
2017-12-12,6.185576255496154,2.508380320281405,1.814890589830052,1.0,0.0,False,0.0,0.0,416.0374377501526
2017-12-13,6.210061223586756,2.508098288758025,1.8183875505127411,1.0,0.0,False,0.0,0.0,416.0374377501526
2017-12-14,6.200459135224444,2.497849719836519,1.8171051119571275,1.0,0.0,True,0.0217852366579112,1.089261832895562e-05,416.05922298681054
2017-12-15,6.186632597202647,2.5186505713002245,1.8377378389008687,1.0,0.0,False,0.0,0.0,416.05922298681054
2017-12-18,6.366125358317357,2.5346217355875003,1.8531461159977516,1.0,0.0,False,0.0,0.0,416.05922298681054
2017-12-19,6.4076696947448255,2.52488795221886,1.8421655653232745,1.0,1.1102230246251563e-16,False,0.0,0.0,416.05922298681054
2017-12-20,6.485312151079458,2.523564522991213,1.8401801576592307,1.0,0.0,False,0.0,0.0,416.05922298681054
2017-12-21,6.43240629065023,2.52876214878871,1.8404136021408684,1.0,1.1102230246251563e-16,True,0.4290159459503546,0.0002145079729751,416.4882389327609
2017-12-22,6.462833616721054,2.5281013375956074,1.8383105309276104,1.0,0.0,False,0.0,0.0,416.4882389327609
2017-12-26,6.448126429054012,2.525077177795408,1.8283816099906007,0.9999999999999998,2.220446049250313e-16,False,0.0,0.0,416.4882389327609
2017-12-27,6.412546578585847,2.526305172943216,1.8286144896872047,0.9999999999999998,2.220446049250313e-16,False,0.0,0.0,416.4882389327609
2017-12-28,6.368943666204948,2.531503127257339,1.830833906617932,0.9999999999999996,3.3306690738754696e-16,False,0.0,0.0,416.4882389327609
2017-12-29,6.29980009754234,2.5219584052069344,1.819503754006014,1.0000000000000002,0.0,True,0.0327374851903021,1.6368742595151088e-05,416.5209764179512
2018-01-02,6.4574310679526405,2.5400084227032327,1.8513937762919896,0.9999999999999998,2.220446049250313e-16,False,0.0,0.0,416.5209764179512
2018-01-03,6.500761655679753,2.5560743640370958,1.8693829327428015,1.0,0.0,False,0.0,0.0,416.5209764179512
2018-01-04,6.410153030492922,2.5668475740102474,1.8726541676726756,1.0,0.0,False,0.0,0.0,416.5209764179512
2018-01-05,6.434228519801445,2.5839537632401863,1.89146094459426,1.0,0.0,False,0.0,0.0,416.5209764179512
2018-01-08,6.455146895899243,2.588678489354625,1.8988202818780784,1.0000000000000002,0.0,True,0.8757794982322827,0.0004378897491161,417.3967559161835
2018-01-09,6.380567003826241,2.594537254861851,1.8989375689039376,1.0,1.1102230246251563e-16,False,0.0,0.0,417.3967559161835
2018-01-10,6.408037294322394,2.5905691025369784,1.8944983585191268,0.9999999999999998,2.220446049250313e-16,False,0.0,0.0,417.3967559161835
2018-01-11,6.490892823687576,2.60946981383618,1.907464693381016,0.9999999999999996,3.3306690738754696e-16,False,0.0,0.0,417.3967559161835
2018-01-12,6.560465146544525,2.62648056898628,1.9214822814570167,0.9999999999999996,4.440892098500626e-16,False,0.0,0.0,417.3967559161835
2018-01-16,6.468620792953565,2.617501881082389,1.915992382643128,1.0,0.0,True,0.4253699510305101,0.0002126849755152,417.822125867214
2018-01-17,6.549553147526866,2.642451733273554,1.9366682215112991,1.0,0.0,False,0.0,0.0,417.822125867214
2018-01-18,6.610405901285457,2.6380101884906857,1.937018576495452,1.0,0.0,False,0.0,0.0,417.822125867214
2018-01-19,6.767338558212362,2.6500117221282715,1.943093027821831,1.0,0.0,False,0.0,0.0,417.822125867214
2018-01-22,6.810997204249458,2.671559291882766,1.963885965454183,1.0,1.1102230246251563e-16,False,0.0,0.0,417.822125867214
2018-01-23,6.889434333859442,2.6772298173633216,1.9801235352459452,0.9999999999999998,2.220446049250313e-16,True,0.0210919483949499,1.0545974197474994e-05,417.84321781560897
2018-01-24,6.920370259990423,2.6761915405670007,1.9672739226248808,0.9999999999999998,2.220446049250313e-16,False,0.0,0.0,417.84321781560897
2018-01-25,6.902419811451171,2.677323608860031,1.966573212656588,0.9999999999999996,3.3306690738754696e-16,False,0.0,0.0,417.84321781560897
2018-01-26,6.966238531440865,2.708321780651596,1.996710706975124,0.9999999999999996,3.3306690738754696e-16,False,0.0,0.0,417.84321781560897
2018-01-29,6.952103729898258,2.690365554652006,1.9870154187814428,0.9999999999999996,3.3306690738754696e-16,False,0.0,0.0,417.84321781560897
2018-01-30,6.8496253520202375,2.662770322330364,1.97066187979558,1.0,0.0,True,0.4136974019144626,0.0002068487009572,418.2569152175234
2018-01-31,6.751126870354781,2.664093258783072,1.9788382727651488,1.0,0.0,False,0.0,0.0,418.2569152175234
2018-02-01,6.680010511519483,2.6610692632411848,1.9620174682926423,1.0,0.0,False,0.0,0.0,418.2569152175234
2018-02-02,6.499941792122235,2.6031374916126446,1.922884454440304,1.0,1.1102230246251563e-16,False,0.0,0.0,418.2569152175234
2018-02-05,6.263283532142123,2.494268067322079,1.8470714764096947,1.0,0.0,False,0.0,0.0,418.2569152175234
2018-02-06,6.385670450002746,2.5434105408815904,1.896016688958217,1.0,1.1102230246251563e-16,True,0.8181864555831839,0.0004090932277915,419.0751016731066
2018-02-07,6.399824021871616,2.529613171108238,1.8714865687410944,1.0,1.1102230246251563e-16,False,0.0,0.0,419.0751016731066
2018-02-08,6.380502868170623,2.4347291923593817,1.79251945454478,1.0,0.0,False,0.0,0.0,419.0751016731066
2018-02-09,6.420360879759419,2.4713037696181663,1.8234751341191464,1.0,0.0,False,0.0,0.0,419.0751016731066
2018-02-12,6.567569031842502,2.507593522962251,1.855833363200156,1.0,0.0,False,0.0,0.0,419.0751016731066
2018-02-13,6.75526990619724,2.513830411105946,1.8654117408913464,1.0,0.0,True,0.8531480676220224,0.000426574033811,419.9282497407287
2018-02-14,6.982739906485017,2.547758129909437,1.9003395536255587,1.0,0.0,False,0.0,0.0,419.9282497407287
2018-02-15,7.049259016962555,2.58026797095532,1.935617344820543,1.0,1.1102230246251563e-16,False,0.0,0.0,419.9282497407287
2018-02-16,6.945208667271963,2.581023066420069,1.9269725567942495,1.0,0.0,False,0.0,0.0,419.9282497407287
2018-02-20,6.824175400209502,2.564863333589498,1.930828155974948,1.0,0.0,False,0.0,0.0,419.9282497407287
2018-02-21,6.944603762651785,2.5521053904206576,1.925337315852681,1.0,0.0,True,1.2159771653449925,0.0006079885826724,421.1442269060737
2018-02-22,6.989001420513886,2.555413060069054,1.9251038713710316,1.0,0.0,False,0.0,0.0,421.1442269060737
2018-02-23,7.109541669429841,2.596145343745885,1.9644703297050077,1.0,0.0,False,0.0,0.0,421.1442269060737
2018-02-26,7.166468666440133,2.626291014893105,1.9905200981929536,1.0,0.0,False,0.0,0.0,421.1442269060737
2018-02-27,7.009177180208084,2.5934973354824,1.9658725026883064,0.9999999999999998,2.220446049250313e-16,False,0.0,0.0,421.1442269060737
2018-02-28,7.013684662752423,2.567225532388405,1.953256711072236,0.9999999999999998,2.220446049250313e-16,True,0.7999999999999998,0.0003999999999999,421.9442269060737
2018-03-01,6.911762194182066,2.529896516698122,1.9213653709545144,1.0,1.1102230246251563e-16,False,0.0,0.0,421.9442269060737
2018-03-02,6.98763176843739,2.542938133973472,1.9390047372062076,0.9999999999999996,3.3306690738754696e-16,False,0.0,0.0,421.9442269060737
2018-03-05,7.00286282166222,2.5723287096559413,1.9604985730685305,0.9999999999999998,2.220446049250313e-16,False,0.0,0.0,421.9442269060737
2018-03-06,7.123811895835296,2.578849271906146,1.968792253063959,0.9999999999999996,3.3306690738754696e-16,False,0.0,0.0,421.9442269060737
2018-03-07,7.056686694604716,2.5779054436397866,1.9733479974279045,1.0,0.0,True,0.4275568650893193,0.0002137784325446,422.3717837711631
2018-03-08,6.979365599470827,2.590380369735369,1.984211825861569,1.0,0.0,False,0.0,0.0,422.3717837711631
2018-03-09,7.127491189727149,2.6354581070819787,2.022760475463083,1.0,0.0,False,0.0,0.0,422.3717837711631
2018-03-12,7.089664210268925,2.6321507659502084,2.0335083347026344,1.0,0.0,False,0.0,0.0,422.3717837711631
2018-03-13,7.021693937096664,2.6151400108001086,2.005822572226383,0.9999999999999998,2.220446049250313e-16,False,0.0,0.0,422.3717837711631
2018-03-14,7.039182888869629,2.601720435146601,2.00547240550392,1.0,1.1102230246251563e-16,True,0.4184326954036531,0.0002092163477018,422.79021646656673
2018-03-15,7.015351821684408,2.5988848438896976,2.003720065798159,1.0,0.0,False,0.0,0.0,422.79021646656673
2018-03-16,7.081008281776865,2.601703188023739,1.997762148450914,1.0000000000000002,0.0,False,0.0,0.0,422.79021646656673
2018-03-19,6.976821236773626,2.566501153228181,1.9551376335045847,1.0,1.1102230246251563e-16,False,0.0,0.0,422.79021646656673
2018-03-20,7.086973852996669,2.570866317895516,1.961573170730798,0.9999999999999998,2.220446049250313e-16,False,0.0,0.0,422.79021646656673
2018-03-21,7.070868147045942,2.5659321624320324,1.9530319266278224,1.0,0.0,True,0.8046525678997252,0.0004023262839498,423.59486903446646
2018-03-22,6.9337966274949645,2.501791426573002,1.90482658247676,1.0,0.0,False,0.0,0.0,423.59486903446646
2018-03-23,6.81808238036089,2.4484661150735585,1.854631124119692,1.0000000000000002,0.0,False,0.0,0.0,423.59486903446646
2018-03-26,7.0637108221947225,2.5154539402714007,1.9235465707644528,0.9999999999999998,2.220446049250313e-16,False,0.0,0.0,423.59486903446646
2018-03-27,6.813651354399036,2.4726616930915384,1.8613002940892336,0.9999999999999998,2.220446049250313e-16,False,0.0,0.0,423.59486903446646
2018-03-28,6.755083582971427,2.465355647588682,1.8398885403188523,0.9999999999999998,2.220446049250313e-16,True,0.0319730821720305,1.5986541086015287e-05,423.6268421166385
2018-03-29,6.906811101858106,2.4968571068512047,1.8735864395058144,1.0,0.0,False,0.0,0.0,423.6268421166385
2018-04-02,6.60670654880623,2.442963133072239,1.819530110641041,1.0,0.0,False,0.0,0.0,423.6268421166385
2018-04-03,6.679889447459042,2.4742742169500227,1.8400052625596772,1.0,0.0,False,0.0,0.0,423.6268421166385
2018-04-04,6.779030468459369,2.500747400735727,1.8690229764130355,0.8073918587565991,0.1926081412434008,True,0.2319076804045309,0.0001159538402022,423.858749797043
2018-04-05,6.773708347386994,2.5204833655564105,1.87967049217782,1.0,1.1102230246251563e-16,True,0.6089857788783404,0.0003044928894391,424.4677355759213
2018-04-06,6.559428328980089,2.464312443042972,1.8326346295751303,1.0,1.1102230246251563e-16,False,0.0,0.0,424.4677355759213
2018-04-09,6.699888897642801,2.476457374187786,1.84550570402757,1.0,0.0,False,0.0,0.0,424.4677355759213
2018-04-10,6.8269098291473895,2.515833376974375,1.88622256338318,1.0,0.0,False,0.0,0.0,424.4677355759213
2018-04-11,6.827121295846786,2.502644912767225,1.8753416031367585,1.0,0.0,False,0.0,0.0,424.4677355759213
2018-04-12,6.938985844968939,2.523234528040444,1.8979228384555005,1.0,0.0,True,0.4176581634589176,0.0002088290817294,424.8853937393802
2018-04-13,6.893938735082439,2.515833376974375,1.8880948257783048,0.9999999999999996,3.3306690738754696e-16,False,0.0,0.0,424.8853937393802
2018-04-16,6.792982396714166,2.53651875484406,1.9024857367632453,0.9999999999999992,6.661338147750939e-16,False,0.0,0.0,424.8853937393802
2018-04-17,6.9667659563489535,2.5636552136975603,1.943437546693942,0.9999999999999992,6.661338147750939e-16,False,0.0,0.0,424.8853937393802
2018-04-18,6.997295082726791,2.565552889987371,1.9474155159658169,0.9999999999999992,8.881784197001252e-16,False,0.0,0.0,424.8853937393802
2018-04-19,6.8647684426990105,2.5513202356846327,1.9295142777189884,1.0,0.0,True,0.0456762247403394,2.2838112370169736e-05,424.9310699641206
2018-04-20,6.762978109832326,2.5296867588324514,1.8989757860247267,1.0,0.0,False,0.0,0.0,424.9310699641206
2018-04-23,6.704229323788508,2.5293066650962253,1.8941785019269413,1.0,1.1102230246251563e-16,False,0.0,0.0,424.9310699641206
2018-04-24,6.562220852052296,2.495243925959468,1.8540467598688677,0.9999999999999996,4.440892098500626e-16,False,0.0,0.0,424.9310699641206
2018-04-25,6.423449824518825,2.501411332836776,1.856269565509811,0.9999999999999994,5.551115123125784e-16,False,0.0,0.0,424.9310699641206
2018-04-26,6.526600027381233,2.526839833751952,1.8953491130453823,1.0,0.0,True,0.0252064290079937,1.260321450399686e-05,424.9562763931286
2018-04-27,6.435451464310833,2.5292122165662643,1.8965185945937435,1.0,0.0,False,0.0,0.0,424.9562763931286
2018-04-30,6.399487093691305,2.509760911401968,1.8830633441521576,1.0,0.0,False,0.0,0.0,424.9562763931286
2018-05-01,6.437566118241008,2.5142205245992644,1.90459238494841,1.0,1.1102230246251563e-16,False,0.0,0.0,424.9562763931286
2018-05-02,6.457308665098636,2.4973316491173927,1.893359751886077,1.0,0.0,False,0.0,0.0,424.9562763931286
2018-05-03,6.355839482465122,2.491828010082821,1.8931263074044395,0.9999999999999998,2.220446049250313e-16,True,0.4250641071870626,0.0002125320535935,425.3813405003156
2018-05-04,6.312704382336374,2.524088835526232,1.9290460709239552,0.9999999999999996,3.3306690738754696e-16,False,0.0,0.0,425.3813405003156
2018-05-07,6.415707662383001,2.532628296701225,1.9450757998223709,0.9999999999999992,6.661338147750939e-16,False,0.0,0.0,425.3813405003156
2018-05-08,6.419659668385668,2.532628296701225,1.9430864386630773,0.9999999999999992,8.881784197001252e-16,False,0.0,0.0,425.3813405003156
2018-05-09,6.779767702361867,2.55710787734234,1.9642645596901431,0.999999999999999,9.992007221626409e-16,False,0.0,0.0,425.3813405003156
2018-05-10,6.830892387203339,2.5810187957039323,1.984622612844586,1.0,0.0,True,0.5008732036252008,0.0002504366018126,425.8822137039408
2018-05-11,6.888499286152777,2.5888948175528146,1.982750350449474,1.0,1.1102230246251563e-16,False,0.0,0.0,425.8822137039408
2018-05-14,6.904154543453296,2.590127247675073,1.986144331993892,0.9999999999999996,3.3306690738754696e-16,False,0.0,0.0,425.8822137039408
2018-05-15,7.049813523333035,2.572288959144201,1.964147272664284,0.9999999999999994,5.551115123125784e-16,False,0.0,0.0,425.8822137039408
2018-05-16,7.379674846573829,2.58310619034523,1.97713469283418,0.9999999999999992,7.771561172376097e-16,False,0.0,0.0,425.8822137039408
2018-05-17,7.246226572305929,2.5809236901407195,1.969529485797928,1.0,0.0,True,1.2233608821311646,0.0006116804410655,427.105574586072
2018-05-18,7.22016809433205,2.5744712950903987,1.959349988566499,1.0,0.0,False,0.0,0.0,427.105574586072
2018-05-21,7.318165667374328,2.5938278232081085,1.9703484241004696,1.0,0.0,False,0.0,0.0,427.105574586072
2018-05-22,7.365671139368617,2.586617047526778,1.9677737573819505,0.9999999999999998,2.220446049250313e-16,False,0.0,0.0,427.105574586072
2018-05-23,7.457232387936997,2.5937323891282693,1.9843886035779144,0.9999999999999998,2.220446049250313e-16,False,0.0,0.0,427.105574586072
2018-05-24,7.460711574404621,2.5884197825116884,1.9838042393270896,1.0,0.0,True,1.2281347575868702,0.0006140673787934,428.3337093436588
2018-05-25,7.253566039234877,2.582252704151008,1.985793035701349,1.0,0.0,False,0.0,0.0,428.3337093436588
2018-05-29,7.267359895169241,2.5525531585818304,1.9770174058083332,1.0,0.0,False,0.0,0.0,428.3337093436588
2018-05-30,7.455903697361546,2.586617047526778,1.9911756253583488,1.0,0.0,False,0.0,0.0,428.3337093436588
2018-05-31,7.374181660958771,2.5707710480739903,1.9898882919990823,1.0,0.0,False,0.0,0.0,428.3337093436588
2018-06-01,7.520211497318956,2.596010487670932,2.021128246708362,1.0,0.0,True,0.0140783341306175,7.039167065308758e-06,428.3477876777894
2018-06-04,7.312374404856101,2.608345137167233,2.0393807812477207,1.0,0.0,False,0.0,0.0,428.3477876777894
2018-06-05,7.32844289473082,2.610243306231983,2.04569884318641,1.0,1.1102230246251563e-16,False,0.0,0.0,428.3477876777894
2018-06-06,7.374158298916895,2.632065680144087,2.05763350404877,0.9999999999999998,2.220446049250313e-16,False,0.0,0.0,428.3477876777894
2018-06-07,7.427902609642034,2.6317810204876992,2.0409017473503024,0.9999999999999998,2.220446049250313e-16,False,0.0,0.0,428.3477876777894
2018-06-08,7.446579393547812,2.6395617725150564,2.041019222637839,1.0,1.1102230246251563e-16,True,0.415577560225461,0.0002077887801127,428.7633652380149
2018-06-11,7.493806709324451,2.643071972663352,2.046518534535664,0.9999999999999996,3.3306690738754696e-16,False,0.0,0.0,428.7633652380149
2018-06-12,7.430652353839486,2.6464882170566244,2.057282396017905,0.9999999999999996,3.3306690738754696e-16,False,0.0,0.0,428.7633652380149
2018-06-13,7.376431486595104,2.6380436971865326,2.0571656737770923,0.9999999999999996,4.440892098500626e-16,False,0.0,0.0,428.7633652380149
2018-06-14,7.347122167603019,2.644685482071714,2.077992498511615,0.9999999999999996,4.440892098500626e-16,False,0.0,0.0,428.7633652380149
2018-06-15,7.146967188192306,2.641311944839815,2.070738022982847,1.0,0.0,True,0.4182577062148907,0.0002091288531074,429.1816229442298
2018-06-18,7.298262142077871,2.635878936879823,2.0695418082761026,1.0,0.0,False,0.0,0.0,429.1816229442298
2018-06-19,7.326327554109061,2.625776393598552,2.063679527861664,1.0,0.0,False,0.0,0.0,429.1816229442298
2018-06-20,7.411674691970319,2.630256046310031,2.078336264337002,1.0,0.0,False,0.0,0.0,429.1816229442298
2018-06-21,7.245760684013288,2.6137668113036296,2.060278580635136,1.0,1.1102230246251563e-16,False,0.0,0.0,429.1816229442298
2018-06-22,7.465376924518486,2.618532437738,2.055706080981777,1.0,0.0,True,0.4246206095644986,0.0002123103047822,429.6062435537943
2018-06-25,7.227112864139262,2.5828864127224684,2.0093903193002864,1.0000000000000002,0.0,False,0.0,0.0,429.6062435537943
2018-06-26,7.350445152275579,2.5886055586636645,2.0175979637085355,1.0,1.1102230246251563e-16,False,0.0,0.0,429.6062435537943
2018-06-27,7.404236539473136,2.5671613073880315,1.9901608949099117,1.0,1.1102230246251563e-16,False,0.0,0.0,429.6062435537943
2018-06-28,7.323761616070413,2.5818384446856824,2.0072800941432285,1.0,1.1102230246251563e-16,False,0.0,0.0,429.6062435537943
2018-06-29,7.306572222521814,2.5855561030832663,2.0126737912392776,1.0,0.0,True,0.4412367435715583,0.0002206183717857,430.0474802973658
2018-07-02,7.324411458519172,2.591083559573219,2.0261574691943487,1.0,0.0,False,0.0,0.0,430.0474802973658
2018-07-03,7.399741728161259,2.581933550248895,2.0027072179665133,1.0,0.0,False,0.0,0.0,430.0474802973658
2018-07-05,7.326500073943907,2.602996886496737,2.0275651017663336,1.0,0.0,False,0.0,0.0,430.0474802973658
2018-07-06,7.394820717372998,2.6250142350263435,2.059106086899915,1.0,1.1102230246251563e-16,False,0.0,0.0,430.0474802973658
2018-07-09,7.381811237584098,2.648650677746953,2.0776325421818487,1.0,1.1102230246251563e-16,True,0.8288753275321659,0.000414437663766,430.876355624898
2018-07-10,7.350783990531938,2.6581807808075038,2.079157085256324,1.0,1.1102230246251563e-16,False,0.0,0.0,430.876355624898
2018-07-11,7.305152830444509,2.6387386741087338,2.0686042651159555,1.0,0.0,False,0.0,0.0,430.876355624898
2018-07-12,7.338095813730409,2.6626614190688604,2.1042493548461843,1.0,0.0,False,0.0,0.0,430.876355624898
2018-07-13,7.260173179222669,2.664758012175685,2.106007907187332,1.0,0.0,False,0.0,0.0,430.876355624898
2018-07-16,7.261756297718539,2.662374788312718,2.100965882907193,1.0,0.0,True,0.0178357977883186,8.917898894159324e-06,430.89419142268633
2018-07-17,7.287123520596388,2.673144220344671,2.113746780015513,1.0,1.1102230246251563e-16,False,0.0,0.0,430.89419142268633
2018-07-18,7.256249150814509,2.678767439431089,2.109760527229758,0.9999999999999998,2.220446049250313e-16,False,0.0,0.0,430.89419142268633
2018-07-19,7.274102825630336,2.6686650604081312,2.099207330566034,1.0000000000000002,0.0,False,0.0,0.0,430.89419142268633
2018-07-20,7.221639976934319,2.665616097602672,2.09873893550931,1.0,1.1102230246251563e-16,False,0.0,0.0,430.89419142268633
2018-07-23,7.2359296592011795,2.670571442388529,2.105421660319728,1.0,0.0,True,0.0071391015555766,3.5695507777883244e-06,430.9013305242419
2018-07-24,7.109425621329388,2.6840102362646547,2.114098264569721,1.0,0.0,False,0.0,0.0,430.9013305242419
2018-07-25,7.194108933646144,2.7068840276381176,2.143646688095472,1.0,0.0,False,0.0,0.0,430.9013305242419
2018-07-26,7.409453971727332,2.700499471271056,2.111167406755019,1.0,0.0,False,0.0,0.0,430.9013305242419
2018-07-27,7.266097348362656,2.682199452622408,2.082674378200321,1.0,0.0,False,0.0,0.0,430.9013305242419
2018-07-30,7.124077500759084,2.66818920407544,2.05324324170043,1.0,0.0,True,0.5107522305779224,0.0002553761152889,431.41208275481983
2018-07-31,7.0411002157924,2.681341367195422,2.0689561261935325,0.9999999999999998,2.220446049250313e-16,False,0.0,0.0,431.41208275481983
2018-08-01,6.953128177550981,2.676861878742256,2.0768113447391703,0.9999999999999996,3.3306690738754696e-16,False,0.0,0.0,431.41208275481983
2018-08-02,6.867866461722778,2.691444567509945,2.1050697992421505,0.9999999999999998,2.220446049250313e-16,False,0.0,0.0,431.41208275481983
2018-08-03,6.927608976845678,2.702976486630733,2.111519079570918,0.9999999999999996,4.440892098500626e-16,False,0.0,0.0,431.41208275481983
2018-08-06,7.057933768634145,2.71288947581883,2.123947927339983,1.0,0.0,True,0.0268815786565441,1.3440789328272084e-05,431.4389643334764
2018-08-07,7.072256269993464,2.7218481242085373,2.13168717669152,1.0,0.0,False,0.0,0.0,431.4389643334764
2018-08-08,7.061072878277176,2.720704229316973,2.134266549952002,0.9999999999999998,2.220446049250313e-16,False,0.0,0.0,431.4389643334764
2018-08-09,7.065332773975307,2.716987063694328,2.132976580929244,0.9999999999999998,2.220446049250313e-16,False,0.0,0.0,431.4389643334764
2018-08-10,7.011128469574552,2.698783464675397,2.1166780143535715,0.9999999999999998,2.220446049250313e-16,False,0.0,0.0,431.4389643334764
2018-08-13,7.042484152600553,2.6886802643608725,2.114333215144795,1.0,0.0,True,0.4224610719799936,0.0002112305359899,431.8614254054564
2018-08-14,7.122100680184484,2.7058357310847048,2.127583260356551,0.9999999999999996,3.3306690738754696e-16,False,0.0,0.0,431.8614254054564
2018-08-15,7.0249892838201005,2.6856304802638493,2.101552129774797,0.9999999999999996,3.3306690738754696e-16,False,0.0,0.0,431.8614254054564
2018-08-16,7.052874856895977,2.7073607052623734,2.1084703699453224,0.9999999999999996,4.440892098500626e-16,False,0.0,0.0,431.8614254054564
2018-08-17,7.059964480075723,2.716892122389428,2.108939141525402,0.9999999999999994,5.551115123125784e-16,False,0.0,0.0,431.8614254054564
2018-08-20,7.1196951462974045,2.7227060453772105,2.107063113896706,1.0,0.0,True,0.016082757777721,8.041378888860515e-06,431.8775081632341
2018-08-21,7.221114916381832,2.729091915810776,2.114801986724875,0.9999999999999998,2.220446049250313e-16,False,0.0,0.0,431.8775081632341
2018-08-22,7.186401594704654,2.7274718360698937,2.12301000765648,0.9999999999999996,3.3306690738754696e-16,False,0.0,0.0,431.8775081632341
2018-08-23,7.214666161301394,2.7238502687854007,2.1199607332458505,0.9999999999999998,2.220446049250313e-16,False,0.0,0.0,431.8775081632341
2018-08-24,7.364572628840919,2.7402430841620853,2.1396604353097293,1.0,1.1102230246251563e-16,False,0.0,0.0,431.8775081632341
2018-08-27,7.50772456993894,2.761878696372335,2.16146979774562,1.0,0.0,True,0.4609403731849867,0.0002304701865924,432.3384485364191
2018-08-28,7.48187393492888,2.7632121453570737,2.1646352296120406,1.0,1.1102230246251563e-16,False,0.0,0.0,432.3384485364191
2018-08-29,7.563522821464748,2.778081136364281,2.189610212176029,1.0,1.1102230246251563e-16,False,0.0,0.0,432.3384485364191
2018-08-30,7.498905343425533,2.766834041158193,2.185741058154468,1.0,1.1102230246251563e-16,False,0.0,0.0,432.3384485364191
2018-08-31,7.513955160523054,2.7669286539464677,2.188554628943311,1.0000000000000002,0.0,False,0.0,0.0,432.3384485364191
2018-09-04,7.637578555831462,2.762164505836913,2.179175055584876,1.0,0.0,True,1.6,0.0008,433.9384485364191
2018-09-05,7.668009084384494,2.754729846074997,2.151033511584386,1.0,0.0,False,0.0,0.0,433.9384485364191
2018-09-06,7.570246230901427,2.746437593661033,2.131804275455689,1.0,0.0,False,0.0,0.0,433.9384485364191
2018-09-07,7.544608205333668,2.7411008410724453,2.1235960662624063,1.0,0.0,False,0.0,0.0,433.9384485364191
2018-09-10,7.727253412991065,2.745865481956938,2.130748503961293,1.0,0.0,False,0.0,0.0,433.9384485364191
2018-09-11,7.753081796454342,2.754920221459736,2.1471649223478586,1.0,0.0,True,0.0540821092300127,2.704105461500639e-05,433.99253064564914
2018-09-12,7.893554447148788,2.75558727446873,2.140832740783272,1.0,0.0,False,0.0,0.0,433.99253064564914
2018-09-13,7.819006907027169,2.7718856413154547,2.163696933405169,0.9999999999999998,2.220446049250313e-16,False,0.0,0.0,433.99253064564914
2018-09-14,7.9426886063631486,2.7723616619064586,2.1573649401022603,0.9999999999999998,2.220446049250313e-16,False,0.0,0.0,433.99253064564914
2018-09-17,7.904775004015261,2.757684524608808,2.126293479595471,1.0,0.0,False,0.0,0.0,433.99253064564914
2018-09-18,8.020406427636877,2.772647799887663,2.1438812621471897,1.0,0.0,True,1.2211258523624635,0.0006105629261812,435.2136564980116
2018-09-19,7.970076579788398,2.7756024784214737,2.142239432046855,0.9999999999999998,2.220446049250313e-16,False,0.0,0.0,435.2136564980116
2018-09-20,7.962162147522309,2.798096011800397,2.1659253868964763,0.9999999999999998,2.220446049250313e-16,False,0.0,0.0,435.2136564980116
2018-09-21,8.020527849451586,2.795538838383988,2.1540822212099813,1.0,0.0,False,0.0,0.0,435.2136564980116
2018-09-24,7.924268740567211,2.786251673368329,2.160073460874363,1.0,0.0,False,0.0,0.0,435.2136564980116
2018-09-25,7.777936057547847,2.78366690455534,2.163009778277751,1.0,0.0,True,0.4315226011571685,0.0002157613005785,435.6451790991688
2018-09-26,7.724745301464328,2.7753376940209566,2.1645369570157307,1.0,0.0,False,0.0,0.0,435.6451790991688
2018-09-27,7.824336299686859,2.783092657493176,2.182861407516384,1.0,1.1102230246251563e-16,False,0.0,0.0,435.6451790991688
2018-09-28,7.75577785360336,2.78338043805751,2.1823918828895925,1.0,0.0,False,0.0,0.0,435.6451790991688
2018-10-01,7.798742177450187,2.7930509819756546,2.1868551907692697,1.0,0.0,False,0.0,0.0,435.6451790991688
2018-10-02,7.611661496856115,2.791422525060811,2.181921605216089,0.9999999999999998,2.220446049250313e-16,True,0.4251651973698765,0.0002125825986849,436.0703442965387
2018-10-03,7.593191739050599,2.7929540695709987,2.1842714874901827,1.0,0.0,False,0.0,0.0,436.0703442965387
2018-10-04,7.455868168642288,2.771125782359628,2.142336198549728,1.0,1.1102230246251563e-16,False,0.0,0.0,436.0703442965387
2018-10-05,7.38924513351712,2.75561536264025,2.116140715522425,1.0,0.0,False,0.0,0.0,436.0703442965387
2018-10-08,7.440493089185439,2.75561536264025,2.1032203165101597,1.0,0.0,False,0.0,0.0,436.0703442965387
2018-10-09,7.444443179134614,2.751594976171852,2.110033318402265,1.0,0.0,True,0.4588883598680732,0.000229444179934,436.5292326564068
2018-10-10,7.076658028870629,2.66447072438629,2.017235371715265,1.0,0.0,False,0.0,0.0,436.5292326564068
2018-10-11,6.952875012460138,2.605781064901679,1.992215018086699,1.0,1.1102230246251563e-16,False,0.0,0.0,436.5292326564068
2018-10-12,7.135956789378763,2.6419707849331613,2.047658835523816,0.9999999999999998,2.220446049250313e-16,False,0.0,0.0,436.5292326564068
2018-10-15,7.137554752826098,2.62713136042229,2.02287380899368,0.9999999999999998,2.220446049250313e-16,False,0.0,0.0,436.5292326564068
2018-10-16,7.397189620308511,2.684575777636231,2.0817236567226542,0.9999999999999998,2.220446049250313e-16,True,0.0372656565172131,1.863282825860656e-05,436.566498312924
2018-10-17,7.316631225522699,2.685054590618556,2.0825457954737345,0.9999999999999998,2.220446049250313e-16,False,0.0,0.0,436.566498312924
2018-10-18,7.168808580971658,2.6462796089991456,2.0342681588380462,0.9999999999999998,2.220446049250313e-16,False,0.0,0.0,436.566498312924
2018-10-19,6.936316060382247,2.644842184502293,2.0323883659757778,0.9999999999999998,2.220446049250313e-16,False,0.0,0.0,436.566498312924
2018-10-22,6.7435573417881285,2.632971400481836,2.0428419722114475,0.9999999999999998,2.220446049250313e-16,False,0.0,0.0,436.566498312924
2018-10-23,6.65403626879907,2.619566936593123,2.0353246833791663,1.0,0.0,True,0.4599733715070211,0.0002299866857535,437.026471684431
2018-10-24,6.258569374469301,2.540197812538094,1.9421744990912333,1.0,1.1102230246251563e-16,False,0.0,0.0,437.026471684431
2018-10-25,6.121796955789222,2.5857702959233877,2.0093649039736494,1.0,0.0,False,0.0,0.0,437.026471684431
2018-10-26,5.964892193892103,2.5402935751345592,1.9576797309526792,1.0,0.0,False,0.0,0.0,437.026471684431
2018-10-29,5.850612501802726,2.526219758620469,1.9173894725610972,1.0,0.0,False,0.0,0.0,437.026471684431
2018-10-30,6.033243992386275,2.5636538996310563,1.9489878775066949,1.0,0.0,True,0.494332336479957,0.0002471661682399,437.5208040209109
2018-10-31,6.226071021775063,2.5910360889207693,1.9947994744125108,1.0,0.0,False,0.0,0.0,437.5208040209109
2018-11-01,6.608485536253393,2.618610953211603,2.0211116796806263,1.0,0.0,False,0.0,0.0,437.5208040209109
2018-11-02,6.428684116639293,2.603100533492225,1.9896311265459217,1.0,0.0,False,0.0,0.0,437.5208040209109
2018-11-05,6.507295050981495,2.6174614735373973,1.9846969762076945,1.0,0.0,False,0.0,0.0,437.5208040209109
2018-11-06,6.534790469294888,2.6340247890429507,1.9997330599657044,1.0,1.1102230246251563e-16,True,0.8607381877899819,0.0004303690938949,438.3815422087009
2018-11-07,6.655321844038247,2.690415489179151,2.0624590273983623,1.0000000000000002,0.0,False,0.0,0.0,438.3815422087009
2018-11-08,6.718331798803112,2.685532910825942,2.049303113025976,1.0,0.0,False,0.0,0.0,438.3815422087009
2018-11-09,6.554194014471355,2.6592995441771823,2.0147683906769904,1.0,0.0,False,0.0,0.0,438.3815422087009
2018-11-12,6.361393728884552,2.6096100904354604,1.9538043642957077,1.0,0.0,False,0.0,0.0,438.3815422087009
2018-11-13,6.34328839841857,2.6047266907906863,1.9554477004894784,1.0,0.0,True,1.212917706236532,0.0006064588531182,439.59445991493743
2018-11-14,6.0810993312185335,2.5869194470809664,1.940530221589073,1.0,0.0,False,0.0,0.0,439.59445991493743
2018-11-15,5.875882610834443,2.6139180932098807,1.9744771909770185,1.0,0.0,False,0.0,0.0,439.59445991493743
2018-11-16,5.865104845530358,2.620716416267328,1.967547278582422,0.9999999999999998,2.220446049250313e-16,False,0.0,0.0,439.59445991493743
2018-11-19,5.636647853755512,2.5763878610862023,1.903646181751027,0.9999999999999998,2.220446049250313e-16,False,0.0,0.0,439.59445991493743
2018-11-20,5.517172093469027,2.528708436320367,1.8695806075054764,1.0,0.0,True,0.8518676204381705,0.000425933810219,440.4463275353756
2018-11-21,5.57367928652328,2.537325591677397,1.8837939877273728,1.0,0.0,False,0.0,0.0,440.4463275353756
2018-11-23,5.526028331075069,2.5203797185609225,1.8701681722048389,1.0,0.0,False,0.0,0.0,440.4463275353756
2018-11-26,5.689693902234791,2.561068802301441,1.913395501046521,1.0,0.0,False,0.0,0.0,440.4463275353756
2018-11-27,5.819177552460454,2.5696861219167846,1.91985570055266,1.0,0.0,False,0.0,0.0,440.4463275353756
2018-11-28,5.926498341518209,2.628854101608782,1.981642242208379,1.0,0.0,True,1.6000000000000003,0.0008,442.0463275353756
2018-11-29,5.928666145307101,2.623109659887388,1.9751826074872736,1.0,0.0,False,0.0,0.0,442.0463275353756
2018-11-30,5.898335156557248,2.639098235555838,1.9895132747350288,1.0,0.0,False,0.0,0.0,442.0463275353756
2018-12-03,6.052321786915426,2.6740435346082143,2.0242833241824445,1.0,0.0,False,0.0,0.0,442.0463275353756
2018-12-04,5.866777573174394,2.5873977672883526,1.9466383717559568,0.9999999999999998,2.220446049250313e-16,False,0.0,0.0,442.0463275353756
2018-12-06,5.88336673433652,2.58347265064148,1.9603814743043495,1.0,0.0,True,0.8003123890131663,0.0004001561945065,442.8466399243888
2018-12-07,5.746124654070174,2.523444121647801,1.8956580504602087,1.0,0.0,False,0.0,0.0,442.8466399243888
2018-12-10,5.703801621061243,2.5282309374045457,1.9155100562221847,1.0,0.0,False,0.0,0.0,442.8466399243888
2018-12-11,5.691344335962827,2.5288046916917706,1.9218529687024652,1.0,0.0,False,0.0,0.0,442.8466399243888
2018-12-12,5.601903356850051,2.5415386531469166,1.9387682805376976,1.0,1.1102230246251563e-16,False,0.0,0.0,442.8466399243888
2018-12-13,5.494027122614804,2.540677118295358,1.939355468713704,1.0,1.1102230246251563e-16,True,0.4530205105041379,0.000226510255252,443.2996604348929
2018-12-14,5.474951131624828,2.4937636300429293,1.8921341683574575,1.0,0.0,False,0.0,0.0,443.2996604348929
2018-12-17,5.337395360498919,2.444840441331241,1.8492588888550303,0.9999999999999998,2.220446049250313e-16,False,0.0,0.0,443.2996604348929
2018-12-18,5.350704507512982,2.4421595814051607,1.8608881892744584,0.9999999999999998,2.220446049250313e-16,False,0.0,0.0,443.2996604348929
2018-12-19,5.171488467101639,2.40558631821288,1.81519425591787,0.9999999999999998,2.220446049250313e-16,False,0.0,0.0,443.2996604348929
2018-12-20,5.093107361281329,2.3664284504659228,1.7888816741263862,0.4944114262016662,0.5055885737983338,True,0.4999999999999999,0.0002499999999999,443.7996604348929
2018-12-21,5.015719187457514,2.3179413675751857,1.733438797997659,0.4866106353339712,0.5133893646660288,False,0.0,0.0,443.7996604348929
2018-12-24,4.978726223669267,2.2566945346741645,1.690452444104771,0.4827960463561574,0.5172039536438426,False,0.0,0.0,443.7996604348929
2018-12-26,5.100061806337851,2.370713785593152,1.7960026721249158,0.495100846857964,0.5048991531420359,False,0.0,0.0,443.7996604348929
2018-12-27,5.105339568940176,2.3889142637041365,1.802952728519154,0.4956227980097756,0.5043772019902244,False,0.0,0.0,443.7996604348929
2018-12-28,5.0826526689794544,2.385832777752708,1.8020104788170328,0.4972995647453352,0.5027004352546647,True,0.4016579848112435,0.0002008289924056,444.2013184197042
2018-12-31,5.104735767069897,2.4067297203295053,1.8172069615253303,0.49947424792746,0.50052575207254,False,0.0,0.0,444.2013184197042
2019-01-02,5.116623327372539,2.4092333455358848,1.8245111381372816,0.5006371301019121,0.4993628698980878,False,0.0,0.0,444.2013184197042
2019-01-03,5.042713951938612,2.351742443219371,1.7649033488896748,0.4933181351756042,0.5066818648243958,False,0.0,0.0,444.2013184197042
2019-01-04,5.1510921036622985,2.4305159666315497,1.8404143551875805,0.5039786403493588,0.4960213596506412,False,0.0,0.0,444.2013184197042
2019-01-07,5.210807052082891,2.4496799840064507,1.862325190668331,0.5055198787077111,0.4944801212922889,True,0.0113515454918209,5.675772745910461e-06,444.212669965196
2019-01-08,5.234549843384584,2.472694873270759,1.8791704691590727,0.5077627340962247,0.4922372659037752,False,0.0,0.0,444.212669965196
2019-01-09,5.2519132613307935,2.4842515953968065,1.8944846154165853,0.5093901260486997,0.4906098739513003,False,0.0,0.0,444.212669965196
2019-01-10,5.295670513802556,2.493014776394072,1.899903351315904,0.513443954560816,0.4865560454391839,False,0.0,0.0,444.212669965196
2019-01-11,5.280800301497447,2.493977987141363,1.89295291839831,0.512073860771819,0.4879261392281809,False,0.0,0.0,444.212669965196
2019-01-14,5.258823669223949,2.4787620825771515,1.8762264330268503,0.5000242084137936,0.4999757915862064,True,0.0123545076490592,6.17725382452964e-06,444.22502447284506
2019-01-15,5.299185507372879,2.5071712148395893,1.912862155710637,0.5038323298600627,0.4961676701399373,False,0.0,0.0,444.22502447284506
2019-01-16,5.281362552215636,2.513237438596104,1.9125084120162803,0.502157918370992,0.497842081629008,False,0.0,0.0,444.22502447284506
2019-01-17,5.317723963775476,2.532305036341288,1.9275868546519956,0.5055620515951369,0.4944379484048631,False,0.0,0.0,444.22502447284506
2019-01-18,5.3492252992616605,2.5660095280974438,1.9466713175497383,0.5084737733526693,0.4915262266473307,False,0.0,0.0,444.22502447284506
2019-01-22,5.2636883638916165,2.5313416613356843,1.9076785586480705,0.493496553636555,0.506503446363445,True,0.0100564229282829,5.028211464141466e-06,444.23508089577336
2019-01-23,5.227355777366936,2.536638499154219,1.910153070153501,0.4899761159480152,0.5100238840519848,False,0.0,0.0,444.23508089577336
2019-01-24,5.369596911280185,2.537986402870499,1.922521297662012,0.5034866972428592,0.4965133027571408,False,0.0,0.0,444.23508089577336
2019-01-25,5.430246025490611,2.559461534708972,1.94549261117912,0.5090321351225714,0.4909678648774286,False,0.0,0.0,444.23508089577336
2019-01-28,5.425863070092178,2.540009572511424,1.9214615726723536,0.5086355364200195,0.4913644635799805,False,0.0,0.0,444.23508089577336
2019-01-29,5.407017433561653,2.536638499154219,1.9033199242617655,0.4977404611254998,0.5022595388745001,True,0.2223070537291496,0.0001111535268645,444.4573879495025
2019-01-30,5.433794271875841,2.576795221702382,1.9517363097547005,0.5002155129569263,0.4997844870430736,False,0.0,0.0,444.4573879495025
2019-01-31,5.442480778316073,2.5994255822560146,1.980951321847389,0.5010131972009801,0.4989868027990198,False,0.0,0.0,444.4573879495025
2019-02-01,5.458425376810016,2.6006785446673946,1.9725874202457805,0.5024707868308042,0.4975292131691958,False,0.0,0.0,444.4573879495025
2019-02-04,5.467604981609815,2.618975606666409,1.99708967773444,0.503306092521067,0.496693907478933,False,0.0,0.0,444.4573879495025
2019-02-05,5.457610906696792,2.629953153980904,2.0147604836864907,0.4997273450523634,0.5002726549476366,True,0.802867383864907,0.0004014336919324,445.2602553333674
2019-02-06,5.455491548464615,2.6264859895106074,2.0087524887326955,0.4995329983174856,0.5004670016825143,False,0.0,0.0,445.2602553333674
2019-02-07,5.426376748561074,2.601448916155252,1.9817760962619613,0.4968477817747576,0.5031522182252424,False,0.0,0.0,445.2602553333674
2019-02-08,5.423882241068511,2.604626328961458,1.9856631351430167,0.4966163761279391,0.5033836238720608,False,0.0,0.0,445.2602553333674
2019-02-11,5.46152656032341,2.6060706523074555,1.9837780709537405,0.5000860166461032,0.4999139833538968,False,0.0,0.0,445.2602553333674
2019-02-12,5.423335099709825,2.639583947387308,2.013110746595644,1.0,0.0,True,1.0946584676265765,0.0005473292338132,446.354913800994
2019-02-13,5.436970966357235,2.6481542891251397,2.014524591803015,1.0,0.0,False,0.0,0.0,446.354913800994
2019-02-14,5.464852671479983,2.6422797548198687,2.016998350261733,1.0,0.0,False,0.0,0.0,446.354913800994
2019-02-15,5.455953831187865,2.671073415792984,2.0254806684592688,1.0,0.0,False,0.0,0.0,446.354913800994
2019-02-19,5.493496807829697,2.675695973236752,2.029485370889527,1.0,0.0,False,0.0,0.0,446.354913800994
2019-02-20,5.478755129388298,2.6810893949433168,2.0291316271951705,1.0,0.0,True,0.817232707982328,0.0004086163539911,447.1721465089763
2019-02-21,5.372344251459814,2.671554692650003,2.0217103518190385,0.9999999999999996,3.3306690738754696e-16,False,0.0,0.0,447.1721465089763
2019-02-22,5.392217516261605,2.6881186651888087,2.0366713191672288,0.9999999999999996,3.3306690738754696e-16,False,0.0,0.0,447.1721465089763
2019-02-25,5.475259662696148,2.691778176143599,2.044093159328394,0.9999999999999998,2.220446049250313e-16,False,0.0,0.0,447.1721465089763
2019-02-26,5.438864216772728,2.689851754649017,2.046212797569376,0.9999999999999998,2.220446049250313e-16,False,0.0,0.0,447.1721465089763
2019-02-27,5.467641971127359,2.688696525933858,2.0449171806962543,1.0,0.0,True,0.4144483707266199,0.0002072241853633,447.5865948797029
2019-02-28,5.351497409364456,2.6836892755211,2.040205367400627,1.0,1.1102230246251563e-16,False,0.0,0.0,447.5865948797029
2019-03-01,5.354788204892231,2.700445430286087,2.054341748595911,1.0,0.0,False,0.0,0.0,447.5865948797029
2019-03-04,5.272198699355324,2.690621961878562,2.0546953040285896,1.0,0.0,False,0.0,0.0,447.5865948797029
2019-03-05,5.287284115206052,2.6869639292485883,2.0562258714767974,1.0,0.0,False,0.0,0.0,447.5865948797029
2019-03-06,5.256047623899682,2.670688230049055,2.044564001786932,1.0,0.0,True,0.4045693648766209,0.0002022846824383,447.9911642445796
2019-03-07,5.238991401083335,2.6483469641262603,2.01947210872044,1.0,0.0,False,0.0,0.0,447.9911642445796
2019-03-08,5.214383176443018,2.6430501263077257,2.0164096559922906,1.0000000000000002,0.0,False,0.0,0.0,447.9911642445796
2019-03-11,5.343801876633152,2.681377996799215,2.058346639287859,1.0,0.0,False,0.0,0.0,447.9911642445796
2019-03-12,5.33254876413673,2.6914890815127617,2.069655894853424,0.9999999999999998,2.220446049250313e-16,False,0.0,0.0,447.9911642445796
2019-03-13,5.406083079415684,2.709304045363192,2.085205556471044,1.0,0.0,True,0.0164121600190876,8.206080009543815e-06,448.0075764045987
2019-03-14,5.429310893258948,2.7075709559029826,2.081671508237646,0.9999999999999998,2.220446049250313e-16,False,0.0,0.0,448.0075764045987
2019-03-15,5.429426022736275,2.7209483171700546,2.1009912982338186,0.9999999999999996,4.440892098500626e-16,False,0.0,0.0,448.0075764045987
2019-03-18,5.4682026305955365,2.730813671447389,2.10599510539318,1.0,0.0,False,0.0,0.0,448.0075764045987
2019-03-19,5.484743661165523,2.731490744213476,2.113075250607429,1.0,0.0,False,0.0,0.0,448.0075764045987
2019-03-20,5.5088891646930565,2.723269451390718,2.121454777928371,1.0,0.0,True,0.4053967430082255,0.0002026983715041,448.4129731476069
2019-03-21,5.561841351889043,2.754028134561964,2.1546176374243355,1.0,0.0,False,0.0,0.0,448.4129731476069
2019-03-22,5.430572551566434,2.7010229625145104,2.107292793144772,1.0,0.0,False,0.0,0.0,448.4129731476069
2019-03-25,5.415254807622501,2.698991908474563,2.10328037198568,1.0,0.0,False,0.0,0.0,448.4129731476069
2019-03-26,5.451613288301821,2.719110102389542,2.113075250607429,0.9999999999999998,2.220446049250313e-16,False,0.0,0.0,448.4129731476069
2019-03-27,5.413461071383767,2.7048915743017194,2.099503654448374,1.0,0.0,True,0.0080673989074306,4.033699453715317e-06,448.4210405465144
2019-03-28,5.409442739246439,2.715145070972615,2.104342544377164,1.0,0.0,False,0.0,0.0,448.4210405465144
2019-03-29,5.518245892716281,2.732265057900844,2.120274941987672,0.9999999999999998,2.220446049250313e-16,False,0.0,0.0,448.4210405465144
2019-04-01,5.556813147310246,2.7646674740100403,2.148362454886361,0.9999999999999996,4.440892098500626e-16,False,0.0,0.0,448.4210405465144
2019-04-02,5.563552677974835,2.766022605092092,2.156505525538793,0.9999999999999998,2.220446049250313e-16,False,0.0,0.0,448.4210405465144
2019-04-03,5.537189903673736,2.770374793352702,2.1688969092337933,1.0,0.0,True,0.8113031280183758,0.0004056515640091,449.23234367453273
2019-04-04,5.540589583236903,2.7777260098916265,2.168071005249129,1.0000000000000002,0.0,False,0.0,0.0,449.23234367453273
2019-04-05,5.563802378015049,2.7911692387422025,2.1792823647417525,1.0,0.0,False,0.0,0.0,449.23234367453273
2019-04-08,5.505803240729205,2.793298683511622,2.18482949510598,1.0,0.0,False,0.0,0.0,449.23234367453273
2019-04-09,5.416623532608799,2.7789825859858923,2.177158396482153,1.0,0.0,False,0.0,0.0,449.23234367453273
2019-04-10,5.490027141579705,2.7884616047111077,2.1888421045267497,1.0,1.1102230246251563e-16,True,0.8001553137217897,0.0004000776568608,450.0324989882545
2019-04-11,5.492289618086681,2.787687619540365,2.1836494709036027,1.0,0.0,False,0.0,0.0,450.0324989882545
2019-04-12,5.557957699503711,2.806550058652642,2.193090605830995,1.0,0.0,False,0.0,0.0,450.0324989882545
2019-04-15,5.56037315700267,2.804711351097189,2.193444349525352,0.9999999999999998,2.220446049250313e-16,False,0.0,0.0,450.0324989882545
2019-04-16,5.609517198555809,2.806550058652642,2.200997784599964,0.9999999999999996,4.440892098500626e-16,False,0.0,0.0,450.0324989882545
2019-04-17,5.569360392684067,2.7996824185871185,2.208668506700423,1.0,0.0,True,0.0280043796075772,1.4002189803788605e-05,450.0605033678621
2019-04-18,5.59701392630502,2.8051952560872166,2.2115009036571376,1.0,0.0,False,0.0,0.0,450.0605033678621
2019-04-22,5.618114615294776,2.807612809937596,2.2177557096717684,1.0,0.0,False,0.0,0.0,450.0605033678621
2019-04-23,5.637419522359485,2.8328589841253704,2.245962203951418,1.0,0.0,False,0.0,0.0,450.0605033678621
2019-04-24,5.753124525017115,2.826572161454529,2.2388811174287797,0.9999999999999998,2.220446049250313e-16,False,0.0,0.0,450.0605033678621
2019-04-25,5.4089038731011865,2.824829380753855,2.247968320400125,1.0,0.0,True,0.0237537352341952,1.1876867617097608e-05,450.0842571030963
2019-04-26,5.497159351782569,2.837985486073349,2.249973872063798,1.0,1.1102230246251563e-16,False,0.0,0.0,450.0842571030963
2019-04-29,5.417819168774638,2.842433601188737,2.2543411664873263,1.0,0.0,False,0.0,0.0,450.0842571030963
2019-04-30,5.464797016992972,2.8438840020923144,2.2368744361950386,1.0000000000000002,0.0,False,0.0,0.0,450.0842571030963
2019-05-01,5.41352631873373,2.8225084107915053,2.2296754978615065,0.9999999999999998,2.220446049250313e-16,False,0.0,0.0,450.0842571030963
2019-05-02,5.443727517753499,2.816416069963228,2.2199980945272952,1.0,1.1102230246251563e-16,True,0.8087455058613252,0.0004043727529306,450.89300260895766
2019-05-03,5.405662623006537,2.8439805859803444,2.255402962355442,1.0000000000000002,0.0,False,0.0,0.0,450.89300260895766
2019-05-06,5.428112700346476,2.832278495247313,2.2415958508362914,1.0,0.0,False,0.0,0.0,450.89300260895766
2019-05-07,5.336932136673188,2.7849796569926437,2.1979296840214517,1.0,0.0,False,0.0,0.0,450.89300260895766
2019-05-08,5.2797698849696575,2.7811110452054346,2.1923825536572363,1.0,0.0,False,0.0,0.0,450.89300260895766
2019-05-09,5.254009378051483,2.772694777765174,2.1805811820634244,1.0,0.0,True,0.0557248790661991,2.7862439533099555e-05,450.9487274880239
2019-05-10,5.222117564265932,2.7866238827055323,2.1832951624242125,1.0,0.0,False,0.0,0.0,450.9487274880239
2019-05-13,5.017777072867858,2.7165953076178795,2.1075286850282358,1.0,0.0,False,0.0,0.0,450.9487274880239
2019-05-14,5.145690758727676,2.741163094973063,2.130660209233965,0.9999999999999996,3.3306690738754696e-16,False,0.0,0.0,450.9487274880239
2019-05-15,5.269173774970756,2.757220330616338,2.160754779889751,0.9999999999999998,2.220446049250313e-16,False,0.0,0.0,450.9487274880239
2019-05-16,5.298546521026403,2.782755270918324,2.182469258439548,0.9999999999999998,2.220446049250313e-16,True,0.8631289993030284,0.0004315644996515,451.8118564873269
2019-05-17,5.213266015790255,2.7647640578980703,2.1601640147418384,0.9999999999999996,3.3306690738754696e-16,False,0.0,0.0,451.8118564873269
2019-05-20,5.125105990195542,2.7464830932137274,2.123697539307253,0.9999999999999994,5.551115123125784e-16,False,0.0,0.0,451.8118564873269
2019-05-21,5.195040268876442,2.7712450338948487,2.1458839898856805,0.9999999999999992,6.661338147750939e-16,False,0.0,0.0,451.8118564873269
2019-05-22,5.158582497332055,2.762733496633062,2.136324814885717,0.9999999999999992,8.881784197001252e-16,False,0.0,0.0,451.8118564873269
2019-05-23,5.115972655240459,2.7289766064750665,2.1036346804650825,1.0,0.0,True,0.0250746015419268,1.2537300770963449e-05,451.8369310888688
2019-05-24,5.111968562876067,2.7351673380328165,2.102572131550243,1.0,1.1102230246251563e-16,False,0.0,0.0,451.8369310888688
2019-05-28,5.054604333217313,2.7097279960689824,2.094664952781274,1.0,0.0,False,0.0,0.0,451.8369310888688
2019-05-29,4.967824920492268,2.691543615272669,2.077434867419174,1.0,1.1102230246251563e-16,False,0.0,0.0,451.8369310888688
2019-05-30,4.935377216189035,2.6988948318115944,2.0861685149578286,0.9999999999999998,2.220446049250313e-16,False,0.0,0.0,451.8369310888688
2019-05-31,4.863018917457761,2.6625262344772818,2.052887050604248,1.0,1.1102230246251563e-16,True,0.424339188684199,0.000212169594342,452.26127027755297
2019-06-03,4.895740042175635,2.65575583533304,2.00768768067772,1.0,0.0,False,0.0,0.0,452.26127027755297
2019-06-04,5.072815594877974,2.713404097113384,2.0642177680012,1.0000000000000002,0.0,False,0.0,0.0,452.26127027755297
2019-06-05,5.066805898555108,2.736908147633735,2.079559400463808,1.0,0.0,False,0.0,0.0,452.26127027755297
2019-06-06,5.124703287104237,2.754705043069737,2.0960818101755043,1.0,0.0,False,0.0,0.0,452.26127027755297
2019-06-07,5.13883132744373,2.782271694444922,2.136561083292549,1.0,0.0,True,0.4295510026431986,0.0002147755013215,452.6908212801962
2019-06-10,5.189308714284966,2.7950388360792893,2.161462079016786,0.9999999999999998,2.220446049250313e-16,False,0.0,0.0,452.6908212801962
2019-06-11,5.2037903250719175,2.7943611062799505,2.164412516046084,0.9999999999999998,2.220446049250313e-16,False,0.0,0.0,452.6908212801962
2019-06-12,5.184801371608187,2.789429086174535,2.151903092278513,0.9999999999999998,2.220446049250313e-16,False,0.0,0.0,452.6908212801962
2019-06-13,5.207578165362701,2.8009383376481325,2.164649349237937,0.9999999999999996,4.440892098500626e-16,False,0.0,0.0,452.6908212801962
2019-06-14,5.136380311893417,2.79784338251504,2.1554441061940213,1.0,0.0,True,0.0074008056725955,3.700402836297759e-06,452.6982220858688
2019-06-17,5.030899943476647,2.7989071193498725,2.168424937205176,1.0,0.0,False,0.0,0.0,452.6982220858688
2019-06-18,5.073500199712884,2.8282157301341666,2.199935423946802,0.9999999999999998,2.220446049250313e-16,False,0.0,0.0,452.6982220858688
2019-06-19,5.080322286823153,2.834599465209663,2.2081969111951736,0.9999999999999998,2.220446049250313e-16,False,0.0,0.0,452.6982220858688
2019-06-20,5.106070891351664,2.861681390303256,2.22873193032764,0.9999999999999996,4.440892098500626e-16,False,0.0,0.0,452.6982220858688
2019-06-21,5.029044058079395,2.8575220413020794,2.2254269965572737,1.0,0.0,True,0.4377891346790947,0.0002188945673395,453.1360112205479
2019-06-24,5.033396168233836,2.854023339235692,2.225497971210153,1.0,0.0,False,0.0,0.0,453.1360112205479
2019-06-25,5.019908360015985,2.826030437538335,2.187294405265785,1.0,0.0,False,0.0,0.0,453.1360112205479
2019-06-26,5.043623315125712,2.823211764887668,2.1974667485534134,1.0,0.0,False,0.0,0.0,453.1360112205479
2019-06-27,5.067815478918499,2.8332229805469247,2.205863595948803,1.0,0.0,False,0.0,0.0,453.1360112205479
2019-06-28,5.036465998368543,2.847802876923294,2.20870295858764,1.0,0.0,True,0.8,0.0004,453.9360112205479
2019-07-01,5.115455457710745,2.873656149835827,2.2385083593048734,1.0,0.0,False,0.0,0.0,453.9360112205479
2019-07-02,5.099970006643658,2.88113975857501,2.2473792496073384,1.0,0.0,False,0.0,0.0,453.9360112205479
2019-07-03,5.058674460710623,2.904175344386754,2.264292678825791,1.0,1.1102230246251563e-16,False,0.0,0.0,453.9360112205479
2019-07-05,5.101254507282261,2.900870795646304,2.259679891173173,1.0,0.0,False,0.0,0.0,453.9360112205479
2019-07-08,5.074820528780968,2.8849305119218687,2.2438310817480303,1.0,0.0,True,0.8005681018892339,0.0004002840509446,454.73657932243714
2019-07-09,5.075498847228841,2.8885274404594155,2.255066915258889,1.0,0.0,False,0.0,0.0,454.73657932243714
2019-07-10,5.054076752642691,2.9023300664987826,2.2775397118506744,1.0,0.0,False,0.0,0.0,454.73657932243714
2019-07-11,5.044593029515358,2.9091323317557407,2.2758833856010736,1.0,0.0,False,0.0,0.0,454.73657932243714
2019-07-12,5.075630222352701,2.922156044874977,2.2890129433384323,1.0,0.0,False,0.0,0.0,454.73657932243714
2019-07-15,5.090657141825992,2.923128454087794,2.2963453592022027,1.0,0.0,True,0.4161278993172998,0.0002080639496586,455.1527072217544
2019-07-16,5.09399052529059,2.913699369889724,2.2845181957583978,1.0,0.0,False,0.0,0.0,455.1527072217544
2019-07-17,5.072436782943485,2.8938733915135293,2.273282550509217,1.0,0.0,False,0.0,0.0,455.1527072217544
2019-07-18,5.054186136103192,2.9044664101173474,2.2758833856010736,1.0,0.0,False,0.0,0.0,455.1527072217544
2019-07-19,5.052969816084024,2.888333615650104,2.259206977836165,1.0,0.0,False,0.0,0.0,455.1527072217544
2019-07-22,5.037827033125345,2.8954269466376563,2.277184650324559,1.0,1.1102230246251563e-16,True,0.8035683439880335,0.000401784171994,455.9562755657425
2019-07-23,5.073453892018301,2.916130721438394,2.292088386122411,1.0,0.0,False,0.0,0.0,455.9562755657425
2019-07-24,5.059538845580253,2.9298351210066014,2.308173275692708,1.0,0.0,False,0.0,0.0,455.9562755657425
2019-07-25,5.065852682898388,2.9158386701579224,2.2862931268656026,1.0,0.0,False,0.0,0.0,455.9562755657425
2019-07-26,5.134749569798704,2.9353752253866534,2.309829601942308,1.0,0.0,False,0.0,0.0,455.9562755657425
2019-07-29,5.170054868791174,2.930028617299287,2.301904538313857,1.0000000000000002,0.0,True,1.2073370730292925,0.0006036685365146,457.1636126387718
2019-07-30,5.236218400491531,2.922836402807323,2.2919695930031283,1.0,0.0,False,0.0,0.0,457.1636126387718
2019-07-31,5.191410106797693,2.8908605655369253,2.26027122110612,1.0,1.1102230246251563e-16,False,0.0,0.0,457.1636126387718
2019-08-01,5.195651998991893,2.865686007973609,2.2490350110718924,0.9999999999999996,3.3306690738754696e-16,False,0.0,0.0,457.1636126387718
2019-08-02,5.143150636593407,2.8441093644977173,2.215917522640505,0.9999999999999998,2.220446049250313e-16,False,0.0,0.0,457.1636126387718
2019-08-05,5.031854454533758,2.758577432798145,2.137618172618703,1.0,0.0,True,0.8101499877414187,0.0004050749938707,457.9737626265132
2019-08-06,5.149670188769834,2.797261251053853,2.1675419899318635,0.9999999999999998,2.220446049250313e-16,False,0.0,0.0,457.9737626265132
2019-08-07,5.185165703174322,2.79891303264914,2.1792520546114758,0.9999999999999998,2.220446049250313e-16,False,0.0,0.0,457.9737626265132
2019-08-08,5.244929429474967,2.853828857393129,2.2266808193377123,1.0,0.0,False,0.0,0.0,457.9737626265132
2019-08-09,5.194333103651496,2.8343898716023057,2.2057461206612663,1.0,1.1102230246251563e-16,False,0.0,0.0,457.9737626265132
2019-08-12,5.090554956901346,2.799885770378583,2.180434526215678,1.0000000000000002,0.0,True,0.4410387171598159,0.0002205193585799,458.414801343673
2019-08-13,5.199054519111988,2.843428349532119,2.2282181642063392,1.0000000000000002,0.0,False,0.0,0.0,458.414801343673
2019-08-14,5.0729548106454025,2.759354703135147,2.1616285023408057,1.0,0.0,False,0.0,0.0,458.414801343673
2019-08-15,5.067541965356267,2.766644158548393,2.1591443894897613,0.9999999999999998,2.220446049250313e-16,False,0.0,0.0,458.414801343673
2019-08-16,5.111484787352856,2.807466948555674,2.1937995993131443,0.9999999999999996,3.3306690738754696e-16,False,0.0,0.0,458.414801343673
2019-08-19,5.168053196444547,2.8412900348137984,2.228692018851749,1.0,0.0,True,1.1999999999999995,0.0005999999999999,459.614801343673
2019-08-20,5.123905269267024,2.8195182524620908,2.211422963322148,0.9999999999999998,2.220446049250313e-16,False,0.0,0.0,459.614801343673
2019-08-21,5.1905005334785415,2.842456597352553,2.23105715032182,0.9999999999999998,2.220446049250313e-16,False,0.0,0.0,459.614801343673
2019-08-22,5.223268122939773,2.841581757577644,2.2238427745306333,0.9999999999999998,2.220446049250313e-16,False,0.0,0.0,459.614801343673
2019-08-23,5.040882669615879,2.76858799142415,2.1534675468288795,1.0,0.0,False,0.0,0.0,459.614801343673
2019-08-26,5.086615332606468,2.7992050839296105,2.185993893589023,1.0,0.0,True,0.8265801601267146,0.0004132900800633,460.4413815037997
2019-08-27,5.002982609709817,2.7882217875741624,2.181380541151371,0.9999999999999998,2.220446049250313e-16,False,0.0,0.0,460.4413815037997
2019-08-28,5.071894193867676,2.8078568977906784,2.1891862468754923,0.9999999999999996,3.3306690738754696e-16,False,0.0,0.0,460.4413815037997
2019-08-29,5.21702348235222,2.8437190867460864,2.222659361618041,0.9999999999999996,4.440892098500626e-16,False,0.0,0.0,460.4413815037997
2019-08-30,5.292683858129138,2.842456597352553,2.217336827436561,0.9999999999999996,4.440892098500626e-16,False,0.0,0.0,460.4413815037997
2019-09-03,5.3297691330036105,2.8258366127290238,2.1958106105655038,1.0,0.0,True,1.2019087515169768,0.0006009543757584,461.64329025531663
2019-09-04,5.445490563525505,2.857910019437328,2.2275087942008343,1.0,1.1102230246251563e-16,False,0.0,0.0,461.64329025531663
2019-09-05,5.570603600426113,2.894650661850532,2.2683143248071405,1.0,0.0,False,0.0,0.0,461.64329025531663
2019-09-06,5.630187379504019,2.8968858889735083,2.266067045147962,1.0,0.0,False,0.0,0.0,461.64329025531663
2019-09-09,5.716110890920086,2.8983445027927344,2.261336029161095,1.0,0.0,False,0.0,0.0,461.64329025531663
2019-09-10,5.750449688421691,2.8976631593105098,2.254831211637104,1.0,1.1102230246251563e-16,True,0.0327246566698985,1.6362328334949286e-05,461.6760149119865
2019-09-11,5.791125260605954,2.9182683791234627,2.276001990458691,1.0,1.1102230246251563e-16,False,0.0,0.0,461.6760149119865
2019-09-12,5.799722102378574,2.928376178670749,2.2854647754791246,0.9999999999999996,3.3306690738754696e-16,False,0.0,0.0,461.6760149119865
2019-09-13,5.842651213618665,2.926432017278366,2.2773034434438544,0.9999999999999992,8.881784197001252e-16,False,0.0,0.0,461.6760149119865
2019-09-16,5.8813530250912605,2.9173938678651785,2.2671314766795816,0.9999999999999992,8.881784197001252e-16,False,0.0,0.0,461.6760149119865
2019-09-17,5.891166530096008,2.924780892716332,2.2780133782344056,1.0,0.0,True,0.4152848503761381,0.000207642425188,462.0912997623626
2019-09-18,5.848406793274788,2.926530572266151,2.2770666102519885,1.0,0.0,False,0.0,0.0,462.0912997623626
2019-09-19,5.784044416747341,2.926334776357084,2.2808514230414847,1.0,0.0,False,0.0,0.0,462.0912997623626
2019-09-20,5.737225241256116,2.912509811187153,2.2567228649851336,1.0,0.0,False,0.0,0.0,462.0912997623626
2019-09-23,5.737254527756063,2.9118258395719208,2.257718769265687,1.0,0.0,False,0.0,0.0,462.0912997623626
2019-09-24,5.601649643309069,2.888977508236969,2.2277339551686164,1.0,0.0,True,0.803380109104031,0.000401690054552,462.8946798714666
2019-09-25,5.664634860943524,2.906064314985977,2.2527411304796745,1.0,0.0,False,0.0,0.0,462.8946798714666
2019-09-26,5.657117658925789,2.9000110676361883,2.24444481482073,1.0,0.0,False,0.0,0.0,462.8946798714666
2019-09-27,5.490286789296939,2.8843878024557963,2.2165933820671957,1.0,1.1102230246251563e-16,False,0.0,0.0,462.8946798714666
2019-09-30,5.468881239727947,2.897765327981181,2.237689232740653,1.0,0.0,False,0.0,0.0,462.8946798714666
2019-10-01,5.407037560899346,2.863297035069688,2.219438580818074,1.0,0.0,True,0.8413133306890237,0.0004206566653445,463.73599320215567
2019-10-02,5.33285953201577,2.8127169727550103,2.181276244181342,1.0,1.1102230246251563e-16,False,0.0,0.0,463.73599320215567
2019-10-03,5.468422968826208,2.8357617570322806,2.205216540558954,1.0,0.0,False,0.0,0.0,463.73599320215567
2019-10-04,5.592303190729235,2.8741354555930907,2.237689232740653,0.9999999999999998,2.220446049250313e-16,False,0.0,0.0,463.73599320215567
2019-10-07,5.584885465675341,2.861734938513286,2.2309340271839195,0.9999999999999998,2.220446049250313e-16,False,0.0,0.0,463.73599320215567
2019-10-08,5.472488122570895,2.817307007052809,2.197512684403036,1.0,0.0,True,0.0224142414425527,1.1207120721276372e-05,463.75840744359823
2019-10-09,5.542274562394839,2.8440614010703285,2.2189639731259523,1.0,1.1102230246251563e-16,False,0.0,0.0,463.75840744359823
2019-10-10,5.569764204267469,2.863297035069688,2.2361486874234755,1.0,0.0,False,0.0,0.0,463.75840744359823
2019-10-11,5.631163070039379,2.8929811403574446,2.264948394252851,1.0,0.0,False,0.0,0.0,463.75840744359823
2019-10-14,5.598105342518333,2.889759049290109,2.2647106197525955,1.0,0.0,False,0.0,0.0,463.75840744359823
2019-10-15,5.696160319465719,2.9183675911444995,2.2935095735352595,1.0,0.0,True,0.8028346955890431,0.0004014173477945,464.5612421391873
2019-10-16,5.629317902889579,2.9136813014752967,2.287821435173662,1.0,1.1102230246251563e-16,False,0.0,0.0,464.5612421391873
2019-10-17,5.6495561636795495,2.9222736538270677,2.2938663294164883,0.9999999999999996,4.440892098500626e-16,False,0.0,0.0,464.5612421391873
2019-10-18,5.57508218703847,2.909482858995632,2.2718218281438336,0.9999999999999996,4.440892098500626e-16,False,0.0,0.0,464.5612421391873
2019-10-21,5.695385151839574,2.9292066687011555,2.2919692164797727,0.9999999999999996,3.3306690738754696e-16,False,0.0,0.0,464.5612421391873
2019-10-22,5.662567708923586,2.919637307903804,2.2737185645571936,1.0,1.1102230246251563e-16,True,1.1999999999999995,0.0005999999999999,465.7612421391873
2019-10-23,5.650287679856084,2.928132090817667,2.278102802531801,1.0,1.1102230246251563e-16,False,0.0,0.0,465.7612421391873
2019-10-24,5.631267009031114,2.932916935474655,2.300265343877027,1.0,1.1102230246251563e-16,False,0.0,0.0,465.7612421391873
2019-10-25,5.647490755107435,2.9449268462862035,2.318635353703935,0.9999999999999998,2.220446049250313e-16,False,0.0,0.0,465.7612421391873
2019-10-28,5.648674614071236,2.96152679139555,2.341509147671445,1.0000000000000002,0.0,False,0.0,0.0,465.7612421391873
2019-10-29,5.591409371837568,2.9606473523878774,2.3233763475597597,1.0,0.0,True,0.8168110921367209,0.0004084055460683,466.578053231324
2019-10-30,5.601227487460872,2.9697291945123165,2.334635148995429,1.0000000000000002,0.0,False,0.0,0.0,466.578053231324
2019-10-31,5.645407226606771,2.961819171192648,2.335701839667197,1.0,0.0,False,0.0,0.0,466.578053231324
2019-11-01,5.802965793148751,2.9892568797921464,2.3569157304132258,1.0,0.0,False,0.0,0.0,466.578053231324
2019-11-04,5.873925593624271,3.0012667906036943,2.371493585245172,1.0,0.0,False,0.0,0.0,466.578053231324
2019-11-05,5.810827251534149,2.9979471300984506,2.3727967325854373,1.0,0.0,True,0.0489537695607146,2.447688478035731e-05,466.6270070008848
2019-11-06,5.822568211472111,2.998630773197056,2.3674638440116325,1.0,0.0,False,0.0,0.0,466.6270070008848
2019-11-07,5.8101426576604505,3.009175828373485,2.3754039685743824,1.0,0.0,False,0.0,0.0,466.6270070008848
2019-11-08,5.855389518527058,3.016597675986989,2.3848857680243776,0.9999999999999998,2.220446049250313e-16,False,0.0,0.0,466.6270070008848
2019-11-11,5.8038118738770095,3.0108368084342976,2.381685696009062,0.9999999999999996,4.440892098500626e-16,False,0.0,0.0,466.6270070008848
2019-11-12,5.833476322357476,3.0171844066809395,2.388559882946756,1.0,0.0,True,0.4224082934862328,0.0002112041467431,467.049415294371
2019-11-13,5.841682690747303,3.0181594440267645,2.3891519659264144,1.0,1.1102230246251563e-16,False,0.0,0.0,467.049415294371
2019-11-14,5.881400551619882,3.0225526968656187,2.3872554177747327,1.0,1.1102230246251563e-16,False,0.0,0.0,467.049415294371
2019-11-15,5.918169381343247,3.0444256623381185,2.4047963231684504,0.9999999999999998,2.220446049250313e-16,False,0.0,0.0,467.049415294371
2019-11-18,5.898043367318034,3.046671730509752,2.4066930595817984,0.9999999999999998,2.220446049250313e-16,False,0.0,0.0,467.049415294371
2019-11-19,5.815536771006408,3.0457929485353303,2.410248193123228,1.0,0.0,True,0.809828223163735,0.0004049141115818,467.8592435175347
2019-11-20,5.866001504667113,3.0344653667558843,2.395789131410565,1.0,1.1102230246251563e-16,False,0.0,0.0,467.8592435175347
2019-11-21,5.883038623927877,3.029584266727492,2.3904558663134043,0.9999999999999998,2.220446049250313e-16,False,0.0,0.0,467.8592435175347
2019-11-22,6.018247466695295,3.0363211571758866,2.391996411630569,0.9999999999999994,5.551115123125784e-16,False,0.0,0.0,467.8592435175347
2019-11-25,6.05880990681475,3.059852803092818,2.4203216990295138,0.9999999999999994,5.551115123125784e-16,False,0.0,0.0,467.8592435175347
2019-11-26,6.001436012353031,3.066785160933654,2.4249438997660557,1.0,0.0,True,0.8191472669684106,0.0004095736334842,468.6783907845031
2019-11-27,6.007363058045732,3.080457037355892,2.441891780871725,1.0,0.0,False,0.0,0.0,468.6783907845031
2019-11-29,5.968875044277711,3.0690318861385384,2.4307512077703035,1.0,1.1102230246251563e-16,False,0.0,0.0,468.6783907845031
2019-12-02,5.902498725876295,3.0429611352196253,2.4058632021018966,1.0,0.0,False,0.0,0.0,468.6783907845031
2019-12-03,5.804872472605101,3.0225526968656187,2.3870191493679127,1.0000000000000002,0.0,False,0.0,0.0,468.6783907845031
2019-12-04,5.841666480650464,3.041203571270783,2.399107055236773,1.0,0.0,True,0.8,0.0004,469.4783907845031
2019-12-05,5.883106606796401,3.046671730509752,2.40384804909261,1.0,1.1102230246251563e-16,False,0.0,0.0,469.4783907845031
2019-12-06,5.90063776697104,3.0744993883442557,2.429566100502609,1.0,1.1102230246251563e-16,False,0.0,0.0,469.4783907845031
2019-12-09,5.90977301597559,3.064833115142248,2.4185435674737708,0.9999999999999998,2.220446049250313e-16,False,0.0,0.0,469.4783907845031
2019-12-10,5.900775335106394,3.0614152281658447,2.416528979249518,0.9999999999999998,2.220446049250313e-16,False,0.0,0.0,469.4783907845031
2019-12-11,5.896461625311865,3.0701054784721484,2.429328890787388,1.0,0.0,True,0.8163059159688871,0.0004081529579844,470.294696700472
2019-12-12,5.857889213478441,3.0965674926925706,2.4474618791607514,1.0,0.0,False,0.0,0.0,470.294696700472
2019-12-13,5.840218837484984,3.098421969046069,2.455521173366152,1.0,0.0,False,0.0,0.0,470.294696700472
2019-12-16,5.898064339622691,3.119708532341245,2.4801721575810154,0.9999999999999998,2.220446049250313e-16,False,0.0,0.0,470.294696700472
2019-12-17,5.8513774552400175,3.1203928324731027,2.481594098040576,0.9999999999999998,2.220446049250313e-16,False,0.0,0.0,470.294696700472
2019-12-18,5.882963856825761,3.120587971348918,2.48349045793058,1.0,0.0,True,0.4207505666844949,0.0002103752833422,470.7154472671565
2019-12-19,5.934903976295041,3.13337909469698,2.499016022053321,1.0,1.1102230246251563e-16,False,0.0,0.0,470.7154472671565
2019-12-20,5.992367934246945,3.1471163459277824,2.509089527959606,1.0,0.0,False,0.0,0.0,470.7154472671565
2019-12-23,6.044733047295567,3.151923858231961,2.515717092098155,1.0,1.1102230246251563e-16,False,0.0,0.0,470.7154472671565
2019-12-24,6.089462991260714,3.1520227417363733,2.5170243811953603,1.0,0.0,False,0.0,0.0,470.7154472671565
2019-12-26,6.096104018031953,3.168800742856986,2.5392343644836206,1.0,0.0,True,0.0241549839049868,1.20774919524934e-05,470.7396022510615
2019-12-27,6.084807765752685,3.168016902187465,2.537096276598111,1.0,1.1102230246251563e-16,False,0.0,0.0,470.7396022510615
2019-12-30,6.050551059495411,3.150550001702231,2.520468628607995,0.9999999999999996,3.3306690738754696e-16,False,0.0,0.0,470.7396022510615
2019-12-31,6.092512387848654,3.158204439086909,2.525219223809445,0.9999999999999996,4.440892098500626e-16,False,0.0,0.0,470.7396022510615
2020-01-02,6.167382070353812,3.1877403833763625,2.567382685904542,0.9999999999999992,6.661338147750939e-16,False,0.0,0.0,470.7396022510615
2020-01-03,6.122930433897896,3.1636009817014203,2.543866731350822,1.0,0.0,True,0.0133612209266596,6.680610463329809e-06,470.7529634719881
2020-01-06,6.146090518600678,3.175670025505639,2.5602567931023605,1.0,0.0,False,0.0,0.0,470.7529634719881
2020-01-07,6.116510114794699,3.166740615095642,2.5599006020061776,1.0,1.1102230246251563e-16,False,0.0,0.0,470.7529634719881
2020-01-08,6.141573322262008,3.1836184852705443,2.579142075143993,1.0,1.1102230246251563e-16,False,0.0,0.0,470.7529634719881
2020-01-09,6.210387837136176,3.205205641278466,2.6009962438594263,1.0,0.0,False,0.0,0.0,470.7529634719881
2020-01-10,6.204041741471688,3.1959818799716166,2.5943442057026544,1.0,0.0,True,0.0199253511668954,9.96267558344771e-06,470.772888823155
2020-01-13,6.27956851081616,3.217960956314299,2.624274988697924,0.9999999999999998,2.220446049250313e-16,False,0.0,0.0,470.772888823155
2020-01-14,6.219465242179162,3.213054560505708,2.613941869936652,1.0,1.1102230246251563e-16,False,0.0,0.0,470.772888823155
2020-01-15,6.148514846452914,3.220316092005748,2.6150110080102453,0.9999999999999998,2.220446049250313e-16,False,0.0,0.0,470.772888823155
2020-01-16,6.268881388438699,3.2471046517523656,2.640072026161426,0.9999999999999996,3.3306690738754696e-16,False,0.0,0.0,470.772888823155
2020-01-17,6.285538193076237,3.257210480199897,2.6531366336196123,1.0,1.1102230246251563e-16,True,0.0203137013708221,1.0156850685411073e-05,470.7932025245258
2020-01-21,6.274650628539771,3.250832986940293,2.651949455473448,1.0,1.1102230246251563e-16,False,0.0,0.0,470.7932025245258
2020-01-22,6.315994558149926,3.251225892824931,2.658956555156334,0.9999999999999996,3.3306690738754696e-16,False,0.0,0.0,470.7932025245258
2020-01-23,6.334970785398942,3.254953899496233,2.667508153651648,0.9999999999999996,3.3306690738754696e-16,False,0.0,0.0,470.7932025245258
2020-01-24,6.234394919180256,3.2260073140337377,2.6450605841248103,0.9999999999999998,2.220446049250313e-16,False,0.0,0.0,470.7932025245258
2020-01-27,6.130991735077791,3.1742964974925347,2.590425538859576,1.0,0.0,True,0.405901435820129,0.00020295071791,471.1991039603459
2020-01-28,6.195396276639667,3.2075604484532896,2.630214079877297,1.0,0.0,False,0.0,0.0,471.1991039603459
2020-01-29,6.162379012867584,3.204910961864988,2.634489502601592,1.0,0.0,False,0.0,0.0,471.1991039603459
2020-01-30,6.118459218514712,3.215312455275875,2.643872841193599,1.0,0.0,False,0.0,0.0,471.1991039603459
2020-01-31,5.965401411666002,3.1569288090283383,2.601946212290369,1.0,0.0,False,0.0,0.0,471.1991039603459
2020-02-03,6.027244795923249,3.180380296888537,2.6412599573543027,1.0,0.0,True,0.4136989462446966,0.0002068494731223,471.6128029065906
2020-02-04,6.145497775657903,3.228852925047733,2.7017147358945808,1.0,1.1102230246251563e-16,False,0.0,0.0,471.6128029065906
2020-02-05,6.258746823403151,3.266138905060016,2.710622902009433,0.9999999999999998,2.220446049250313e-16,False,0.0,0.0,471.6128029065906
2020-02-06,6.223163544472475,3.2771297572978613,2.734020628228904,0.9999999999999996,3.3306690738754696e-16,False,0.0,0.0,471.6128029065906
2020-02-07,6.108954972968098,3.259663185329253,2.722261992036165,0.9999999999999996,4.440892098500626e-16,False,0.0,0.0,471.6128029065906
2020-02-10,6.174459991683069,3.283998711429888,2.75516260301365,1.0,0.0,True,0.8017391600424196,0.0004008695800212,472.414542066633
2020-02-11,6.251772688711768,3.2896896049412523,2.75563739896745,1.0000000000000002,0.0,False,0.0,0.0,472.414542066633
2020-02-12,6.310451497938017,3.310885826164292,2.782480313907945,1.0,1.1102230246251563e-16,False,0.0,0.0,472.414542066633
2020-02-13,6.24411652011197,3.307351644302302,2.778916520329304,1.0,0.0,False,0.0,0.0,472.414542066633
2020-02-14,6.255835767059043,3.312650945995532,2.786874529751535,1.0,1.1102230246251563e-16,False,0.0,0.0,472.414542066633
2020-02-18,6.318264455972176,3.3041141129535463,2.7879438560868066,1.0,0.0,True,0.4190008469289294,0.0002095004234644,472.833542913562
2020-02-19,6.4381948521712085,3.3199118204623197,2.8146677896463417,1.0,0.0,False,0.0,0.0,472.833542913562
2020-02-20,6.348224192082766,3.306272795702676,2.788537445159889,0.9999999999999998,2.220446049250313e-16,False,0.0,0.0,472.833542913562
2020-02-21,6.198738476927463,3.272224018522522,2.734971161444893,1.0,1.1102230246251563e-16,False,0.0,0.0,472.833542913562
2020-02-24,5.921152480703458,3.16369920817258,2.629500944638208,1.0,0.0,False,0.0,0.0,472.833542913562
2020-02-25,5.7262892694783565,3.067832471937188,2.558000100359246,1.0,0.0,True,0.4284483037941061,0.000214224151897,473.26199121735607
2020-02-26,5.653695987028603,3.056547925835742,2.5711838774600837,1.0,0.0,False,0.0,0.0,473.26199121735607
2020-02-27,5.452399201751513,2.9192733114822493,2.4424349158149004,1.0,1.1102230246251563e-16,False,0.0,0.0,473.26199121735607
2020-02-28,5.407895466036472,2.907007486219085,2.444335040938476,1.0,0.0,False,0.0,0.0,473.26199121735607
2020-03-02,5.64290885675642,3.032899656516598,2.570471495267706,1.0,0.0,False,0.0,0.0,473.26199121735607
2020-03-03,5.552191633890339,2.9460608856789894,2.488043378369343,1.0,0.0,True,0.0062456168476999,3.1228084238499875e-06,473.2682368342038
2020-03-04,5.831167365906517,3.06989358524841,2.5918506797676746,1.0,0.0,False,0.0,0.0,473.2682368342038
2020-03-05,5.630678474183266,2.9678441661126045,2.513104208258846,1.0,0.0,False,0.0,0.0,473.2682368342038
2020-03-06,5.3238256769486165,2.9187828361597026,2.4707025951401507,1.0,0.0,False,0.0,0.0,473.2682368342038
2020-03-09,4.411695983409159,2.6908415752430104,2.29907628311407,1.0,0.0,False,0.0,0.0,473.2682368342038
2020-03-10,4.605546703880009,2.830079076436565,2.424262392489001,1.0,0.0,True,0.1848009080169363,9.240045400846816e-05,473.4530377422207
2020-03-11,4.218446367623298,2.6921170410432684,2.3186735708247115,1.0000000000000002,0.0,False,0.0,0.0,473.4530377422207
2020-03-12,3.6817072838595073,2.43454308769078,2.1060715396347582,1.0,1.1102230246251563e-16,False,0.0,0.0,473.4530377422207
2020-03-13,3.920556690462006,2.642662640947416,2.284467365105135,0.9999999999999998,2.220446049250313e-16,False,0.0,0.0,473.4530377422207
2020-03-16,3.1907676300860657,2.353493436835694,2.0108164015167747,0.9999999999999998,2.220446049250313e-16,False,0.0,0.0,473.4530377422207
2020-03-17,3.1627732480096964,2.480563010720619,2.163319657000967,0.4832449325441759,0.5167550674558241,True,0.6999999999999997,0.0003499999999999,474.1530377422207
2020-03-18,3.0511707276833304,2.354964862803333,2.097519752877754,0.4643436080800155,0.5356563919199845,False,0.0,0.0,474.1530377422207
2020-03-19,3.1636668524640523,2.3599689923081444,2.110109752643831,0.483390894382645,0.516609105617355,False,0.0,0.0,474.1530377422207
2020-03-20,3.1197145582944046,2.2582681293124742,2.0274444260302587,0.4761126146052713,0.5238873853947287,False,0.0,0.0,474.1530377422207
2020-03-23,3.1318293931386183,2.2005282113934896,2.028907784059134,0.4781391646992607,0.5218608353007392,False,0.0,0.0,474.1530377422207
2020-03-24,3.414682392867067,2.3999031448422263,2.1860221328408302,0.5261318383774704,0.4738681616225296,True,0.2595784047646785,0.0001297892023823,474.4126161469854
2020-03-25,3.501058936878384,2.4358302158312592,2.1698344523939403,0.5378228995266566,0.4621771004733433,False,0.0,0.0,474.4126161469854
2020-03-26,3.4876568508564705,2.5780570540626635,2.284098372214801,0.5360468826985156,0.4639531173014843,False,0.0,0.0,474.4126161469854
2020-03-27,3.36076048980571,2.5012685923628,2.20554242152486,0.518528835083311,0.4814711649166889,False,0.0,0.0,474.4126161469854
2020-03-30,3.297364515964717,2.5824989273621584,2.2857650528567266,0.5092719472783784,0.4907280527216215,False,0.0,0.0,474.4126161469854
2020-03-31,3.298117327818196,2.5440063057827538,2.266244764172697,0.4974346273729991,0.502565372627001,True,0.6120377064027864,0.0003060188532013,475.02465385338814
2020-04-01,3.199482111488287,2.429513990922396,2.1699530572515453,0.481941293601576,0.5180587063984239,False,0.0,0.0,475.02465385338814
2020-04-02,3.203468086258591,2.4855755173993925,2.213992923498694,0.482585897786053,0.517414102213947,False,0.0,0.0,475.02465385338814
2020-04-03,3.206577498002312,2.449648282152046,2.182569790176006,0.4830876331992133,0.5169123668007867,False,0.0,0.0,475.02465385338814
2020-04-06,3.362672126238053,2.6141820563188327,2.338612365220604,0.5070826112098984,0.4929173887901016,False,0.0,0.0,475.02465385338814
2020-04-07,3.37010487654844,2.6168473117051803,2.337660137649501,0.4879593091382211,0.5120406908617788,True,0.2206022734656747,0.0001103011367328,475.2452561268538
2020-04-08,3.498132039367074,2.704691671934828,2.3872940114188776,0.5066993441514758,0.4933006558485242,False,0.0,0.0,475.2452561268538
2020-04-09,3.558183358529704,2.74584954890058,2.390745412775312,0.5150247597196425,0.4849752402803575,False,0.0,0.0,475.2452561268538
2020-04-13,3.471054246640057,2.7207789668493767,2.416574538575773,0.5028510917295792,0.4971489082704208,False,0.0,0.0,475.2452561268538
2020-04-14,3.5252604339682763,2.801021452354498,2.5216731268286074,0.5104955047755086,0.4895044952244913,False,0.0,0.0,475.2452561268538
2020-04-15,3.4822500846283977,2.7415055735556177,2.4927499203379746,0.5041966868500167,0.4958033131499832,True,1.0005049347674992,0.0005002524673837,476.2457610616213
2020-04-16,3.509573330909193,2.754731160141501,2.5382185044651155,0.5080566876976186,0.4919433123023814,False,0.0,0.0,476.2457610616213
2020-04-17,3.548267886089441,2.8291520025181294,2.562499366219577,0.5134214257203775,0.4865785742796225,False,0.0,0.0,476.2457610616213
2020-04-20,3.520083216185513,2.779307488928959,2.5321478183722963,0.5095254790463508,0.4904745209536492,False,0.0,0.0,476.2457610616213
2020-04-21,3.482978486376447,2.6949192878626373,2.4387124176410726,0.5043003751160795,0.4956996248839205,False,0.0,0.0,476.2457610616213
2020-04-22,3.4975554464051752,2.754731160141501,2.5110805834740137,0.5024499063815674,0.4975500936184326,True,1.00418477849035,0.0005020923892451,477.2499458401117
2020-04-23,3.466335094311566,2.7545342144242424,2.5057235974053294,0.4979686059058957,0.5020313940941044,False,0.0,0.0,477.2499458401117
2020-04-24,3.4861621676273957,2.7929291023074265,2.545240288558946,0.5008238411987294,0.4991761588012706,False,0.0,0.0,477.2499458401117
2020-04-27,3.480746977283381,2.8331973562501007,2.565712804814066,0.5000472452747097,0.4999527547252903,False,0.0,0.0,477.2499458401117
2020-04-28,3.435486379271987,2.820170686481232,2.5173886675437327,0.4934606493292744,0.5065393506707255,False,0.0,0.0,477.2499458401117
2020-04-29,3.43212027004493,2.893997899314765,2.6066574608009625,0.4980091976067385,0.5019908023932615,True,0.4087669872731596,0.0002043834936365,477.6587128273848
2020-04-30,3.4428143453176125,2.8670529656541945,2.605586251848911,0.4995684822176817,0.5004315177823183,False,0.0,0.0,477.6587128273848
2020-05-01,3.404522668480523,2.791152155877653,2.5321478183722963,0.4939399804205215,0.5060600195794784,False,0.0,0.0,477.6587128273848
2020-05-04,3.435760128387997,2.7988509430068347,2.561666120029447,0.4985410087175133,0.5014589912824867,False,0.0,0.0,477.6587128273848
2020-05-05,3.4582871774858552,2.8247101292186345,2.590707743116006,0.5018074787176696,0.4981925212823304,False,0.0,0.0,477.6587128273848
2020-05-06,3.4156143002767423,2.805562209158405,2.6066574608009625,0.4945944899632807,0.5054055100367192,True,0.2165210635535552,0.0001082605317767,477.8752338909384
2020-05-07,3.44009690809802,2.839416504495995,2.640223576812812,0.4981913784299441,0.5018086215700559,False,0.0,0.0,477.8752338909384
2020-05-08,3.4531834500629,2.8863979956899954,2.6764065301592086,0.5000930844005304,0.4999069155994696,False,0.0,0.0,477.8752338909384
2020-05-11,3.476179686299629,2.886990639683213,2.700331200817488,0.5034001566939473,0.4965998433060526,False,0.0,0.0,477.8752338909384
2020-05-12,3.426712049772439,2.829448324514738,2.643793583026852,0.4962312962261545,0.5037687037738455,False,0.0,0.0,477.8752338909384
2020-05-13,3.433109654302249,2.7794073579832483,2.610704522108949,1.0,0.0,True,0.9058643435115112,0.0004529321717557,478.7810982344498
2020-05-14,3.4106948890954936,2.812668352294369,2.640342558193773,1.0,0.0,False,0.0,0.0,478.7810982344498
2020-05-15,3.44963244187016,2.82559909520846,2.657482089688397,1.0000000000000002,0.0,False,0.0,0.0,478.7810982344498
2020-05-18,3.428351191035472,2.911666509008334,2.706996229030089,1.0,0.0,False,0.0,0.0,478.7810982344498
2020-05-19,3.3712702816260878,2.881759669448181,2.7002114663898023,1.0,0.0,False,0.0,0.0,478.7810982344498
2020-05-20,3.396002031895356,2.930715874080778,2.754130175967409,1.0,0.0,True,0.0154488399703714,7.72441998518575e-06,478.7965470744202
2020-05-21,3.3616331361180443,2.9104815495385257,2.724135948786404,1.0,0.0,False,0.0,0.0,478.7965470744202
2020-05-22,3.397322277453861,2.91600851325354,2.7335386783313167,1.0,1.1102230246251563e-16,False,0.0,0.0,478.7965470744202
2020-05-26,3.3271587040656705,2.951935091467634,2.726159197047868,1.0,0.0,False,0.0,0.0,478.7965470744202
2020-05-27,3.331626345894513,2.9958564502908933,2.7410373292574035,1.0,0.0,False,0.0,0.0,478.7965470744202
2020-05-28,3.3322579485836883,2.990330472125757,2.7374665699966525,1.0,0.0,True,0.4437923861427418,0.0002218961930713,479.24033946056295
2020-05-29,3.433250991370919,3.0036547779577383,2.777578356316787,1.0000000000000002,0.0,False,0.0,0.0,479.24033946056295
2020-06-01,3.4438582809105776,3.015793795803285,2.7859098769096486,1.0,1.1102230246251563e-16,False,0.0,0.0,479.24033946056295
2020-06-02,3.449030402629264,3.040766315641641,2.804596919403548,1.0,0.0,False,0.0,0.0,479.24033946056295
2020-06-03,3.424002827640021,3.081232665109764,2.817214217113042,1.0,0.0,False,0.0,0.0,479.24033946056295
2020-06-04,3.3282693379812183,3.073139329512814,2.797455400882033,1.0,0.0,True,0.4220977494895585,0.0002110488747447,479.6624372100525
2020-06-05,3.3881687623490526,3.1519031616845266,2.852921433197249,1.0,1.1102230246251563e-16,False,0.0,0.0,479.6624372100525
2020-06-08,3.472951180027663,3.1900009062795363,2.875060441832629,0.9999999999999998,2.220446049250313e-16,False,0.0,0.0,479.6624372100525
2020-06-09,3.473527870593063,3.166214659977493,2.895889713968978,0.9999999999999996,4.440892098500626e-16,False,0.0,0.0,479.6624372100525
2020-06-10,3.4148293358027884,3.1485467073171765,2.930645267267128,0.9999999999999996,4.440892098500626e-16,False,0.0,0.0,479.6624372100525
2020-06-11,3.352979449400021,2.967036672246015,2.785434139647459,1.0,0.0,True,1.5999999999999996,0.0007999999999999,481.26243721005255
2020-06-12,3.5027076998903803,3.002569030508967,2.807572960021149,1.0,0.0,False,0.0,0.0,481.26243721005255
2020-06-15,3.5878962769102065,3.030599054585057,2.841733229891115,1.0,0.0,False,0.0,0.0,481.26243721005255
2020-06-16,3.6687819343999055,3.0889327663054496,2.8905332926853275,1.0,1.1102230246251563e-16,False,0.0,0.0,481.26243721005255
2020-06-17,3.5250345325177745,3.076101235412396,2.8996978712066293,1.0,0.0,False,0.0,0.0,481.26243721005255
2020-06-18,3.592998591676825,3.0772855378489523,2.9075544075840254,1.0,0.0,True,0.8104691113684205,0.0004052345556842,482.072906321421
2020-06-19,3.5625639417010637,3.0596984002786205,2.907077540751756,0.9999999999999998,2.220446049250313e-16,False,0.0,0.0,482.072906321421
2020-06-22,3.552388000389134,3.079326940162617,2.9419415327768754,0.9999999999999998,2.220446049250313e-16,False,0.0,0.0,482.072906321421
2020-06-23,3.5224923314418297,3.093503089605692,2.9669803360499567,0.9999999999999998,2.220446049250313e-16,False,0.0,0.0,482.072906321421
2020-06-24,3.227923160321534,3.014591753468927,2.905814116625703,1.0,1.1102230246251563e-16,False,0.0,0.0,482.072906321421
2020-06-25,3.3719019624023603,3.0469105620968184,2.933475405083707,1.0,0.0,True,0.0137785074055509,6.889253702775461e-06,482.08668482882655
2020-06-26,3.1994923016566346,2.974541963082511,2.8642020729876503,1.0,0.0,False,0.0,0.0,482.08668482882655
2020-06-29,3.2144861624674923,3.018260298630932,2.895440521603494,1.0,0.0,False,0.0,0.0,482.08668482882655
2020-06-30,3.289944556419995,3.056921777756075,2.952195769894756,1.0,1.1102230246251563e-16,False,0.0,0.0,482.08668482882655
2020-07-01,3.1861196180871283,3.0783358055021206,2.986653681478808,0.9999999999999998,2.220446049250313e-16,False,0.0,0.0,482.08668482882655
2020-07-02,3.2207959495408574,3.0952885774677403,3.0069228751208894,1.0,0.0,True,0.4198385782544275,0.0002099192891272,482.506523407081
2020-07-06,3.277062020576918,3.1430703351625597,3.0808472119903407,1.0,1.1102230246251563e-16,False,0.0,0.0,482.506523407081
2020-07-07,3.087908830077155,3.11065395709676,3.059623908160377,0.9999999999999998,2.220446049250313e-16,False,0.0,0.0,482.506523407081
2020-07-08,3.1388260099516607,3.1344461166980717,3.0999239561592504,0.9999999999999998,2.220446049250313e-16,False,0.0,0.0,482.506523407081
2020-07-09,2.942350167835223,3.11660240764287,3.126036039262865,0.9999999999999998,2.220446049250313e-16,False,0.0,0.0,482.506523407081
2020-07-10,3.153883614065788,3.1484244991323225,3.1473792657821926,1.0,0.0,True,0.8029077674572428,0.0004014538837286,483.3094311745383
2020-07-13,3.0359267344220786,3.121162218411082,3.082635509676744,1.0,1.1102230246251563e-16,False,0.0,0.0,483.3094311745383
2020-07-14,3.0792238807053005,3.161610170948152,3.1044550382432945,1.0,0.0,False,0.0,0.0,483.3094311745383
2020-07-15,3.4712399704528742,3.190655639915059,3.1107742297520518,1.0,0.0,False,0.0,0.0,483.3094311745383
2020-07-16,3.243570246956165,3.180147707117363,3.0895507376604088,1.0,0.0,False,0.0,0.0,483.3094311745383
2020-07-17,3.1842709230674577,3.189367526224702,3.0931286508649483,1.0,0.0,True,0.0368771975752784,1.8438598787639245e-05,483.3463083721135
2020-07-20,3.1689864796783764,3.2151412981137546,3.1808832554400523,1.0,0.0,False,0.0,0.0,483.3463083721135
2020-07-21,3.2961380028515186,3.221982328332576,3.1477367747101206,1.0,0.0,False,0.0,0.0,483.3463083721135
2020-07-22,3.2339431968896943,3.240322754526216,3.158825011064856,1.0,0.0,False,0.0,0.0,483.3463083721135
2020-07-23,3.2172833965033445,3.2016593043013155,3.076316318167987,1.0000000000000002,0.0,False,0.0,0.0,483.3463083721135
2020-07-24,3.1915107539219667,3.1810396297568224,3.047104318262158,1.0,0.0,True,0.8646051896008123,0.0004323025948004,484.2109135617144
2020-07-27,3.104734583887242,3.2042375027817864,3.101474479345397,1.0,0.0,False,0.0,0.0,484.2109135617144
2020-07-28,3.172303984189852,3.183913821717275,3.062008618845044,1.0,0.0,False,0.0,0.0,484.2109135617144
2020-07-29,3.273527136920204,3.223073332047361,3.097301282712662,1.0,0.0,False,0.0,0.0,484.2109135617144
2020-07-30,3.200283267401462,3.2115729505226653,3.1135172024113587,1.0,0.0,False,0.0,0.0,484.2109135617144
2020-07-31,3.16370945858756,3.236951188394072,3.16907887165938,1.0,0.0,True,1.6,0.0008,485.8109135617144
2020-08-03,3.1766541335546785,3.259456219854904,3.211885059125707,0.9999999999999998,2.220446049250313e-16,False,0.0,0.0,485.8109135617144
2020-08-04,3.20849946325079,3.2720453054780045,3.223806918193916,0.9999999999999996,3.3306690738754696e-16,False,0.0,0.0,485.8109135617144
2020-08-05,3.3129097630165885,3.292368329509264,3.2317959907931364,0.9999999999999992,6.661338147750939e-16,False,0.0,0.0,485.8109135617144
2020-08-06,3.342972000833641,3.3143759867984044,3.274600295642672,0.9999999999999992,6.661338147750939e-16,False,0.0,0.0,485.8109135617144
2020-08-07,3.3101393865333444,3.3167554327201736,3.236803374924392,1.0,0.0,True,0.4172855539754209,0.0002086427769877,486.2281991156898
2020-08-10,3.4558495669704232,3.3266684219082707,3.222972918957073,0.9999999999999998,2.220446049250313e-16,False,0.0,0.0,486.2281991156898
2020-08-11,3.452012625188859,3.299207388628329,3.161925680913781,0.9999999999999996,4.440892098500626e-16,False,0.0,0.0,486.2281991156898
2020-08-12,3.429660373868244,3.345206286594108,3.2414530618660407,0.9999999999999994,5.551115123125784e-16,False,0.0,0.0,486.2281991156898
2020-08-13,3.3967376500444475,3.339159281060212,3.248846097990353,0.9999999999999992,6.661338147750939e-16,False,0.0,0.0,486.2281991156898
2020-08-14,3.454207329103089,3.339258821597876,3.245029657238834,1.0,0.0,True,0.4239737256530048,0.0002119868628265,486.6521728413428
2020-08-17,3.413397915587874,3.349865966416609,3.2827072200527976,1.0000000000000002,0.0,False,0.0,0.0,486.6521728413428
2020-08-18,3.3848286763680737,3.357103516202954,3.3143046836899925,1.0,0.0,False,0.0,0.0,486.6521728413428
2020-08-19,3.4344658019985665,3.343125133768703,3.2920084765528626,0.9999999999999996,3.3306690738754696e-16,False,0.0,0.0,486.6521728413428
2020-08-20,3.400551209392217,3.353534183061987,3.337674358919334,0.9999999999999996,3.3306690738754696e-16,False,0.0,0.0,486.6521728413428
2020-08-21,3.368437618332694,3.365430427120956,3.3608049418166623,1.0,0.0,True,0.8120814643438156,0.0004060407321719,487.4642543056866
2020-08-24,3.493802239754794,3.3995330810277657,3.381790471146371,1.0,0.0,False,0.0,0.0,487.4642543056866
2020-08-25,3.5784834734550883,3.411429325086734,3.408378668035532,0.9999999999999998,2.220446049250313e-16,False,0.0,0.0,487.4642543056866
2020-08-26,3.584530012563881,3.445630862497956,3.481110178908442,0.9999999999999998,2.220446049250313e-16,False,0.0,0.0,487.4642543056866
2020-08-27,3.602553550138846,3.4531653913141613,3.470261034885734,0.9999999999999996,3.3306690738754696e-16,False,0.0,0.0,487.4642543056866
2020-08-28,3.649488370328041,3.475470027633162,3.4879068020345025,1.0,1.1102230246251563e-16,True,0.4324891544137152,0.0002162445772068,487.8967434601003
2020-08-31,3.585334284321841,3.4628799564601827,3.515926540728837,1.0,1.1102230246251563e-16,False,0.0,0.0,487.8967434601003
2020-09-01,3.6904187931744175,3.4954954156013094,3.5760196685842467,0.9999999999999998,2.220446049250313e-16,False,0.0,0.0,487.8967434601003
2020-09-02,3.741921920002315,3.5460537958186733,3.6098830497868266,0.9999999999999998,2.220446049250313e-16,False,0.0,0.0,487.8967434601003
2020-09-03,3.6496085386707775,3.424019396259713,3.42685956399121,0.9999999999999996,3.3306690738754696e-16,False,0.0,0.0,487.8967434601003
2020-09-04,3.675695636190913,3.39606263139121,3.381194434671462,1.0,0.0,True,0.819269123907084,0.0004096345619535,488.7160125840074
2020-09-08,3.579089437475247,3.3032724533578577,3.218679799634963,1.0,0.0,False,0.0,0.0,488.7160125840074
2020-09-09,3.648404162915064,3.368504685706613,3.313231215597793,1.0,0.0,False,0.0,0.0,488.7160125840074
2020-09-10,3.5767094675929,3.3100142715556418,3.2471769699466013,0.9999999999999998,2.220446049250313e-16,False,0.0,0.0,488.7160125840074
2020-09-11,3.589309048963778,3.3116998903634007,3.2246416704774696,0.9999999999999998,2.220446049250313e-16,False,0.0,0.0,488.7160125840074
2020-09-14,3.6859538722177394,3.3553193424074097,3.280800129247112,1.0,1.1102230246251563e-16,True,0.4385909652870218,0.0002192954826435,489.1546035492944
2020-09-15,3.672935191930205,3.372272114373029,3.327301140420481,1.0,0.0,False,0.0,0.0,489.1546035492944
2020-09-16,3.697996871511419,3.358888018515125,3.2742425984530525,1.0,0.0,False,0.0,0.0,489.1546035492944
2020-09-17,3.6764024028274656,3.3293448468599007,3.223092653384759,1.0,1.1102230246251563e-16,False,0.0,0.0,489.1546035492944
2020-09-18,3.6195005048780713,3.2910151695269683,3.181957476578964,0.9999999999999998,2.220446049250313e-16,False,0.0,0.0,489.1546035492944
2020-09-21,3.57529112793254,3.254387536833093,3.1895865928484293,1.0,0.0,True,0.4106919178524583,0.0002053459589262,489.5652954671468
2020-09-22,3.621741128505316,3.287531250708749,3.248846097990353,1.0,0.0,False,0.0,0.0,489.5652954671468
2020-09-23,3.5235333202531685,3.2112910832575987,3.1496453716092425,1.0,0.0,False,0.0,0.0,489.5652954671468
2020-09-24,3.5332457569784705,3.219850583946774,3.164310956383482,1.0000000000000002,0.0,False,0.0,0.0,489.5652954671468
2020-09-25,3.5780622185850537,3.271906014428601,3.2378753369231674,1.0,1.1102230246251563e-16,False,0.0,0.0,489.5652954671468
2020-09-28,3.6695734129722286,3.3262495632101823,3.305122785094244,1.0,0.0,True,0.8020586549275052,0.0004010293274637,490.3673541220744
2020-09-29,3.604932265284395,3.308135813488449,3.2902196140814386,1.0,0.0,False,0.0,0.0,490.3673541220744
2020-09-30,3.680222473231258,3.333217400846621,3.3127541605038577,1.0,1.1102230246251563e-16,False,0.0,0.0,490.3673541220744
2020-10-01,3.767917665262516,3.354615659794621,3.3653360239006944,1.0,0.0,False,0.0,0.0,490.3673541220744
2020-10-02,3.7883336214527104,3.3227669584584665,3.270664496986836,1.0,0.0,False,0.0,0.0,490.3673541220744
2020-10-05,3.935053650521685,3.381690357522442,3.3404162020085737,1.0,0.0,True,0.0333849809985742,1.6692490499287104e-05,490.4007391030729
2020-10-06,3.848160756155884,3.333614577447397,3.280800129247112,1.0,0.0,False,0.0,0.0,490.4007391030729
2020-10-07,3.978810333788386,3.3916427687056543,3.33755575406173,1.0,0.0,False,0.0,0.0,490.4007391030729
2020-10-08,3.9763811612928666,3.4217007259137446,3.355321255638171,0.9999999999999998,2.220446049250313e-16,False,0.0,0.0,490.4007391030729
2020-10-09,3.948694195887113,3.452257042843404,3.4065901820874505,1.0,0.0,False,0.0,0.0,490.4007391030729
2020-10-12,3.920656528064545,3.5077960636268246,3.5117531558344117,1.0,1.1102230246251563e-16,True,0.0339865234271314,1.6993261713565717e-05,490.4347256265
2020-10-13,3.916008593283577,3.48490338254737,3.5116341744534507,1.0,0.0,False,0.0,0.0,490.4347256265
2020-10-14,3.919819845483648,3.463006435361175,3.482303381428339,1.0,1.1102230246251563e-16,False,0.0,0.0,490.4347256265
2020-10-15,3.9793966283660738,3.4587261922416483,3.4589340827223536,1.0,0.0,False,0.0,0.0,490.4347256265
2020-10-16,3.932150699673584,3.4566364979839683,3.439974625579303,1.0,0.0,False,0.0,0.0,490.4347256265
2020-10-19,3.8957620707202927,3.404083364813824,3.3838169198563857,1.0,0.0,True,0.4241196431435557,0.0002120598215717,490.8588452696436
2020-10-20,3.8722089655613434,3.417719432923834,3.391090221553013,1.0000000000000002,0.0,False,0.0,0.0,490.8588452696436
2020-10-21,3.813381796291916,3.411249955008965,3.388467359844734,1.0,0.0,False,0.0,0.0,490.8588452696436
2020-10-22,3.997817854044986,3.42996160498993,3.3883464958469816,1.0,0.0,False,0.0,0.0,490.8588452696436
2020-10-23,4.047727512271069,3.441606862346671,3.3950245141154247,1.0,0.0,False,0.0,0.0,490.8588452696436
2020-10-26,3.9257159446317966,3.37800702911227,3.3441121552856963,1.0,0.0,True,0.4298467590420378,0.000214923379521,491.28869202868566
2020-10-27,3.857526017268252,3.3663614432389037,3.370225179697701,1.0,0.0,False,0.0,0.0,491.28869202868566
2020-10-28,3.713940307317568,3.2513034227486566,3.2388298236344064,1.0,1.1102230246251563e-16,False,0.0,0.0,491.28869202868566
2020-10-29,3.821956026166869,3.284346610536772,3.295466090544695,0.9999999999999996,3.3306690738754696e-16,False,0.0,0.0,491.28869202868566
2020-10-30,3.7447751757026007,3.2501082792634435,3.211885059125707,0.9999999999999996,3.3306690738754696e-16,False,0.0,0.0,491.28869202868566
2020-11-02,3.898621859926647,3.2865365023653665,3.219037496824582,1.0000000000000002,0.0,True,0.0331660624589656,1.658303122948282e-05,491.32185809114463
2020-11-03,3.897426036721358,3.344564036590372,3.274718147453564,1.0,0.0,False,0.0,0.0,491.32185809114463
2020-11-04,3.8358202246395576,3.4193124100430747,3.420898446195428,1.0,0.0,False,0.0,0.0,491.32185809114463
2020-11-05,3.906307820792141,3.485997999945041,3.51008402779066,1.0,0.0,False,0.0,0.0,491.32185809114463
2020-11-06,3.847654130864955,3.48520200416036,3.512707266022294,1.0,1.1102230246251563e-16,False,0.0,0.0,491.32185809114463
2020-11-09,4.285746858072153,3.5289962270493755,3.440929488813898,1.0,1.1102230246251563e-16,True,1.2024293658749503,0.0006012146829374,492.5242874570196
2020-11-10,4.203398191664385,3.52382077612413,3.379286590819065,1.0,0.0,False,0.0,0.0,492.5242874570196
2020-11-11,4.128945909930848,3.549997309396599,3.4548796792089007,1.0,0.0,False,0.0,0.0,492.5242874570196
2020-11-12,4.024117401313252,3.515558254464814,3.4386635712485254,1.0,0.0,False,0.0,0.0,492.5242874570196
2020-11-13,4.118315794999747,3.564230292215963,3.468829116557192,1.0,0.0,False,0.0,0.0,492.5242874570196
2020-11-16,4.248978708788857,3.608720970351997,3.495895874633723,0.9999999999999998,2.220446049250313e-16,True,0.833734663962155,0.000416867331981,493.3580221209817
2020-11-17,4.339663296107824,3.5893112225408834,3.4848076382790003,0.9999999999999998,2.220446049250313e-16,False,0.0,0.0,493.3580221209817
2020-11-18,4.287321772198665,3.5461155569443523,3.4590519345332456,1.0,0.0,False,0.0,0.0,493.3580221209817
2020-11-19,4.357946965493189,3.561044666494108,3.4861201987032144,1.0,1.1102230246251563e-16,False,0.0,0.0,493.3580221209817
2020-11-20,4.343314471306789,3.5366601914162064,3.4622727153332256,0.9999999999999998,2.220446049250313e-16,False,0.0,0.0,493.3580221209817
2020-11-23,4.494283772222189,3.557860026322131,3.4623916967141857,1.0,0.0,True,0.8215172029719291,0.0004107586014859,494.1795393239536
2020-11-24,4.625979132061153,3.615190119750241,3.5110377614551864,1.0,0.0,False,0.0,0.0,494.1795393239536
2020-11-25,4.416988774804904,3.6096158496410897,3.532618950736448,1.0,0.0,False,0.0,0.0,494.1795393239536
2020-11-27,4.400022030847265,3.619668786911842,3.565169771514814,1.0,1.1102230246251563e-16,False,0.0,0.0,494.1795393239536
2020-11-30,4.312205626467774,3.6036447314477886,3.572442320164729,0.9999999999999998,2.220446049250313e-16,False,0.0,0.0,494.1795393239536
2020-12-01,4.366370640549053,3.643059827712866,3.618227560435518,0.799316843986596,0.200683156013404,True,0.1999999999999997,9.999999999999986e-05,494.3795393239536
2020-12-02,4.379338978857778,3.650723463563071,3.622878000423879,0.7999111179335567,0.2000888820664432,False,0.0,0.0,494.3795393239536
2020-12-03,4.508939988212982,3.6497280581864366,3.628003989412751,0.8056622969566429,0.194337703043357,False,0.0,0.0,494.3795393239536
2020-12-04,4.521459619359117,3.681180568471693,3.642790061661388,0.8062004055686212,0.1937995944313788,False,0.0,0.0,494.3795393239536
2020-12-07,4.549421569500697,3.673616473159152,3.6634167642313975,0.8073915492149426,0.1926084507850574,False,0.0,0.0,494.3795393239536
2020-12-08,4.551615379193069,3.684365537160296,3.6758168079636215,1.0,1.1102230246251563e-16,True,0.2224836168663903,0.0001112418084331,494.60202294082
2020-12-09,4.555947022855482,3.6513200497558,3.592592344164172,1.0,0.0,False,0.0,0.0,494.60202294082
2020-12-10,4.534253523457163,3.6501255633038383,3.607020342699834,1.0,0.0,False,0.0,0.0,494.60202294082
2020-12-11,4.530527238645113,3.6458463057341897,3.5990327761940377,1.0,0.0,False,0.0,0.0,494.60202294082
2020-12-14,4.454372878187804,3.62952330014052,3.6251431649425383,1.0,0.0,False,0.0,0.0,494.60202294082
2020-12-15,4.574666128156935,3.678591857459192,3.663894572372057,1.0,0.0,True,0.8183290332721973,0.000409164516636,495.4203519740922
2020-12-16,4.534487533463046,3.684365537160296,3.684044596371488,1.0,0.0,False,0.0,0.0,495.4203519740922
2020-12-17,4.571248656440612,3.704967143290363,3.7081292894566986,1.0,0.0,False,0.0,0.0,495.4203519740922
2020-12-18,4.516473883754944,3.6901743681403767,3.696922071721016,1.0,0.0,False,0.0,0.0,495.4203519740922
2020-12-21,4.535819817542831,3.6769801548922727,3.690006467213994,0.9999999999999998,2.220446049250313e-16,False,0.0,0.0,495.4203519740922
2020-12-22,4.483799524618751,3.670783017260317,3.700039308597664,1.0000000000000002,0.0,True,0.4129183238450466,0.0002064591619225,495.8332702979373
2020-12-23,4.622728956956479,3.6740819812181247,3.6814044145887737,0.9999999999999998,2.220446049250313e-16,False,0.0,0.0,495.8332702979373
2020-12-24,4.588779977224426,3.688375411096664,3.697649891371036,0.9999999999999998,2.220446049250313e-16,False,0.0,0.0,495.8332702979373
2020-12-28,4.559530053192256,3.720061496702973,3.73491779677205,1.0,0.0,False,0.0,0.0,495.8332702979373
2020-12-29,4.508839094282272,3.712963894999283,3.738262830279985,1.0,0.0,False,0.0,0.0,495.8332702979373
2020-12-30,4.648338356973613,3.718262868175886,3.7383821881843136,1.0000000000000002,0.0,True,0.8015484524262706,0.0004007742262131,496.63481875036354
2020-12-31,4.6050436443375045,3.7371532312013698,3.7475791477143625,0.9999999999999998,2.220446049250313e-16,False,0.0,0.0,496.63481875036354
2021-01-04,4.624019993693575,3.6862758613402073,3.6946636846227863,1.0,0.0,False,0.0,0.0,496.63481875036354
2021-01-05,4.812966863202715,3.711665268776895,3.725122541626945,1.0,0.0,False,0.0,0.0,496.63481875036354
2021-01-06,5.078861441309472,3.733855252793439,3.673521898099719,1.0,0.0,False,0.0,0.0,496.63481875036354
2021-01-07,5.170230961784924,3.7893308698680497,3.762391200074658,1.0,0.0,True,0.4186698143660405,0.000209334907183,497.0534885647296
2021-01-08,5.053996972999097,3.810921311042232,3.810768427138414,1.0,0.0,False,0.0,0.0,497.0534885647296
2021-01-11,5.090991757536573,3.785232624959301,3.7557018861055,1.0,0.0,False,0.0,0.0,497.0534885647296
2021-01-12,5.437775411455715,3.786031577393616,3.7497302256557017,1.0,0.0,False,0.0,0.0,497.0534885647296
2021-01-13,5.292388331735606,3.796227747913284,3.7750533040636953,1.0,0.0,False,0.0,0.0,497.0534885647296
2021-01-14,5.561049987044288,3.782933337094264,3.754866380775222,1.0,1.1102230246251563e-16,True,0.7999999999999999,0.0003999999999999,497.8534885647296
2021-01-15,5.261024537135575,3.755346153429957,3.725122541626945,0.9999999999999998,2.220446049250313e-16,False,0.0,0.0,497.8534885647296
2021-01-19,5.328704843246239,3.7848328202255175,3.7794721821871984,0.9999999999999996,3.3306690738754696e-16,False,0.0,0.0,497.8534885647296
2021-01-20,5.2955258339335085,3.837210197000776,3.867386244404188,0.9999999999999998,2.220446049250313e-16,False,0.0,0.0,497.8534885647296
2021-01-21,5.026299861193234,3.8407085705505386,3.898323286072361,0.9999999999999998,2.220446049250313e-16,False,0.0,0.0,497.8534885647296
2021-01-22,4.9635823382661055,3.827113895535399,3.8870953595520015,1.0,1.1102230246251563e-16,True,0.0415766273544759,2.0788313677237977e-05,497.895065192084
2021-01-25,4.806701109167863,3.842207920431383,3.919226733310128,1.0,1.1102230246251563e-16,False,0.0,0.0,497.895065192084
2021-01-26,4.651625145141467,3.83621019239138,3.924960430997992,0.9999999999999998,2.220446049250313e-16,False,0.0,0.0,497.895065192084
2021-01-27,4.616209837105752,3.742452204377973,3.815545755498248,0.9999999999999998,2.220446049250313e-16,False,0.0,0.0,497.895065192084
2021-01-28,4.685286117612029,3.774636978222476,3.838121342966639,0.9999999999999998,2.220446049250313e-16,False,0.0,0.0,497.895065192084
2021-01-29,4.5559253903799455,3.699070598371153,3.757374779382823,1.0,0.0,True,0.0220088207891757,1.1004410394587896e-05,497.9170740128732
2021-02-01,4.623434874226573,3.760644469573309,3.8512608785729663,1.0,0.0,False,0.0,0.0,497.9170740128732
2021-02-02,4.701184164055567,3.813820141749632,3.914090201667252,0.9999999999999998,2.220446049250313e-16,False,0.0,0.0,497.9170740128732
2021-02-03,4.977956991740326,3.81681884151132,3.898563131451074,1.0,0.0,False,0.0,0.0,497.9170740128732
2021-02-04,5.0008126484304976,3.8601994619682616,3.9446691696224505,1.0,1.1102230246251563e-16,False,0.0,0.0,497.9170740128732
2021-02-05,4.98023046700967,3.875392698885283,3.95804779756078,1.0,0.0,True,0.0186293372867327,9.314668643366358e-06,497.9357033501599
2021-02-08,5.4110721580819705,3.903380672833251,3.9845659611054502,1.0,0.0,False,0.0,0.0,497.9357033501599
2021-02-09,5.318445371425294,3.900782106321973,3.983728196635037,1.0,1.1102230246251563e-16,False,0.0,0.0,497.9357033501599
2021-02-10,5.480743917314015,3.899081704266045,3.974650971532661,1.0,0.0,False,0.0,0.0,497.9357033501599
2021-02-11,5.328375455114899,3.905379696502168,3.9965104115751022,0.9999999999999998,2.220446049250313e-16,False,0.0,0.0,497.9357033501599
2021-02-12,5.451325239116016,3.924671506844565,4.018847283234847,1.0,1.1102230246251563e-16,True,0.4125130443318192,0.0002062565221659,498.3482163944917
2021-02-16,5.66179264016929,3.921272673832467,4.007976677380751,1.0,1.1102230246251563e-16,False,0.0,0.0,498.3482163944917
2021-02-17,5.73091767695592,3.9221734664208263,3.988746123420308,1.0,1.1102230246251563e-16,False,0.0,0.0,498.3482163944917
2021-02-18,5.467006675565984,3.905479565556458,3.9713055615013695,1.0,1.1102230246251563e-16,False,0.0,0.0,498.3482163944917
2021-02-19,5.547289846518955,3.89858301602785,3.953986616626896,1.0,1.1102230246251563e-16,False,0.0,0.0,498.3482163944917
2021-02-22,5.68398693251089,3.868596675444217,3.851499217858256,1.0,0.0,True,0.0440822395559266,2.2041119777963343e-05,498.3922986340476
2021-02-23,5.801421041460225,3.873294463195328,3.840032199005896,1.0,1.1102230246251563e-16,False,0.0,0.0,498.3922986340476
2021-02-24,6.139034334415542,3.915975343238993,3.871686517670086,1.0,1.1102230246251563e-16,False,0.0,0.0,498.3922986340476
2021-02-25,5.875266380543177,3.821617483866599,3.736708918383622,1.0,0.0,False,0.0,0.0,498.3922986340476
2021-02-26,5.769610136349445,3.8019245547239136,3.752357982167633,1.0,1.1102230246251563e-16,False,0.0,0.0,498.3922986340476
2021-03-01,6.1745923631928745,3.894084966385317,3.865235919509561,1.0,0.0,True,1.261997621967148,0.0006309988109835,499.6542962560148
2021-03-02,6.025347889111617,3.8636984925512743,3.803242101745542,1.0,0.0,False,0.0,0.0,499.6542962560148
2021-03-03,5.820762000169915,3.812520858493992,3.6928721864878464,1.0,0.0,False,0.0,0.0,499.6542962560148
2021-03-04,5.705880639630384,3.765341928807794,3.6324303980033976,1.0,0.0,False,0.0,0.0,499.6542962560148
2021-03-05,5.732499385003496,3.834611301972872,3.687139241846706,0.9999999999999998,2.220446049250313e-16,False,0.0,0.0,499.6542962560148
2021-03-08,5.611751356288323,3.815518901222428,3.582740610515441,1.0,0.0,True,0.1475803728230381,7.37901864115191e-05,499.8018766288378
2021-03-09,5.952183986926664,3.869995827754146,3.724047943964665,1.0,1.1102230246251563e-16,False,0.0,0.0,499.8018766288378
2021-03-10,6.042412906432196,3.894084966385317,3.71341756001265,0.9999999999999998,2.220446049250313e-16,False,0.0,0.0,499.8018766288378
2021-03-11,6.404361344593358,3.933567737075341,3.798943711096436,0.9999999999999998,2.220446049250313e-16,False,0.0,0.0,499.8018766288378
2021-03-12,6.508485470630131,3.938864739152189,3.768125274285879,1.0,0.0,False,0.0,0.0,499.8018766288378
2021-03-15,6.581860410748647,3.962355320490876,3.80837863338843,1.0,0.0,True,0.0673185016872067,3.365925084360337e-05,499.869195130525
2021-03-16,6.375320565821355,3.957357268543644,3.82928170410284,1.0,0.0,False,0.0,0.0,499.869195130525
2021-03-17,6.417456529421198,3.9708507604379903,3.8450493727444552,1.0,0.0,False,0.0,0.0,499.869195130525
2021-03-18,6.093161339700779,3.913075855498342,3.727272866521573,1.0,0.0,False,0.0,0.0,499.869195130525
2021-03-19,6.25757253787968,3.905836006095616,3.740412778651256,1.0,0.0,False,0.0,0.0,499.869195130525
2021-03-22,6.325242431946466,3.937024060496981,3.81055757405822,1.0,0.0,True,1.223207922788942,0.0006116039613944,501.092403053314
2021-03-23,5.939275116688087,3.9060364012374458,3.7939329382549634,1.0,0.0,False,0.0,0.0,501.092403053314
2021-03-24,5.731621531732388,3.886180856364916,3.729946182359745,1.0,0.0,False,0.0,0.0,501.092403053314
2021-03-25,5.645287232858951,3.9080423237555086,3.723489936348868,0.9999999999999998,2.220446049250313e-16,False,0.0,0.0,501.092403053314
2021-03-26,5.625344032766196,3.9710209320502337,3.7793419051055097,0.9999999999999998,2.220446049250313e-16,False,0.0,0.0,501.092403053314
2021-03-29,5.435109740481471,3.96901435249892,3.778265048303082,1.0,0.0,True,0.5832550487423148,0.0002916275243711,501.67565810205633
2021-03-30,5.551149029922476,3.958485066120537,3.759249489179761,0.9999999999999998,2.220446049250313e-16,False,0.0,0.0,501.67565810205633
2021-03-31,5.448651848831494,3.974530146648651,3.816776233830519,1.0,0.0,False,0.0,0.0,501.67565810205633
2021-04-01,5.689371600084756,4.017451829379139,3.881837963911373,1.0,0.0,False,0.0,0.0,501.67565810205633
2021-04-05,5.374098230262557,4.07511372459946,3.9593392726769743,1.0,0.0,False,0.0,0.0,501.67565810205633
2021-04-06,5.451752471654369,4.072707340314363,3.9565887695505113,1.0,0.0,True,0.0458009183594124,2.290045917970624e-05,501.72145902041575
2021-04-07,5.435829416900777,4.07742089686352,3.9661566045876855,1.0,1.1102230246251563e-16,False,0.0,0.0,501.72145902041575
2021-04-08,5.306993661522532,4.096775782398099,4.007536898099203,1.0,1.1102230246251563e-16,False,0.0,0.0,501.72145902041575
2021-04-09,5.292656333042817,4.126559756740146,4.031815877236872,1.0,0.0,False,0.0,0.0,501.72145902041575
2021-04-12,5.1565536105204455,4.12806403437038,4.026555092886027,1.0,1.1102230246251563e-16,False,0.0,0.0,501.72145902041575
2021-04-13,5.2030849927981455,4.140298650554078,4.073557256648224,1.0,1.1102230246251563e-16,True,0.0101909725759106,5.095486287955337e-06,501.73164999299166
2021-04-14,5.290399411752944,4.1261586379398585,4.02464009508983,0.9999999999999998,2.220446049250313e-16,False,0.0,0.0,501.73164999299166
2021-04-15,5.181960482364005,4.170484400729664,4.08563650247986,1.0,1.1102230246251563e-16,False,0.0,0.0,501.73164999299166
2021-04-16,5.103049320381796,4.184423032652175,4.090420984783481,1.0,0.0,False,0.0,0.0,501.73164999299166
2021-04-19,5.068753104315392,4.163865776266612,4.052985903011748,1.0,1.1102230246251563e-16,False,0.0,0.0,501.73164999299166
2021-04-20,4.902110891773768,4.133379104861654,4.023444633429798,1.0,0.0,True,0.8401232514414979,0.0004200616257207,502.5717732444332
2021-04-21,5.202915967974115,4.172489666214474,4.057889366696343,0.9999999999999998,2.220446049250313e-16,False,0.0,0.0,502.5717732444332
2021-04-22,5.15266036800297,4.134381737604059,4.008973711231385,0.9999999999999998,2.220446049250313e-16,False,0.0,0.0,502.5717732444332
2021-04-23,5.254693056484097,4.17920783121519,4.059444408162785,1.0,0.0,False,0.0,0.0,502.5717732444332
2021-04-26,5.342584580147653,4.187932904283845,4.085876347858573,1.0,0.0,False,0.0,0.0,502.5717732444332
2021-04-27,5.390023509605873,4.187029812079103,4.068175231776258,1.0,0.0,True,0.0136198940157893,6.809947007894696e-06,502.585393138449
2021-04-28,5.336803100376033,4.185827112711493,4.054420457003794,1.0,0.0,False,0.0,0.0,502.585393138449
2021-04-29,5.33209783211627,4.212502662738784,4.069011866676604,1.0,1.1102230246251563e-16,False,0.0,0.0,502.585393138449
2021-04-30,5.297949319082783,4.184824151452463,4.04234196421887,0.9999999999999998,2.220446049250313e-16,False,0.0,0.0,502.585393138449
2021-05-03,5.18692566104246,4.193850474267116,4.020813111684295,1.0,0.0,False,0.0,0.0,502.585393138449
2021-05-04,5.12858680544423,4.167976833323774,3.9484558650287274,1.0,0.0,True,1.2,0.0006,503.78539313844897
2021-05-05,5.160749276315673,4.169280387295551,3.935179651443634,0.9999999999999998,2.220446049250313e-16,False,0.0,0.0,503.78539313844897
2021-05-06,5.125907976665231,4.202574233269267,3.96484140849998,0.9999999999999998,2.220446049250313e-16,False,0.0,0.0,503.78539313844897
2021-05-07,5.3271440146237286,4.233160773728515,3.997013446780709,0.9999999999999996,4.440892098500626e-16,False,0.0,0.0,503.78539313844897
2021-05-10,5.308808980511818,4.19124270929031,3.8960701703011407,0.9999999999999994,5.551115123125784e-16,False,0.0,0.0,503.78539313844897
2021-05-11,5.23032750467175,4.153836492192928,3.8906892749992426,0.9999999999999998,2.220446049250313e-16,True,0.8451175879949049,0.0004225587939974,504.63051072644384
2021-05-12,4.984978236175064,4.065587727996734,3.789985843898388,0.9999999999999998,2.220446049250313e-16,False,0.0,0.0,504.63051072644384
2021-05-13,5.092776846991627,4.114425338127362,3.819289150718417,0.9999999999999998,2.220446049250313e-16,False,0.0,0.0,504.63051072644384
2021-05-14,5.407380002341926,4.177603684530666,3.9036062853013056,1.0,0.0,False,0.0,0.0,504.63051072644384
2021-05-17,5.532527915474412,4.166973872064743,3.879924848731968,1.0,1.1102230246251563e-16,False,0.0,0.0,504.63051072644384
2021-05-18,5.451420534646104,4.131072589630846,3.8537327544148807,1.0,0.0,True,0.4158694365819772,0.0002079347182909,505.0463801630258
2021-05-19,5.3276588260543765,4.120242053506465,3.8581584099588286,1.0,0.0,False,0.0,0.0,505.0463801630258
2021-05-20,5.2092615779580616,4.16456715926302,3.932787975076857,1.0,0.0,False,0.0,0.0,505.0463801630258
2021-05-21,5.223390826091471,4.161157156685639,3.911020783256993,1.0,0.0,False,0.0,0.0,505.0463801630258
2021-05-24,5.301376147395827,4.203577523044924,3.976801296427289,1.0,0.0,False,0.0,0.0,505.0463801630258
2021-05-25,5.296554428258236,4.194251264550777,3.9823019261568575,1.0,1.1102230246251563e-16,True,0.8368391641774406,0.0004184195820887,505.8832193272033
2021-05-26,5.38759612214439,4.202574233269267,3.996176058833651,0.9999999999999998,2.220446049250313e-16,False,0.0,0.0,505.8832193272033
2021-05-27,5.4735436954635786,4.20478055092916,3.981226198924512,0.9999999999999998,2.220446049250313e-16,False,0.0,0.0,505.8832193272033
2021-05-28,5.416258972632259,4.212301939080327,3.9937836294201623,0.9999999999999996,4.440892098500626e-16,False,0.0,0.0,505.8832193272033
2021-06-01,5.525601928414373,4.208591672306827,3.9805089219284944,0.9999999999999994,5.551115123125784e-16,False,0.0,0.0,505.8832193272033
2021-06-02,5.4747167673080845,4.215209639736627,3.988282999690592,1.0,1.1102230246251563e-16,True,0.4277104994157151,0.0002138552497078,506.310929826619
2021-06-03,5.442748016017906,4.199565349492175,3.946782595228047,1.0,1.1102230246251563e-16,False,0.0,0.0,506.310929826619
2021-06-04,5.478820456517782,4.2379745278485865,4.013757440488295,1.0,1.1102230246251563e-16,False,0.0,0.0,506.310929826619
2021-06-07,5.444677809373527,4.233862156724921,4.025716951892245,1.0,0.0,False,0.0,0.0,506.310929826619
2021-06-08,5.4860320553468975,4.234765905962915,4.027630067071663,1.0,0.0,False,0.0,0.0,506.310929826619
2021-06-09,5.337233045445242,4.228446888662731,4.028587189446394,1.0,0.0,True,0.8142311941089149,0.0004071155970544,507.1251610207279
2021-06-10,5.257843270820205,4.248103352459934,4.070566908143035,1.0,0.0,False,0.0,0.0,507.1251610207279
2021-06-11,5.287208786703794,4.255122438690021,4.08121047041257,1.0,0.0,False,0.0,0.0,507.1251610207279
2021-06-14,5.188107615211405,4.264650406392503,4.120320704601775,1.0,0.0,False,0.0,0.0,507.1251610207279
2021-06-15,5.148506253631783,4.256828425528589,4.093409827195247,1.0,0.0,False,0.0,0.0,507.1251610207279
2021-06-16,5.107472967035362,4.233060247640973,4.078461096856174,1.0,1.1102230246251563e-16,True,0.8260161610412393,0.0004130080805206,507.95117718176914
2021-06-17,4.875775303697313,4.231656824614906,4.130246613351924,0.9999999999999998,2.220446049250313e-16,False,0.0,0.0,507.95117718176914
2021-06-18,4.751719747745696,4.174569504973375,4.097835482739181,0.9999999999999996,3.3306690738754696e-16,False,0.0,0.0,507.95117718176914
2021-06-21,4.844688643137055,4.2343322640166585,4.123303522639807,0.9999999999999996,4.440892098500626e-16,False,0.0,0.0,507.95117718176914
2021-06-22,4.859480607349659,4.256971330260878,4.161739780019102,0.9999999999999992,6.661338147750939e-16,False,0.0,0.0,507.95117718176914
2021-06-23,4.861754945116894,4.2518392435302585,4.163774888766341,1.0,0.0,True,0.4336875987513362,0.0002168437993756,508.3848647805205
2021-06-24,4.946265730257567,4.276992118996262,4.189520049858079,1.0,0.0,False,0.0,0.0,508.3848647805205
2021-06-25,4.9578821598341705,4.292183713330154,4.184369210327615,1.0,0.0,False,0.0,0.0,508.3848647805205
2021-06-28,4.909504181991196,4.300837169774352,4.235258977755889,1.0,1.1102230246251563e-16,False,0.0,0.0,508.3848647805205
2021-06-29,4.941959099812768,4.303151240887556,4.250585361022519,0.9999999999999998,2.220446049250313e-16,False,0.0,0.0,508.3848647805205
2021-06-30,4.952786755747846,4.306773136688675,4.24387985654898,1.0,1.1102230246251563e-16,True,0.0229408218680995,1.1470410934049769e-05,508.4078056023886
2021-07-01,4.990336573465947,4.330618187466764,4.245556138536531,1.0,1.1102230246251563e-16,False,0.0,0.0,508.4078056023886
2021-07-02,5.003313891834258,4.363719522697673,4.2942903097431815,1.0,0.0,False,0.0,0.0,508.4078056023886
2021-07-06,4.8973912207330805,4.355770405899516,4.312849522557219,1.0,0.0,False,0.0,0.0,508.4078056023886
2021-07-07,4.962570122528984,4.371164037958368,4.321949339061038,0.9999999999999998,2.220446049250313e-16,False,0.0,0.0,508.4078056023886
2021-07-08,4.946277912402622,4.335547907955798,4.295846104256325,1.0,0.0,True,0.8040898551480132,0.000402044927574,509.21189545753657
2021-07-09,5.006079917654629,4.381829330219895,4.322667745627135,1.0,0.0,False,0.0,0.0,509.21189545753657
2021-07-12,5.021621514468556,4.397523883508119,4.33955067645362,1.0,0.0,False,0.0,0.0,509.21189545753657
2021-07-13,4.994152700737985,4.382533669865936,4.33955067645362,1.0,0.0,False,0.0,0.0,509.21189545753657
2021-07-14,4.937433797828303,4.389073778855385,4.347333790776298,1.0,0.0,False,0.0,0.0,509.21189545753657
2021-07-15,4.850626992427388,4.374082251146699,4.316801135194078,1.0,0.0,True,0.4223975772407164,0.0002111987886203,509.6342930347773
2021-07-16,4.721400561041109,4.339773288798791,4.281836423170836,1.0,0.0,False,0.0,0.0,509.6342930347773
2021-07-19,4.609497488448852,4.275684622824974,4.2467538593367,0.9999999999999998,2.220446049250313e-16,False,0.0,0.0,509.6342930347773
2021-07-20,4.678966929620977,4.336957572797758,4.296086326158407,0.9999999999999996,4.440892098500626e-16,False,0.0,0.0,509.6342930347773
2021-07-21,4.788300233913036,4.372070086812744,4.329253515672989,0.9999999999999992,7.771561172376097e-16,False,0.0,0.0,509.6342930347773
2021-07-22,4.760040487052723,4.381226502211273,4.357871549982379,1.0,0.0,True,0.8172766236811337,0.0004086383118405,510.4515696584584
2021-07-23,4.718526137561979,4.426298983291868,4.408759434793873,1.0,0.0,False,0.0,0.0,510.4515696584584
2021-07-26,4.855256723447623,4.437165656245103,4.412232109720005,0.9999999999999998,2.220446049250313e-16,False,0.0,0.0,510.4515696584584
2021-07-27,4.75046768113674,4.416943158301384,4.363616919894316,0.9999999999999998,2.220446049250313e-16,False,0.0,0.0,510.4515696584584
2021-07-28,4.879623904750086,4.41513138910926,4.380381245863208,1.0,0.0,False,0.0,0.0,510.4515696584584
2021-07-29,4.884824762842292,4.433443891389694,4.388164736709242,1.0,0.0,True,1.205102998335183,0.0006025514991675,511.6566726567936
2021-07-30,4.885954070855812,4.411911926174932,4.365294707975291,0.9999999999999998,2.220446049250313e-16,False,0.0,0.0,511.6566726567936
2021-08-02,4.81825738448821,4.402655970238738,4.365654287781689,0.9999999999999998,2.220446049250313e-16,False,0.0,0.0,511.6566726567936
2021-08-03,4.923238269793167,4.438473480933017,4.392115596299377,0.9999999999999996,4.440892098500626e-16,False,0.0,0.0,511.6566726567936
2021-08-04,4.91539429131682,4.416640923005509,4.398462274013229,0.9999999999999996,4.440892098500626e-16,False,0.0,0.0,511.6566726567936
2021-08-05,4.909003254116134,4.44461082853905,4.426360772186455,1.0,0.0,True,0.4283517839435854,0.0002141758919717,512.0850244407372
2021-08-06,4.91394555305445,4.451955803262081,4.406962665331925,1.0,0.0,False,0.0,0.0,512.0850244407372
2021-08-09,5.113221156416708,4.448333907460962,4.415105735984369,1.0,0.0,False,0.0,0.0,512.0850244407372
2021-08-10,5.017923814869915,4.453866784475243,4.392474423059063,1.0,0.0,False,0.0,0.0,512.0850244407372
2021-08-11,4.826149246991192,4.464934509603561,4.384932283685179,1.0,0.0,False,0.0,0.0,512.0850244407372
2021-08-12,4.865534233000881,4.478315320295206,4.400737228139193,1.0,0.0,True,0.0268159303123874,1.3407965156193704e-05,512.1118403710497
2021-08-13,4.823270002568411,4.486465817785072,4.416183345833496,1.0,0.0,False,0.0,0.0,512.1118403710497
2021-08-16,4.723550589604611,4.49702959840918,4.418099096676405,1.0,1.1102230246251563e-16,False,0.0,0.0,512.1118403710497
2021-08-17,4.719068338013654,4.467549830462763,4.379183901586384,0.9999999999999998,2.220446049250313e-16,False,0.0,0.0,512.1118403710497
2021-08-18,4.664160599432055,4.418652430306212,4.337036629995667,1.0,1.1102230246251563e-16,False,0.0,0.0,512.1118403710497
2021-08-19,4.659433592716434,4.425494774591537,4.357989778316628,1.0,0.0,True,0.4380571278995998,0.0002190285639497,512.5498974989492
2021-08-20,4.767817149253154,4.460708471727316,4.403131540169461,1.0,1.1102230246251563e-16,False,0.0,0.0,512.5498974989492
2021-08-23,4.988537118586518,4.499947154564257,4.468987358011267,1.0,0.0,False,0.0,0.0,512.5498974989492
2021-08-24,4.952912622587988,4.507090091562328,4.482637835813701,1.0,0.0,False,0.0,0.0,512.5498974989492
2021-08-25,4.997593416115766,4.51654907077336,4.487786416204017,0.9999999999999998,2.220446049250313e-16,False,0.0,0.0,512.5498974989492
2021-08-26,4.9918355355489785,4.489886661411108,4.459289245892391,1.0,0.0,True,0.4204798144202411,0.0002102399072101,512.9703773133695
2021-08-27,5.009705388325704,4.530029750519295,4.502634238283288,1.0,0.0,False,0.0,0.0,512.9703773133695
2021-08-30,5.017958695857551,4.5499506702003885,4.553163296335096,1.0,0.0,False,0.0,0.0,512.9703773133695
2021-08-31,4.967872331637935,4.543209509035857,4.549452282123673,1.0,0.0,False,0.0,0.0,512.9703773133695
2021-09-01,5.020586816389991,4.545624763269855,4.556994798020914,1.0,0.0,False,0.0,0.0,512.9703773133695
2021-09-02,5.0558061285720735,4.559610044553251,4.5548395783226345,1.0,0.0,True,0.4177923583745344,0.0002088961791872,513.388169671744
2021-09-03,5.093026126785687,4.558502286490541,4.568848506361412,1.0,0.0,False,0.0,0.0,513.388169671744
2021-09-07,5.067777296260068,4.542203591127192,4.575316048073017,1.0,1.1102230246251563e-16,False,0.0,0.0,513.388169671744
2021-09-08,4.955475807034816,4.5366703855962855,4.559389486574551,1.0,1.1102230246251563e-16,False,0.0,0.0,513.388169671744
2021-09-09,4.990965053258944,4.51725275338615,4.543704276548221,1.0,1.1102230246251563e-16,False,0.0,0.0,513.388169671744
2021-09-10,4.907676478808055,4.48163498080045,4.50921925528243,1.0,0.0,True,0.440254932954995,0.0002201274664774,513.828424604699
2021-09-13,4.773508138124904,4.49310579582881,4.506106160162696,1.0,0.0,False,0.0,0.0,513.828424604699
2021-09-14,4.781268187228379,4.468857983667304,4.493294576400744,1.0,1.1102230246251563e-16,False,0.0,0.0,513.828424604699
2021-09-15,4.820558636613191,4.506185356774457,4.52670085824734,0.9999999999999996,3.3306690738754696e-16,False,0.0,0.0,513.828424604699
2021-09-16,4.825713441893307,4.499040777193256,4.529814329890417,0.9999999999999996,4.440892098500626e-16,False,0.0,0.0,513.828424604699
2021-09-17,4.704620071225431,4.455216330774653,4.476171800195533,1.0000000000000002,0.0,True,0.8169828562422186,0.0004084914281211,514.6454074609412
2021-09-20,4.552473604782036,4.380929194664787,4.3836799669981765,1.0,1.1102230246251563e-16,False,0.0,0.0,514.6454074609412
2021-09-21,4.604204291597041,4.376790870727672,4.389074040617582,1.0,1.1102230246251563e-16,False,0.0,0.0,514.6454074609412
2021-09-22,4.685012261336908,4.419485548469626,4.430069903781097,0.9999999999999996,3.3306690738754696e-16,False,0.0,0.0,514.6454074609412
2021-09-23,4.7960498403018,4.473182576531334,4.470946032516927,0.9999999999999992,6.661338147750939e-16,False,0.0,0.0,514.6454074609412
2021-09-24,4.754008673962415,4.480551204451434,4.475140879242716,1.0,0.0,True,0.0383608583052907,1.918042915264537e-05,514.6837683192465
2021-09-27,4.724481651937229,4.467732814223419,4.439420484841001,1.0,0.0,False,0.0,0.0,514.6837683192465
2021-09-28,4.54430998337255,4.37769987623168,4.313793843137811,1.0,0.0,False,0.0,0.0,514.6837683192465
2021-09-29,4.51274810401147,4.385067190085277,4.306721981437429,1.0,0.0,False,0.0,0.0,514.6837683192465
2021-09-30,4.539953860961112,4.3314713451443625,4.29089971690898,0.9999999999999998,2.220446049250313e-16,False,0.0,0.0,514.6837683192465
2021-10-01,4.445852576228555,4.382947929331261,4.3175105051995954,1.0,0.0,True,0.0604145836048894,3.020729180244472e-05,514.7441829028514
2021-10-04,4.344714176448673,4.326425001253115,4.226888486995525,1.0,0.0,False,0.0,0.0,514.7441829028514
2021-10-05,4.430010448709889,4.3714409774740455,4.28394796615964,1.0,0.0,False,0.0,0.0,514.7441829028514
2021-10-06,4.3600179128294805,4.389608932439061,4.3113980250140935,0.9999999999999998,2.220446049250313e-16,False,0.0,0.0,514.7441829028514
2021-10-07,4.437825296339543,4.427560487135523,4.350955568952002,0.9999999999999998,2.220446049250313e-16,False,0.0,0.0,514.7441829028514
2021-10-08,4.354909277675052,4.419485548469626,4.329258786999996,1.0,1.1102230246251563e-16,True,0.4505026886091073,0.0002252513443045,515.1946855914606
2021-10-11,4.342134635816788,4.387490000201671,4.29605394514966,1.0,0.0,False,0.0,0.0,515.1946855914606
2021-10-12,4.403245234656395,4.376689687606879,4.281071327708416,1.0,0.0,False,0.0,0.0,515.1946855914606
2021-10-13,4.521183350428016,4.392435489488751,4.315352273314456,1.0,0.0,False,0.0,0.0,515.1946855914606
2021-10-14,4.626958798074883,4.466319535698575,4.394827694043386,1.0,1.1102230246251563e-16,False,0.0,0.0,515.1946855914606
2021-10-15,4.573326722525353,4.500334147149629,4.422517974799908,1.0,0.0,True,0.0189556596226505,9.477829811325278e-06,515.2136412510832
2021-10-18,4.669861073093999,4.513656481881855,4.466989525076416,1.0,0.0,False,0.0,0.0,515.2136412510832
2021-10-19,4.672480291552026,4.548479244232751,4.500793415588522,0.9999999999999998,2.220446049250313e-16,False,0.0,0.0,515.2136412510832
2021-10-20,4.668657175206059,4.5663439783520126,4.4949200277350325,0.9999999999999998,2.220446049250313e-16,False,0.0,0.0,515.2136412510832
2021-10-21,4.763624140812038,4.578255005659148,4.522370086589486,0.9999999999999996,3.3306690738754696e-16,False,0.0,0.0,515.2136412510832
2021-10-22,4.720678604474884,4.573510240030526,4.484370972828236,1.0,0.0,True,0.4232946464082787,0.0002116473232041,515.6369358974915
2021-10-25,4.8248713300954655,4.598037291324092,4.5302812188537045,1.0,0.0,False,0.0,0.0,515.6369358974915
2021-10-26,4.800420236032188,4.602175943777833,4.544546559298931,1.0,0.0,False,0.0,0.0,515.6369358974915
2021-10-27,4.730042288918599,4.581787873454635,4.555095237682372,1.0,0.0,False,0.0,0.0,515.6369358974915
2021-10-28,4.839872469236979,4.6259960272923495,4.605680774237806,1.0,0.0,False,0.0,0.0,515.6369358974915
2021-10-29,4.799246801006564,4.6353830613622975,4.628335431611267,1.0,0.0,True,1.2171702768164816,0.0006085851384082,516.854106174308
2021-11-01,4.944302589035021,4.643357473940653,4.644159202233139,1.0,1.1102230246251563e-16,False,0.0,0.0,516.854106174308
2021-11-02,4.971404958405049,4.662130228014045,4.663578394395689,1.0,0.0,False,0.0,0.0,516.854106174308
2021-11-03,4.841963247667273,4.690593894036392,4.713084438485191,1.0,0.0,False,0.0,0.0,516.854106174308
2021-11-04,4.797153531989407,4.712698135213563,4.773499493811256,1.0,0.0,False,0.0,0.0,516.854106174308
2021-11-05,4.874292382921801,4.729050378786941,4.778054673390168,1.0,0.0,True,0.4196950070696402,0.0002098475035348,517.2738011813776
2021-11-08,4.904906119899565,4.733087519603264,4.77158223687491,1.0,1.1102230246251563e-16,False,0.0,0.0,517.2738011813776
2021-11-09,4.846792495159591,4.717442572325559,4.73873735135434,1.0,0.0,False,0.0,0.0,517.2738011813776
2021-11-10,4.6453551540551565,4.679491017629097,4.669092955489491,1.0,1.1102230246251563e-16,False,0.0,0.0,517.2738011813776
2021-11-11,4.718570398802979,4.681005479274735,4.682039334613429,1.0,1.1102230246251563e-16,False,0.0,0.0,517.2738011813776
2021-11-12,4.747722086775311,4.716332514646468,4.731304780277493,1.0000000000000002,0.0,True,0.0178757796106692,8.937889805334636e-06,517.2916769609883
2021-11-15,4.762117414423976,4.717947173863021,4.730226793904997,0.9999999999999998,2.220446049250313e-16,False,0.0,0.0,517.2916769609883
2021-11-16,4.763770575733619,4.7366194018488725,4.763910196942693,0.9999999999999996,3.3306690738754696e-16,False,0.0,0.0,517.2916769609883
2021-11-17,4.63757683330783,4.725112778508283,4.766427632110875,0.9999999999999996,3.3306690738754696e-16,False,0.0,0.0,517.2916769609883
2021-11-18,4.634442413376125,4.741161472719282,4.815815071342772,0.9999999999999996,4.440892098500626e-16,False,0.0,0.0,517.2916769609883
2021-11-19,4.410300971643005,4.7326837726699695,4.842664951965389,1.0,0.0,True,0.4068856030108049,0.0002034428015054,517.6985625639991
2021-11-22,4.531509876057227,4.719359795354614,4.7864454964118375,1.0,1.1102230246251563e-16,False,0.0,0.0,517.6985625639991
2021-11-23,4.732370035425445,4.725617708562371,4.764628980032147,1.0,0.0,False,0.0,0.0,517.6985625639991
2021-11-24,4.83480437846957,4.7382337325488,4.779973059896581,1.0,0.0,False,0.0,0.0,517.6985625639991
2021-11-26,4.539510926122201,4.632556504312608,4.689350665169167,1.0,1.1102230246251563e-16,False,0.0,0.0,517.6985625639991
2021-11-29,4.644404372079187,4.689382653236508,4.791120033895078,1.0,0.0,True,0.0089917290608886,4.495864530444329e-06,517.70755429306
2021-11-30,4.48763479006531,4.598138474444885,4.720755725370696,1.0,0.0,False,0.0,0.0,517.70755429306
2021-12-01,4.37344729203131,4.54706563719128,4.640444046264777,1.0,0.0,False,0.0,0.0,517.70755429306
2021-12-02,4.499529957648828,4.616709847826568,4.6738876039237605,1.0,0.0,False,0.0,0.0,517.70755429306
2021-12-03,4.461431681971906,4.576538834805176,4.592614284162827,1.0,0.0,False,0.0,0.0,517.70755429306
2021-12-06,4.495062048977771,4.630741121437598,4.6294145475538295,1.0,0.0,True,0.0046501173719392,2.3250586859696472e-06,517.7122044104319
2021-12-07,4.714614458528642,4.72652671406638,4.768824203281303,1.0,0.0,False,0.0,0.0,517.7122044104319
2021-12-08,4.705422024347945,4.739041883448642,4.790161028903543,1.0,0.0,False,0.0,0.0,517.7122044104319
2021-12-09,4.595482187950209,4.707046006664061,4.719678492044912,1.0,0.0,False,0.0,0.0,517.7122044104319
2021-12-10,4.656870793253678,4.751355015105943,4.7709820586430745,1.0,1.1102230246251563e-16,False,0.0,0.0,517.7122044104319
2021-12-13,4.457750336886074,4.70926645053887,4.702056822391023,1.0,1.1102230246251563e-16,True,0.0090524790655692,4.526239532784637e-06,517.7212568894975
2021-12-14,4.378347152244144,4.676866826820994,4.653390048865358,0.9999999999999996,3.3306690738754696e-16,False,0.0,0.0,517.7212568894975
2021-12-15,4.385807513758707,4.749942722130975,4.759475504838179,0.9999999999999996,4.440892098500626e-16,False,0.0,0.0,517.7212568894975
2021-12-16,4.396369182206681,4.708055209738985,4.637086964009402,0.9999999999999996,4.440892098500626e-16,False,0.0,0.0,517.7212568894975
2021-12-17,4.301711034846021,4.657947882849053,4.613952615878502,0.9999999999999996,4.440892098500626e-16,False,0.0,0.0,517.7212568894975
2021-12-20,4.19555829644796,4.608418088187544,4.569194907850303,1.0000000000000002,0.0,True,0.4183375803612535,0.0002091687901806,518.1395944698587
2021-12-21,4.421631343322508,4.690259464111173,4.671454509987669,1.0000000000000002,0.0,False,0.0,0.0,518.1395944698587
2021-12-22,4.493240166201519,4.7371555409824255,4.728346812781051,1.0,0.0,False,0.0,0.0,518.1395944698587
2021-12-23,4.463176624491625,4.766630709696078,4.763993408604704,1.0,0.0,False,0.0,0.0,518.1395944698587
2021-12-27,4.64414770486819,4.834088642185658,4.842729713982872,1.0,0.0,False,0.0,0.0,518.1395944698587
2021-12-28,4.621648711735007,4.8301385582752125,4.820284403596181,1.0,0.0,True,0.8635409437620041,0.000431770471881,519.0031354136207
2021-12-29,4.608435265536318,4.836316970459489,4.819564490936661,1.0,0.0,False,0.0,0.0,519.0031354136207
2021-12-30,4.574206160987048,4.8229470008165,4.80516134294259,1.0,0.0,False,0.0,0.0,519.0031354136207
2021-12-31,4.53057735744112,4.810791885656282,4.775155067014132,1.0000000000000002,0.0,False,0.0,0.0,519.0031354136207
2022-01-03,4.6230492043982325,4.8386471388873655,4.821124050683388,0.9999999999999998,2.220446049250313e-16,False,0.0,0.0,519.0031354136207
2022-01-04,4.507985050615271,4.837025580821667,4.758592181041511,1.0,0.0,True,0.8187903168376525,0.0004093951584188,519.8219257304584
2022-01-05,4.255059264555768,4.7441450607161775,4.612402845739068,1.0,0.0,False,0.0,0.0,519.8219257304584
2022-01-06,4.241440534790712,4.739687747135263,4.609162485724518,1.0,0.0,False,0.0,0.0,519.8219257304584
2022-01-07,4.113277402461091,4.720949487307595,4.5592309702410425,1.0,0.0,False,0.0,0.0,519.8219257304584
2022-01-10,4.117574658063455,4.715074295969072,4.562232990970315,1.0,0.0,False,0.0,0.0,519.8219257304584
2022-01-11,4.184410898203851,4.758020617446506,4.630767772500645,1.0,0.0,True,0.0483103994627512,2.4155199731375643e-05,519.8702361299211
2022-01-12,4.228126659507475,4.770884671485529,4.649130816645431,1.0,0.0,False,0.0,0.0,519.8702361299211
2022-01-13,4.049193442954199,4.705148494632564,4.532827646320418,0.9999999999999996,3.3306690738754696e-16,False,0.0,0.0,519.8702361299211
2022-01-14,4.07512257597763,4.707073273544014,4.561033387553342,0.9999999999999996,4.440892098500626e-16,False,0.0,0.0,519.8702361299211
2022-01-18,3.947252469865034,4.623713165258611,4.447490133438728,0.9999999999999996,4.440892098500626e-16,False,0.0,0.0,519.8702361299211
2022-01-19,3.839012058932341,4.57570177444225,4.3986403695613205,1.0,0.0,True,1.212626709324066,0.000606313354662,521.0828628392451
2022-01-20,3.728549088602949,4.525057651385513,4.341509350959292,1.0,0.0,False,0.0,0.0,521.0828628392451
2022-01-21,3.632069220112889,4.436228398311262,4.221124290915718,1.0,1.1102230246251563e-16,False,0.0,0.0,521.0828628392451
2022-01-24,3.6938330600184672,4.455067184226472,4.240448975715531,1.0,1.1102230246251563e-16,False,0.0,0.0,521.0828628392451
2022-01-25,3.571995557342916,4.400675672017501,4.142149269728892,0.9999999999999998,2.220446049250313e-16,False,0.0,0.0,521.0828628392451
2022-01-26,3.593179464351467,4.3896358708023895,4.135667796653055,1.0,0.0,True,0.0445417538422941,2.2270876921147054e-05,521.1274045930874
2022-01-27,3.3902793274584075,4.367959358272207,4.094019418511018,1.0,0.0,False,0.0,0.0,521.1274045930874
2022-01-28,3.4391196730600018,4.476439490361021,4.222445511377143,1.0,0.0,False,0.0,0.0,521.1274045930874
2022-01-31,3.581566998700052,4.55706436921875,4.357472058700078,1.0,1.1102230246251563e-16,False,0.0,0.0,521.1274045930874
2022-02-01,3.614453005402712,4.587856232569218,4.387118378298769,1.0,0.0,False,0.0,0.0,521.1274045930874
2022-02-02,3.7040685508749127,4.632422798045846,4.422764974122422,1.0,0.0,True,0.8727107321317795,0.0004363553660658,522.0001153252191
2022-02-03,3.58965155635908,4.523538261990486,4.243449490351368,1.0,1.1102230246251563e-16,False,0.0,0.0,522.0001153252191
2022-02-04,3.6271160382009193,4.544809385004243,4.296980569132447,1.0,0.0,False,0.0,0.0,522.0001153252191
2022-02-07,3.597821347301412,4.530224232361858,4.262413089251358,1.0,0.0,False,0.0,0.0,522.0001153252191
2022-02-08,3.660446631200149,4.567497728742355,4.310301965520438,0.9999999999999998,2.220446049250313e-16,False,0.0,0.0,522.0001153252191
2022-02-09,3.7992897075618166,4.63434823399055,4.401640131150446,1.0,0.0,True,1.6,0.0008,523.6001153252191
2022-02-10,3.7939642234904793,4.551088980309312,4.3020210873191616,1.0,0.0,False,0.0,0.0,523.6001153252191
2022-02-11,3.743296790277408,4.461347765081419,4.165553208583761,1.0,1.1102230246251563e-16,False,0.0,0.0,523.6001153252191
2022-02-14,3.7207388785944464,4.446761626889156,4.170715343814952,1.0,1.1102230246251563e-16,False,0.0,0.0,523.6001153252191
2022-02-15,3.871387809380861,4.518475163751316,4.274415524318073,1.0,0.0,False,0.0,0.0,523.6001153252191
2022-02-16,3.8800883065592697,4.523538261990486,4.2733356553287845,1.0,1.1102230246251563e-16,True,1.2213535635150323,0.0006106767817575,524.8214688887341
2022-02-17,3.848373827406762,4.426909367182887,4.146229653354016,0.9999999999999998,2.220446049250313e-16,False,0.0,0.0,524.8214688887341
2022-02-18,3.836824443424507,4.398244648985457,4.098940578793417,1.0,0.0,False,0.0,0.0,524.8214688887341
2022-02-22,3.7665149851640463,4.351044694235199,4.057772644455517,1.0,0.0,False,0.0,0.0,524.8214688887341
2022-02-23,3.713029175045041,4.273862669617445,3.953831489003616,1.0,0.0,False,0.0,0.0,524.8214688887341
2022-02-24,3.640068078001357,4.338181297229428,4.086697545301264,1.0,0.0,True,0.8000031761943187,0.0004000015880971,525.6214720649284
2022-02-25,3.7247765845018663,4.433898558400012,4.150070191600415,1.0,0.0,False,0.0,0.0,525.6214720649284
2022-02-28,3.830547293112277,4.422554222272642,4.162432582996884,1.0,0.0,False,0.0,0.0,525.6214720649284
2022-03-01,3.790214554373295,4.355197801420482,4.098700356891334,0.9999999999999998,2.220446049250313e-16,False,0.0,0.0,525.6214720649284
2022-03-02,3.823766864805523,4.435316764674246,4.167473477706967,0.9999999999999996,3.3306690738754696e-16,False,0.0,0.0,525.6214720649284
2022-03-03,3.8438935409825774,4.413235519660892,4.107941369654213,1.0,0.0,True,0.424759216766018,0.000212379608383,526.0462312816944
2022-03-04,3.909038770480712,4.377379244004751,4.048409638124817,1.0,0.0,False,0.0,0.0,526.0462312816944
2022-03-07,3.920687293510388,4.248337584814237,3.899101183328933,1.0,0.0,False,0.0,0.0,526.0462312816944
2022-03-08,3.945074134082197,4.216128172222788,3.880977608039504,1.0,0.0,False,0.0,0.0,526.0462312816944
2022-03-09,3.8985696301173873,4.329166472496683,4.020683587649331,1.0,0.0,False,0.0,0.0,526.0462312816944
2022-03-10,4.011594125919292,4.309617433636166,3.976036200964869,1.0,0.0,True,0.0352692967131445,1.763464835657229e-05,526.0815005784076
2022-03-11,3.938510862357916,4.254820860427397,3.8935790917679856,1.0,0.0,False,0.0,0.0,526.0815005784076
2022-03-14,3.840260665574458,4.223725119197925,3.8188045651573255,1.0,0.0,False,0.0,0.0,526.0815005784076
2022-03-15,3.8030106708862994,4.316605639303415,3.938587940875628,1.0,0.0,False,0.0,0.0,526.0815005784076
2022-03-16,3.789551723640712,4.412323886023875,4.084657165227029,1.0,0.0,False,0.0,0.0,526.0815005784076
2022-03-17,3.93924881995948,4.467526505782321,4.134106730812905,1.0,0.0,True,0.0246431816191456,1.2321590809572847e-05,526.1061437600267
2022-03-18,3.948901614895366,4.516457743151346,4.218725084081786,1.0,0.0,False,0.0,0.0,526.1061437600267
2022-03-21,4.069114436388838,4.5151374348316455,4.206995628449256,1.0,0.0,False,0.0,0.0,526.1061437600267
2022-03-22,4.052073597031613,4.567969807133848,4.289674133380348,1.0,0.0,False,0.0,0.0,526.1061437600267
2022-03-23,4.098942702869803,4.509142663441276,4.228025964058507,1.0,0.0,False,0.0,0.0,526.1061437600267
2022-03-24,4.106228153408694,4.577115052967096,4.3220009227610126,1.0,0.0,True,0.0438708358020066,2.1935417901003345e-05,526.1500145958287
2022-03-25,4.173515929387169,4.599467652713486,4.318395711613044,1.0,1.1102230246251563e-16,False,0.0,0.0,526.1500145958287
2022-03-28,4.096405724546523,4.632182980908901,4.385211287493084,1.0,1.1102230246251563e-16,False,0.0,0.0,526.1500145958287
2022-03-29,4.137377955446544,4.689487450040186,4.460679746651607,1.0,1.1102230246251563e-16,False,0.0,0.0,526.1500145958287
2022-03-30,4.152818756236696,4.660531666112164,4.411408653137167,0.9999999999999998,2.220446049250313e-16,False,0.0,0.0,526.1500145958287
2022-03-31,4.119159897909545,4.588799732318952,4.3567306842091815,1.0,0.0,True,0.4117301109019945,0.0002058650554509,526.5617447067307
2022-04-01,4.197927320804954,4.601804719990507,4.348439263353889,1.0,0.0,False,0.0,0.0,526.5617447067307
2022-04-04,4.213600328684524,4.641226058071477,4.437967481204439,1.0,0.0,False,0.0,0.0,526.5617447067307
2022-04-05,4.105087183091612,4.582601609137117,4.339426423745652,1.0,0.0,False,0.0,0.0,526.5617447067307
2022-04-06,4.079319102897536,4.536778467566223,4.245210866617709,1.0,0.0,False,0.0,0.0,526.5617447067307
2022-04-07,4.132568558883641,4.559638954016335,4.255305081308658,1.0,1.1102230246251563e-16,True,0.007623352631871,3.811676315935514e-06,526.5693680593625
2022-04-08,4.313053533432889,4.547446387960758,4.195819285628884,0.9999999999999996,3.3306690738754696e-16,False,0.0,0.0,526.5693680593625
2022-04-11,4.174171591565511,4.469720668327054,4.096557938987219,1.0,1.1102230246251563e-16,False,0.0,0.0,526.5693680593625
2022-04-12,4.230029636131046,4.453159488179569,4.079252925476977,1.0,0.0,False,0.0,0.0,526.5693680593625
2022-04-13,4.297490858502867,4.504164322491602,4.162171652310138,1.0,0.0,False,0.0,0.0,526.5693680593625
2022-04-14,4.287780101997111,4.448079635592475,4.0669948310505255,0.9999999999999998,2.220446049250313e-16,True,0.7999999999999999,0.0003999999999999,527.3693680593625
2022-04-18,4.374447243127358,4.449908159132524,4.070119598394343,1.0,0.0,False,0.0,0.0,527.3693680593625
2022-04-19,4.354192266211244,4.521741276046529,4.161089147657359,1.0,1.1102230246251563e-16,False,0.0,0.0,527.3693680593625
2022-04-20,4.275912561943723,4.518389092395316,4.100402242467189,0.9999999999999998,2.220446049250313e-16,False,0.0,0.0,527.3693680593625
2022-04-21,4.018182686685265,4.450822420902547,4.01556136389403,0.9999999999999996,3.3306690738754696e-16,False,0.0,0.0,527.3693680593625
2022-04-22,3.8879862779065526,4.328696365204946,3.910410062371141,1.0,0.0,True,0.0581370196832964,2.906850984164823e-05,527.4275050790458
2022-04-25,3.760508432045365,4.353791421744782,3.960641666970528,1.0,1.1102230246251563e-16,False,0.0,0.0,527.4275050790458
2022-04-26,3.728607474692141,4.227702469988324,3.811147586159408,0.9999999999999996,3.3306690738754696e-16,False,0.0,0.0,527.4275050790458
2022-04-27,3.794486059615941,4.239589515581766,3.806581110879769,0.9999999999999996,4.440892098500626e-16,False,0.0,0.0,527.4275050790458
2022-04-28,3.883783311254902,4.346679365309551,3.94177596414349,0.9999999999999996,4.440892098500626e-16,False,0.0,0.0,527.4275050790458
2022-04-29,3.802961388278313,4.1860449192345,3.764400328710225,1.0,1.1102230246251563e-16,True,0.8032320866428189,0.0004016160433214,528.2307371656885
2022-05-02,3.896516069866205,4.211242472961632,3.827251113635898,1.0,0.0,False,0.0,0.0,528.2307371656885
2022-05-03,4.020535960853676,4.230546109902563,3.831336392064662,1.0,0.0,False,0.0,0.0,528.2307371656885
2022-05-04,4.194927188249621,4.359379489552223,3.960882641919321,1.0,0.0,False,0.0,0.0,528.2307371656885
2022-05-05,4.067935153598095,4.204435279955284,3.761396801887529,1.0,0.0,False,0.0,0.0,528.2307371656885
2022-05-06,3.977782708701908,4.179338580832319,3.716331850799617,1.0,0.0,True,0.0449143889188016,2.245719445940081e-05,528.2756515546073
2022-05-09,3.603562509492831,4.045528174299488,3.570923801463973,1.0,1.1102230246251563e-16,False,0.0,0.0,528.2756515546073
2022-05-10,3.6809151406740273,4.054874800824445,3.6143053166205457,1.0,0.0,False,0.0,0.0,528.2756515546073
2022-05-11,3.5911403702039824,3.990459589324431,3.5071117524066424,1.0,0.0,False,0.0,0.0,528.2756515546073
2022-05-12,3.5715987161388574,3.986293669990735,3.498819578504638,0.9999999999999996,3.3306690738754696e-16,False,0.0,0.0,528.2756515546073
2022-05-13,3.7055276895410048,4.08159700021262,3.628485939310338,0.5039285449542659,0.4960714550457341,True,0.8999999999999995,0.0004499999999999,529.1756515546073
2022-05-16,3.756085485153136,4.065035820065135,3.58642602113856,0.5106057836199862,0.4893942163800138,False,0.0,0.0,529.1756515546073
2022-05-17,3.807499445847738,4.148655127968415,3.6793184751882855,0.5172142402627224,0.4827857597372775,False,0.0,0.0,529.1756515546073
2022-05-18,3.711907546797351,3.981416183645228,3.498699844076953,0.5047811699273397,0.4952188300726603,False,0.0,0.0,529.1756515546073
2022-05-19,3.707368740598595,3.957031708567326,3.479952369584165,0.5041748902575942,0.4958251097424058,False,0.0,0.0,529.1756515546073
2022-05-20,3.665089794817437,3.9587590489865807,3.469137489186984,0.4917704045080273,0.5082295954919727,True,0.0118806068502265,5.940303425113251e-06,529.1875321614575
2022-05-23,3.7196186370121898,4.032827393023563,3.5268201145077325,0.4992209455757392,0.5007790544242607,False,0.0,0.0,529.1875321614575
2022-05-24,3.693242569199262,4.002041442972363,3.451831722630017,0.4956445267374684,0.5043554732625315,False,0.0,0.0,529.1875321614575
2022-05-25,3.73117539147904,4.037399687423561,3.5001419285361437,0.5007720333609289,0.4992279666390711,False,0.0,0.0,529.1875321614575
2022-05-26,3.743545703258861,4.118072201192054,3.5971207905847,0.5024217008382501,0.4975782991617499,False,0.0,0.0,529.1875321614575
2022-05-27,3.786022478503768,4.219167279529469,3.714528680440605,0.5059325449234018,0.4940674550765982,True,0.0263159902287756,1.315799511438784e-05,529.2138481516863
2022-05-31,3.776433974728089,4.195494699980005,3.7046746876517256,0.5046780896118185,0.4953219103881815,False,0.0,0.0,529.2138481516863
2022-06-01,3.753178821453393,4.161558604002552,3.677276589020616,0.5016090147037566,0.4983909852962433,False,0.0,0.0,529.2138481516863
2022-06-02,3.767168141089765,4.240809626330551,3.7779803966448258,0.5034597817882274,0.4965402182117726,False,0.0,0.0,529.2138481516863
2022-06-03,3.767840839108871,4.171210422473018,3.679679184564752,0.5035484324599147,0.4964515675400853,False,0.0,0.0,529.2138481516863
2022-06-06,3.784500912226282,4.183911203748942,3.691936525944479,0.5010898685256685,0.4989101314743315,True,0.609955627693479,0.0003049778138467,529.8238037793798
2022-06-07,3.818315241485674,4.224044765874976,3.72378211847428,0.5055081290383746,0.4944918709616254,False,0.0,0.0,529.8238037793798
2022-06-08,3.781973586389116,4.178119784150038,3.696984574598349,0.5007564689296913,0.4992435310703087,False,0.0,0.0,529.8238037793798
2022-06-09,3.714373213480044,4.078752046231877,3.597961567241974,0.4916704005856933,0.5083295994143067,False,0.0,0.0,529.8238037793798
2022-06-10,3.665042185278006,3.9604860608892096,3.4710600174503243,0.4848283451503244,0.5151716548496756,False,0.0,0.0,529.8238037793798
2022-06-13,3.5423000495132007,3.8101134886590167,3.309668551589219,0.4882543878550029,0.511745612144997,True,0.0282203247760571,1.4110162388028584e-05,529.8520241041558
2022-06-14,3.5195661453813507,3.798632818131877,3.3156759817579804,0.4849488737075657,0.5150511262924343,False,0.0,0.0,529.8520241041558
2022-06-15,3.572988732908444,3.852787469853536,3.3984745976401136,0.4926498114748357,0.5073501885251643,False,0.0,0.0,529.8520241041558
2022-06-16,3.522377751426068,3.725275055556829,3.261358345683106,0.4853599939684279,0.5146400060315721,False,0.0,0.0,529.8520241041558
2022-06-17,3.5590969657876723,3.733305972994848,3.3010164213574607,0.4906695364962607,0.5093304635037392,False,0.0,0.0,529.8520241041558
2022-06-21,3.609853314312073,3.8272870237972754,3.3842992462773287,0.5031852043436693,0.4968147956563307,True,0.7948122912112546,0.0003974061456056,530.646836395367
2022-06-22,3.550997106894893,3.82034809562392,3.379363025060631,0.4949507187102406,0.5050492812897593,False,0.0,0.0,530.646836395367
2022-06-23,3.4963913666805557,3.8577966913660497,3.4296913961628914,0.4870629890606479,0.5129370109393521,False,0.0,0.0,530.646836395367
2022-06-24,3.518927525164802,3.9804510017981816,3.547204712558893,0.4903479756619063,0.5096520243380938,False,0.0,0.0,530.646836395367
2022-06-27,3.5716984925259947,3.96524725234913,3.5211978677336973,0.4978779590572544,0.5021220409427456,False,0.0,0.0,530.646836395367
2022-06-28,3.5924068739638995,3.8842255254072495,3.4139184561942804,0.4992872307668733,0.5007127692331266,True,0.4128855389624392,0.0002064427694812,531.0597219343294
2022-06-29,3.529749711989121,3.881062567332586,3.417049624435162,0.4903989968566567,0.5096010031433433,False,0.0,0.0,531.0597219343294
2022-06-30,3.4914771135066425,3.849531870090354,3.374665896175948,0.4848128927678961,0.5151871072321039,False,0.0,0.0,531.0597219343294
2022-07-01,3.513186499558395,3.89024624961107,3.3969421475751256,0.4879964401830967,0.5120035598169033,False,0.0,0.0,531.0597219343294
2022-07-05,3.468477925940023,3.897593195433857,3.455096180139459,0.4813967300694052,0.5186032699305948,False,0.0,0.0,531.0597219343294
2022-07-06,3.459056075987698,3.910756528119122,3.4772504379708167,0.500600628649762,0.499399371350238,True,0.2270468803276132,0.0001135234401638,531.2867688146571
2022-07-07,3.545808637148701,3.96932841439333,3.5516601134480714,0.5128190473351163,0.4871809526648837,False,0.0,0.0,531.2867688146571
2022-07-08,3.531786472839338,3.96606361616462,3.5561140082438256,0.5108848048719339,0.4891151951280661,False,0.0,0.0,531.2867688146571
2022-07-11,3.507749877547996,3.920757231246349,3.480140631262916,0.5075331793551348,0.4924668206448652,False,0.0,0.0,531.2867688146571
2022-07-12,3.4611192395542223,3.8860622618629472,3.4464267298332523,0.5008983192280987,0.4991016807719013,False,0.0,0.0,531.2867688146571
2022-07-13,3.480587225084553,3.8656541520255674,3.439323240170848,0.5055425591873457,0.4944574408126543,True,0.4007008379302108,0.0002003504189651,531.6874696525873
2022-07-14,3.4549472674595045,3.85626613240574,3.451605055568811,0.5018730768918463,0.4981269231081536,False,0.0,0.0,531.6874696525873
2022-07-15,3.5069044306735297,3.929940913524832,3.5142144890223346,0.5092531644753167,0.4907468355246833,False,0.0,0.0,531.6874696525873
2022-07-18,3.536460187610219,3.897491683796439,3.4844744151076177,0.5133545521394651,0.4866454478605349,False,0.0,0.0,531.6874696525873
2022-07-19,3.62422830961906,4.00279801676193,3.591633715696006,0.525139669795963,0.4748603302040369,False,0.0,0.0,531.6874696525873
2022-07-20,3.628927007932795,4.028308975350221,3.6485840030864383,0.5027522763002268,0.4972477236997732,True,0.8233258656332065,0.0004116629328166,532.5107955182206
2022-07-21,3.62196049604937,4.069330189399578,3.700959908206732,0.5017958654890269,0.4982041345109731,False,0.0,0.0,532.5107955182206
2022-07-22,3.579490973262565,4.031574759128809,3.63606234230975,0.4958848317691099,0.5041151682308901,False,0.0,0.0,532.5107955182206
2022-07-25,3.6010256980320543,4.036472284988499,3.6153524280777294,0.4988995232237998,0.5011004767762002,False,0.0,0.0,532.5107955182206
2022-07-26,3.5609144907803945,3.988717465657008,3.544314895790149,0.493254977383141,0.5067450226168589,False,0.0,0.0,532.5107955182206
2022-07-27,3.647259161613327,4.092289887870726,3.6940958873996856,0.508943093694347,0.491056906305653,True,0.4120590602075057,0.0002060295301037,532.9228545784281
2022-07-28,3.699707995484292,4.143616339959566,3.7302180322238496,0.5159045517692682,0.4840954482307318,False,0.0,0.0,532.9228545784281
2022-07-29,3.745134795571029,4.20402496268947,3.7982456367916577,0.5217764117556387,0.4782235882443613,False,0.0,0.0,532.9228545784281
2022-08-01,3.765890314719551,4.191575825149026,3.7959582573948976,0.5244121175286627,0.4755878824713373,False,0.0,0.0,532.9228545784281
2022-08-02,3.783220228165542,4.163922938159527,3.784639588745385,0.5265906575929791,0.4734093424070209,False,0.0,0.0,532.9228545784281
2022-08-03,3.725378829265455,4.229127575111703,3.8877060804378543,0.4968542264377232,0.5031457735622769,True,0.2323063243269236,0.0001161531621634,533.155160902755
2022-08-04,3.7531401069287824,4.226270794532426,3.9058857577075408,0.5005759019219946,0.4994240980780053,False,0.0,0.0,533.155160902755
2022-08-05,3.757169305403032,4.219127857534355,3.873979168393842,0.5011114856688024,0.4988885143311976,False,0.0,0.0,533.155160902755
2022-08-08,3.724881157469588,4.214229346124787,3.861457507617153,0.4967870024243583,0.5032129975756416,False,0.0,0.0,533.155160902755
2022-08-09,3.735230451515023,4.197495037715425,3.817752182373133,0.4981812669408308,0.5018187330591692,False,0.0,0.0,533.155160902755
2022-08-10,3.7779901578474657,4.285658387588872,3.924308669066169,0.4992284777116542,0.5007715222883458,True,0.2108423189353908,0.0001054211594676,533.3660032216904
2022-08-11,3.7637401499822,4.285658387588872,3.902033170713703,0.4973324918446852,0.5026675081553147,False,0.0,0.0,533.3660032216904
2022-08-12,3.802638219265139,4.358210627397087,3.978009183358117,0.5024743945004384,0.4975256054995616,False,0.0,0.0,533.3660032216904
2022-08-15,3.809775244275508,4.376169974304623,4.010156747620622,0.5034064318155229,0.4965935681844771,False,0.0,0.0,533.3660032216904
2022-08-16,3.761880358874396,4.384742287142211,4.000764372468034,0.4970839840579759,0.5029160159420241,False,0.0,0.0,533.3660032216904
2022-08-17,3.727629429620245,4.353618950516157,3.9551320006803774,0.49910059320206,0.50089940679794,True,0.0126315130977743,6.315756548887199e-06,533.3786347347882
2022-08-18,3.718922809191272,4.366272425397945,3.964643733737294,0.4979279038960844,0.5020720961039156,False,0.0,0.0,533.3786347347882
2022-08-19,3.672464123781322,4.307597713419814,3.887344618014664,0.491576416507832,0.508423583492168,False,0.0,0.0,533.3786347347882
2022-08-22,3.637311382737368,4.217902819036181,3.785001051168576,0.4866627644471474,0.5133372355528525,False,0.0,0.0,533.3786347347882
2022-08-23,3.63144757416218,4.207699421150743,3.7818710124977626,0.4858338632383802,0.5141661367616197,False,0.0,0.0,533.3786347347882
2022-08-24,3.648318091930634,4.221168274298142,3.792828218724085,0.5027162972223783,0.4972837027776217,True,0.0259296833442627,1.2964841672131356e-05,533.4045644181325
2022-08-25,3.6779310984527127,4.280760533212556,3.8598926765434176,0.5067201964634144,0.4932798035365856,False,0.0,0.0,533.4045644181325
2022-08-26,3.611087004566372,4.135861705003973,3.701682080006401,0.4975891947849336,0.5024108052150664,False,0.0,0.0,533.4045644181325
2022-08-29,3.5956393916271896,4.108514009959984,3.665200355375826,0.4954307337130312,0.5045692662869687,False,0.0,0.0,533.4045644181325
2022-08-30,3.5829237841432446,4.063411633866429,3.6243829642837695,0.4936400440067748,0.5063599559932251,False,0.0,0.0,533.4045644181325
2022-08-31,3.5960434218871384,4.032492634581718,3.603313470245341,0.4972832586488044,0.5027167413511956,True,0.2079456677042237,0.0001039728338521,533.6125100858368
2022-09-01,3.5934339831680213,4.045146437980132,3.604877924795707,0.4969182015653086,0.5030817984346914,False,0.0,0.0,533.6125100858368
2022-09-02,3.567275605492328,4.002492496299795,3.553947116321463,0.4932291668114589,0.506770833188541,False,0.0,0.0,533.6125100858368
2022-09-06,3.584465130347534,3.987390587004788,3.52842259791721,0.4956594177739347,0.5043405822260653,False,0.0,0.0,533.6125100858368
2022-09-07,3.679407350434796,4.05902363729359,3.5996999755835035,0.50867325668769,0.4913267433123099,False,0.0,0.0,533.6125100858368
2022-09-08,3.698525002297212,4.085554311488836,3.618362355797502,0.5050344782359741,0.4949655217640258,True,0.2264261068721224,0.000113213053436,533.838936192709
2022-09-09,3.715137712305289,4.149024709172611,3.6974691601594407,0.5072477794145085,0.4927522205854915,False,0.0,0.0,533.838936192709
2022-09-12,3.7259783959089687,4.193616898946064,3.741415083828898,0.5086814353166049,0.4913185646833951,False,0.0,0.0,533.838936192709
2022-09-13,3.627655087553563,4.011267832412221,3.5362478828559274,0.4953648256692752,0.5046351743307248,False,0.0,0.0,533.838936192709
2022-09-14,3.668365851231378,4.026574736081821,3.5643030147458687,0.5009651622111702,0.4990348377888298,False,0.0,0.0,533.838936192709
2022-09-15,3.6536335493649226,3.9808596764808657,3.504943354390856,0.4992227859285046,0.5007772140714953,True,0.2026129205974075,0.0001013064602987,534.0415491133064
2022-09-16,3.638179106529532,3.9504892999614953,3.4835116448825234,0.4970955589279854,0.5029044410720145,False,0.0,0.0,534.0415491133064
2022-09-19,3.6235401199140727,3.981125774947887,3.5106390232195968,0.4950638410117827,0.5049361589882173,False,0.0,0.0,534.0415491133064
2022-09-20,3.570616700949865,3.935428126728106,3.482655430767581,0.4875797142823014,0.5124202857176986,False,0.0,0.0,534.0415491133064
2022-09-21,3.5522609475846605,3.8667803070193294,3.4202948792533765,0.4849318625273908,0.5150681374726092,False,0.0,0.0,534.0415491133064
2022-09-22,3.465807772865264,3.834298882661592,3.37819843831591,0.4900789428695943,0.5099210571304057,True,0.2045474973633825,0.0001022737486816,534.2460966106697
2022-09-23,3.439007429714352,3.7700561423902026,3.323195529730409,0.4861051046065852,0.5138948953934148,False,0.0,0.0,534.2460966106697
2022-09-26,3.4107527897034857,3.732759978362516,3.309444520191517,0.481848004732154,0.5181519952678459,False,0.0,0.0,534.2460966106697
2022-09-27,3.4411539436382457,3.723231025110156,3.31077214155003,0.486425660607987,0.5135743393920129,False,0.0,0.0,534.2460966106697
2022-09-28,3.490389876735001,3.796490889730671,3.376629465485247,0.4936702128521534,0.5063297871478466,False,0.0,0.0,534.2460966106697
2022-09-29,3.440149286254286,3.717185990676016,3.279290647106923,0.4968805018802336,0.5031194981197664,True,0.2109338525083484,0.0001054669262541,534.4570304631781
2022-09-30,3.437169865837543,3.6597057651498464,3.223684171579371,0.4964443859583357,0.5035556140416643,False,0.0,0.0,534.4570304631781
2022-10-03,3.46221226469227,3.756326447041797,3.299313029688182,0.5000866353550487,0.4999133646449513,False,0.0,0.0,534.4570304631781
2022-10-04,3.5543072396622866,3.872721530199668,3.4030459677233926,0.5130397949160459,0.4869602050839541,False,0.0,0.0,534.4570304631781
2022-10-05,3.5205641060362924,3.86370539140042,3.4012367729906607,0.5083724851396052,0.4916275148603948,False,0.0,0.0,534.4570304631781
2022-10-06,3.494949216431902,3.8238484402734376,3.3744591848526806,0.4965969599708707,0.5034030400291293,True,0.2303104114095129,0.0001151552057047,534.6873408745876
2022-10-07,3.4459307809566764,3.717185990676016,3.245879093933332,0.489436041483457,0.5105639585165429,False,0.0,0.0,534.6873408745876
2022-10-10,3.4037919946751813,3.688804125293532,3.213432193601626,0.4831152834686842,0.5168847165313157,False,0.0,0.0,534.6873408745876
2022-10-11,3.390206144384984,3.665443308022096,3.169285206459279,0.4810439290798912,0.5189560709201089,False,0.0,0.0,534.6873408745876
2022-10-12,3.3714954617761768,3.6533535676704414,3.168199689619639,0.4781638948514648,0.5218361051485352,False,0.0,0.0,534.6873408745876
2022-10-13,3.3912380465333483,3.7497689266711727,3.242501302893293,0.5099260046717284,0.4900739953282715,True,0.2014799924699669,0.0001007399962349,534.8888208670576
2022-10-14,3.328934629347688,3.664316167478455,3.145040490947136,0.5007539157056066,0.4992460842943934,False,0.0,0.0,534.8888208670576
2022-10-17,3.3516389652737013,3.7584782309417823,3.2488935399334,0.5041358583685868,0.4958641416314132,False,0.0,0.0,534.8888208670576
2022-10-18,3.4064979513245297,3.8026387498687337,3.2745856112317275,0.5121213626658333,0.4878786373341667,False,0.0,0.0,534.8888208670576
2022-10-19,3.3669525497399357,3.7756915165917815,3.262644925995648,0.5063911492598219,0.4936088507401781,False,0.0,0.0,534.8888208670576
2022-10-20,3.3788675191536663,3.7440310552822975,3.2459984518376603,0.5008752350165054,0.4991247649834945,True,0.4073696235889475,0.0002036848117944,535.2961904906465
2022-10-21,3.436771538502003,3.8350170200059215,3.32211001289077,0.5092846767629405,0.4907153232370594,False,0.0,0.0,535.2961904906465
2022-10-24,3.4530300868557977,3.881943648923389,3.3586583821556077,0.5115952036364733,0.4884047963635267,False,0.0,0.0,535.2961904906465
2022-10-25,3.5214207407965654,3.9439330936573738,3.42813522512638,0.5210806715398495,0.4789193284601505,False,0.0,0.0,535.2961904906465
2022-10-26,3.556511169998493,3.914218436323403,3.352386256066541,0.5258059441414179,0.4741940558585821,False,0.0,0.0,535.2961904906465
2022-10-27,3.5697695678676795,3.893316894513842,3.2913510667706887,0.4985838091603591,0.5014161908396408,True,0.0333042055533363,1.6652102776668163e-05,535.3294946961998
2022-10-28,3.602718080204492,3.9859415001677143,3.3920699353291983,0.5031694906325048,0.4968305093674952,False,0.0,0.0,535.3294946961998
2022-10-31,3.6178490951958473,3.9571496460360422,3.3526264779686223,0.5052473965062971,0.4947526034937028,False,0.0,0.0,535.3294946961998
2022-11-01,3.588451359664618,3.9398338631987455,3.3183707594275287,0.5011942257278433,0.4988057742721566,False,0.0,0.0,535.3294946961998
2022-11-02,3.5217900875666817,3.840959885769392,3.2046260653166554,0.4917527125723128,0.5082472874276872,False,0.0,0.0,535.3294946961998
2022-11-03,3.5626041221462663,3.80140878362117,3.142025291900356,0.5152890326214921,0.4847109673785079,True,0.797327601599825,0.0003986638007999,536.1268222977997
2022-11-04,3.6010783584392128,3.8561232276734514,3.192563763036098,0.5204677270114653,0.4795322729885347,False,0.0,0.0,536.1268222977997
2022-11-07,3.618977264521639,3.893009731468577,3.2276647765147493,0.5228394200314403,0.4771605799685596,False,0.0,0.0,536.1268222977997
2022-11-08,3.615610033997284,3.9140137704654343,3.251185814133799,0.5223950386809126,0.4776049613190873,False,0.0,0.0,536.1268222977997
2022-11-09,3.527634837208045,3.833377065009171,3.176159769920329,0.5104841146769934,0.4895158853230066,False,0.0,0.0,536.1268222977997
2022-11-10,3.592749611167725,4.044037037334292,3.4105252276965747,0.5016954578363342,0.4983045421636658,True,0.4221831635315359,0.0002110915817657,536.5490054613311
2022-11-11,3.6220480689240655,4.083177165183447,3.473366599538312,0.5057262035085504,0.4942737964914496,False,0.0,0.0,536.5490054613311
2022-11-14,3.6072309740738353,4.048442445288307,3.442971374981568,0.5036959199538696,0.4963040800461303,False,0.0,0.0,536.5490054613311
2022-11-15,3.64825044047926,4.082971185258976,3.490615887591639,0.5092761642025765,0.4907238357974235,False,0.0,0.0,536.5490054613311
2022-11-16,3.603021929989664,4.051824523952481,3.442971374981568,0.5031161383725582,0.4968838616274418,False,0.0,0.0,536.5490054613311
2022-11-17,3.580709797852127,4.039426306489058,3.4353716275339887,0.501405151520473,0.4985948484795269,True,0.2124244843167121,0.0001062122421583,536.7614299456478
2022-11-18,3.5811135947479467,4.057767061199325,3.435491738485029,0.5014613717566542,0.4985386282433458,False,0.0,0.0,536.7614299456478
2022-11-21,3.558315998039671,4.043012393977948,3.4001516326743646,0.4982673095664355,0.5017326904335644,False,0.0,0.0,536.7614299456478
2022-11-22,3.5937400984697185,4.097419346468339,3.449123013596237,0.5032129730612791,0.4967870269387209,False,0.0,0.0,536.7614299456478
2022-11-23,3.5839670765096403,4.123239110685025,3.483740571083877,0.5018582980823778,0.4981417019176222,False,0.0,0.0,536.7614299456478
2022-11-25,3.5770915853422607,4.122317293032603,3.460823100406879,0.4982328283942698,0.5017671716057301,True,0.0049435495624718,2.4717747812359403e-06,536.7663734952102
2022-11-28,3.5380745505354585,4.056537094951761,3.410041771705563,0.4926994607617284,0.5073005392382716,False,0.0,0.0,536.7663734952102
2022-11-29,3.5603266655566594,4.049570242865199,3.384229212932826,0.4958700995850292,0.5041299004149707,False,0.0,0.0,536.7663734952102
2022-11-30,3.600390265566795,4.177133577238929,3.5385017516738597,0.5014798410834819,0.4985201589165181,False,0.0,0.0,536.7663734952102
2022-12-01,3.6007565072486742,4.174059647169898,3.5428441955557965,0.5015305467785447,0.4984694532214553,False,0.0,0.0,536.7663734952102
2022-12-02,3.5941244270558395,4.169244578983323,3.5287321001170704,0.5022702041281536,0.4977297958718464,True,0.0098646525424406,4.932326271220318e-06,536.7762381477527
2022-12-05,3.549776110638184,4.094243247728636,3.4695068586006736,0.4960519306962971,0.5039480693037028,False,0.0,0.0,536.7762381477527
2022-12-06,3.510854955376577,4.035225235876386,3.39761763047846,0.4904651886353304,0.5095348113646696,False,0.0,0.0,536.7762381477527
2022-12-07,3.506702639562425,4.028360880977122,3.3837472630352385,0.4898618442196331,0.5101381557803669,False,0.0,0.0,536.7762381477527
2022-12-08,3.5072892521984698,4.059918516582683,3.423792781244455,0.4899471675182806,0.5100528324817193,False,0.0,0.0,536.7762381477527
2022-12-09,3.467315630379176,4.029589861674808,3.401960827407109,0.4947830881458525,0.5052169118541475,True,0.2203675571277508,0.0001101837785638,536.9966057048804
2022-12-12,3.511530450922789,4.087685727358012,3.444659329193191,0.5011444383905467,0.4988555616094533,False,0.0,0.0,536.9966057048804
2022-12-13,3.540890983588072,4.118629036873042,3.481690024878983,0.5052808732821541,0.4947191267178459,False,0.0,0.0,536.9966057048804
2022-12-14,3.534264100182872,4.092296458203245,3.4558770895828896,0.5043532555721727,0.4956467444278273,False,0.0,0.0,536.9966057048804
2022-12-15,3.501231142043837,3.9921921860097007,3.3398416273650406,0.4996769924246685,0.5003230075753314,False,0.0,0.0,536.9966057048804
2022-12-16,3.4540640701924645,3.945058920134511,3.3079979174520435,0.4978494235907373,0.5021505764092626,True,0.6058622352388008,0.0003029311176194,537.6024679401191
2022-12-19,3.4461737271783246,3.911607057663711,3.2615085785027462,0.4966997020136242,0.5033002979863759,False,0.0,0.0,537.6024679401191
2022-12-20,3.467062049290755,3.916958922017093,3.2589689284564773,0.4997319808116837,0.5002680191883162,False,0.0,0.0,537.6024679401191
2022-12-21,3.486600328510006,3.975527194608415,3.3062444481762148,0.5025353925372658,0.4974646074627342,False,0.0,0.0,537.6024679401191
2022-12-22,3.4665507672661864,3.9188120843040872,3.225357064856695,0.3985554393771894,0.6014445606228106,True,0.1061840754645824,5.30920377322912e-05,537.7086520155838
2022-12-23,3.459064668448299,3.9413535811104,3.2326107873387384,0.4995295582464881,0.5004704417535119,True,0.1023932304453376,5.119661522266884e-05,537.8110452460292
2022-12-27,3.423560676342609,3.9258114595366176,3.186907252636524,0.494339435946062,0.505660564053938,False,0.0,0.0,537.8110452460292
2022-12-28,3.396105818116089,3.877021484316753,3.1448311439603778,0.4902515659442538,0.5097484340557461,False,0.0,0.0,537.8110452460292
2022-12-29,3.422953273302105,3.9468092567175823,3.221487910835133,0.4942497064816067,0.5057502935183933,False,0.0,0.0,537.8110452460292
2022-12-30,3.4307145261324674,3.936412691056084,3.219553710347709,0.4953938576102203,0.5046061423897796,False,0.0,0.0,537.8110452460292
2023-01-03,3.408190342192185,3.919841326893195,3.1977895307147044,0.49655659869426,0.50344340130574,True,0.2192335513262819,0.0001096167756631,538.0302787973554
2023-01-04,3.4452152349601084,3.950103292926001,3.2130232892354016,0.5019669828580464,0.4980330171419536,False,0.0,0.0,538.0302787973554
2023-01-05,3.427117756984281,3.905018985246873,3.1627261695718083,0.4993370348381417,0.5006629651618583,False,0.0,0.0,538.0302787973554
2023-01-06,3.478895985203566,3.9945690037984622,3.250022733482514,0.506788663567874,0.493211336432126,False,0.0,0.0,538.0302787973554
2023-01-09,3.5030974650763964,3.992304867212402,3.271060223035553,0.5101960606930502,0.4898039393069497,False,0.0,0.0,538.0302787973554
2023-01-10,3.5361021008194995,4.020302368142523,3.298747491605228,0.5047273786867239,0.4952726213132761,True,0.4175522768510337,0.0002087761384255,538.4478310742064
2023-01-11,3.5608488711524524,4.071151157057228,3.355816760376634,0.5081693663293709,0.491830633670629,False,0.0,0.0,538.4478310742064
2023-01-12,3.576676366142441,4.085973170186924,3.373953137460214,0.5103458134253491,0.4896541865746509,False,0.0,0.0,538.4478310742064
2023-01-13,3.602373586737627,4.101823768872476,3.397167308542908,0.513838719240029,0.486161280759971,False,0.0,0.0,538.4478310742064
2023-01-17,3.603955005950085,4.09431026512033,3.404059945125117,0.5140520473166775,0.4859479526833224,False,0.0,0.0,538.4478310742064
2023-01-18,3.6029505459269218,4.029669034181662,3.3598075314426725,0.4961965904147649,0.5038034095852351,True,0.2195878581609554,0.0001097939290804,538.6674189323674
2023-01-19,3.530270498996296,4.00033348503404,3.326798858261586,0.4858244516614103,0.5141755483385897,False,0.0,0.0,538.6674189323674
2023-01-20,3.5862515519683784,4.074856167564714,3.417842959149401,0.4938506841192794,0.5061493158807205,False,0.0,0.0,538.6674189323674
2023-01-23,3.6491861176584974,4.123748639971876,3.493773412467547,0.5025798325765642,0.4974201674234357,False,0.0,0.0,538.6674189323674
2023-01-24,3.6492302766495617,4.119322535470427,3.4866401774599,0.50258585181105,0.49741414818895,False,0.0,0.0,538.6674189323674
2023-01-25,3.638388325509034,4.120866892129026,3.4789018694167653,0.5031576247598741,0.4968423752401258,True,0.0210563270383358,1.0528163519167938e-05,538.6884752594057
2023-01-26,3.6574780665009783,4.166156522699375,3.5467317992218854,0.5057508302650626,0.4942491697349374,False,0.0,0.0,538.6884752594057
2023-01-27,3.668642314237042,4.175728840146359,3.582037264883656,0.5072549071691671,0.4927450928308329,False,0.0,0.0,538.6884752594057
2023-01-30,3.617693162799528,4.123337008639558,3.5096122440237325,0.5003154174930159,0.4996845825069841,False,0.0,0.0,538.6884752594057
2023-01-31,3.6436128948192734,4.183963437892469,3.5622080387848007,0.5038700460572619,0.496129953942738,False,0.0,0.0,538.6884752594057
2023-02-01,3.678309286108104,4.228430462831433,3.638380973145176,0.5057430068771411,0.4942569931228588,True,0.4029396620084239,0.0002014698310042,539.0914149214141
2023-02-02,3.7007637396804447,4.289982980452902,3.768961532662869,0.5087419204759436,0.4912580795240564,False,0.0,0.0,539.0914149214141
2023-02-03,3.644300388953173,4.244384544254159,3.7019776508420295,0.5011305618388088,0.4988694381611912,False,0.0,0.0,539.0914149214141
2023-02-06,3.637350312446742,4.218445528502253,3.6706625797229417,0.5001773457710366,0.4998226542289634,False,0.0,0.0,539.0914149214141
2023-02-07,3.653678118813669,4.273616610664607,3.746714650085565,0.5024109873920735,0.4975890126079265,False,0.0,0.0,539.0914149214141
2023-02-08,3.625361234415274,4.226885777656208,3.680093736781352,0.4949855025995654,0.5050144974004346,True,0.4176764693010166,0.0002088382346505,539.5090913907151
2023-02-09,3.6033197768565968,4.190243033197538,3.647568896114645,0.4918963358588109,0.5081036641411891,False,0.0,0.0,539.5090913907151
2023-02-10,3.599611137794585,4.200021330568996,3.623629164522079,0.4913728423412472,0.5086271576587528,False,0.0,0.0,539.5090913907151
2023-02-13,3.626513949546182,4.249324777275223,3.68166534527552,0.4951460253110675,0.5048539746889324,False,0.0,0.0,539.5090913907151
2023-02-14,3.6291200847893097,4.247369117800932,3.708869910900883,0.4955085698687921,0.5044914301312079,False,0.0,0.0,539.5090913907151
2023-02-15,3.6225359225152864,4.261162545374772,3.7372842460738673,0.5017177177796452,0.4982822822203547,True,0.4088239251941803,0.000204411962597,539.9179153159092
2023-02-16,3.5959427167606064,4.202491447079527,3.667156770741351,0.4980327527235459,0.501967247276454,False,0.0,0.0,539.9179153159092
2023-02-17,3.591727372963418,4.191992055714106,3.641282838661348,0.4974436310273596,0.5025563689726403,False,0.0,0.0,539.9179153159092
2023-02-21,3.561012824292432,4.107897055736447,3.5550744272537846,0.4931089675997459,0.5068910324002541,False,0.0,0.0,539.9179153159092
2023-02-22,3.58168102663152,4.102235400204792,3.557734188251094,0.4960339981492616,0.5039660018507384,False,0.0,0.0,539.9179153159092
2023-02-23,3.557288401735029,4.12405744560027,3.5888086609447565,0.4972495477890304,0.5027504522109696,True,0.3983860411707849,0.0001991930205853,540.31630135708
2023-02-24,3.5444990478660574,4.080003037543501,3.5287162861360586,0.4954355105007475,0.5045644894992525,False,0.0,0.0,540.31630135708
2023-02-27,3.5425493498664724,4.093898962304638,3.553986274750642,0.4951578154628857,0.5048421845371143,False,0.0,0.0,540.31630135708
2023-02-28,3.582793968918684,4.078767815029922,3.5493919367425515,0.5008285801159575,0.4991714198840424,False,0.0,0.0,540.31630135708
2023-03-01,3.5905533693859617,4.063121882202339,3.5208574906185266,0.501907319393787,0.498092680606213,False,0.0,0.0,540.31630135708
2023-03-02,3.604715993132413,4.094721567936022,3.5499951271612478,0.5047756703850451,0.4952243296149549,True,0.0088762178160074,4.438108908003731e-06,540.325177574896
2023-03-03,3.6731848977992394,4.160392041463797,3.623387436526561,0.5140067514105101,0.4859932485894899,False,0.0,0.0,540.325177574896
2023-03-06,3.6653408892301154,4.163274117823272,3.627498318543641,0.5129667021158667,0.4870332978841333,False,0.0,0.0,540.325177574896
2023-03-07,3.6304902572173465,4.099456478065866,3.5830041768656904,0.5082914607462522,0.4917085392537478,False,0.0,0.0,540.325177574896
2023-03-08,3.630150685590852,4.106147376186628,3.600898825953752,0.5082454653364478,0.4917545346635522,False,0.0,0.0,540.325177574896
2023-03-09,3.341060790196068,4.0303894711423744,3.538510411711083,0.4742825764735125,0.5257174235264874,True,0.4621323307552584,0.0002310661653776,540.7873099056512
2023-03-10,3.307242721721119,3.972233486916622,3.4888168589895545,0.4689068755276683,0.5310931244723316,False,0.0,0.0,540.7873099056512
2023-03-13,3.3070357272158524,3.966571831384968,3.51469154411627,0.4688736332625045,0.5311263667374955,False,0.0,0.0,540.7873099056512
2023-03-14,3.33126393283619,4.032139807725446,3.5954573103913123,0.472736503057016,0.5272634969429839,False,0.0,0.0,540.7873099056512
2023-03-15,3.337501360445936,4.006921228934252,3.6143192479847768,0.4023588099700896,0.5976411900299103,True,0.0829549561513792,4.147747807568963e-05,540.8702648618026
2023-03-16,3.397863614953284,4.077222801338071,3.709595094887412,0.5097500794577653,0.4902499205422347,True,0.1053739952509367,5.268699762546837e-05,540.9756388570536
2023-03-17,3.3426682811759605,4.0295491256131895,3.692063414315964,0.5016548974886125,0.4983451025113875,False,0.0,0.0,540.9756388570536
2023-03-20,3.33994973147386,4.068296347577707,3.705166803679973,0.5012492698478104,0.4987507301521896,False,0.0,0.0,540.9756388570536
2023-03-21,3.400095015315325,4.121714465023982,3.758085278958408,0.5100718186577763,0.4899281813422237,False,0.0,0.0,540.9756388570536
2023-03-22,3.349776957445721,4.051454614231659,3.706983152356504,0.5027124526779214,0.4972875473220786,False,0.0,0.0,540.9756388570536
2023-03-23,3.356114738251585,4.062407030024269,3.7509411247733895,0.4984072054584448,0.5015927945415553,True,0.022593724557656,1.1296862278828028e-05,540.9982325816112
2023-03-24,3.349526199176234,4.089064183120505,3.76474635367576,0.4974205692805983,0.5025794307194017,False,0.0,0.0,540.9982325816112
2023-03-27,3.369931779275853,4.096711064622786,3.738952621070907,0.5004637836545609,0.4995362163454391,False,0.0,0.0,540.9982325816112
2023-03-28,3.3623577383899264,4.0875148987125165,3.719092896580096,0.4993385292881372,0.5006614707118628,False,0.0,0.0,540.9982325816112
2023-03-29,3.3767412324350903,4.146926801999283,3.786906259357482,0.5014711360788073,0.4985288639211926,False,0.0,0.0,540.9982325816112
2023-03-30,3.375889142316418,4.171207465823384,3.822750529943821,0.3969731932382205,0.6030268067617794,True,0.1074822453037242,5.374112265186213e-05,541.1057148269149
2023-03-31,3.419937734458148,4.229999786753606,3.8863257458092986,0.4047401422074796,0.5952598577925203,False,0.0,0.0,541.1057148269149
2023-04-03,3.3964869576356813,4.246118126489307,3.876879527816589,0.4006302173790967,0.5993697826209032,False,0.0,0.0,541.1057148269149
2023-04-04,3.401937724884712,4.2225592136924215,3.8638013655175274,0.4015905598207795,0.5984094401792204,False,0.0,0.0,541.1057148269149
2023-04-05,3.375161820863651,4.211504300712516,3.8256569137402887,0.3968432455923212,0.6031567544076788,False,0.0,0.0,541.1057148269149
2023-04-06,3.4178564694969693,4.227933417176369,3.851449516775061,0.5072536817880433,0.4927463182119567,True,0.113917689860465,5.6958844930232495e-05,541.2196325167754
2023-04-10,3.4426261506802485,4.232272793288566,3.849270199581915,0.5107989895479154,0.4892010104520846,False,0.0,0.0,541.2196325167754
2023-04-11,3.4330973958583564,4.23340946081436,3.824566125573641,0.5094411846418142,0.4905588153581858,False,0.0,0.0,541.2196325167754
2023-04-12,3.3881958477838,4.216153796519612,3.790781061229407,0.502940128852607,0.497059871147393,False,0.0,0.0,541.2196325167754
2023-04-13,3.4115152575628387,4.272155697228999,3.865013017681927,0.5063377811991139,0.4936622188008861,False,0.0,0.0,541.2196325167754
2023-04-14,3.323868862423877,4.261720366605639,3.857746869929087,0.5012344165241523,0.4987655834758476,True,0.2377347723096258,0.0001188673861548,541.457367289085
2023-04-17,3.3254374072334323,4.277011829993819,3.861016222242168,0.5014696746485254,0.4985303253514745,False,0.0,0.0,541.457367289085
2023-04-18,3.3012362912255533,4.279801264664776,3.8612583267610416,0.4978149861703501,0.5021850138296499,False,0.0,0.0,541.457367289085
2023-04-19,3.307957055743131,4.27907951363756,3.8594427311312223,0.49883527366663,0.5011647263333701,False,0.0,0.0,541.457367289085
2023-04-20,3.2715246785696426,4.255727237798399,3.8300155481265934,0.4932541993573239,0.506745800642676,False,0.0,0.0,541.457367289085
2023-04-21,3.2827240828558097,4.259033100605352,3.8340123435663513,0.5016717457877512,0.4983282542122488,True,0.0225578705735638,1.127893528678193e-05,541.4799251596586
2023-04-24,3.2828999502933343,4.263475959454725,3.8260202587802583,0.5016984416098722,0.4983015583901278,False,0.0,0.0,541.4799251596586
2023-04-25,3.2323732202280384,4.195798249342384,3.753846378999789,0.4939092580544789,0.5060907419455212,False,0.0,0.0,541.4799251596586
2023-04-26,3.2423051108477523,4.178027142461518,3.776612863810422,0.4954595248309877,0.5045404751690122,False,0.0,0.0,541.4799251596586
2023-04-27,3.292951723176319,4.261202624403138,3.879302079098677,0.5032195128290222,0.4967804871709778,False,0.0,0.0,541.4799251596586
2023-04-28,3.382498197080004,4.297573357095519,3.906064229779001,1.0,0.0,True,0.4960253386425857,0.0002480126693212,541.9759504983011
2023-05-01,3.3922579950856977,4.293233652466696,3.9015843548715754,1.0,0.0,False,0.0,0.0,541.9759504983011
2023-05-02,3.3159685943017103,4.244981130446888,3.867556056438424,1.0,0.0,False,0.0,0.0,541.9759504983011
2023-05-03,3.296947828550744,4.21584400534134,3.842246532871293,1.0,0.0,False,0.0,0.0,541.9759504983011
2023-05-04,3.289407227626484,4.185982501075569,3.828684538057864,0.9999999999999998,2.220446049250313e-16,False,0.0,0.0,541.9759504983011
2023-05-05,3.3297252167562728,4.263475959454725,3.91006064869539,0.5022373665341902,0.4977626334658098,True,0.8999999999999997,0.0004499999999999,542.8759504983011
2023-05-08,3.252092060029194,4.2646132840137705,3.9197474651135376,0.4903548970888484,0.5096451029111516,False,0.0,0.0,542.8759504983011
2023-05-09,3.2446914870472403,4.245910832498331,3.8949232801542233,0.4891924858722364,0.5108075141277635,False,0.0,0.0,542.8759504983011
2023-05-10,3.250437263919725,4.26574863747306,3.937307761460161,0.4900954370023954,0.5099045629976047,False,0.0,0.0,542.8759504983011
2023-05-11,3.253911760601974,4.258310364028258,3.950144195763718,0.4906399083472701,0.5093600916527299,False,0.0,0.0,542.8759504983011
2023-05-12,3.352756422218039,4.252730509136466,3.935975245298009,1.0,1.1102230246251563e-16,True,0.6403666003934788,0.0003201833001967,543.5163170986946
2023-05-15,3.3508216117709284,4.267403047201354,3.9572875969020127,1.0,0.0,False,0.0,0.0,543.5163170986946
2023-05-16,3.313803410123015,4.238885175935725,3.961767471809426,1.0,0.0,False,0.0,0.0,543.5163170986946
2023-05-17,3.3234601104067227,4.290340735058564,4.009721863142713,1.0,0.0,False,0.0,0.0,543.5163170986946
2023-05-18,3.3986686384463103,4.331670426219688,4.084195171067382,0.9999999999999998,2.220446049250313e-16,False,0.0,0.0,543.5163170986946
2023-05-19,3.364786077211307,4.325367834750802,4.07499256368697,1.0,0.0,True,0.4284247733473769,0.0002142123866736,543.944741872042
2023-05-22,3.38231457610294,4.327123756116515,4.088676552068232,1.0,0.0,False,0.0,0.0,543.944741872042
2023-05-23,3.32971826319839,4.278561114401808,4.036847358863019,1.0,0.0,False,0.0,0.0,543.944741872042
2023-05-24,3.305693888574424,4.247564256676748,4.016140080294491,1.0,0.0,False,0.0,0.0,543.944741872042
2023-05-25,3.493388034196201,4.284347606251325,4.113863705544173,1.0,1.1102230246251563e-16,False,0.0,0.0,543.944741872042
2023-05-26,3.562638936792617,4.339833078824714,4.218975848637884,1.0,0.0,True,0.44393068295136,0.0002219653414756,544.3886725549933
2023-05-30,3.583393758588725,4.341485845969878,4.238108883048729,0.9999999999999996,3.3306690738754696e-16,False,0.0,0.0,544.3886725549933
2023-05-31,3.538335978001209,4.317411490586874,4.214009882075943,0.9999999999999998,2.220446049250313e-16,False,0.0,0.0,544.3886725549933
2023-06-01,3.673123464671081,4.3584310620531,4.262690963489183,1.0,0.0,False,0.0,0.0,544.3886725549933
2023-06-02,3.677845239393952,4.421459276358345,4.294659679156872,1.0,0.0,False,0.0,0.0,544.3886725549933
2023-06-05,3.628639876567341,4.412987161091673,4.297687679997817,1.0,0.0,True,0.8107112142597942,0.0004053556071298,545.199383769253
2023-06-06,3.6407859577047046,4.422596600917391,4.296961742964576,1.0,0.0,False,0.0,0.0,545.199383769253
2023-06-07,3.631158906818378,4.407303823462706,4.224061926150853,1.0,0.0,False,0.0,0.0,545.199383769253
2023-06-08,3.651493435742804,4.433961305075568,4.276496192391552,1.0,1.1102230246251563e-16,False,0.0,0.0,545.199383769253
2023-06-09,3.658096629596753,4.441917320722871,4.292844083527065,1.0,0.0,False,0.0,0.0,545.199383769253
2023-06-12,3.7114773210146472,4.482213827095377,4.365380555300805,0.9999999999999998,2.220446049250313e-16,True,1.2064263838790086,0.0006032131919395,546.405810153132
2023-06-13,3.762541405473083,4.51176521166625,4.3989246446962325,1.0,1.1102230246251563e-16,False,0.0,0.0,546.405810153132
2023-06-14,3.788243218235203,4.517137772567066,4.430892607317212,1.0,0.0,False,0.0,0.0,546.405810153132
2023-06-15,3.808161992688464,4.573139673276453,4.483691724691318,1.0,0.0,False,0.0,0.0,546.405810153132
2023-06-16,3.797414830342529,4.557562071907068,4.4554758173277325,1.0,0.0,False,0.0,0.0,546.405810153132
2023-06-20,3.8217668053233065,4.533917087754182,4.44909713512849,1.0,0.0,True,0.4193705158073467,0.0002096852579036,546.8251806689394
2023-06-21,3.781822857558144,4.510686691583249,4.388466708441945,1.0,0.0,False,0.0,0.0,546.8251806689394
2023-06-22,3.79588425930678,4.526968632598675,4.440245070993908,1.0,0.0,False,0.0,0.0,546.8251806689394
2023-06-23,3.780059418622805,4.492745084573515,4.396226854839813,1.0,0.0,False,0.0,0.0,546.8251806689394
2023-06-26,3.6730794415503016,4.474388561065203,4.337293418925472,1.0,0.0,False,0.0,0.0,546.8251806689394
2023-06-27,3.7801689703858656,4.523442663652334,4.411870270773458,1.0,0.0,True,0.4210142168843575,0.0002105071084421,547.2461948858238
2023-06-28,3.884433151367005,4.525724211619569,4.420480230389178,1.0000000000000002,0.0,False,0.0,0.0,547.2461948858238
2023-06-29,3.883275904296783,4.543561678858878,4.411627789731229,1.0,1.1102230246251563e-16,False,0.0,0.0,547.2461948858238
2023-06-30,3.996461924819581,4.597179205897105,4.479655394299025,1.0,0.0,False,0.0,0.0,547.2461948858238
2023-07-03,3.988608806794633,4.602468652091557,4.490205202252546,1.0,1.1102230246251563e-16,False,0.0,0.0,547.2461948858238
2023-07-05,4.014451928781149,4.595624008189849,4.490083208684712,1.0,0.0,True,1.2249810426993313,0.0006124905213496,548.4711759285232
2023-07-06,3.973140145974876,4.55963698291658,4.45588773388083,1.0,1.1102230246251563e-16,False,0.0,0.0,548.4711759285232
2023-07-07,3.984947060220496,4.548125760343226,4.441094131165037,1.0,1.1102230246251563e-16,False,0.0,0.0,548.4711759285232
2023-07-10,4.009673238103428,4.55963698291658,4.442547887848311,0.9999999999999994,5.551115123125784e-16,False,0.0,0.0,548.4711759285232
2023-07-11,3.977977066219888,4.588675224517715,4.464497316973193,0.9999999999999992,6.661338147750939e-16,False,0.0,0.0,548.4711759285232
2023-07-12,4.0182962463728185,4.625595565525314,4.520883948897465,1.0,0.0,True,0.0209931970458319,1.0496598522915956e-05,548.492169125569
2023-07-13,4.057580409841181,4.662307955508686,4.5976431301254586,1.0,0.0,False,0.0,0.0,548.492169125569
2023-07-14,4.000289397507881,4.659404197051897,4.596673205956564,1.0,0.0,False,0.0,0.0,548.492169125569
2023-07-17,4.069019047987959,4.675582983846774,4.639599504373932,1.0,0.0,False,0.0,0.0,548.492169125569
2023-07-18,4.115430856039507,4.710324602591061,4.677554188378995,1.0,0.0,False,0.0,0.0,548.492169125569
2023-07-19,4.106185721996947,4.720799683726161,4.6764626471656365,1.0,0.0,True,0.0484081168143676,2.42040584071838e-05,548.5405772423834
2023-07-20,3.992491075372135,4.689479237124537,4.568661750776097,1.0,0.0,False,0.0,0.0,548.5405772423834
2023-07-21,3.978567065191094,4.689479237124537,4.554958936226964,1.0,0.0,False,0.0,0.0,548.5405772423834
2023-07-24,3.972971599127459,4.710428742361487,4.562234873587095,1.0,1.1102230246251563e-16,False,0.0,0.0,548.5405772423834
2023-07-25,3.989295224604031,4.723288197167746,4.593156477797613,0.9999999999999994,5.551115123125784e-16,False,0.0,0.0,548.5405772423834
2023-07-26,3.9803667178576103,4.724014547427727,4.577876783427305,1.0,0.0,True,0.0281311003573336,1.406555017866684e-05,548.5687083427407
2023-07-27,4.123923108989773,4.692694757859354,4.566963630433814,1.0,0.0,False,0.0,0.0,548.5687083427407
2023-07-28,4.190826931064623,4.738637479482096,4.650149688850809,1.0,0.0,False,0.0,0.0,548.5687083427407
2023-07-31,4.201721512946549,4.747659860097237,4.652574499273045,1.0000000000000002,0.0,False,0.0,0.0,548.5687083427407
2023-08-01,4.183903380590443,4.734074712064249,4.641782210277306,1.0,0.0,False,0.0,0.0,548.5687083427407
2023-08-02,4.030204271733948,4.668218626642811,4.539922475945597,1.0,0.0,True,0.4250865502729711,0.0002125432751364,548.9937948930137
2023-08-03,4.054240036772114,4.654841101117426,4.532646915108822,1.0,0.0,False,0.0,0.0,548.9937948930137
2023-08-04,4.049549247465918,4.633787784626676,4.51142530563396,1.0,0.0,False,0.0,0.0,548.9937948930137
2023-08-07,4.1451415586965465,4.674234423097242,4.5496236002513335,1.0,0.0,False,0.0,0.0,548.9937948930137
2023-08-08,4.086299509207809,4.653908113899723,4.510940343549513,1.0,1.1102230246251563e-16,False,0.0,0.0,548.9937948930137
2023-08-09,3.961511962385599,4.6227952898057,4.461344686900925,1.0,0.0,True,0.8074375897442119,0.0004037187948721,549.801232482758
2023-08-10,3.980575592252043,4.624454298766758,4.469590171906607,1.0,0.0,False,0.0,0.0,549.801232482758
2023-08-11,3.902527434224544,4.621757505784319,4.441094131165037,1.0,0.0,False,0.0,0.0,549.801232482758
2023-08-14,3.9474739153695886,4.647270435472366,4.490933021902566,1.0,0.0,False,0.0,0.0,549.801232482758
2023-08-15,3.9030762707637128,4.5931351662316375,4.443276837068411,1.0,0.0,False,0.0,0.0,549.801232482758
2023-08-16,3.8195918200895695,4.55943001744223,4.396226854839813,1.0,0.0,True,0.0347539557117517,1.7376977855875887e-05,549.8359864384697
2023-08-17,3.752253579875287,4.524687413148065,4.348206571918963,1.0,0.0,False,0.0,0.0,549.8359864384697
2023-08-18,3.7237395292922426,4.526864821344875,4.342750748468935,1.0000000000000002,0.0,False,0.0,0.0,549.8359864384697
2023-08-21,3.857299523989983,4.556318307961214,4.412718577897876,1.0,0.0,False,0.0,0.0,549.8359864384697
2023-08-22,3.849650272673218,4.5439772523907065,4.406413694276707,0.9999999999999998,2.220446049250313e-16,False,0.0,0.0,549.8359864384697
2023-08-23,3.9340402325569777,4.594586552685093,4.475895808574488,1.0,0.0,True,0.0231679174668323,1.1583958733416167e-05,549.8591543559365
2023-08-24,3.860675274662997,4.5309098465602204,4.380220470389552,1.0,1.1102230246251563e-16,False,0.0,0.0,549.8591543559365
2023-08-25,3.881358286267877,4.562851846618144,4.414174217197929,1.0,0.0,False,0.0,0.0,549.8591543559365
2023-08-28,3.8856447979091286,4.591786605482106,4.447400144356286,1.0,0.0,False,0.0,0.0,549.8591543559365
2023-08-29,4.007728154952827,4.658160104589418,4.544529992271196,1.0,0.0,False,0.0,0.0,549.8591543559365
2023-08-30,3.979363843266963,4.677346132578258,4.569873779463853,1.0,0.0,True,0.4373166930382146,0.0002186583465191,550.2964710489748
2023-08-31,3.978994502535168,4.670500503126673,4.583576217489631,1.0,1.1102230246251563e-16,False,0.0,0.0,550.2964710489748
2023-09-01,3.941645675873023,4.679212107013664,4.578726220121803,1.0,1.1102230246251563e-16,False,0.0,0.0,550.2964710489748
2023-09-05,3.964070109543572,4.658988952036694,4.58454651818188,0.9999999999999998,2.220446049250313e-16,False,0.0,0.0,550.2964710489748
2023-09-06,3.921944735013763,4.627669490984949,4.544166270707869,0.9999999999999996,3.3306690738754696e-16,False,0.0,0.0,550.2964710489748
2023-09-07,3.870028396206759,4.613461146912531,4.511668539722901,1.0,0.0,True,0.8144871964594034,0.0004072435982297,551.1109582454342
2023-09-08,3.882430066996492,4.620409602068039,4.517973423344071,1.0,0.0,False,0.0,0.0,551.1109582454342
2023-09-11,3.867939881877794,4.650796404418707,4.571207801719441,1.0,0.0,False,0.0,0.0,551.1109582454342
2023-09-12,3.851383645144937,4.625284131763912,4.520520227334139,1.0,0.0,False,0.0,0.0,551.1109582454342
2023-09-13,3.7641480059527375,4.630677060695538,4.537739393518868,1.0,0.0,False,0.0,0.0,551.1109582454342
2023-09-14,3.820160108557785,4.6706043143804745,4.574845770399513,1.0,0.0,True,1.6,0.0008,552.7109582454342
2023-09-15,3.794567621280385,4.614331387454677,4.496510838920426,1.0,1.1102230246251563e-16,False,0.0,0.0,552.7109582454342
2023-09-18,3.7675285731346753,4.617038035935894,4.501198178197819,0.7987581306903362,0.2012418693096638,True,0.2094768360974194,0.0001047384180487,552.9204350815317
2023-09-19,3.747820171668441,4.60746243332265,4.491604363048972,0.7976998740583473,0.2023001259416527,False,0.0,0.0,552.9204350815317
2023-09-20,3.7230551995198256,4.565104485122297,4.426878868326361,0.7963542166033484,0.2036457833966516,False,0.0,0.0,552.9204350815317
2023-09-21,3.60014200611636,4.489651443506927,4.345757664001848,1.0,0.0,True,0.2123501009454076,0.0001061750504727,553.132785182477
2023-09-22,3.604936879561452,4.479556127591427,4.346364996177484,1.0,1.1102230246251563e-16,False,0.0,0.0,553.132785182477
2023-09-25,3.63955217228347,4.498392613890253,4.367009395345297,0.9999999999999996,4.440892098500626e-16,False,0.0,0.0,553.132785182477
2023-09-26,3.5753050223984637,4.432306566830649,4.3014337108814775,0.9999999999999994,5.551115123125784e-16,False,0.0,0.0,553.132785182477
2023-09-27,3.611298909914104,4.434075300344774,4.311512864638126,0.9999999999999992,6.661338147750939e-16,False,0.0,0.0,553.132785182477
2023-09-28,3.6505019305591535,4.459781726325506,4.347579284005388,1.0,0.0,True,0.8103174998638119,0.0004051587499319,553.9431026823409
2023-09-29,3.660910789557121,4.448958417566897,4.350737561928008,1.0,0.0,False,0.0,0.0,553.9431026823409
2023-10-02,3.606317081958635,4.447188369986268,4.387046838860843,1.0,0.0,False,0.0,0.0,553.9431026823409
2023-10-03,3.5411568666337323,4.387658529230785,4.3100560957680045,1.0,1.1102230246251563e-16,False,0.0,0.0,553.9431026823409
2023-10-04,3.557744481736486,4.4196093992376095,4.3687093983043725,1.0,0.0,False,0.0,0.0,553.9431026823409
2023-10-05,3.5717569781863894,4.417943819944034,4.355837570805222,1.0,0.0,True,0.0402256703115138,2.011283515575692e-05,553.9833283526524
2023-10-06,3.60377511681595,4.470397084059889,4.428821352327653,1.0,1.1102230246251563e-16,False,0.0,0.0,553.9833283526524
2023-10-09,3.654771193300468,4.49901778102944,4.451408612020129,1.0,0.0,False,0.0,0.0,553.9833283526524
2023-10-10,3.6915146267616494,4.522434117610662,4.476060349281716,1.0,1.1102230246251563e-16,False,0.0,0.0,553.9833283526524
2023-10-11,3.7083077341639257,4.540959170148087,4.507998943080806,0.9999999999999998,2.220446049250313e-16,False,0.0,0.0,553.9833283526524
2023-10-12,3.695485056280897,4.513276059629002,4.492333312269073,1.0,0.0,True,0.4043439515130028,0.0002021719757565,554.3876723041654
2023-10-13,3.7657120214267463,4.490795995431743,4.435864974776215,1.0,0.0,False,0.0,0.0,554.3876723041654
2023-10-16,3.863698425756634,4.538045227675895,4.486017885993888,1.0,0.0,False,0.0,0.0,554.3876723041654
2023-10-17,3.889920632107821,4.537837276651667,4.471324438491196,1.0,0.0,False,0.0,0.0,554.3876723041654
2023-10-18,3.852207027189508,4.477370834995594,4.412670382908117,1.0,1.1102230246251563e-16,False,0.0,0.0,554.3876723041654
2023-10-19,3.760586708001709,4.438029983487982,4.371381584572478,1.0,0.0,True,0.8191356632685345,0.0004095678316342,555.206807967434
2023-10-20,3.704033443960109,4.383494909513471,4.3061703747187074,1.0,0.0,False,0.0,0.0,555.206807967434
2023-10-23,3.6598214307112,4.375897634021708,4.319163819262323,1.0,0.0,False,0.0,0.0,555.206807967434
2023-10-24,3.715654073308864,4.408889573216175,4.361180813771352,1.0,0.0,False,0.0,0.0,555.206807967434
2023-10-25,3.680862124900097,4.345612343308459,4.254437571493001,1.0,0.0,False,0.0,0.0,555.206807967434
2023-10-26,3.568618933481027,4.293575638274311,4.173317120215212,1.0,0.0,True,0.8007951037332237,0.0004003975518666,556.0076030711672
2023-10-27,3.5655826798920627,4.274113327803046,4.193354187207402,1.0,1.1102230246251563e-16,False,0.0,0.0,556.0076030711672
2023-10-30,3.59295715635432,4.325213103419979,4.240593184161451,1.0,0.0,False,0.0,0.0,556.0076030711672
2023-10-31,3.714777179651441,4.352377814703312,4.260873861765939,1.0,1.1102230246251563e-16,False,0.0,0.0,556.0076030711672
2023-11-01,3.7670467522744873,4.3987945858173,4.3348283205039895,1.0,0.0,False,0.0,0.0,556.0076030711672
2023-11-02,3.8903704357767466,4.483094908686179,4.413520572649326,1.0,0.0,True,0.4559190805883794,0.0002279595402941,556.4635221517556
2023-11-03,3.901812418327549,4.523995557133811,4.465373863349431,1.0,0.0,False,0.0,0.0,556.4635221517556
2023-11-06,3.947661700173172,4.534402635327339,4.483589310338081,1.0,0.0,False,0.0,0.0,556.4635221517556
2023-11-07,3.964150948771198,4.547307753944606,4.525970779457159,0.9999999999999998,2.220446049250313e-16,False,0.0,0.0,556.4635221517556
2023-11-08,4.0303594747801865,4.550638255498506,4.528885446767493,0.9999999999999998,2.220446049250313e-16,False,0.0,0.0,556.4635221517556
2023-11-09,4.012612116820033,4.51514926143018,4.4940340682748605,1.0,1.1102230246251563e-16,True,0.436254766305543,0.0002181273831527,556.8997769180611
2023-11-10,4.074169512816095,4.585607207747951,4.595069216453662,0.9999999999999996,4.440892098500626e-16,False,0.0,0.0,556.8997769180611
2023-11-13,4.114550482883935,4.581236622556288,4.5807394905143095,0.9999999999999996,4.440892098500626e-16,False,0.0,0.0,556.8997769180611
2023-11-14,4.158882527685629,4.670115481641058,4.679347192607372,0.9999999999999996,3.3306690738754696e-16,False,0.0,0.0,556.8997769180611
2023-11-15,4.092226728340051,4.680002518015705,4.682868062523263,0.9999999999999996,4.440892098500626e-16,False,0.0,0.0,556.8997769180611
2023-11-16,4.023673828126693,4.685726920222916,4.686876530187092,1.0,0.0,True,0.4212975947431708,0.0002106487973715,557.3210745128042
2023-11-17,4.049000569679446,4.691554476650675,4.687968824447176,1.0,0.0,False,0.0,0.0,557.3210745128042
2023-11-20,4.125060019997636,4.727668637858188,4.745044494115658,0.9999999999999998,2.220446049250313e-16,False,0.0,0.0,557.3210745128042
2023-11-21,4.157144462148081,4.717365042401834,4.717478089543747,1.0,0.0,False,0.0,0.0,557.3210745128042
2023-11-22,4.142290950963836,4.735578004144605,4.736786207315836,1.0,1.1102230246251563e-16,False,0.0,0.0,557.3210745128042
2023-11-24,4.168333845304822,4.738491946616798,4.730107436000668,1.0,0.0,True,1.1999999999999995,0.0005999999999999,558.5210745128043
2023-11-27,4.188591576275957,4.729958070224448,4.725978480862442,1.0,0.0,False,0.0,0.0,558.5210745128043
2023-11-28,4.190952134379473,4.734641731760642,4.738365722800502,1.0,0.0,False,0.0,0.0,558.5210745128043
2023-11-29,4.24001021599356,4.731310573173491,4.733750676007748,1.0,0.0,False,0.0,0.0,558.5210745128043
2023-11-30,4.300179512276312,4.7499404225145945,4.721849525724203,1.0,0.0,False,0.0,0.0,558.5210745128043
2023-12-01,4.317931280696915,4.778040420632012,4.73532868539899,1.0,0.0,True,1.611477604520188,0.00080573880226,560.1325521173244
2023-12-04,4.318037666615026,4.75295883327384,4.691368453841958,1.0,1.1102230246251563e-16,False,0.0,0.0,560.1325521173244
2023-12-05,4.31077462936104,4.752021575339999,4.70314874012775,0.9999999999999998,2.220446049250313e-16,False,0.0,0.0,560.1325521173244
2023-12-06,4.262887775641592,4.732871684180013,4.675946433642522,0.9999999999999996,3.3306690738754696e-16,False,0.0,0.0,560.1325521173244
2023-12-07,4.263778453956633,4.7689855168709006,4.741279637064112,1.0,1.1102230246251563e-16,False,0.0,0.0,560.1325521173244
2023-12-08,4.280455140792869,4.789488568013182,4.7624101278864535,1.0000000000000002,0.0,True,0.8091870982218012,0.0004045935491109,560.9417392155462
2023-12-11,4.346015848925404,4.808117431804408,4.803091594046469,1.0,0.0,False,0.0,0.0,560.9417392155462
2023-12-12,4.379643862701796,4.830077454182785,4.841344108027309,1.0,0.0,False,0.0,0.0,560.9417392155462
2023-12-13,4.364810623837129,4.896684528611149,4.902913583967435,1.0,0.0,False,0.0,0.0,560.9417392155462
2023-12-14,4.278767503094834,4.912399449930182,4.898662635261376,1.0,1.1102230246251563e-16,False,0.0,0.0,560.9417392155462
2023-12-15,4.259035810658549,4.9043116991158735,4.922342942260645,1.0,0.0,True,1.6025216245054483,0.0008012608122527,562.5442608400517
2023-12-18,4.2554409461324285,4.931899211296806,4.9533466285630805,1.0,0.0,False,0.0,0.0,562.5442608400517
2023-12-19,4.254178548896506,4.961889165563324,4.978656905176923,1.0,0.0,False,0.0,0.0,562.5442608400517
2023-12-20,4.14388440072792,4.893130964268228,4.9046753367571325,1.0,1.1102230246251563e-16,False,0.0,0.0,562.5442608400517
2023-12-21,4.216835995081889,4.939527367351408,4.961742722911758,1.0,0.0,False,0.0,0.0,562.5442608400517
2023-12-22,4.2213463977155765,4.949454482754422,4.96916588090467,0.9999999999999998,2.220446049250313e-16,True,0.8069078745133623,0.0004034539372566,563.3511687145651
2023-12-26,4.266038282704805,4.970353067914348,4.999585579479649,0.9999999999999996,4.440892098500626e-16,False,0.0,0.0,563.3511687145651
2023-12-27,4.283436235616184,4.979339968733887,5.009763382355963,0.9999999999999996,3.3306690738754696e-16,False,0.0,0.0,563.3511687145651
2023-12-28,4.294259155228273,4.981220726417462,5.007328405803068,1.0,0.0,False,0.0,0.0,563.3511687145651
2023-12-29,4.271070781760313,4.9668004891213045,4.985657603962734,1.0,0.0,False,0.0,0.0,563.3511687145651
2024-01-02,4.139702599647882,4.939004368882893,4.9012892622032265,1.0,0.0,True,0.8077875652664207,0.0004038937826332,564.1589562798315
2024-01-03,4.05782382972005,4.898668769031898,4.849426558419199,1.0,0.0,False,0.0,0.0,564.1589562798315
2024-01-04,4.061262241559678,4.882890115487431,4.824469084191323,1.0,0.0,False,0.0,0.0,564.1589562798315
2024-01-05,4.09976706212922,4.889577728441933,4.830191109655104,1.0000000000000002,0.0,False,0.0,0.0,564.1589562798315
2024-01-08,4.247088700304706,4.959381269640808,4.930020630043226,1.0,0.0,False,0.0,0.0,564.1589562798315
2024-01-09,4.289358619741602,4.951857910389886,4.939760536254772,1.0000000000000002,0.0,True,1.2078499781072425,0.0006039249890536,565.3668062579387
2024-01-10,4.294273375496841,4.979862310169151,4.973239863632719,1.0,0.0,False,0.0,0.0,565.3668062579387
2024-01-11,4.257906016774324,4.977668804657671,4.983588608113324,1.0,0.0,False,0.0,0.0,565.3668062579387
2024-01-12,4.177784717631731,4.981115929613782,4.986144448663972,0.9999999999999998,2.220446049250313e-16,False,0.0,0.0,565.3668062579387
2024-01-16,4.148514154569071,4.962829380146799,4.985657603962734,0.9999999999999998,2.220446049250313e-16,False,0.0,0.0,565.3668062579387
2024-01-17,4.1228341601119824,4.935242524999118,4.957535074391806,1.0,0.0,True,0.018301236512984,9.15061825649202e-06,565.3851074944517
2024-01-18,4.176082168164381,4.9791303751265295,5.027903148149759,1.0,1.1102230246251563e-16,False,0.0,0.0,565.3851074944517
2024-01-19,4.155236938948876,5.0412016205003765,5.127611051493404,1.0,1.1102230246251563e-16,False,0.0,0.0,565.3851074944517
2024-01-22,4.119796926550077,5.051860342429384,5.134307895929731,1.0,0.0,False,0.0,0.0,565.3851074944517
2024-01-23,4.0971767658843445,5.066593656070073,5.155612717066592,1.0,0.0,False,0.0,0.0,565.3851074944517
2024-01-24,4.063106819529239,5.0721324463836215,5.1842220913387465,1.0,1.1102230246251563e-16,True,0.8073794826154198,0.0004036897413077,566.1924869770671
2024-01-25,4.126026155825399,5.099719958564554,5.190553331594942,1.0,0.0,False,0.0,0.0,566.1924869770671
2024-01-26,4.052191375918417,5.093240953667532,5.159629844767646,1.0,1.1102230246251563e-16,False,0.0,0.0,566.1924869770671
2024-01-29,4.175082955398858,5.1335762250019,5.212466614477507,1.0,0.0,False,0.0,0.0,566.1924869770671
2024-01-30,4.1226788864078605,5.129605116027394,5.177769610561441,1.0,0.0,False,0.0,0.0,566.1924869770671
2024-01-31,4.105589705704151,5.045904007484252,5.076357562501793,1.0,0.0,True,0.0207783258193266,1.038916290966334e-05,566.2132653028865
2024-02-01,4.171581588845821,5.1119450477661,5.136133657690199,1.0,0.0,False,0.0,0.0,566.2132653028865
2024-02-02,4.148860066607453,5.165760341813152,5.222936976002591,1.0,0.0,False,0.0,0.0,566.2132653028865
2024-02-05,4.081706354380168,5.146951450910904,5.216120020615234,1.0,0.0,False,0.0,0.0,566.2132653028865
2024-02-06,4.137471824480677,5.161894686675575,5.205648906043439,1.0,0.0,False,0.0,0.0,566.2132653028865
2024-02-07,4.1201701781916045,5.204946790506566,5.259216884113551,1.0000000000000002,0.0,True,1.6138272169287395,0.0008069136084643,567.8270925198152
2024-02-08,4.100019416990438,5.207245749854977,5.268956037278384,1.0,1.1102230246251563e-16,False,0.0,0.0,567.8270925198152
2024-02-09,4.073213870584997,5.2373408294418,5.320818741062412,1.0,0.0,False,0.0,0.0,567.8270925198152
2024-02-12,4.164383442509089,5.235041541576763,5.3000003881034345,0.9999999999999998,2.220446049250313e-16,False,0.0,0.0,567.8270925198152
2024-02-13,4.0212202235898005,5.162939041029477,5.21733619105993,0.9999999999999998,2.220446049250313e-16,False,0.0,0.0,567.8270925198152
2024-02-14,4.128140954364634,5.209858114064546,5.274190841517569,1.0,0.0,True,0.0603432825853428,3.0171641292671428e-05,567.8874358024005
2024-02-15,4.2548276949976005,5.24580506030945,5.289896007281838,0.9999999999999998,2.220446049250313e-16,False,0.0,0.0,567.8874358024005
2024-02-16,4.172488126831773,5.219681089697132,5.241929567201099,1.0,1.1102230246251563e-16,False,0.0,0.0,567.8874358024005
2024-02-20,4.179152607674683,5.19094442635862,5.202362233655911,0.9999999999999996,3.3306690738754696e-16,False,0.0,0.0,567.8874358024005
2024-02-21,4.130972450332877,5.195646484825869,5.181543504173566,0.9999999999999996,4.440892098500626e-16,False,0.0,0.0,567.8874358024005
2024-02-22,4.302907218031166,5.303172933149543,5.333237234439151,1.0,0.0,True,0.8024921499432683,0.0004012460749716,568.6899279523439
2024-02-23,4.314369460620443,5.306830308746266,5.317531692151527,1.0,0.0,False,0.0,0.0,568.6899279523439
2024-02-26,4.350152387695104,5.287394279605076,5.314731111418525,1.0,0.0,False,0.0,0.0,568.6899279523439
2024-02-27,4.448865419784084,5.2972169267210365,5.327514832452026,0.9999999999999998,2.220446049250313e-16,False,0.0,0.0,568.6899279523439
2024-02-28,4.457750451334009,5.29021558038875,5.299148315745433,1.0,1.1102230246251563e-16,False,0.0,0.0,568.6899279523439
2024-02-29,4.408906403414465,5.309234064898356,5.34455929179888,1.0,0.0,True,0.4296897249059254,0.0002148448624529,569.1196176772497
2024-03-01,4.460554853954116,5.359078578487526,5.425031369855086,1.0,1.1102230246251563e-16,False,0.0,0.0,569.1196176772497
2024-03-04,4.457263950484238,5.353331180116498,5.405673550999802,0.9999999999999998,2.220446049250313e-16,False,0.0,0.0,569.1196176772497
2024-03-05,4.400176838281691,5.299829619447231,5.308644611344694,0.9999999999999998,2.220446049250313e-16,False,0.0,0.0,569.1196176772497
2024-03-06,4.411437381163598,5.326684868068918,5.342002698201519,0.9999999999999996,3.3306690738754696e-16,False,0.0,0.0,569.1196176772497
2024-03-07,4.468409322819584,5.379559619015868,5.423084367573497,1.0,0.0,True,1.2227577919444477,0.0006113788959722,570.3423754691942
2024-03-08,4.388562849273965,5.347271033917565,5.344802525887821,1.0,1.1102230246251563e-16,False,0.0,0.0,570.3423754691942
2024-03-11,4.321091800265991,5.34267245818749,5.324958991901378,0.9999999999999998,2.220446049250313e-16,False,0.0,0.0,570.3423754691942
2024-03-12,4.382366610223834,5.4001454563478894,5.4012919486886855,1.0,1.1102230246251563e-16,False,0.0,0.0,570.3423754691942
2024-03-13,4.332694082496261,5.391680568446988,5.359776859815197,1.0,0.0,False,0.0,0.0,570.3423754691942
2024-03-14,4.246527860350541,5.381022503551232,5.3462641895615945,1.0,1.1102230246251563e-16,True,0.4255533856841965,0.000212776692842,570.7679288548784
2024-03-15,4.236133974998029,5.344073581597175,5.282713447714352,1.0,0.0,False,0.0,0.0,570.7679288548784
2024-03-18,4.2616140154772975,5.375833911960949,5.333096791226815,1.0,1.1102230246251563e-16,False,0.0,0.0,570.7679288548784
2024-03-19,4.229192736398056,5.405708556891758,5.346384300512635,1.0,0.0,False,0.0,0.0,570.7679288548784
2024-03-20,4.278974832276471,5.455706487745249,5.409774643409577,1.0,0.0,False,0.0,0.0,570.7679288548784
2024-03-21,4.2667565366630855,5.47373679424399,5.435375219532053,1.0,0.0,True,0.0244134292364834,1.220671461824173e-05,570.7923422841149
2024-03-22,4.295838407669262,5.463359611063423,5.441591620164203,1.0,0.0,False,0.0,0.0,570.7923422841149
2024-03-25,4.294563086171,5.448264929134187,5.421843723110566,1.0,0.0,False,0.0,0.0,570.7923422841149
2024-03-26,4.256715405235589,5.438202793397908,5.404289451137675,1.0,1.1102230246251563e-16,False,0.0,0.0,570.7923422841149
2024-03-27,4.263310822760644,5.483904712333826,5.422695795468568,1.0,0.0,False,0.0,0.0,570.7923422841149
2024-03-28,4.258109745321152,5.482855758747161,5.41270060642064,1.0,0.0,True,0.4174080972334494,0.0002087040486167,571.2097503813483
2024-04-01,4.302908948162237,5.473317278512649,5.424159718282489,1.0,0.0,False,0.0,0.0,571.2097503813483
2024-04-02,4.26216754812766,5.438516855292318,5.377348075339179,1.0,0.0,False,0.0,0.0,571.2097503813483
2024-04-03,4.293538239826416,5.444491258651878,5.389416778516813,1.0,0.0,False,0.0,0.0,571.2097503813483
2024-04-04,4.155496651577781,5.378035630388077,5.307008993879757,1.0,1.1102230246251563e-16,False,0.0,0.0,571.2097503813483
2024-04-05,4.2101582663183725,5.434219200791615,5.369546134848631,1.0000000000000002,0.0,True,0.036807444997209,1.840372249860452e-05,571.2465578263455
2024-04-08,4.171110447092922,5.437258636614922,5.371130921660304,1.0,0.0,False,0.0,0.0,571.2465578263455
2024-04-09,4.136635698241816,5.443548415935396,5.391001565328486,1.0,0.0,False,0.0,0.0,571.2465578263455
2024-04-10,4.140942847044448,5.389041594390717,5.343945558726168,1.0,0.0,False,0.0,0.0,571.2465578263455
2024-04-11,4.223943891743278,5.429712281200182,5.429279682897641,1.0000000000000002,0.0,False,0.0,0.0,571.2465578263455
2024-04-12,4.102798242542354,5.354765155188779,5.342727505664692,1.0,0.0,True,0.4217957450093413,0.0002108978725046,571.6683535713548
2024-04-15,4.023275720115117,5.287680089069654,5.2548333991856415,1.0,1.1102230246251563e-16,False,0.0,0.0,571.6683535713548
2024-04-16,4.113753261226128,5.278036483514837,5.255321373456948,0.9999999999999996,4.440892098500626e-16,False,0.0,0.0,571.6683535713548
2024-04-17,4.024815138210255,5.246799808652832,5.191199445676402,0.9999999999999996,4.440892098500626e-16,False,0.0,0.0,571.6683535713548
2024-04-18,4.016226684612177,5.23600343825755,5.161576094002509,0.9999999999999994,5.551115123125784e-16,False,0.0,0.0,571.6683535713548
2024-04-19,3.667464810415666,5.190301519321632,5.054788045444616,1.0,0.0,True,0.4081454873116943,0.0002040727436558,572.0764990586665
2024-04-22,3.721251373077722,5.238099702847749,5.105622463939355,1.0,1.1102230246251563e-16,False,0.0,0.0,572.0764990586665
2024-04-23,3.88357847889431,5.3002583336440985,5.18181234185081,1.0,0.0,False,0.0,0.0,572.0764990586665
2024-04-24,3.841447424417897,5.29774255332256,5.199367366870425,1.0,1.1102230246251563e-16,False,0.0,0.0,572.0764990586665
2024-04-25,3.8158933794488257,5.277616639266872,5.174254388495914,1.0,0.0,False,0.0,0.0,572.0764990586665
2024-04-26,3.954928969044305,5.3276165412201175,5.254102567348761,1.0,0.0,True,0.0632592924465797,3.1629646223289884e-05,572.1397583511131
2024-04-29,3.9848846091746615,5.346484565115036,5.275436004260785,1.0,0.0,False,0.0,0.0,572.1397583511131
2024-04-30,3.912926073967608,5.261789693778389,5.175960415828709,1.0,0.0,False,0.0,0.0,572.1397583511131
2024-05-01,3.7802040050062,5.244704201095885,5.1385358767109794,1.0,0.0,False,0.0,0.0,572.1397583511131
2024-05-02,3.858313290979618,5.293758960716267,5.204121350782104,1.0,0.0,False,0.0,0.0,572.1397583511131
2024-05-03,3.924801408217016,5.359377200100516,5.308715774259252,1.0,1.1102230246251563e-16,True,0.424562703324682,0.0002122813516623,572.5643210544378
2024-05-06,4.064726399634166,5.414723053107877,5.366864158973233,0.9999999999999996,3.3306690738754696e-16,False,0.0,0.0,572.5643210544378
2024-05-07,4.047740053384962,5.420697784984063,5.367717737424659,0.9999999999999996,3.3306690738754696e-16,False,0.0,0.0,572.5643210544378
2024-05-08,4.055206555665054,5.421221440485831,5.364547787277954,0.9999999999999996,3.3306690738754696e-16,False,0.0,0.0,572.5643210544378
2024-05-09,4.025375146388512,5.452456801281333,5.376250886275456,0.9999999999999996,4.440892098500626e-16,False,0.0,0.0,572.5643210544378
2024-05-10,4.051748696714857,5.459481143777435,5.388928804245505,1.0,0.0,True,0.4170510891205111,0.0002085255445602,572.9813721435582
2024-05-13,4.023589669929594,5.460215049919812,5.401363488126612,1.0,1.1102230246251563e-16,False,0.0,0.0,572.9813721435582
2024-05-14,4.109307570048322,5.485267070781648,5.436106051368933,1.0,0.0,False,0.0,0.0,572.9813721435582
2024-05-15,4.353089802214197,5.5531905113302,5.52107419483692,1.0,0.0,False,0.0,0.0,572.9813721435582
2024-05-16,4.2564488398832765,5.541764046046343,5.509858693587368,1.0,0.0,False,0.0,0.0,572.9813721435582
2024-05-17,4.23429078717246,5.54973188829218,5.50717671771196,1.0,0.0,True,0.4361188701459472,0.0002180594350729,573.4174910137042
2024-05-20,4.260577951389081,5.556126792932958,5.545577205372304,1.0,1.1102230246251563e-16,False,0.0,0.0,573.4174910137042
2024-05-21,4.309913461069156,5.5697530055441895,5.556426349395025,0.9999999999999998,2.220446049250313e-16,False,0.0,0.0,573.4174910137042
2024-05-22,4.277622054075764,5.553715480898472,5.555329536854645,0.9999999999999998,2.220446049250313e-16,False,0.0,0.0,573.4174910137042
2024-05-23,4.361082013114448,5.513149590892685,5.530338552047967,1.0,1.1102230246251563e-16,False,0.0,0.0,573.4174910137042
2024-05-24,4.557150976360909,5.549626762971875,5.582635763786547,1.0,0.0,True,0.4371464596074875,0.0002185732298037,573.8546374733116
2024-05-28,4.627637289356381,5.553505887291115,5.6037252135629165,1.0,1.1102230246251563e-16,False,0.0,0.0,573.8546374733116
2024-05-29,4.54564119716554,5.514616746144186,5.564228289885573,1.0,1.1102230246251563e-16,False,0.0,0.0,573.8546374733116
2024-05-30,4.558162987527292,5.47803379171144,5.504616358881028,1.0,1.1102230246251563e-16,False,0.0,0.0,573.8546374733116
2024-05-31,4.474456534536122,5.527928896861007,5.494376806174091,0.9999999999999996,4.440892098500626e-16,False,0.0,0.0,573.8546374733116
2024-06-03,4.409733052567321,5.532436144969067,5.52387816428015,1.0,0.0,True,0.8084963073253029,0.0004042481536626,574.6631337806369
2024-06-04,4.296172531888431,5.538620798969236,5.538994824036666,1.0,0.0,False,0.0,0.0,574.6631337806369
2024-06-05,4.384816865110847,5.604447646410964,5.650658473550691,0.9999999999999996,3.3306690738754696e-16,False,0.0,0.0,574.6631337806369
2024-06-06,4.348695990437605,5.6043425210906594,5.648708082558898,0.9999999999999998,2.220446049250313e-16,False,0.0,0.0,574.6631337806369
2024-06-07,4.253457694744252,5.597530400334922,5.643710488034935,0.9999999999999996,3.3306690738754696e-16,False,0.0,0.0,574.6631337806369
2024-06-10,4.344202890872888,5.614824172558279,5.666506341667455,1.0,1.1102230246251563e-16,True,0.4457707284378709,0.0002228853642189,575.1089045090748
2024-06-11,4.331362676395102,5.628347887982214,5.705393674029026,0.9999999999999998,2.220446049250313e-16,False,0.0,0.0,575.1089045090748
2024-06-12,4.386204936795954,5.6745734624198985,5.7801218882667085,0.9999999999999996,3.3306690738754696e-16,False,0.0,0.0,575.1089045090748
2024-06-13,4.337603779068485,5.685997956604,5.811451267273383,0.9999999999999996,3.3306690738754696e-16,False,0.0,0.0,575.1089045090748
2024-06-14,4.285159675456281,5.689459207775029,5.841562216695214,0.9999999999999996,4.440892098500626e-16,False,0.0,0.0,575.1089045090748
2024-06-17,4.252371629439738,5.734740625429729,5.913120480786205,1.0,0.0,True,0.4273464738137428,0.0002136732369068,575.5362509828885
2024-06-18,4.330854129534546,5.749310337790693,5.9149488782101765,1.0,0.0,False,0.0,0.0,575.5362509828885
2024-06-20,4.283186140205483,5.733693314426194,5.869356794421779,1.0,0.0,False,0.0,0.0,575.5362509828885
2024-06-21,4.21388515712992,5.726004711312417,5.853630919872847,1.0000000000000002,0.0,False,0.0,0.0,575.5362509828885
2024-06-24,4.257145574607748,5.707391616319237,5.786988921260615,1.0,0.0,False,0.0,0.0,575.5362509828885
2024-06-25,4.2649190778105055,5.729370035628667,5.853166290049707,1.0,0.0,True,0.8153141681792253,0.0004076570840896,576.3515651510678
2024-06-26,4.085947446245815,5.736521842575639,5.865254572441923,1.0,0.0,False,0.0,0.0,576.3515651510678
2024-06-27,4.117001835776595,5.745565248254842,5.880394576646595,1.0,1.1102230246251563e-16,False,0.0,0.0,576.3515651510678
2024-06-28,4.014734305579229,5.722955419990332,5.849869828054874,0.9999999999999994,5.551115123125784e-16,False,0.0,0.0,576.3515651510678
2024-07-01,3.993828535294422,5.734733398063957,5.884179765959447,0.9999999999999994,5.551115123125784e-16,False,0.0,0.0,576.3515651510678
2024-07-02,4.000886188163609,5.773326874247529,5.945961977596547,1.0,0.0,True,0.4688419753090401,0.0002344209876545,576.8204071263768
2024-07-03,4.128366694636035,5.799090462121177,5.995533536750268,1.0,0.0,False,0.0,0.0,576.8204071263768
2024-07-05,4.073222478007874,5.83253148354332,6.058048839364409,1.0,1.1102230246251563e-16,False,0.0,0.0,576.8204071263768
2024-07-08,4.138786151395925,5.8392608181093175,6.07245575259204,1.0,1.1102230246251563e-16,False,0.0,0.0,576.8204071263768
2024-07-09,4.137155895474763,5.84493889947227,6.077706747335605,1.0,0.0,False,0.0,0.0,576.8204071263768
2024-07-10,4.223295575531883,5.902777536637353,6.141075251877816,1.0000000000000002,0.0,True,0.0293465292465563,1.46732646232782e-05,576.8497536556234
2024-07-11,4.199519713363078,5.851880455778632,6.00640037737078,0.9999999999999998,2.220446049250313e-16,False,0.0,0.0,576.8497536556234
2024-07-12,4.204255221068113,5.888791926837331,6.0416866403413225,1.0,1.1102230246251563e-16,False,0.0,0.0,576.8497536556234
2024-07-15,4.101857032832591,5.904985825397001,6.057926092749865,1.0,0.0,False,0.0,0.0,576.8497536556234
2024-07-16,4.156433879185548,5.940001755523957,6.060246229678715,1.0,1.1102230246251563e-16,False,0.0,0.0,576.8497536556234
2024-07-17,3.899063135307612,5.856717534579147,5.882347979825259,1.0,0.0,True,0.0617180412219548,3.085902061097744e-05,576.9114716968454
2024-07-18,3.91331794970552,5.811710099790492,5.854509348865876,0.9999999999999998,2.220446049250313e-16,False,0.0,0.0,576.9114716968454
2024-07-19,3.8886830499532152,5.77311662360692,5.802617276259949,0.9999999999999998,2.220446049250313e-16,False,0.0,0.0,576.9114716968454
2024-07-22,4.013137733946555,5.832637265896876,5.889063650429446,0.9999999999999996,4.440892098500626e-16,False,0.0,0.0,576.9114716968454
2024-07-23,4.005648079220056,5.823487420830865,5.868306670777735,0.9999999999999996,4.440892098500626e-16,False,0.0,0.0,576.9114716968454
2024-07-24,3.773959165867935,5.69151309372048,5.65780865210943,1.0,0.0,True,0.4237980851475548,0.0002118990425737,577.335269781993
2024-07-25,3.618497685929598,5.661857897895806,5.595416096109833,1.0,0.0,False,0.0,0.0,577.335269781993
2024-07-26,3.7101386328851,5.725269491103536,5.652802774071598,1.0000000000000002,0.0,False,0.0,0.0,577.335269781993
2024-07-29,3.6916320043183166,5.728633501353284,5.6641575889634295,1.0,0.0,False,0.0,0.0,577.335269781993
2024-07-30,3.497238014262811,5.6996103715169415,5.586381418146852,1.0,0.0,False,0.0,0.0,577.335269781993
2024-07-31,3.872314415774724,5.792254688168371,5.751703034813441,1.0,0.0,True,0.4543752219740447,0.000227187610987,577.789645003967
2024-08-01,3.67525204988224,5.7102313140339644,5.612388262972048,1.0,0.0,False,0.0,0.0,577.789645003967
2024-08-02,3.6023901840652908,5.603916106510174,5.479178440849013,1.0000000000000002,0.0,False,0.0,0.0,577.789645003967
2024-08-05,3.5217944837930024,5.440709703770546,5.315810603884444,1.0,0.0,False,0.0,0.0,577.789645003967
2024-08-06,3.620053633855071,5.490869921837256,5.366603228286488,0.9999999999999998,2.220446049250313e-16,False,0.0,0.0,577.789645003967
2024-08-07,3.5329155390065137,5.454169029935794,5.308484212394406,1.0,0.0,True,0.8190152419517736,0.0004095076209758,578.6086602459188
2024-08-08,3.6934539149187993,5.580255025042618,5.470876100816349,1.0,0.0,False,0.0,0.0,578.6086602459188
2024-08-09,3.681192767417404,5.604862234392916,5.499446316659337,1.0000000000000002,0.0,False,0.0,0.0,578.6086602459188
2024-08-12,3.6992341905396526,5.607807057427948,5.511290235392543,1.0,0.0,False,0.0,0.0,578.6086602459188
2024-08-13,3.867810233815257,5.700030215764907,5.648040506646064,1.0000000000000002,0.0,False,0.0,0.0,578.6086602459188
2024-08-14,3.867631103581735,5.718013215869512,5.649872669303607,1.0,0.0,True,0.4231070820443928,0.0002115535410221,579.0317673279632
2024-08-15,4.055033107085411,5.816021551989484,5.792605896707655,1.0,1.1102230246251563e-16,False,0.0,0.0,579.0317673279632
2024-08-16,4.085405839707985,5.829060376873513,5.800053528718801,0.9999999999999996,3.3306690738754696e-16,False,0.0,0.0,579.0317673279632
2024-08-19,4.166770836998741,5.884794536532748,5.876243406630269,1.0,1.1102230246251563e-16,False,0.0,0.0,579.0317673279632
2024-08-20,4.114964816474842,5.875225504252023,5.863911137102399,0.9999999999999998,2.220446049250313e-16,False,0.0,0.0,579.0317673279632
2024-08-21,4.166859239411625,5.895415479049771,5.891261793790475,1.0,0.0,True,0.8006402204923727,0.0004003201102461,579.8324075484555
2024-08-22,4.0474678665030295,5.849145226350957,5.797856138404495,1.0,1.1102230246251563e-16,False,0.0,0.0,579.8324075484555
2024-08-23,4.217198058992705,5.911294001648528,5.860737045198755,1.0,0.0,False,0.0,0.0,579.8324075484555
2024-08-26,4.150647698935075,5.8972032665282015,5.803838718031653,1.0,0.0,False,0.0,0.0,579.8324075484555
2024-08-27,4.174918783577195,5.905301201357915,5.821176865597354,1.0,0.0,False,0.0,0.0,579.8324075484555
2024-08-28,4.150130218529558,5.871019177373335,5.7551218668994375,1.0,0.0,True,0.4287929419255093,0.0002143964709627,580.261200490381
2024-08-29,4.170746797766388,5.871544146941607,5.746696780252253,1.0,1.1102230246251563e-16,False,0.0,0.0,580.261200490381
2024-08-30,4.2447559027822175,5.927594339595007,5.815194285970197,1.0,1.1102230246251563e-16,False,0.0,0.0,580.261200490381
2024-09-03,4.057669699764364,5.805610203079818,5.638639471456253,1.0,0.0,False,0.0,0.0,580.261200490381
2024-09-04,4.100846583237515,5.793727756719139,5.623987441522888,1.0,0.0,False,0.0,0.0,580.261200490381
2024-09-05,4.089972831375398,5.779636364565561,5.629237306696373,1.0,0.0,True,0.8,0.0004,581.061200490381
2024-09-06,3.981325266824676,5.682364562720973,5.478446102918683,1.0,0.0,False,0.0,0.0,581.061200490381
2024-09-09,3.995551366805047,5.745984435469556,5.548896258768579,1.0,0.0,False,0.0,0.0,581.061200490381
2024-09-10,4.021385019266428,5.771013460167576,5.600178363535367,1.0,1.1102230246251563e-16,False,0.0,0.0,581.061200490381
2024-09-11,4.033726389525856,5.830216755396863,5.721788254060848,0.9999999999999998,2.220446049250313e-16,False,0.0,0.0,581.061200490381
2024-09-12,4.109102291260198,5.879326048777154,5.777953866774277,1.0,0.0,True,0.0120867872411144,6.043393620557239e-06,581.0732872776221
2024-09-13,4.162080099237999,5.910032497804873,5.803838718031653,1.0,0.0,False,0.0,0.0,581.0732872776221
2024-09-16,4.196087546694075,5.918761841589666,5.778197853909931,1.0,0.0,False,0.0,0.0,581.0732872776221
2024-09-17,4.189786455873151,5.92117906692342,5.781250705292466,1.0,1.1102230246251563e-16,False,0.0,0.0,581.0732872776221
2024-09-18,4.205372703836838,5.903617882166538,5.756220562056597,1.0,0.0,False,0.0,0.0,581.0732872776221
2024-09-19,4.279071202362891,6.004360790680932,5.901761524137446,1.0,0.0,True,0.0284894848083219,1.424474240416096e-05,581.1017767624304
2024-09-20,4.229656767029846,5.993980322334106,5.890529079336803,1.0,0.0,False,0.0,0.0,581.1017767624304
2024-09-23,4.270533970605694,6.008959366411006,5.9061431264485496,1.0000000000000002,0.0,False,0.0,0.0,581.1017767624304
2024-09-24,4.286344982072505,6.026153269580075,5.934632013246319,1.0,1.1102230246251563e-16,False,0.0,0.0,581.1017767624304
2024-09-25,4.259437752015549,6.012861486894063,5.94013377254597,0.9999999999999998,2.220446049250313e-16,False,0.0,0.0,581.1017767624304
2024-09-26,4.315332307960749,6.036700624372885,5.98476308610926,1.0,1.1102230246251563e-16,True,0.81831020187603,0.000409155100938,581.9200869643064
2024-09-27,4.338644624288234,6.027944999258016,5.951505154465525,0.9999999999999996,3.3306690738754696e-16,False,0.0,0.0,581.9200869643064
2024-09-30,4.339958647490737,6.052100826764256,5.9676448281843335,0.9999999999999996,4.440892098500626e-16,False,0.0,0.0,581.9200869643064
2024-10-01,4.310907851249278,5.997883756883666,5.884500563860022,0.9999999999999996,3.3306690738754696e-16,False,0.0,0.0,581.9200869643064
2024-10-02,4.310040760449782,6.000414648969999,5.892815329163483,0.9999999999999996,3.3306690738754696e-16,False,0.0,0.0,581.9200869643064
2024-10-03,4.285247592051099,5.989446135862719,5.888413394591058,1.0,0.0,True,0.4146661619333529,0.0002073330809666,582.3347531262398
2024-10-04,4.266667727646801,6.04387411341717,5.958474601812656,1.0,1.1102230246251563e-16,False,0.0,0.0,582.3347531262398
2024-10-07,4.237138341093567,5.989234571155605,5.894648997914449,0.9999999999999996,3.3306690738754696e-16,False,0.0,0.0,582.3347531262398
2024-10-08,4.241730767840507,6.045878064835476,5.982683924129204,0.9999999999999996,3.3306690738754696e-16,False,0.0,0.0,582.3347531262398
2024-10-09,4.291994388975023,6.08775473617881,6.029758003852682,0.9999999999999998,2.220446049250313e-16,False,0.0,0.0,582.3347531262398
2024-10-10,4.284628620289451,6.077099627932688,6.0229109265967145,1.0,1.1102230246251563e-16,True,1.2012581486229186,0.0006006290743114,583.5360112748627
2024-10-11,4.313794581260956,6.11349138568913,6.03232476358069,1.0,0.0,False,0.0,0.0,583.5360112748627
2024-10-14,4.3157080345403,6.163489645059246,6.082945693331719,0.9999999999999998,2.220446049250313e-16,False,0.0,0.0,583.5360112748627
2024-10-15,4.306586556821071,6.115601776494245,6.001635850805098,0.9999999999999996,3.3306690738754696e-16,False,0.0,0.0,583.5360112748627
2024-10-16,4.303812975046084,6.142182056700009,6.002369318305495,0.9999999999999996,3.3306690738754696e-16,False,0.0,0.0,583.5360112748627
2024-10-17,4.260479846355464,6.142709654401288,6.006526889218897,1.0,0.0,True,0.4121852797407708,0.0002060926398703,583.9481965546036
2024-10-18,4.296207666830274,6.166337227172997,6.045898054094846,1.0,0.0,False,0.0,0.0,583.9481965546036
2024-10-21,4.304332558594825,6.1562103736614056,6.057514176196768,1.0,0.0,False,0.0,0.0,583.9481965546036
2024-10-22,4.300458326765399,6.1529409761999325,6.0641153837002895,1.0,0.0,False,0.0,0.0,583.9481965546036
2024-10-23,4.265359201417717,6.0967206119342885,5.97119017211846,1.0,0.0,False,0.0,0.0,583.9481965546036
2024-10-24,4.324763776656341,6.10990529820024,6.019609946321598,1.0,0.0,True,0.0260394041716601,1.3019702085830088e-05,583.9742359587752
2024-10-25,4.329287796478579,6.107794907395125,6.056290475284928,1.0,0.0,False,0.0,0.0,583.9742359587752
2024-10-28,4.364757407875432,6.126677386021585,6.057269059491046,1.0,1.1102230246251563e-16,False,0.0,0.0,583.9742359587752
2024-10-29,4.3658267645851705,6.136592017792813,6.115469780951702,0.9999999999999998,2.220446049250313e-16,False,0.0,0.0,583.9742359587752
2024-10-30,4.317756482499133,6.118027543260274,6.069251162296453,1.0,0.0,False,0.0,0.0,583.9742359587752
2024-10-31,4.290453976053204,5.998095321590779,5.916046820320611,1.0,0.0,True,0.4143220049063992,0.0002071610024531,584.3885579636816
2024-11-01,4.270601655868697,6.023410155753377,5.95981916672226,1.0,1.1102230246251563e-16,False,0.0,0.0,584.3885579636816
2024-11-04,4.203218777631859,6.010435063094782,5.942457674708392,0.9999999999999998,2.220446049250313e-16,False,0.0,0.0,584.3885579636816
2024-11-05,4.486036795695443,6.083113453287362,6.018264628365294,1.0,1.1102230246251563e-16,False,0.0,0.0,584.3885579636816
2024-11-06,4.688948151144156,6.234373677440877,6.18173977448674,0.9999999999999998,2.220446049250313e-16,False,0.0,0.0,584.3885579636816
2024-11-07,4.761253330220536,6.282577579000045,6.2790661675942685,1.0,0.0,True,0.8015824651882476,0.0004007912325941,585.1901404288699
2024-11-08,4.874020692248982,6.309792553327148,6.286403478261678,1.0,1.1102230246251563e-16,False,0.0,0.0,585.1901404288699
2024-11-11,4.968015335072549,6.315804407582067,6.282735764236363,0.9999999999999998,2.220446049250313e-16,False,0.0,0.0,585.1901404288699
2024-11-12,4.827823952424089,6.296186051713474,6.271363629270096,0.9999999999999998,2.220446049250313e-16,False,0.0,0.0,585.1901404288699
2024-11-13,4.8617987208992375,6.299244541501086,6.263294357195726,0.9999999999999998,2.220446049250313e-16,False,0.0,0.0,585.1901404288699
2024-11-14,4.808689071595078,6.258739098554474,6.21976599792973,1.0,0.0,True,0.045247890977509,2.262394548875452e-05,585.2353883198474
2024-11-15,4.951490782421141,6.178572500389948,6.071574311412163,1.0,0.0,False,0.0,0.0,585.2353883198474
2024-11-18,4.903556222193394,6.203889305652301,6.1137573527218425,1.0,1.1102230246251563e-16,False,0.0,0.0,585.2353883198474
2024-11-19,5.093814325458892,6.22656746537501,6.155818776987058,1.0,0.0,False,0.0,0.0,585.2353883198474
2024-11-20,5.0932196974913095,6.228677199146873,6.152272680006208,1.0,1.1102230246251563e-16,False,0.0,0.0,585.2353883198474
2024-11-21,5.221434323793997,6.262114278369504,6.17440359338941,1.0000000000000002,0.0,True,0.0214985313058335,1.0749265652916784e-05,585.2568868511532
2024-11-22,5.268653441846185,6.281524354697243,6.184308040308184,1.0,0.0,False,0.0,0.0,585.2568868511532
2024-11-25,5.176374821731232,6.302830628989977,6.194088987565701,1.0,0.0,False,0.0,0.0,585.2568868511532
2024-11-26,5.351958262688846,6.335741424577833,6.227346542686081,1.0,1.1102230246251563e-16,False,0.0,0.0,585.2568868511532
2024-11-27,5.235741356113183,6.316542912957207,6.1783168006438025,0.9999999999999998,2.220446049250313e-16,False,0.0,0.0,585.2568868511532
2024-11-29,5.304582410433793,6.3557822528274,6.232604314850065,1.0,0.0,True,0.038653952722638,1.9326976361319025e-05,585.2955408038758
2024-12-02,5.242662030127113,6.367173895348906,6.300463613477074,1.0,0.0,False,0.0,0.0,585.2955408038758
2024-12-03,5.273489820405189,6.370127916849465,6.319783403473246,1.0,0.0,False,0.0,0.0,585.2955408038758
2024-12-04,5.4041623136546,6.409682632680572,6.3979135062458585,1.0,0.0,False,0.0,0.0,585.2955408038758
2024-12-05,5.490188620095732,6.39913462085451,6.38018452743508,1.0,1.1102230246251563e-16,False,0.0,0.0,585.2955408038758
2024-12-06,5.513564715044404,6.411265425784408,6.437285047645153,1.0,1.1102230246251563e-16,True,0.0348287451884814,1.7414372594240725e-05,585.3303695490644
2024-12-09,5.234191102735427,6.378249504876247,6.3871532217355,0.9999999999999998,2.220446049250313e-16,False,0.0,0.0,585.3303695490644
2024-12-10,5.113484589716731,6.358418927267289,6.365389418625863,1.0,1.1102230246251563e-16,False,0.0,0.0,585.3303695490644
2024-12-11,5.261136856239361,6.407574212975213,6.479344965816943,1.0,0.0,False,0.0,0.0,585.3303695490644
2024-12-12,5.198841379674818,6.374558292067052,6.437529034780806,1.0,0.0,False,0.0,0.0,585.3303695490644
2024-12-13,5.24486948943578,6.373292188990633,6.48680464657553,1.0000000000000002,0.0,True,0.4269808772605673,0.0002134904386302,585.7573504263249
2024-12-16,5.279846619832488,6.400505849251233,6.580219338522091,1.0,0.0,False,0.0,0.0,585.7573504263249
2024-12-17,5.177478625946678,6.374135162652826,6.551239841789521,1.0,0.0,False,0.0,0.0,585.7573504263249
2024-12-18,4.935667974836389,6.1841645103969,6.314892365059448,1.0,0.0,False,0.0,0.0,585.7573504263249
2024-12-19,5.082532032014654,6.182265684298899,6.286770965058588,1.0000000000000002,0.0,False,0.0,0.0,585.7573504263249
2024-12-20,5.2697880829330295,6.256520954296048,6.341668447103992,1.0,1.1102230246251563e-16,True,0.04040869921303,2.0204349606515e-05,585.7977591255379
2024-12-23,5.321718980219365,6.293986304386101,6.403454423974677,1.0000000000000002,0.0,False,0.0,0.0,585.7977591255379
2024-12-24,5.414009612574222,6.363943919882548,6.490284475445451,1.0000000000000002,0.0,False,0.0,0.0,585.7977591255379
2024-12-26,5.394208586605955,6.364367049296773,6.4858753869292505,1.0,0.0,False,0.0,0.0,585.7977591255379
2024-12-27,5.260031370354112,6.297373310799665,6.399657562437741,1.0,0.0,False,0.0,0.0,585.7977591255379
2024-12-30,5.177529457397896,6.225509641839444,6.314542574860342,1.0,0.0,True,0.0194681285437272,9.734064271863627e-06,585.8172272540817
2024-12-31,5.120868982715862,6.202861705646324,6.260901927782236,1.0,0.0,False,0.0,0.0,585.8172272540817
2025-01-02,5.28613389360148,6.187620505301914,6.24865625862658,1.0,0.0,False,0.0,0.0,585.8172272540817
2025-01-03,5.52331702412445,6.264986827746827,6.350915107717235,0.9999999999999998,2.220446049250313e-16,False,0.0,0.0,585.8172272540817
2025-01-06,5.587531216115615,6.301077007240646,6.423906419706823,1.0,1.1102230246251563e-16,False,0.0,0.0,585.8172272540817
2025-01-07,5.512539941490949,6.229849346468269,6.309276895705845,1.0,0.0,True,0.8692189211259038,0.0004346094605629,586.6864461752076
2025-01-08,5.564006378971922,6.238951228106891,6.310378603049852,1.0,0.0,False,0.0,0.0,586.6864461752076
2025-01-10,5.596046920045307,6.143697832412151,6.211425629037966,0.9999999999999998,2.220446049250313e-16,False,0.0,0.0,586.6864461752076
2025-01-13,5.559095657366459,6.153224157531503,6.1914631136705625,0.9999999999999996,3.3306690738754696e-16,False,0.0,0.0,586.6864461752076
2025-01-14,5.626358089887833,6.161690688015534,6.185584454490078,0.9999999999999996,3.3306690738754696e-16,False,0.0,0.0,586.6864461752076
2025-01-15,5.718563460393689,6.273771362324779,6.327892963546864,1.0,0.0,True,0.4527404395625045,0.0002263702197812,587.1391866147701
2025-01-16,5.680071797139673,6.261706260720072,6.283558467772477,0.9999999999999998,2.220446049250313e-16,False,0.0,0.0,587.1391866147701
2025-01-17,5.804662764278634,6.3245738303952255,6.389614931446767,1.0,1.1102230246251563e-16,False,0.0,0.0,587.1391866147701
2025-01-21,5.90181274540423,6.382464373187209,6.427089548171047,0.9999999999999996,3.3306690738754696e-16,False,0.0,0.0,587.1391866147701
2025-01-22,5.945794479647588,6.418344302040419,6.509265770943244,0.9999999999999996,4.440892098500626e-16,False,0.0,0.0,587.1391866147701
2025-01-23,5.9495248998421335,6.453374686898917,6.523106016517866,1.0000000000000002,0.0,True,0.0310859211229675,1.554296056148376e-05,587.1702725358931
2025-01-24,5.949661264155673,6.434536229500333,6.486242873726161,1.0,0.0,False,0.0,0.0,587.1702725358931
2025-01-27,5.899964209349267,6.343518070147365,6.297396830730319,0.9999999999999998,2.220446049250313e-16,False,0.0,0.0,587.1702725358931
2025-01-28,6.014760685093634,6.3980235776255405,6.3904726516551325,1.0,0.0,False,0.0,0.0,587.1702725358931
2025-01-29,6.024153599591557,6.369342105080189,6.378471346158498,1.0,0.0,False,0.0,0.0,587.1702725358931
2025-01-30,6.124083252090573,6.403526231110234,6.405659344756138,1.0,1.1102230246251563e-16,True,0.0330152397665609,1.650761988328045e-05,587.2032877756596
2025-01-31,6.110521668313865,6.3694472304004925,6.396350934312272,1.0,0.0,False,0.0,0.0,587.2032877756596
2025-02-03,6.035571051969045,6.326583695112799,6.345159571674639,1.0,1.1102230246251563e-16,False,0.0,0.0,587.2032877756596
2025-02-04,6.40374071179534,6.369024758019519,6.423048699498458,1.0,0.0,False,0.0,0.0,587.2032877756596
2025-02-05,6.361697303338548,6.394848792952342,6.452196125648471,1.0,0.0,False,0.0,0.0,587.2032877756596
2025-02-06,6.460620914516292,6.417074256764488,6.4858753869292505,1.0,0.0,True,0.4789410157901816,0.000239470507895,587.6822287914498
2025-02-07,6.401322199713299,6.358335484044297,6.404066650953952,1.0,0.0,False,0.0,0.0,587.6822287914498
2025-02-10,6.420463123207059,6.401515709359409,6.48158829198086,0.9999999999999998,2.220446049250313e-16,False,0.0,0.0,587.6822287914498
2025-02-11,6.256120173587875,6.406384325756015,6.466158364790925,0.9999999999999998,2.220446049250313e-16,False,0.0,0.0,587.6822287914498
2025-02-12,6.3216712961222585,6.38574691131372,6.469953720234424,0.9999999999999998,2.220446049250313e-16,False,0.0,0.0,587.6822287914498
2025-02-13,6.5604532122288886,6.453163122191803,6.563029541159249,1.0,0.0,True,1.630304160303767,0.0008151520801518,589.3125329517536
2025-02-14,6.736182354785705,6.452847089197638,6.590585779600512,1.0000000000000002,0.0,False,0.0,0.0,589.3125329517536
2025-02-18,7.16816532578568,6.471791328949777,6.6055254733790045,0.9999999999999998,2.220446049250313e-16,False,0.0,0.0,589.3125329517536
2025-02-19,7.31690481444201,6.487032529294187,6.607363660410268,0.9999999999999996,3.3306690738754696e-16,False,0.0,0.0,589.3125329517536
2025-02-20,7.164558504693555,6.460043574405739,6.57931718855755,0.9999999999999996,3.3306690738754696e-16,False,0.0,0.0,589.3125329517536
2025-02-21,6.903842317698299,6.349551606499597,6.442765721636784,1.0,0.0,True,0.1524601476468325,7.623007382341627e-05,589.4649930994004
2025-02-24,6.792026076801438,6.320657255180628,6.366714780844228,1.0,0.0,False,0.0,0.0,589.4649930994004
2025-02-25,6.56874604938662,6.2892234703430505,6.286497985624403,1.0,0.0,False,0.0,0.0,589.4649930994004
2025-02-26,6.719840067429413,6.292398255016249,6.301683549155342,1.0,0.0,False,0.0,0.0,589.4649930994004
2025-02-27,6.384541736042594,6.191959552897486,6.126678128257478,0.9999999999999998,2.220446049250313e-16,False,0.0,0.0,589.4649930994004
2025-02-28,6.388558996243456,6.288588776221712,6.223426934534613,1.0,0.0,True,0.432479422067322,0.0002162397110336,589.8974725214678
2025-03-03,6.185058804100048,6.178413498342987,6.087242954410757,1.0,0.0,False,0.0,0.0,589.8974725214678
2025-03-04,6.178716263238405,6.105279784106838,6.068873132845527,1.0000000000000002,0.0,False,0.0,0.0,589.8974725214678
2025-03-05,6.299873381476601,6.17089769497446,6.147987467674621,1.0,0.0,False,0.0,0.0,589.8974725214678
2025-03-06,5.9366254237910345,6.061357768250327,5.978859576387173,0.9999999999999998,2.220446049250313e-16,False,0.0,0.0,589.8974725214678
2025-03-07,6.143190292774159,6.09533032957326,6.022825455794569,1.0,0.0,True,0.8297526140048551,0.0004148763070024,590.7272251354726
2025-03-10,5.767202293879969,5.932978727094358,5.789403189028834,1.0,0.0,False,0.0,0.0,590.7272251354726
2025-03-11,5.84774974704054,5.883657869006955,5.775564073024293,0.9999999999999998,2.220446049250313e-16,False,0.0,0.0,590.7272251354726
2025-03-12,5.984927284781504,5.914879432104167,5.840716545234301,0.9999999999999996,3.3306690738754696e-16,False,0.0,0.0,590.7272251354726
2025-03-13,5.821130989904617,5.836031499676211,5.735639418812842,0.9999999999999992,6.661338147750939e-16,False,0.0,0.0,590.7272251354726
2025-03-14,6.051348879577811,5.956580018535991,5.874272683377169,0.9999999999999998,2.220446049250313e-16,True,0.426710145687456,0.0002133550728437,591.1539352811601
2025-03-17,6.132792772936206,6.002512556143327,5.912359903604069,0.9999999999999996,3.3306690738754696e-16,False,0.0,0.0,591.1539352811601
2025-03-18,5.994946985181208,5.9376351217506,5.811569119084276,0.9999999999999998,2.220446049250313e-16,False,0.0,0.0,591.1539352811601
2025-03-19,6.187767948545416,6.002300334402962,5.889336253340274,0.9999999999999998,2.220446049250313e-16,False,0.0,0.0,591.1539352811601
2025-03-20,6.154606271951477,5.984944144020674,5.869374114496214,1.0,1.1102230246251563e-16,False,0.0,0.0,591.1539352811601
2025-03-21,6.237306800208159,5.9869185289426445,5.888723649837631,1.0,0.0,True,0.8045706412648634,0.0004022853206324,591.9585059224249
2025-03-24,6.391746049860512,6.094135186088047,6.017947972221647,1.0,0.0,False,0.0,0.0,591.9585059224249
2025-03-25,6.30877737865588,6.108784399472492,6.052289538088242,1.0,1.1102230246251563e-16,False,0.0,0.0,591.9585059224249
2025-03-26,6.082728328025832,6.035856336644189,5.940923718549981,1.0,0.0,False,0.0,0.0,591.9585059224249
2025-03-27,5.92615122229966,6.019826696397494,5.907072009571485,1.0,1.1102230246251563e-16,False,0.0,0.0,591.9585059224249
2025-03-28,5.82163226688511,5.898597491088741,5.75155167242372,1.0,0.0,True,0.4404650569987541,0.0002202325284993,592.3989709794237
2025-03-31,5.814552875096346,5.938192942981466,5.751306179194643,1.0,0.0,False,0.0,0.0,592.3989709794237
2025-04-01,5.958165653488562,5.954965687836064,5.797668253249101,0.9999999999999998,2.220446049250313e-16,False,0.0,0.0,592.3989709794237
2025-04-02,6.084020513135363,5.992650487032253,5.839982701210548,1.0,0.0,False,0.0,0.0,592.3989709794237
2025-04-03,5.561488565086153,5.697327837999827,5.5273470739727095,1.0,0.0,False,0.0,0.0,592.3989709794237
2025-04-04,5.170423047849398,5.363790163936928,5.184050020164375,1.0,0.0,True,0.8314457450871555,0.0004157228725435,593.2304167245109
2025-04-07,5.373096106076448,5.354236243420996,5.196560385240349,1.0,1.1102230246251563e-16,False,0.0,0.0,593.2304167245109
2025-04-08,5.307746053263834,5.270373833214511,5.102978516923057,0.9999999999999996,3.3306690738754696e-16,False,0.0,0.0,593.2304167245109
2025-04-09,5.890591463696925,5.823864557917458,5.715492783523615,0.9999999999999996,3.3306690738754696e-16,False,0.0,0.0,593.2304167245109
2025-04-10,5.611908020359134,5.568668900678548,5.4723998908441125,0.9999999999999992,6.661338147750939e-16,False,0.0,0.0,593.2304167245109
2025-04-11,5.5861088355994,5.668029411230938,5.573218538092355,1.0,0.0,True,1.1999999999999993,0.0005999999999999,594.4304167245109
2025-04-14,5.657468782310832,5.723017838149263,5.610995126549341,1.0,0.0,False,0.0,0.0,594.4304167245109
2025-04-15,5.71257183195354,5.706988197902568,5.617249932563959,1.0,0.0,False,0.0,0.0,594.4304167245109
2025-04-16,5.5714224600468665,5.580134130924268,5.447870147150358,1.0,0.0,False,0.0,0.0,594.4304167245109
2025-04-17,5.60467910530809,5.588094745804333,5.446888927280735,0.9999999999999998,2.220446049250313e-16,False,0.0,0.0,594.4304167245109
2025-04-21,5.438186817404484,5.455082963189192,5.312096200962806,1.0,0.0,True,0.8436729938959878,0.0004218364969479,595.2740897184069
2025-04-22,5.56410338871001,5.59701200109917,5.4515499099231,1.0,1.1102230246251563e-16,False,0.0,0.0,595.2740897184069
2025-04-23,5.843948121610065,5.683739733317207,5.575181354354956,1.0,1.1102230246251563e-16,False,0.0,0.0,595.2740897184069
2025-04-24,6.114516407193644,5.803376947056597,5.732050774692596,1.0000000000000002,0.0,False,0.0,0.0,595.2740897184069
2025-04-25,6.112138414503945,5.845307495126588,5.795951306738946,1.0,0.0,False,0.0,0.0,595.2740897184069
2025-04-28,6.1838595723049625,5.847536808950297,5.794111613614246,1.0,0.0,True,0.461937669468242,0.0002309688347341,595.7360273878752
2025-04-29,6.144446585013145,5.884373378218278,5.832378058959317,1.0,0.0,False,0.0,0.0,595.7360273878752
2025-04-30,6.040491420950087,5.886708474395544,5.831642332318785,1.0,1.1102230246251563e-16,False,0.0,0.0,595.7360273878752
2025-05-01,6.084863102719131,5.92842680072517,5.907807736212018,0.9999999999999998,2.220446049250313e-16,False,0.0,0.0,595.7360273878752
2025-05-02,6.259402785669534,6.0164291774519,5.995502285311589,1.0,0.0,False,0.0,0.0,595.7360273878752
2025-05-05,6.215850210883529,5.98192967546094,5.959934006346294,1.0,0.0,True,0.4446507709265485,0.0002223253854632,596.1806781588017
2025-05-06,6.223979513844797,5.93193010202432,5.904496589806254,0.9999999999999998,2.220446049250313e-16,False,0.0,0.0,596.1806781588017
2025-05-07,6.236697689750658,5.956876997565852,5.927677250310119,0.9999999999999996,4.440892098500626e-16,False,0.0,0.0,596.1806781588017
2025-05-08,6.279178361892873,5.998383759188364,5.98887999250006,0.9999999999999996,4.440892098500626e-16,False,0.0,0.0,596.1806781588017
2025-05-09,6.255244842674674,5.990740491368968,5.984954736498228,0.9999999999999996,3.3306690738754696e-16,False,0.0,0.0,596.1806781588017
2025-05-12,6.284544318824656,6.188718407865845,6.228782979294906,1.0,1.1102230246251563e-16,True,0.8303842091227942,0.0004151921045613,597.0110623679245
2025-05-13,6.094847391248121,6.229588504267263,6.323715060372154,0.9999999999999998,2.220446049250313e-16,False,0.0,0.0,597.0110623679245
2025-05-14,6.030984646864855,6.237550433213832,6.361612136303523,0.9999999999999996,3.3306690738754696e-16,False,0.0,0.0,597.0110623679245
2025-05-15,6.152133546962104,6.268016408071355,6.368604175052111,0.9999999999999996,4.440892098500626e-16,False,0.0,0.0,597.0110623679245
2025-05-16,6.256797458390909,6.307718299350888,6.3963238246305325,0.9999999999999996,4.440892098500626e-16,False,0.0,0.0,597.0110623679245
2025-05-19,6.334638493722493,6.314617805529129,6.402455884030618,1.0,0.0,True,0.8022917213729819,0.0004011458606864,597.8133540892975
2025-05-20,6.4057033209210825,6.293387090060365,6.381114540128072,1.0,0.0,False,0.0,0.0,597.8133540892975
2025-05-21,6.256402755375063,6.187338638036847,6.292438394635522,1.0,0.0,False,0.0,0.0,597.8133540892975
2025-05-22,6.203838324366326,6.189780173600921,6.30421303307095,1.0,0.0,False,0.0,0.0,597.8133540892975
2025-05-23,6.185452477513894,6.147530307370506,6.245831203875332,1.0,0.0,False,0.0,0.0,597.8133540892975
2025-05-27,6.199027873411623,6.275341671796829,6.392766431948967,1.0,0.0,True,1.2045892058992955,0.0006022946029496,599.0179432951968
2025-05-28,6.195765365695167,6.239035985396386,6.364433049297833,1.0,1.1102230246251563e-16,False,0.0,0.0,599.0179432951968
2025-05-29,6.089729929531417,6.263663562777492,6.37694492046723,1.0,0.0,False,0.0,0.0,599.0179432951968
2025-05-30,6.2176811487807,6.256658274245695,6.366886475495244,1.0,0.0,False,0.0,0.0,599.0179432951968
2025-06-02,6.267266658055326,6.29190153787781,6.417174935121613,1.0,0.0,False,0.0,0.0,599.0179432951968
2025-06-03,6.4793436508734885,6.32778146673102,6.467336882899866,1.0,0.0,True,0.4207023873380147,0.000210351193669,599.4386456825348
2025-06-04,6.465204422295473,6.326082378741597,6.485367080396636,1.0,0.0,False,0.0,0.0,599.4386456825348
2025-06-05,6.373619358219883,6.295509964497265,6.4365523331914805,0.9999999999999998,2.220446049250313e-16,False,0.0,0.0,599.4386456825348
2025-06-06,6.47209472598015,6.36015875131833,6.499470892321495,0.9999999999999996,3.3306690738754696e-16,False,0.0,0.0,599.4386456825348
2025-06-09,6.475651056204521,6.365890709407938,6.509039103882038,0.9999999999999998,2.220446049250313e-16,False,0.0,0.0,599.4386456825348
2025-06-10,6.3296563405744894,6.401984174068017,6.552089278484019,1.0,0.0,True,0.419284191190404,0.0002096420955952,599.8579298737252
2025-06-11,6.46672723563049,6.383725219997612,6.530011454894227,1.0,0.0,False,0.0,0.0,599.8579298737252
2025-06-12,6.490303066141675,6.409096559019874,6.545341979917797,1.0,0.0,False,0.0,0.0,599.8579298737252
2025-06-13,6.502104708971174,6.33744182663376,6.463168769332448,1.0,1.1102230246251563e-16,False,0.0,0.0,599.8579298737252
2025-06-16,6.59846107356113,6.397737111127711,6.553069745306916,1.0,0.0,False,0.0,0.0,599.8579298737252
2025-06-17,6.490435570528476,6.343068002369811,6.489169213260568,1.0,0.0,True,0.4189968400288049,0.0002094984200144,600.276926713754
2025-06-18,6.525289083578303,6.342112018988291,6.488065246776402,1.0000000000000002,0.0,False,0.0,0.0,600.276926713754
2025-06-20,6.501266475957699,6.327218389234138,6.46157231029669,1.0,1.1102230246251563e-16,False,0.0,0.0,600.276926713754
2025-06-23,6.672705300787136,6.389714078088715,6.528013621959388,0.9999999999999998,2.220446049250313e-16,False,0.0,0.0,600.276926713754
2025-06-24,6.733148692405213,6.460303102540241,6.627840506684006,0.9999999999999998,2.220446049250313e-16,False,0.0,0.0,600.276926713754
2025-06-25,6.640653980529291,6.4639226987249785,6.644784057771058,1.0,0.0,True,0.0170173998447667,8.50869992238336e-06,600.2939441135989
2025-06-26,6.762478825820636,6.514496519223762,6.706915683083921,1.0,0.0,False,0.0,0.0,600.2939441135989
2025-06-27,6.693100982372088,6.546862634245791,6.729876077423658,1.0,1.1102230246251563e-16,False,0.0,0.0,600.2939441135989
2025-06-30,6.742442937078936,6.578163698366483,6.7734661865202765,0.9999999999999998,2.220446049250313e-16,False,0.0,0.0,600.2939441135989
2025-07-01,6.432800178865363,6.576034910630315,6.716369431543775,1.0,0.0,False,0.0,0.0,600.2939441135989
2025-07-02,6.499824549296903,6.60584582333569,6.763152458711909,1.0,1.1102230246251563e-16,True,0.0363952360717142,1.8197618035857123e-05,600.3303393496706
2025-07-03,6.600699173146538,6.657909795249791,6.829702962148276,1.0,0.0,False,0.0,0.0,600.3303393496706
2025-07-07,6.617288018902868,6.608294586265535,6.77825556362755,1.0,0.0,False,0.0,0.0,600.3303393496706
2025-07-08,6.553811919319989,6.604674990080798,6.782062214771777,1.0,0.0,False,0.0,0.0,600.3303393496706
2025-07-09,6.6143657788975245,6.644280954505553,6.830071955038622,1.0,0.0,False,0.0,0.0,600.3303393496706
2025-07-10,6.6203700586717575,6.663018885816594,6.820248460641698,0.9999999999999998,2.220446049250313e-16,True,0.82271978866886,0.0004113598943344,601.1530591383395
2025-07-11,6.60672104586253,6.639596307419479,6.80489986249698,0.9999999999999996,4.440892098500626e-16,False,0.0,0.0,601.1530591383395
2025-07-14,6.691977173181015,6.652265879615938,6.829580215533731,0.9999999999999996,3.3306690738754696e-16,False,0.0,0.0,601.1530591383395
2025-07-15,6.623676349697667,6.623839335972325,6.835842552015506,0.9999999999999992,6.661338147750939e-16,False,0.0,0.0,601.1530591383395
2025-07-16,6.60620112418346,6.645983984694487,6.8428406151378125,0.9999999999999992,7.771561172376097e-16,False,0.0,0.0,601.1530591383395
2025-07-17,6.6585457052255,6.68665565705383,6.898218164464023,1.0,0.0,True,0.0430267572566913,2.151337862834565e-05,601.1960858955962
2025-07-18,6.793719870839704,6.68175813119414,6.891588341185338,1.0,0.0,False,0.0,0.0,601.1960858955962
2025-07-21,6.710902134672179,6.694427703390599,6.927319654764425,1.0,0.0,False,0.0,0.0,601.1960858955962
2025-07-22,6.736279262300794,6.695385657871875,6.891465594570794,1.0,1.1102230246251563e-16,False,0.0,0.0,601.1960858955962
2025-07-23,6.978663175570165,6.752346498612415,6.922898517500774,0.9999999999999998,2.220446049250313e-16,False,0.0,0.0,601.1960858955962
2025-07-24,6.874600359268401,6.754582382768643,6.937634135619504,1.0000000000000002,0.0,True,0.4453863756125891,0.0002226931878062,601.6414722712087
2025-07-25,6.902677806722268,6.783115365799065,6.954333699570902,0.9999999999999998,2.220446049250313e-16,False,0.0,0.0,601.6414722712087
2025-07-28,6.979131289091549,6.781412992643383,6.976065874718515,1.0,1.1102230246251563e-16,False,0.0,0.0,601.6414722712087
2025-07-29,6.983737752466656,6.763525919393556,6.9652611604519805,1.0,1.1102230246251563e-16,False,0.0,0.0,601.6414722712087
2025-07-30,7.180306554742322,6.755008797349128,6.9745936683907255,1.0,0.0,False,0.0,0.0,601.6414722712087
2025-07-31,7.059427987558237,6.729668995922959,6.937634135619504,1.0,0.0,True,0.4141084794554082,0.0002070542397277,602.0555807506641
2025-08-01,6.746457332923834,6.619366910626616,6.800970464738208,1.0,0.0,False,0.0,0.0,602.0555807506641
2025-08-04,6.886750046908292,6.719979726557135,6.926459675415923,1.0,0.0,False,0.0,0.0,602.0555807506641
2025-08-05,6.800545753350575,6.68590992431292,6.879431908065412,1.0,0.0,False,0.0,0.0,602.0555807506641
2025-08-06,6.536132574858425,6.737122381132554,6.9659976401392365,0.9999999999999996,3.3306690738754696e-16,False,0.0,0.0,602.0555807506641
2025-08-07,6.522644711427156,6.731479122531953,6.989572520598397,1.0,0.0,True,0.8476532860510525,0.0004238266430255,602.9032340367152
2025-08-08,6.466053623965749,6.783968194960036,7.054772811274807,1.0,1.1102230246251563e-16,False,0.0,0.0,602.9032340367152
2025-08-11,6.545729678952161,6.770552890022667,7.03389835633556,1.0,0.0,False,0.0,0.0,602.9032340367152
2025-08-12,6.785514527612421,6.84263206588951,7.1223060406742205,0.9999999999999998,2.220446049250313e-16,False,0.0,0.0,602.9032340367152
2025-08-13,6.832664820689176,6.866055301319878,7.125867198589358,0.9999999999999994,5.551115123125784e-16,False,0.0,0.0,602.9032340367152
2025-08-14,6.785446343857911,6.866694594673979,7.120342847888264,1.0,0.0,True,0.8217311137464969,0.0004108655568732,603.7249651504617
2025-08-15,6.692531120944585,6.850617648033148,7.089031165479393,1.0,0.0,False,0.0,0.0,603.7249651504617
2025-08-18,6.726921471188616,6.849126839584579,7.0862064872515,1.0,1.1102230246251563e-16,False,0.0,0.0,603.7249651504617
2025-08-19,6.463909171134388,6.811968981056416,6.990064260103276,0.9999999999999998,2.220446049250313e-16,False,0.0,0.0,603.7249651504617
2025-08-20,6.42487544191314,6.793869029032973,6.948562349547295,0.9999999999999996,4.440892098500626e-16,False,0.0,0.0,603.7249651504617
2025-08-21,6.389862472529175,6.766613318644252,6.916391440836634,1.0,0.0,True,0.4195465018813715,0.0002097732509406,604.1445116523431
2025-08-22,6.656906447565132,6.870527069632334,7.023093642069026,1.0,0.0,False,0.0,0.0,604.1445116523431
2025-08-25,6.58226832876007,6.840289085313222,7.002833673249202,1.0,1.1102230246251563e-16,False,0.0,0.0,604.1445116523431
2025-08-26,6.632833909010364,6.868929821796956,7.030952437586557,0.9999999999999998,2.220446049250313e-16,False,0.0,0.0,604.1445116523431
2025-08-27,6.761849287120576,6.884580353857302,7.041757904899804,1.0,0.0,False,0.0,0.0,604.1445116523431
2025-08-28,6.73702424740657,6.908962200802197,7.085838247407877,1.0,1.1102230246251563e-16,True,0.4254837518213238,0.0002127418759106,604.5699954041644
2025-08-29,6.54414434070116,6.867758331508812,7.003816399212248,1.0,0.0,False,0.0,0.0,604.5699954041644
2025-09-02,6.518034319155694,6.8168665069161065,6.945123938246701,1.0,0.0,False,0.0,0.0,604.5699954041644
2025-09-03,6.531080733183046,6.8538108296374,6.999764254838943,1.0,1.1102230246251563e-16,False,0.0,0.0,604.5699954041644
2025-09-04,6.648611282032435,6.911092302604868,7.063122593250506,1.0,0.0,False,0.0,0.0,604.5699954041644
2025-09-05,6.565265410455878,6.891074470519119,7.073313574444329,1.0,0.0,True,0.8502245277870599,0.0004251122638935,605.4202199319515
2025-09-08,6.54018910826501,6.908004903354173,7.107817421878004,1.0,0.0,False,0.0,0.0,605.4202199319515
2025-09-09,6.789545762581451,6.923974096541692,7.127955397129995,1.0,0.0,False,0.0,0.0,605.4202199319515
2025-09-10,6.898124198025818,6.943990614560939,7.130287582806285,1.0,0.0,False,0.0,0.0,605.4202199319515
2025-09-11,6.944080703196918,7.001695873975886,7.171789493362267,1.0,0.0,False,0.0,0.0,605.4202199319515
2025-09-12,7.002127852147977,6.999352893399597,7.203467909521336,1.0,1.1102230246251563e-16,True,0.8299723827671825,0.0004149861913835,606.2501923147187
2025-09-15,7.179843762018568,7.036617848347819,7.265107795329321,1.0,0.0,False,0.0,0.0,606.2501923147187
2025-09-16,7.165030105610445,7.026929236015247,7.258968958508803,1.0,0.0,False,0.0,0.0,606.2501923147187
2025-09-17,7.087542388113981,7.018199235197203,7.244481092759299,1.0,0.0,False,0.0,0.0,606.2501923147187
2025-09-18,7.227315734302239,7.050991107766465,7.309802623956818,1.0,1.1102230246251563e-16,False,0.0,0.0,606.2501923147187
2025-09-19,7.278700563227431,7.085913739171651,7.359286076644866,1.0,1.1102230246251563e-16,True,1.2227806796620475,0.000611390339831,607.4729729943807
2025-09-22,7.250806607206392,7.119437546783534,7.40285359434004,1.0,0.0,False,0.0,0.0,607.4729729943807
2025-09-23,7.220425820332564,7.080683097453245,7.353681902991989,1.0000000000000002,0.0,False,0.0,0.0,607.4729729943807
2025-09-24,7.216049106651211,7.058154741311971,7.327865955509048,1.0,0.0,False,0.0,0.0,607.4729729943807
2025-09-25,7.278156596599276,7.025592173347623,7.29627338667548,1.0,1.1102230246251563e-16,False,0.0,0.0,607.4729729943807
2025-09-26,7.317488569267493,7.065842687392497,7.326267990379854,1.0,0.0,True,0.4338793826520006,0.000216939691326,607.9068523770327
2025-09-29,7.435561422822801,7.085700203364782,7.360196510123284,1.0,0.0,False,0.0,0.0,607.9068523770327
2025-09-30,7.322093024783385,7.112390865156866,7.380357076776731,1.0,0.0,False,0.0,0.0,607.9068523770327
2025-10-01,7.361956797133753,7.136626850719838,7.4157608150347984,1.0,0.0,False,0.0,0.0,607.9068523770327
2025-10-02,7.395950696501175,7.144846336701153,7.446247911290763,0.9999999999999998,2.220446049250313e-16,False,0.0,0.0,607.9068523770327
2025-10-03,7.415068530874358,7.144740554347597,7.414900835686296,1.0,0.0,True,0.4316688834189123,0.0002158344417094,608.3385212604516
2025-10-06,7.266909796489349,7.170363537105337,7.470587887212355,1.0,0.0,False,0.0,0.0,608.3385212604516
2025-10-07,7.234894855002079,7.143779314700062,7.431250985961944,1.0,0.0,False,0.0,0.0,608.3385212604516
2025-10-08,7.410688604485167,7.186378065587238,7.516440901687497,1.0,0.0,False,0.0,0.0,608.3385212604516
2025-10-09,7.471764476978216,7.165559309967418,7.507344097370538,1.0,1.1102230246251563e-16,False,0.0,0.0,608.3385212604516
2025-10-10,7.179065255549212,6.971889560503274,7.246731949390371,1.0000000000000002,0.0,True,0.4937206614245551,0.0002468603307122,608.8322419218761
2025-10-13,7.322016675115334,7.078867057544984,7.400517643430177,1.0,1.1102230246251563e-16,False,0.0,0.0,608.8322419218761
2025-10-14,7.186445649860937,7.070219185883427,7.351223205467582,1.0,1.1102230246251563e-16,False,0.0,0.0,608.8322419218761
2025-10-15,7.3942525909091135,7.101608292459875,7.403099087569129,1.0,0.0,False,0.0,0.0,608.8322419218761
2025-10-16,7.447560976787369,7.0532440747872425,7.375685928003707,1.0,1.1102230246251563e-16,False,0.0,0.0,608.8322419218761
2025-10-17,7.302612713209607,7.093280395991995,7.42412038661779,1.0,0.0,True,0.4360621557688306,0.0002180310778844,609.2683040776449
2025-10-20,7.141873754004113,7.167054060615499,7.517669120879622,1.0,0.0,False,0.0,0.0,609.2683040776449
2025-10-21,7.266068829078884,7.166946307162187,7.515703668953529,1.0,0.0,False,0.0,0.0,609.2683040776449
2025-10-22,7.285025994235177,7.129686608479979,7.443297474261477,1.0,0.0,False,0.0,0.0,609.2683040776449
2025-10-23,7.564408911295858,7.171965384173479,7.505869631902602,1.0,0.0,False,0.0,0.0,609.2683040776449
2025-10-24,7.644694437682762,7.230578663542556,7.586019405964785,1.0,0.0,True,0.4607569546543346,0.0002303784773271,609.7290610322992
2025-10-27,7.699781317792866,7.315882604703718,7.721120504912505,1.0,0.0,False,0.0,0.0,609.7290610322992
2025-10-28,7.707699193033869,7.335313706095518,7.780494473155106,1.0,1.1102230246251563e-16,False,0.0,0.0,609.7290610322992
2025-10-29,7.903498030868472,7.338836718392225,7.815530724616274,1.0,0.0,False,0.0,0.0,609.7290610322992
2025-10-30,7.716851735289441,7.258123468562116,7.696042543210233,1.0,0.0,False,0.0,0.0,609.7290610322992
2025-10-31,7.976959756843007,7.281931725478098,7.733166993212039,0.7996242720981994,0.2003757279018005,True,0.2144822925887547,0.0001072411462943,609.943543324888
2025-11-03,8.01233739200881,7.295598017117695,7.770167943552587,0.8005090101029748,0.1994909898970251,False,0.0,0.0,609.943543324888
2025-11-04,7.817825996381208,7.209119300502129,7.61244983956716,0.7955455751431838,0.2044544248568162,False,0.0,0.0,609.943543324888
2025-11-05,7.960006310280074,7.234101675839264,7.661991276852269,0.7991975062059283,0.2008024937940716,False,0.0,0.0,609.943543324888
2025-11-06,7.982377469922881,7.156484366692124,7.519268592102239,0.7997602689495177,0.2002397310504823,False,0.0,0.0,609.943543324888
2025-11-07,8.028780340286813,7.163530391285539,7.495542349253371,1.0,0.0,True,0.2272794354793885,0.0001136397177396,610.1708227603674
2025-11-10,8.120358399461482,7.27531277249842,7.661375284639422,1.0000000000000002,0.0,False,0.0,0.0,610.1708227603674
2025-11-11,7.9622132640336,7.291967251367675,7.640969224756886,1.0,0.0,False,0.0,0.0,610.1708227603674
2025-11-12,7.867010118494546,7.29602443169818,7.634945604083757,1.0,1.1102230246251563e-16,False,0.0,0.0,610.1708227603674
2025-11-13,7.618297794918434,7.1749542284363885,7.479070958456603,1.0,1.1102230246251563e-16,False,0.0,0.0,610.1708227603674
2025-11-14,7.768542101785141,7.1737807670484885,7.484724833192673,1.0,0.0,True,0.4373721520504465,0.0002186860760252,610.6081949124178
2025-11-17,7.673844777582847,7.10694603059834,7.420800956698157,1.0,0.0,False,0.0,0.0,610.6081949124178
2025-11-18,7.491766608248413,7.047265729228171,7.330448152694712,1.0,0.0,False,0.0,0.0,610.6081949124178
2025-11-19,7.50467964360731,7.074490559054053,7.374210709489058,1.0,0.0,False,0.0,0.0,610.6081949124178
2025-11-20,7.117950876676905,6.966658918784868,7.199649962676393,1.0000000000000002,0.0,False,0.0,0.0,610.6081949124178
2025-11-21,7.191451554541581,7.03605542788419,7.253739049073259,1.0,1.1102230246251563e-16,True,0.0384358743181502,1.9217937159075148e-05,610.646630786736
2025-11-24,7.565637088022386,7.139615037949496,7.439240811607877,1.0,0.0,False,0.0,0.0,610.646630786736
2025-11-25,7.611602263599773,7.206769749593322,7.485093826083019,1.0,0.0,False,0.0,0.0,610.646630786736
2025-11-26,7.863213331849851,7.256522278527226,7.551230153826141,1.0,1.1102230246251563e-16,False,0.0,0.0,610.646630786736
2025-11-28,8.178137282089795,7.296131528118241,7.61244983956716,1.0,0.0,False,0.0,0.0,610.646630786736
2025-12-01,8.10915342152538,7.262821256313226,7.586879385313297,1.0,0.0,True,0.4319896073668398,0.0002159948036834,611.0786203941028
2025-12-02,8.216813825525014,7.276274012145955,7.646255612696046,0.9999999999999998,2.220446049250313e-16,False,0.0,0.0,611.0786203941028
2025-12-03,8.067524027301257,7.301469923289958,7.664940960834844,0.9999999999999998,2.220446049250313e-16,False,0.0,0.0,611.0786203941028
2025-12-04,8.076834911705953,7.306807661428424,7.657811114537413,0.9999999999999998,2.220446049250313e-16,False,0.0,0.0,611.0786203941028
2025-12-05,8.488032532002165,7.320686831841638,7.689034690480634,0.9999999999999998,2.220446049250313e-16,False,0.0,0.0,611.0786203941028
2025-12-08,8.569476442188488,7.2986939578006655,7.674284011427605,1.0,0.0,True,0.0350565486021649,1.7528274301082474e-05,611.113676942705
2025-12-09,8.640965080642024,7.29239366594816,7.683749055588186,1.0000000000000002,0.0,False,0.0,0.0,611.113676942705
2025-12-10,9.030155905390275,7.340759197687296,7.715218877807209,0.9999999999999998,2.220446049250313e-16,False,0.0,0.0,611.113676942705
2025-12-11,9.062941998825924,7.357840748170289,7.690264415766194,0.9999999999999998,2.220446049250313e-16,False,0.0,0.0,611.113676942705
2025-12-12,8.532423056460281,7.278728688375067,7.543239575133485,0.9999999999999998,2.220446049250313e-16,False,0.0,0.0,611.113676942705
2025-12-15,8.361353500738952,7.267731922837955,7.5053771393509985,1.0000000000000002,0.0,True,0.4650667029724569,0.0002325333514862,611.5787436456774
2025-12-16,8.378976700033451,7.247874406865669,7.520252071112009,1.0,0.0,False,0.0,0.0,611.5787436456774
2025-12-17,8.206469789391829,7.168121739649842,7.380848063234898,1.0,1.1102230246251563e-16,False,0.0,0.0,611.5787436456774
2025-12-18,8.54775493824933,7.222250110041425,7.487798016836504,0.9999999999999996,4.440892098500626e-16,False,0.0,0.0,611.5787436456774
2025-12-19,8.959188257759063,7.287709018862087,7.585404166798649,0.9999999999999996,4.440892098500626e-16,False,0.0,0.0,611.5787436456774
2025-12-22,9.013126948098089,7.333110673601885,7.62176502743147,0.79468464250401,0.2053153574959899,True,0.2387385397098994,0.0001193692698549,611.8174821853872
2025-12-23,9.053314891618344,7.366625939781493,7.657460194768237,0.7955960436967962,0.2044039563032038,False,0.0,0.0,611.8174821853872
2025-12-24,9.177550510420811,7.392539331236575,7.679862581492177,0.7983630403990389,0.201636959600961,False,0.0,0.0,611.8174821853872
2025-12-26,9.174359054388676,7.391789656296153,7.679370841987297,0.7982928975708363,0.2017071024291636,False,0.0,0.0,611.8174821853872
2025-12-29,9.20013465390378,7.36544787916083,7.642197443949022,0.7988580112009246,0.2011419887990754,False,0.0,0.0,611.8174821853872
2025-12-30,9.079364572120664,7.35645375097552,7.624472230371815,1.0000000000000002,0.0,True,0.6173638774098713,0.0003086819387049,612.4348460627971
2025-12-31,8.937524774340227,7.3019502145971,7.561451256888563,1.0,1.1102230246251563e-16,False,0.0,0.0,612.4348460627971
2026-01-02,9.733743818434087,7.31533463897163,7.546803745235493,0.9999999999999996,3.3306690738754696e-16,False,0.0,0.0,612.4348460627971
2026-01-05,9.841257418275962,7.364055625700046,7.6067477698413315,0.9999999999999996,4.440892098500626e-16,False,0.0,0.0,612.4348460627971
2026-01-06,11.17445217460079,7.407851491172191,7.673585184076103,0.9999999999999996,4.440892098500626e-16,False,0.0,0.0,612.4348460627971
2026-01-07,10.9691190080537,7.3839729316982545,7.680971066256627,1.0,1.1102230246251563e-16,True,0.4530563268368973,0.0002265281634184,612.887902389634
2026-01-08,10.60309258572539,7.383223256757833,7.6372740245264765,0.9999999999999998,2.220446049250313e-16,False,0.0,0.0,612.887902389634
2026-01-09,11.106371229805928,7.432051339906308,7.713343038440191,1.0,1.1102230246251563e-16,False,0.0,0.0,612.887902389634
2026-01-12,11.436905217805707,7.443722878593125,7.719743182470809,0.9999999999999996,3.3306690738754696e-16,False,0.0,0.0,612.887902389634
2026-01-13,11.651694519598442,7.428839104337751,7.708296119356389,0.9999999999999992,6.661338147750939e-16,False,0.0,0.0,612.887902389634
2026-01-14,11.647334807842013,7.392325138396455,7.625949708026612,1.0000000000000002,0.0,True,0.0479966201792465,2.399831008962329e-05,612.9358990098132
2026-01-15,11.770107937685047,7.412455980201532,7.653399013834353,1.0,0.0,False,0.0,0.0,612.9358990098132
2026-01-16,11.66032193492856,7.406245044871286,7.646998116757011,0.9999999999999998,2.220446049250313e-16,False,0.0,0.0,612.9358990098132
2026-01-20,11.966120774937894,7.255477595656699,7.484521510579634,1.0,1.1102230246251563e-16,False,0.0,0.0,612.9358990098132
2026-01-21,12.669610127790436,7.339213855478818,7.585700114157633,1.0,1.1102230246251563e-16,False,0.0,0.0,612.9358990098132
2026-01-22,12.7622124002737,7.37754846056114,7.640843465955482,1.0000000000000002,0.0,True,0.0894898831971219,4.474494159856095e-05,613.0253888930102
2026-01-23,12.573055049610565,7.380224556996143,7.664968823563296,1.0,0.0,False,0.0,0.0,613.0253888930102
2026-01-26,12.611504873037653,7.417702390717983,7.698695526787111,1.0,0.0,False,0.0,0.0,613.0253888930102
2026-01-27,12.907704044581198,7.447256403421863,7.768486390238039,0.9999999999999998,2.220446049250313e-16,False,0.0,0.0,613.0253888930102
2026-01-28,13.383683575468522,7.446506728481442,7.794211219068471,0.9999999999999996,3.3306690738754696e-16,False,0.0,0.0,613.0253888930102
2026-01-29,13.440131853877332,7.431730050646127,7.747560728122173,1.0000000000000002,0.0,True,0.0399791070279429,1.9989553513971485e-05,613.0653680000382
2026-01-30,13.010984643354403,7.409564376859904,7.654505992505368,1.0,1.1102230246251563e-16,False,0.0,0.0,613.0653680000382
2026-02-02,13.660730257604934,7.446400289094633,7.707065641024116,1.0,0.0,False,0.0,0.0,613.0653680000382
2026-02-03,14.431177426804538,7.383437449597953,7.588654316420503,0.9999999999999998,2.220446049250313e-16,False,0.0,0.0,613.0653680000382
2026-02-04,13.467649983872317,7.347673158597079,7.456087219668699,1.0,0.0,False,0.0,0.0,613.0653680000382
2026-02-05,13.10475286649618,7.25590598133694,7.348754718335871,1.0,0.0,True,1.2405338160967805,0.0006202669080483,614.305901816135
2026-02-06,13.559667292243356,7.395108988284771,7.504092441655248,1.0,0.0,False,0.0,0.0,614.305901816135
2026-02-09,13.429363589384325,7.430766839898836,7.5615747565498195,1.0,0.0,False,0.0,0.0,614.305901816135
2026-02-10,13.291838157801582,7.411170823160808,7.526494075332476,1.0,0.0,False,0.0,0.0,614.305901816135
2026-02-11,13.837937931025523,7.409457937473095,7.546680998620949,1.0,1.1102230246251563e-16,False,0.0,0.0,614.305901816135
2026-02-12,13.687554429649964,7.294990261359684,7.393189745846703,1.0,0.0,True,0.8015555395246718,0.0004007777697623,615.1074573556597
2026-02-13,13.907816566565783,7.300129575456075,7.4089442361707984,1.0,0.0,False,0.0,0.0,615.1074573556597
2026-02-17,13.894005364493289,7.311908210562953,7.401312860761196,1.0,0.0,False,0.0,0.0,615.1074573556597
2026-02-18,14.41052608189976,7.348743465764429,7.456580465267014,0.9999999999999998,2.220446049250313e-16,False,0.0,0.0,615.1074573556597
2026-02-19,14.391695731553366,7.329361641866522,7.428022674694821,1.0,0.0,False,0.0,0.0,615.1074573556597
2026-02-20,14.663994446154586,7.382367142430602,7.4937523572118545,1.0,0.0,True,0.0865705684108456,4.328528420542282e-05,615.1940279240705
2026-02-23,14.767638754872904,7.306983089306683,7.402666838754725,1.0,1.1102230246251563e-16,False,0.0,0.0,615.1940279240705
2026-02-24,14.803076280060166,7.360093715191066,7.482182547482901,0.9999999999999998,2.220446049250313e-16,False,0.0,0.0,615.1940279240705
2026-02-25,15.133696869488809,7.422200440360516,7.590623533580178,1.0,0.0,False,0.0,0.0,615.1940279240705
2026-02-26,15.10861373445876,7.380974231936566,7.499045522571446,1.0,1.1102230246251563e-16,False,0.0,0.0,615.1940279240705
2026-02-27,14.863393968659963,7.345531230195872,7.47504366462489,1.0,0.0,True,0.0321627509004535,1.6081375450226783e-05,615.2261906749709
2026-03-02,14.644722565945546,7.349707990578224,7.484890503469969,1.0000000000000002,0.0,False,0.0,0.0,615.2261906749709
2026-03-03,13.71160460201482,7.284925168973771,7.404759555575657,1.0,0.0,False,0.0,0.0,615.2261906749709
2026-03-04,14.528860109847225,7.33632225213719,7.517631468543878,1.0,1.1102230246251563e-16,False,0.0,0.0,615.2261906749709
2026-03-05,14.173161797027523,7.295418647039925,7.494983588590849,1.0,1.1102230246251563e-16,False,0.0,0.0,615.2261906749709
2026-03-06,13.459925735261397,7.199796655690868,7.382234422237174,1.0,0.0,True,0.823020752744959,0.0004115103763724,616.0492114277158
2026-03-09,14.39947404793988,7.262866591607608,7.480828569489372,0.9999999999999998,2.220446049250313e-16,False,0.0,0.0,616.0492114277158
2026-03-10,14.75355573291324,7.251194395887539,7.480952069150629,1.0,0.0,False,0.0,0.0,616.0492114277158
2026-03-11,15.144517642581826,7.242093171282169,7.479966331000711,1.0,1.1102230246251563e-16,False,0.0,0.0,616.0492114277158
2026-03-12,14.54473192977353,7.132122230744786,7.351585420937485,0.9999999999999998,2.220446049250313e-16,False,0.0,0.0,616.0492114277158
2026-03-13,15.05642603178728,7.09175345071457,7.30801187886859,1.0000000000000002,0.0,True,0.0282206586036889,1.41103293018445e-05,616.0774320863195
2026-03-16,15.67524318021244,7.163925268269933,7.389989297308044,1.0,1.1102230246251563e-16,False,0.0,0.0,616.0774320863195
2026-03-17,16.419970452825176,7.182770296001035,7.426054210581858,0.9999999999999998,2.220446049250313e-16,False,0.0,0.0,616.0774320863195
2026-03-18,16.284604618867327,7.082544472655888,7.322537396953837,0.9999999999999998,2.220446049250313e-16,False,0.0,0.0,616.0774320863195
2026-03-19,16.587873773030847,7.065091041352319,7.299396271402506,1.0,1.1102230246251563e-16,False,0.0,0.0,616.0774320863195
2026-03-20,15.680384410076543,6.963807394471607,7.164490964600692,1.0,0.0,True,0.0725798627143485,3.628993135717428e-05,616.1500119490338
2026-03-23,15.445197574549711,7.036927311009466,7.246731949390371,0.9999999999999998,2.220446049250313e-16,False,0.0,0.0,616.1500119490338
2026-03-24,15.643340395078097,7.013305651537024,7.197187499918403,1.0,1.1102230246251563e-16,False,0.0,0.0,616.1500119490338
2026-03-25,15.421954671763102,7.052388617493264,7.244513473768046,1.0000000000000002,0.0,False,0.0,0.0,616.1500119490338
2026-03-26,14.400461211585984,6.926441913435843,7.071601899261182,1.0,1.1102230246251563e-16,False,0.0,0.0,616.1500119490338
2026-03-27,14.299732839062267,6.808332959040381,6.933446442837503,1.0,0.0,True,0.0766693712691867,3.8334685634593374e-05,616.226681320303
2026-03-30,13.327116253233802,6.785570042028177,6.8804515333175,0.9999999999999998,2.220446049250313e-16,False,0.0,0.0,616.226681320303
2026-03-31,14.30521594190641,6.982812081282922,7.113381684054988,1.0,0.0,False,0.0,0.0,616.226681320303
2026-04-01,15.331672685726344,7.035424018929111,7.201254705226007,1.0,0.0,False,0.0,0.0,616.226681320303
2026-04-02,15.335020697123678,7.041759133543966,7.209511862455773,1.0,0.0,False,0.0,0.0,616.226681320303
2026-04-06,15.498822936908429,7.075044438085407,7.252894130659056,1.0,0.0,True,0.8620899782707456,0.0004310449891353,617.0887712985738
2026-04-07,15.813393784533586,7.078157461632928,7.254003368470219,1.0,0.0,False,0.0,0.0,617.0887712985738
2026-04-08,17.183392081727845,7.258435559356769,7.469679712874095,1.0,1.1102230246251563e-16,False,0.0,0.0,617.0887712985738
2026-04-09,17.52307996032857,7.300309602567096,7.52020990049597,1.0,0.0,False,0.0,0.0,617.0887712985738
2026-04-10,17.603756515313826,7.295478437065848,7.531055279285107,1.0,1.1102230246251563e-16,False,0.0,0.0,617.0887712985738
2026-04-13,18.04489086389348,7.366773115229919,7.608945160155649,0.9999999999999998,2.220446049250313e-16,True,0.0446598931747949,2.2329946587397468e-05,617.1334311917485
2026-04-14,18.20513941599036,7.456536341071752,7.747100616579317,0.9999999999999998,2.220446049250313e-16,False,0.0,0.0,617.1334311917485
2026-04-15,17.86831205035693,7.515375639879484,7.8555559105641715,0.9999999999999996,3.3306690738754696e-16,False,0.0,0.0,617.1334311917485
2026-04-16,18.19629972302286,7.533843530523994,7.893391236664918,0.9999999999999998,2.220446049250313e-16,False,0.0,0.0,617.1334311917485
2026-04-17,18.223831949507986,7.624895198572808,7.996669334484292,0.9999999999999996,4.440892098500626e-16,False,0.0,0.0,617.1334311917485
2026-04-20,18.29491471231812,7.609647427895879,7.97128111753546,1.0,0.0,True,0.0396051092674032,1.9802554633701604e-05,617.1730363010159
2026-04-21,18.089276118410474,7.559827881570281,7.940963456790351,1.0,0.0,False,0.0,0.0,617.1730363010159
2026-04-22,18.755703829481824,7.636384082015597,8.07382047652743,1.0,1.1102230246251563e-16,False,0.0,0.0,617.1730363010159
2026-04-23,18.427496508742323,7.606749254221732,8.028343232363067,1.0,1.1102230246251563e-16,False,0.0,0.0,617.1730363010159
2026-04-24,18.801586900780112,7.665696306482777,8.181905271528526,0.9999999999999998,2.220446049250313e-16,False,0.0,0.0,617.1730363010159
2026-04-27,18.807941956018013,7.678902674846041,8.186218723111931,1.0,0.0,True,0.8268886575736565,0.0004134443287868,617.9999249585896
2026-04-28,17.521636677803407,7.641537193810278,8.103891890996728,1.0,0.0,False,0.0,0.0,617.9999249585896
2026-04-29,18.02931682708737,7.640356505056607,8.153435587421985,1.0,1.1102230246251563e-16,False,0.0,0.0,617.9999249585896
2026-04-30,19.046568207303984,7.716375252301865,8.229476738607236,1.0,0.0,False,0.0,0.0,617.9999249585896
2026-05-01,19.541313801799213,7.737742630687026,8.308476610335653,0.9999999999999998,2.220446049250313e-16,False,0.0,0.0,617.9999249585896
2026-05-04,19.880106876056328,7.709396245100144,8.292824534364795,1.0,0.0,True,0.4887743993257805,0.0002443871996628,618.4886993579154
2026-05-05,20.263682575187744,7.771242785101839,8.400416083767576,1.0,0.0,False,0.0,0.0,618.4886993579154
2026-05-06,21.417159578981288,7.879258394681557,8.574929388637205,1.0,0.0,False,0.0,0.0,618.4886993579154
2026-05-07,20.555747906976663,7.85509993904231,8.564700002060915,1.0,1.1102230246251563e-16,False,0.0,0.0,618.4886993579154
2026-05-08,21.35327152070101,7.919952406171465,8.765463762368027,1.0,0.0,False,0.0,0.0,618.4886993579154
2026-05-11,22.849012593851786,7.937990597069229,8.790851979316859,1.0,0.0,True,0.0817258455903459,4.0862922795172994e-05,618.5704252035057
2026-05-12,22.18523206414984,7.925964917459636,8.716289811879829,1.0,0.0,False,0.0,0.0,618.5704252035057
2026-05-13,22.66992254881892,7.970309405697121,8.80835353801972,1.0,0.0,False,0.0,0.0,618.5704252035057
2026-05-14,22.833151995324084,8.033229538032426,8.870960335809727,1.0,0.0,False,0.0,0.0,618.5704252035057
2026-05-15,21.866732532870493,7.936595058442186,8.737118330969466,1.0,0.0,False,0.0,0.0,618.5704252035057
2026-05-18,20.659864377336422,7.9310115898675075,8.699528498097797,1.0,0.0,True,0.8221517873530874,0.0004110758936765,619.3925769908587
2026-05-19,20.817372051616797,7.878184802347946,8.645918349411659,1.0,0.0,False,0.0,0.0,619.3925769908587
2026-05-20,21.03771816413652,7.9589282757076445,8.78912750233956,1.0,0.0,False,0.0,0.0,619.3925769908587
2026-05-21,22.59260951479107,7.9747115284848755,8.80588806307487,1.0,1.1102230246251563e-16,False,0.0,0.0,619.3925769908587
2026-05-22,23.04467990531324,8.006064498232467,8.843230896624025,1.0,0.0,False,0.0,0.0,619.3925769908587
2026-05-26,23.8630717232745,8.059213889078714,9.00024414888423,1.0,0.0,True,0.4346040725062556,0.0002173020362531,619.827181063365
2026-05-27,23.624794842853262,8.05781769341842,8.99001476230794,1.0,0.0,False,0.0,0.0,619.827181063365
2026-05-28,23.79857407109921,8.102269278075964,9.06580891417068,1.0,0.0,False,0.0,0.0,619.827181063365
2026-05-29,25.238721052854963,8.122455310674201,9.099208042073474,1.0,0.0,False,0.0,0.0,619.827181063365
2026-06-01,25.874478750228167,8.144573678066289,9.153805435002964,1.0,0.0,False,0.0,0.0,619.827181063365
2026-06-02,26.22973230955873,8.155633518795582,9.195954212687107,1.0,0.0,True,0.5277583616361747,0.000263879180818,620.3549394250011
2026-06-03,26.80316054317347,8.098403951455015,9.17192223287195,1.0,0.0,False,0.0,0.0,620.3549394250011
2026-06-04,25.597157479925382,8.129005275162429,9.127554226518749,0.9999999999999998,2.220446049250313e-16,False,0.0,0.0,620.3549394250011
2026-06-05,23.066568760288938,7.919200760131287,8.689422611182776,0.9999999999999996,4.440892098500626e-16,False,0.0,0.0,620.3549394250011
2026-06-08,23.978356068490136,7.937131197575739,8.825114098755028,0.9999999999999996,4.440892098500626e-16,False,0.0,0.0,620.3549394250011
2026-06-09,23.25531139801629,7.913832141429982,8.723561230959676,1.0,0.0,True,0.0892551110549003,4.462755552745015e-05,620.444194536056
2026-06-10,22.78911738070369,7.789066126126231,8.54929492541256,1.0,0.0,False,0.0,0.0,620.444194536056
2026-06-11,24.62605488580692,7.921455698251821,8.838054453505245,1.0,0.0,False,0.0,0.0,620.444194536056
2026-06-12,25.521008031715617,7.96429689440895,8.890063624875342,1.0,0.0,False,0.0,0.0,620.444194536056
2026-06-15,26.72368430330853,8.10473906606987,9.169334011312566,1.0,0.0,False,0.0,0.0,620.444194536056
2026-06-16,25.189398515668653,8.056422154791376,8.995066952718739,1.0,1.1102230246251563e-16,True,0.4408862889785164,0.0002204431444892,620.8850808250345
2026-06-17,25.58294641322836,7.955814595126872,8.90448296337378,0.9999999999999998,2.220446049250313e-16,False,0.0,0.0,620.8850808250345
2026-06-18,26.86247085642275,8.038531139342037,9.127677726180018,0.9999999999999998,2.220446049250313e-16,False,0.0,0.0,620.8850808250345
2026-06-22,28.01532120745728,8.01323404507724,9.10476627987674,0.9999999999999998,2.220446049250313e-16,False,0.0,0.0,620.8850808250345
2026-06-23,26.27207698181409,7.8968662287993245,8.804955038195006,1.0,0.0,False,0.0,0.0,620.8850808250345
2026-06-24,25.65919106890223,7.893205896552969,8.767570787076547,1.0,1.1102230246251563e-16,True,0.4329069023722422,0.0002164534511861,621.3179877274067
2026-06-25,27.1929764111745,7.904616593038781,8.838637311662636,1.0,0.0,False,0.0,0.0,621.3179877274067
2026-06-26,25.35082159362543,7.84745535715641,8.71698562704447,1.0,0.0,False,0.0,0.0,621.3179877274067
2026-06-29,26.112339457485056,7.976741104200006,8.933639426084385,1.0,0.0,False,0.0,0.0,621.3179877274067
2026-06-30,27.78513727740923,8.038854399701973,9.085642658549816,1.0,0.0,False,0.0,0.0,621.3179877274067
2026-07-01,25.54997345792756,8.027981813449472,8.947087334320493,1.0,0.0,True,0.0515838969785787,2.5791948489289382e-05,621.3695716243853
2026-07-02,23.297791855720057,8.017432487556906,8.7919996225105,1.0,0.0,False,0.0,0.0,621.3695716243853
2026-07-06,24.045796789739477,8.087403900751642,8.918093529700336,1.0,0.0,False,0.0,0.0,621.3695716243853
2026-07-07,22.346983183102232,8.048973368814544,8.752888635274571,1.0,1.1102230246251563e-16,False,0.0,0.0,621.3695716243853
2026-07-08,22.837065344521417,8.024106631329744,8.777687969692296,1.0,1.1102230246251563e-16,False,0.0,0.0,621.3695716243853
2026-07-09,23.975920506394395,8.092032700011304,8.923769242791138,1.0,0.0,True,0.4671172593639742,0.0002335586296819,621.8366888837493
2026-07-10,23.909628341632583,8.126910653155361,8.95128255756965,1.0,1.1102230246251563e-16,False,0.0,0.0,621.8366888837493
2026-07-13,22.22272550465772,8.06468960420008,8.781389194296425,0.9999999999999998,2.220446049250313e-16,False,0.0,0.0,621.8366888837493
2026-07-14,23.075836283598026,8.093324427384546,8.879475788062722,0.9999999999999996,3.3306690738754696e-16,False,0.0,0.0,621.8366888837493
2026-07-15,21.63941382001232,8.125403418875493,8.855416698565827,0.9999999999999996,4.440892098500626e-16,False,0.0,0.0,621.8366888837493
2026-07-16,19.985769762668877,8.081374963632175,8.709829424112012,1.0,0.0,True,0.0452998560154513,2.2649928007725653e-05,621.8819887397648
2026-07-17,19.69718024818401,8.001392334778181,8.578924301460171,1.0,0.0,False,0.0,0.0,621.8819887397648
2026-07-20,20.15303468300016,7.9884750610457536,8.587930740171332,1.0,0.0,False,0.0,0.0,621.8819887397648
2026-07-21,22.15397092966833,8.055109402354072,8.74721292218377,1.0,0.0,False,0.0,0.0,621.8819887397648
2026-07-22,22.1374905347063,8.045743393348184,8.702549721518308,1.0,1.1102230246251563e-16,False,0.0,0.0,621.8819887397648
2026-07-23,22.07562354129132,7.946384196862299,8.537345580139256,1.0000000000000002,0.0,True,0.0345101803746885,1.7255090187344294e-05,621.9164989201395
2026-07-24,20.47309384789597,7.954457821461691,8.441972966733749,1.0,1.1102230246251563e-16,False,0.0,0.0,621.9164989201395
2026-07-27,19.584116983773235,7.956180562648183,8.415940141796893,1.0,1.1102230246251563e-16,False,0.0,0.0,621.9164989201395
2026-07-28,17.84782178412336,7.975233869920139,8.334139689335462,0.9999999999999996,3.3306690738754696e-16,False,0.0,0.0,621.9164989201395
2026-07-29,16.629240706558427,7.852515170229321,8.164369825723494,0.9999999999999996,3.3306690738754696e-16,False,0.0,0.0,621.9164989201395
2026-07-30,19.275897882643488,7.984168865112777,8.433583273282158,1.0,0.0,True,0.4491931394196385,0.0002245965697098,622.3656920595591
2026-07-31,18.85471204499911,8.041653361355085,8.488363656563381,1.0,0.0,False,0.0,0.0,622.3656920595591
2026-08-03,19.52799703591352,8.156190682993197,8.637405909345524,1.0,0.0,False,0.0,0.0,622.3656920595591
2026-08-04,21.377997562149368,8.303238666968758,8.930801193015627,1.0,0.0,False,0.0,0.0,622.3656920595591
2026-08-05,20.655774738432743,8.286660403956724,8.849987984797538,0.9999999999999998,2.220446049250313e-16,False,0.0,0.0,622.3656920595591
2026-08-06,19.89755914240813,8.27341986986436,8.81729295557324,1.0,0.0,True,0.4328940536441401,0.000216447026822,622.7985861132033
2026-08-07,20.205809658088924,8.324014715427206,8.920684763446578,1.0,1.1102230246251563e-16,False,0.0,0.0,622.7985861132033
2026-08-10,20.318627734667544,8.321539014134032,8.89403444020344,0.9999999999999998,2.220446049250313e-16,False,0.0,0.0,622.7985861132033
2026-08-11,20.076742176972587,8.29494953546274,8.864176891001186,0.9999999999999996,3.3306690738754696e-16,False,0.0,0.0,622.7985861132033
2026-08-12,20.714362275980648,8.315725583921187,8.928950957236912,1.0,1.1102230246251563e-16,False,0.0,0.0,622.7985861132033
2026-08-13,20.942059995918925,8.373748190396803,9.032219265448996,1.0,1.1102230246251563e-16,True,1.2030496177920007,0.000601524808896,624.0016357309953
2026-08-14,20.50864070368231,8.357170584418022,9.01988134807076,1.0,0.0,False,0.0,0.0,624.0016357309953
2026-08-17,20.5510087625172,8.317663174981051,9.005075696607541,1.0,0.0,False,0.0,0.0,624.0016357309953
2026-08-18,19.75345293247884,8.261471063145239,8.85257921854378,1.0,0.0,False,0.0,0.0,624.0016357309953
2026-08-19,19.70086003547978,8.278802286263955,8.834936087058516,1.0,1.1102230246251563e-16,False,0.0,0.0,624.0016357309953
2026-08-20,19.72322586777281,8.209261229849215,8.771395511341925,1.0,0.0,True,0.8649971225838428,0.0004324985612919,624.8666328535792
2026-08-21,20.314458023636934,8.242847455620028,8.802363804448765,1.0,0.0,False,0.0,0.0,624.8666328535792
2026-08-24,19.740644393435225,8.21862658182185,8.71451789295948,1.0,0.0,False,0.0,0.0,624.8666328535792
2026-08-25,20.407572537549115,8.244892800133204,8.76880427759568,1.0,1.1102230246251563e-16,False,0.0,0.0,624.8666328535792
