year,iso_week,week_first_session,week_last_session,rebalance_dates,forced_exit_dates,week_end_source_signal_date,gross_target,cash_target,position_count,held_at_week_end,target_weights_at_week_end,constituent_snapshot_date,tradable_constituent_count
2000,1,2000-01-03,2000-01-07,2000-01-05,,2000-01-04,1.0,0.0,5,CTXS | FBF | NTAP | ORCL | QCOM,CTXS:0.2000000000 | FBF:0.2000000000 | NTAP:0.2000000000 | ORCL:0.2000000000 | QCOM:0.2000000000,2000-01-07,418
2000,2,2000-01-10,2000-01-14,2000-01-12,,2000-01-11,1.0,0.0,5,CTXS | FBF | NTAP | ORCL | QCOM,CTXS:0.2000000000 | FBF:0.2000000000 | NTAP:0.2000000000 | ORCL:0.2000000000 | QCOM:0.2000000000,2000-01-14,418
2000,3,2000-01-18,2000-01-21,2000-01-20,,2000-01-19,1.0,0.0,5,CTXS | FBF | NTAP | ORCL | QCOM,CTXS:0.2000000000 | FBF:0.2000000000 | NTAP:0.2000000000 | ORCL:0.2000000000 | QCOM:0.2000000000,2000-01-18,418
2000,4,2000-01-24,2000-01-28,2000-01-27,,2000-01-26,1.0,0.0,5,CTXS | FBF | NTAP | ORCL | QCOM,CTXS:0.2000000000 | FBF:0.2000000000 | NTAP:0.2000000000 | ORCL:0.2000000000 | QCOM:0.2000000000,2000-01-28,418
2000,5,2000-01-31,2000-02-04,2000-02-03,,2000-02-02,1.0,0.0,5,CTXS | FBF | NTAP | ORCL | QCOM,CTXS:0.2000000000 | FBF:0.2000000000 | NTAP:0.2000000000 | ORCL:0.2000000000 | QCOM:0.2000000000,2000-02-04,420
2000,6,2000-02-07,2000-02-11,2000-02-10,,2000-02-09,1.0,0.0,5,FBF | NOVL | NTAP | ORCL | QCOM,FBF:0.2000000000 | NOVL:0.2000000000 | NTAP:0.2000000000 | ORCL:0.2000000000 | QCOM:0.2000000000,2000-02-07,420
2000,7,2000-02-14,2000-02-18,2000-02-17,,2000-02-16,1.0,0.0,5,FBF | NOVL | NTAP | ORCL | QCOM,FBF:0.2000000000 | NOVL:0.2000000000 | NTAP:0.2000000000 | ORCL:0.2000000000 | QCOM:0.2000000000,2000-02-17,420
2000,8,2000-02-22,2000-02-25,2000-02-25,,2000-02-24,1.0,0.0,5,LB | MS | NOVL | NTAP | QCOM,LB:0.2000000000 | MS:0.2000000000 | NOVL:0.2000000000 | NTAP:0.2000000000 | QCOM:0.2000000000,2000-02-25,420
2000,9,2000-02-28,2000-03-03,2000-03-03,,2000-03-02,1.0,0.0,5,LB | MS | NOVL | NTAP | QCOM,LB:0.2000000000 | MS:0.2000000000 | NOVL:0.2000000000 | NTAP:0.2000000000 | QCOM:0.2000000000,2000-02-28,420
2000,10,2000-03-06,2000-03-10,2000-03-10,,2000-03-09,1.0,0.0,5,LB | MS | NOVL | NTAP | QTRN,LB:0.2000000000 | MS:0.2000000000 | NOVL:0.2000000000 | NTAP:0.2000000000 | QTRN:0.2000000000,2000-03-09,420
2000,11,2000-03-13,2000-03-17,2000-03-17,,2000-03-16,1.0,0.0,5,CNXT | LB | MS | NOVL | NTAP,CNXT:0.2000000000 | LB:0.2000000000 | MS:0.2000000000 | NOVL:0.2000000000 | NTAP:0.2000000000,2000-03-17,421
2000,12,2000-03-20,2000-03-24,2000-03-24,,2000-03-23,1.0,0.0,5,ADI | CNXT | LB | MS | NTAP,ADI:0.2000000000 | CNXT:0.2000000000 | LB:0.2000000000 | MS:0.2000000000 | NTAP:0.2000000000,2000-03-21,421
2000,13,2000-03-27,2000-03-31,2000-03-31,,2000-03-30,1.0,0.0,5,ADI | COMS | LSI | MS | NTAP,ADI:0.2000000000 | COMS:0.2000000000 | LSI:0.2000000000 | MS:0.2000000000 | NTAP:0.2000000000,2000-03-29,421
2000,14,2000-04-03,2000-04-07,2000-04-07,,2000-04-06,1.0,0.0,5,ADI | LSI | MS | NTAP | SFA,ADI:0.2000000000 | LSI:0.2000000000 | MS:0.2000000000 | NTAP:0.2000000000 | SFA:0.2000000000,2000-04-06,422
2000,15,2000-04-10,2000-04-14,2000-04-14,,2000-04-13,1.0,0.0,5,ADSK | LSI | MS | NTAP | SFA,ADSK:0.2000000000 | LSI:0.2000000000 | MS:0.2000000000 | NTAP:0.2000000000 | SFA:0.2000000000,2000-04-10,421
2000,16,2000-04-17,2000-04-20,,,2000-04-13,1.0,0.0,5,ADSK | LSI | MS | NTAP | SFA,ADSK:0.2000000000 | LSI:0.2000000000 | MS:0.2000000000 | NTAP:0.2000000000 | SFA:0.2000000000,2000-04-20,423
2000,17,2000-04-24,2000-04-28,2000-04-24,,2000-04-20,1.0,0.0,5,ADSK | LSI | MS | NTAP | SFA,ADSK:0.2000000000 | LSI:0.2000000000 | MS:0.2000000000 | NTAP:0.2000000000 | SFA:0.2000000000,2000-04-27,422
2000,18,2000-05-01,2000-05-05,2000-05-01,,2000-04-28,1.0,0.0,5,LSI | MS | MU | NTAP | SFA,LSI:0.2000000000 | MS:0.2000000000 | MU:0.2000000000 | NTAP:0.2000000000 | SFA:0.2000000000,2000-05-05,423
2000,19,2000-05-08,2000-05-12,2000-05-08,,2000-05-05,1.0,0.0,5,AMD | LSI | MSI | MU | TMC,AMD:0.2000000000 | LSI:0.2000000000 | MSI:0.2000000000 | MU:0.2000000000 | TMC:0.2000000000,2000-05-11,421
2000,20,2000-05-15,2000-05-19,2000-05-15,,2000-05-12,1.0,0.0,5,AMD | MIR | MU | NGH | TMC,AMD:0.2000000000 | MIR:0.2000000000 | MU:0.2000000000 | NGH:0.2000000000 | TMC:0.2000000000,2000-05-17,422
2000,21,2000-05-22,2000-05-26,2000-05-22,,2000-05-19,1.0,0.0,5,AMD | MIR | MU | RBK | TMC,AMD:0.2000000000 | MIR:0.2000000000 | MU:0.2000000000 | RBK:0.2000000000 | TMC:0.2000000000,2000-05-17,422
2000,22,2000-05-30,2000-06-02,2000-05-30,,2000-05-26,1.0,0.0,5,AMD | BBY | MU | RBK | TMC,AMD:0.2000000000 | BBY:0.2000000000 | MU:0.2000000000 | RBK:0.2000000000 | TMC:0.2000000000,2000-06-02,423
2000,23,2000-06-05,2000-06-09,2000-06-06,,2000-06-05,1.0,0.0,5,AMD | NGH | RBK | TMC | UPR,AMD:0.2000000000 | NGH:0.2000000000 | RBK:0.2000000000 | TMC:0.2000000000 | UPR:0.2000000000,2000-06-09,423
2000,24,2000-06-12,2000-06-16,2000-06-13,,2000-06-12,1.0,0.0,5,AMD | BBBY | NGH | RBK | UPR,AMD:0.2000000000 | BBBY:0.2000000000 | NGH:0.2000000000 | RBK:0.2000000000 | UPR:0.2000000000,2000-06-16,421
2000,25,2000-06-19,2000-06-23,2000-06-20,,2000-06-19,1.0,0.0,5,AMD | NGH | RBK | UNM | UPR,AMD:0.2000000000 | NGH:0.2000000000 | RBK:0.2000000000 | UNM:0.2000000000 | UPR:0.2000000000,2000-06-23,425
2000,26,2000-06-26,2000-06-30,2000-06-27,,2000-06-26,1.0,0.0,5,AW | NGH | RBK | UNM | UPR,AW:0.2000000000 | NGH:0.2000000000 | RBK:0.2000000000 | UNM:0.2000000000 | UPR:0.2000000000,2000-06-29,425
2000,27,2000-07-03,2000-07-07,2000-07-05,,2000-07-03,1.0,0.0,5,AW | BEAM | NGH | RBK | UNM,AW:0.2000000000 | BEAM:0.2000000000 | NGH:0.2000000000 | RBK:0.2000000000 | UNM:0.2000000000,2000-07-06,425
2000,28,2000-07-10,2000-07-14,2000-07-12,,2000-07-11,1.0,0.0,5,ADCT | AW | BEAM | MS | NGH,ADCT:0.2000000000 | AW:0.2000000000 | BEAM:0.2000000000 | MS:0.2000000000 | NGH:0.2000000000,2000-07-14,424
2000,29,2000-07-17,2000-07-21,2000-07-19,,2000-07-18,1.0,0.0,5,ADCT | BEAM | MS | NGH | SAPE,ADCT:0.2000000000 | BEAM:0.2000000000 | MS:0.2000000000 | NGH:0.2000000000 | SAPE:0.2000000000,2000-07-19,423
2000,30,2000-07-24,2000-07-28,2000-07-26,,2000-07-25,1.0,0.0,5,ADCT | BEAM | MS | NGH | SAPE,ADCT:0.2000000000 | BEAM:0.2000000000 | MS:0.2000000000 | NGH:0.2000000000 | SAPE:0.2000000000,2000-07-28,422
2000,31,2000-07-31,2000-08-04,2000-08-02,,2000-08-01,1.0,0.0,5,ADCT | BEAM | MS | NGH | SAPE,ADCT:0.2000000000 | BEAM:0.2000000000 | MS:0.2000000000 | NGH:0.2000000000 | SAPE:0.2000000000,2000-08-04,422
2000,32,2000-08-07,2000-08-11,2000-08-09,,2000-08-08,1.0,0.0,5,BEAM | CNC | MS | MU | SANM,BEAM:0.2000000000 | CNC:0.2000000000 | MS:0.2000000000 | MU:0.2000000000 | SANM:0.2000000000,2000-08-07,422
2000,33,2000-08-14,2000-08-18,2000-08-16,,2000-08-15,1.0,0.0,5,BEAM | BRCM | CNC | MU | SANM,BEAM:0.2000000000 | BRCM:0.2000000000 | CNC:0.2000000000 | MU:0.2000000000 | SANM:0.2000000000,2000-08-17,423
2000,34,2000-08-21,2000-08-25,2000-08-23,,2000-08-22,1.0,0.0,5,BEAM | BRCM | CNC | MS | SANM,BEAM:0.2000000000 | BRCM:0.2000000000 | CNC:0.2000000000 | MS:0.2000000000 | SANM:0.2000000000,2000-08-25,422
2000,35,2000-08-28,2000-09-01,2000-08-30,,2000-08-29,1.0,0.0,5,BRCM | MS | PALM | PSFT | SANM,BRCM:0.2000000000 | MS:0.2000000000 | PALM:0.2000000000 | PSFT:0.2000000000 | SANM:0.2000000000,2000-08-30,424
2000,36,2000-09-05,2000-09-08,2000-09-07,,2000-09-06,1.0,0.0,5,BRCM | HCR | PALM | PSFT | SANM,BRCM:0.2000000000 | HCR:0.2000000000 | PALM:0.2000000000 | PSFT:0.2000000000 | SANM:0.2000000000,2000-09-07,424
2000,37,2000-09-11,2000-09-15,2000-09-14,,2000-09-13,1.0,0.0,5,BRCM | HCR | PALM | PSFT | SANM,BRCM:0.2000000000 | HCR:0.2000000000 | PALM:0.2000000000 | PSFT:0.2000000000 | SANM:0.2000000000,2000-09-15,423
2000,38,2000-09-18,2000-09-22,2000-09-21,,2000-09-20,1.0,0.0,5,BRCM | HCR | PALM | PSFT | SANM,BRCM:0.2000000000 | HCR:0.2000000000 | PALM:0.2000000000 | PSFT:0.2000000000 | SANM:0.2000000000,2000-09-15,424
2000,39,2000-09-25,2000-09-29,2000-09-28,,2000-09-27,1.0,0.0,5,BRCM | HCR | LB | PALM | PSFT,BRCM:0.2000000000 | HCR:0.2000000000 | LB:0.2000000000 | PALM:0.2000000000 | PSFT:0.2000000000,2000-09-27,425
2000,40,2000-10-02,2000-10-06,2000-10-05,,2000-10-04,1.0,0.0,5,HCR | LB | NTAP | PSFT | PWJ,HCR:0.2000000000 | LB:0.2000000000 | NTAP:0.2000000000 | PSFT:0.2000000000 | PWJ:0.2000000000,2000-10-03,424
2000,41,2000-10-09,2000-10-13,2000-10-12,,2000-10-11,1.0,0.0,5,BSC | HCR | LB | PALM | PSFT,BSC:0.2000000000 | HCR:0.2000000000 | LB:0.2000000000 | PALM:0.2000000000 | PSFT:0.2000000000,2000-10-10,425
2000,42,2000-10-16,2000-10-20,2000-10-19,,2000-10-18,1.0,0.0,5,BSC | HCR | LB | PALM | UIS,BSC:0.2000000000 | HCR:0.2000000000 | LB:0.2000000000 | PALM:0.2000000000 | UIS:0.2000000000,2000-10-19,425
2000,43,2000-10-23,2000-10-27,2000-10-26,,2000-10-25,1.0,0.0,5,HCR | MERQ | PALM | SEBL | VRTS,HCR:0.2000000000 | MERQ:0.2000000000 | PALM:0.2000000000 | SEBL:0.2000000000 | VRTS:0.2000000000,2000-10-23,426
2000,44,2000-10-30,2000-11-03,2000-11-02,,2000-11-01,1.0,0.0,5,ADI | HUM | MDR | MERQ | NTAP,ADI:0.2000000000 | HUM:0.2000000000 | MDR:0.2000000000 | MERQ:0.2000000000 | NTAP:0.2000000000,2000-11-03,426
2000,45,2000-11-06,2000-11-10,2000-11-09,,2000-11-08,1.0,0.0,5,HUM | MDR | NTAP | PSFT | VRTS,HUM:0.2000000000 | MDR:0.2000000000 | NTAP:0.2000000000 | PSFT:0.2000000000 | VRTS:0.2000000000,2000-11-08,426
2000,46,2000-11-13,2000-11-17,2000-11-16,,2000-11-15,0.5,0.5,5,MDR | NTAP | PALM | PSFT | VRTS,MDR:0.1000000000 | NTAP:0.1000000000 | PALM:0.1000000000 | PSFT:0.1000000000 | VRTS:0.1000000000,2000-11-17,428
2000,47,2000-11-20,2000-11-24,2000-11-24,,2000-11-22,0.5,0.5,5,BBBY | HUM | NTAP | PALM | PSFT,BBBY:0.1000000000 | HUM:0.1000000000 | NTAP:0.1000000000 | PALM:0.1000000000 | PSFT:0.1000000000,2000-11-24,427
2000,48,2000-11-27,2000-12-01,2000-12-01,,2000-11-30,0.5,0.5,5,BBBY | HON | HUM | KG | PSFT,BBBY:0.1000000000 | HON:0.1000000000 | HUM:0.1000000000 | KG:0.1000000000 | PSFT:0.1000000000,2000-12-01,429
2000,49,2000-12-04,2000-12-08,2000-12-08,,2000-12-07,0.5,0.5,5,HON | HUM | KG | PALM | PSFT,HON:0.1000000000 | HUM:0.1000000000 | KG:0.1000000000 | PALM:0.1000000000 | PSFT:0.1000000000,2000-12-08,429
2000,50,2000-12-11,2000-12-15,2000-12-15,,2000-12-14,0.5,0.5,5,ABI | HON | HUM | KG | WLL,ABI:0.1000000000 | HON:0.1000000000 | HUM:0.1000000000 | KG:0.1000000000 | WLL:0.1000000000,2000-12-15,431
2000,51,2000-12-18,2000-12-22,2000-12-22,,2000-12-21,0.5,0.5,5,ABI | CTXS | HON | KG | WLL,ABI:0.1000000000 | CTXS:0.1000000000 | HON:0.1000000000 | KG:0.1000000000 | WLL:0.1000000000,2000-12-22,431
2000,52,2000-12-26,2000-12-29,,,2000-12-21,0.5,0.5,5,ABI | CTXS | HON | KG | WLL,ABI:0.1000000000 | CTXS:0.1000000000 | HON:0.1000000000 | KG:0.1000000000 | WLL:0.1000000000,2000-12-29,431
2001,1,2001-01-02,2001-12-31,2001-01-02,,2001-12-26,0.5,0.5,5,BRCM | NTAP | PALM | QLGC | VRTS,BRCM:0.1000000000 | NTAP:0.1000000000 | PALM:0.1000000000 | QLGC:0.1000000000 | VRTS:0.1000000000,2001-12-24,434
2001,2,2001-01-08,2001-01-12,2001-01-09,,2001-01-08,0.5,0.5,5,ABI | ADP | AW | HON | WLL,ABI:0.1000000000 | ADP:0.1000000000 | AW:0.1000000000 | HON:0.1000000000 | WLL:0.1000000000,2001-01-12,431
2001,3,2001-01-16,2001-01-19,2001-01-17,,2001-01-16,0.5,0.5,5,ABI | ADP | AW | HON | WLL,ABI:0.1000000000 | ADP:0.1000000000 | AW:0.1000000000 | HON:0.1000000000 | WLL:0.1000000000,2001-01-16,432
2001,4,2001-01-22,2001-01-26,2001-01-24,,2001-01-23,0.5,0.5,5,ABI | ADP | AW | CNC | WLL,ABI:0.1000000000 | ADP:0.1000000000 | AW:0.1000000000 | CNC:0.1000000000 | WLL:0.1000000000,2001-01-26,432
2001,5,2001-01-29,2001-02-02,2001-01-31,,2001-01-30,0.5,0.5,5,ABI | ADP | AW | CNC | QTRN,ABI:0.1000000000 | ADP:0.1000000000 | AW:0.1000000000 | CNC:0.1000000000 | QTRN:0.1000000000,2001-01-31,432
2001,6,2001-02-05,2001-02-09,2001-02-07,,2001-02-06,0.5,0.5,5,ABI | ADP | AW | CNC | LPX,ABI:0.1000000000 | ADP:0.1000000000 | AW:0.1000000000 | CNC:0.1000000000 | LPX:0.1000000000,2001-02-09,432
2001,7,2001-02-12,2001-02-16,2001-02-14,,2001-02-13,0.5,0.5,5,ABI | ADP | CNC | KLAC | NVLS,ABI:0.1000000000 | ADP:0.1000000000 | CNC:0.1000000000 | KLAC:0.1000000000 | NVLS:0.1000000000,2001-02-16,431
2001,8,2001-02-20,2001-02-23,2001-02-22,,2001-02-21,0.5,0.5,5,ABI | ADP | CNC | KLAC | NVLS,ABI:0.1000000000 | ADP:0.1000000000 | CNC:0.1000000000 | KLAC:0.1000000000 | NVLS:0.1000000000,2001-02-20,431
2001,9,2001-02-26,2001-03-02,2001-03-01,,2001-02-28,0.5,0.5,5,ABI | ADP | AMCC | BBY | CNC,ABI:0.1000000000 | ADP:0.1000000000 | AMCC:0.1000000000 | BBY:0.1000000000 | CNC:0.1000000000,2001-03-02,430
2001,10,2001-03-05,2001-03-09,2001-03-08,,2001-03-07,0.5,0.5,5,BBY | CNC | MDR | OMX | XRX,BBY:0.1000000000 | CNC:0.1000000000 | MDR:0.1000000000 | OMX:0.1000000000 | XRX:0.1000000000,2001-03-09,429
2001,11,2001-03-12,2001-03-16,2001-03-15,,2001-03-14,0.5,0.5,5,BBY | CNC | CPWR | MDR | OMX,BBY:0.1000000000 | CNC:0.1000000000 | CPWR:0.1000000000 | MDR:0.1000000000 | OMX:0.1000000000,2001-03-12,431
2001,12,2001-03-19,2001-03-23,2001-03-22,,2001-03-21,0.5,0.5,5,BBY | CMI | CNC | CPWR | MDR,BBY:0.1000000000 | CMI:0.1000000000 | CNC:0.1000000000 | CPWR:0.1000000000 | MDR:0.1000000000,2001-03-22,431
2001,13,2001-03-26,2001-03-30,2001-03-29,,2001-03-28,0.5,0.5,5,AMD | BBY | CA | CPWR | JCP,AMD:0.1000000000 | BBY:0.1000000000 | CA:0.1000000000 | CPWR:0.1000000000 | JCP:0.1000000000,2001-03-30,431
2001,14,2001-04-02,2001-04-06,2001-04-05,,2001-04-04,0.5,0.5,5,AM | AMD | CPWR | SBL | SFA,AM:0.1000000000 | AMD:0.1000000000 | CPWR:0.1000000000 | SBL:0.1000000000 | SFA:0.1000000000,2001-04-03,431
2001,15,2001-04-09,2001-04-12,2001-04-12,,2001-04-11,0.5,0.5,5,AMD | EIX | HM | JCP | SBL,AMD:0.1000000000 | EIX:0.1000000000 | HM:0.1000000000 | JCP:0.1000000000 | SBL:0.1000000000,2001-04-11,430
2001,16,2001-04-16,2001-04-20,2001-04-20,,2001-04-19,0.5,0.5,5,EIX | JCP | LOW | PCG | SBL,EIX:0.1000000000 | JCP:0.1000000000 | LOW:0.1000000000 | PCG:0.1000000000 | SBL:0.1000000000,2001-04-20,430
2001,17,2001-04-23,2001-04-27,2001-04-27,,2001-04-26,0.5,0.5,5,AMD | DDS | EIX | JCP | LOW,AMD:0.1000000000 | DDS:0.1000000000 | EIX:0.1000000000 | JCP:0.1000000000 | LOW:0.1000000000,2001-04-20,430
2001,18,2001-04-30,2001-05-04,2001-05-04,,2001-05-03,0.5,0.5,5,DDS | FLR | LDG | MIR | SRE,DDS:0.1000000000 | FLR:0.1000000000 | LDG:0.1000000000 | MIR:0.1000000000 | SRE:0.1000000000,2001-05-02,430
2001,19,2001-05-07,2001-05-11,2001-05-11,,2001-05-10,0.5,0.5,5,ADBE | BBY | DDS | HM | MIR,ADBE:0.1000000000 | BBY:0.1000000000 | DDS:0.1000000000 | HM:0.1000000000 | MIR:0.1000000000,2001-05-10,430
2001,20,2001-05-14,2001-05-18,2001-05-18,,2001-05-17,0.5,0.5,5,ADBE | BBY | BMC | HM | MIR,ADBE:0.1000000000 | BBY:0.1000000000 | BMC:0.1000000000 | HM:0.1000000000 | MIR:0.1000000000,2001-05-14,432
2001,21,2001-05-21,2001-05-25,2001-05-25,,2001-05-24,0.5,0.5,5,ADBE | BBY | CNC | PHM | XRX,ADBE:0.1000000000 | BBY:0.1000000000 | CNC:0.1000000000 | PHM:0.1000000000 | XRX:0.1000000000,2001-05-22,432
2001,22,2001-05-29,2001-06-01,,,2001-05-24,0.5,0.5,5,ADBE | BBY | CNC | PHM | XRX,ADBE:0.1000000000 | BBY:0.1000000000 | CNC:0.1000000000 | PHM:0.1000000000 | XRX:0.1000000000,2001-05-31,432
2001,23,2001-06-04,2001-06-08,2001-06-04,,2001-06-01,0.5,0.5,5,ADBE | BBY | CNC | JBL | XRX,ADBE:0.1000000000 | BBY:0.1000000000 | CNC:0.1000000000 | JBL:0.1000000000 | XRX:0.1000000000,2001-06-04,432
2001,24,2001-06-11,2001-06-15,2001-06-11,,2001-06-08,0.5,0.5,5,ADBE | JBL | MERQ | QLGC | XRX,ADBE:0.1000000000 | JBL:0.1000000000 | MERQ:0.1000000000 | QLGC:0.1000000000 | XRX:0.1000000000,2001-06-12,432
2001,25,2001-06-18,2001-06-22,2001-06-18,,2001-06-15,0.5,0.5,5,ADBE | JBL | MERQ | QLGC | XRX,ADBE:0.1000000000 | JBL:0.1000000000 | MERQ:0.1000000000 | QLGC:0.1000000000 | XRX:0.1000000000,2001-06-20,432
2001,26,2001-06-25,2001-06-29,2001-06-25,,2001-06-22,0.5,0.5,5,JBL | MERQ | QLGC | SEBL | XRX,JBL:0.1000000000 | MERQ:0.1000000000 | QLGC:0.1000000000 | SEBL:0.1000000000 | XRX:0.1000000000,2001-06-29,433
2001,27,2001-07-02,2001-07-06,2001-07-02,,2001-06-29,0.5,0.5,5,MERQ | PSFT | QLGC | SEBL | XRX,MERQ:0.1000000000 | PSFT:0.1000000000 | QLGC:0.1000000000 | SEBL:0.1000000000 | XRX:0.1000000000,2001-07-03,433
2001,28,2001-07-09,2001-07-13,2001-07-10,,2001-07-09,0.5,0.5,5,MERQ | PSFT | QLGC | SEBL | XRX,MERQ:0.1000000000 | PSFT:0.1000000000 | QLGC:0.1000000000 | SEBL:0.1000000000 | XRX:0.1000000000,2001-07-12,432
2001,29,2001-07-16,2001-07-20,2001-07-17,,2001-07-16,0.5,0.5,5,CMI | PSFT | PTC | QLGC | XRX,CMI:0.1000000000 | PSFT:0.1000000000 | PTC:0.1000000000 | QLGC:0.1000000000 | XRX:0.1000000000,2001-07-12,433
2001,30,2001-07-23,2001-07-27,2001-07-24,,2001-07-23,0.5,0.5,5,CMI | LB | PSFT | PTC | QLGC,CMI:0.1000000000 | LB:0.1000000000 | PSFT:0.1000000000 | PTC:0.1000000000 | QLGC:0.1000000000,2001-07-27,433
2001,31,2001-07-30,2001-08-03,2001-07-31,,2001-07-30,0.5,0.5,5,CMI | LB | PSFT | PTC | QLGC,CMI:0.1000000000 | LB:0.1000000000 | PSFT:0.1000000000 | PTC:0.1000000000 | QLGC:0.1000000000,2001-08-03,433
2001,32,2001-08-06,2001-08-10,2001-08-07,,2001-08-06,0.5,0.5,5,CMI | EIX | LB | PCG | PTC,CMI:0.1000000000 | EIX:0.1000000000 | LB:0.1000000000 | PCG:0.1000000000 | PTC:0.1000000000,2001-08-10,433
2001,33,2001-08-13,2001-08-17,2001-08-14,,2001-08-13,0.4,0.6,4,CMI | EIX | MS | QLGC,CMI:0.1000000000 | EIX:0.1000000000 | MS:0.1000000000 | QLGC:0.1000000000,2001-08-17,433
2001,34,2001-08-20,2001-08-24,2001-08-21,,2001-08-20,0.5,0.5,5,CMI | EIX | JCP | MS | PCG,CMI:0.1000000000 | EIX:0.1000000000 | JCP:0.1000000000 | MS:0.1000000000 | PCG:0.1000000000,2001-08-20,433
2001,35,2001-08-27,2001-08-31,2001-08-28,,2001-08-27,0.5,0.5,5,CMI | CTXS | EIX | MS | PCG,CMI:0.1000000000 | CTXS:0.1000000000 | EIX:0.1000000000 | MS:0.1000000000 | PCG:0.1000000000,2001-08-31,433
2001,36,2001-09-04,2001-09-07,2001-09-05,,2001-09-04,0.5,0.5,5,CMI | CTXS | EIX | MS | PCG,CMI:0.1000000000 | CTXS:0.1000000000 | EIX:0.1000000000 | MS:0.1000000000 | PCG:0.1000000000,2001-09-07,434
2001,37,2001-09-10,2001-09-10,,,2001-09-04,0.5,0.5,5,CMI | CTXS | EIX | MS | PCG,CMI:0.1000000000 | CTXS:0.1000000000 | EIX:0.1000000000 | MS:0.1000000000 | PCG:0.1000000000,2001-09-10,434
2001,38,2001-09-17,2001-09-21,2001-09-18,,2001-09-17,0.5,0.5,5,CBE | CMI | EIX | MS | PCG,CBE:0.1000000000 | CMI:0.1000000000 | EIX:0.1000000000 | MS:0.1000000000 | PCG:0.1000000000,2001-09-21,434
2001,39,2001-09-24,2001-09-28,2001-09-25,,2001-09-24,0.5,0.5,5,CBE | CMI | MS | MSI | PCG,CBE:0.1000000000 | CMI:0.1000000000 | MS:0.1000000000 | MSI:0.1000000000 | PCG:0.1000000000,2001-09-26,434
2001,40,2001-10-01,2001-10-05,2001-10-02,,2001-10-01,0.5,0.5,5,CBE | CMI | CNXT | MSI | PCG,CBE:0.1000000000 | CMI:0.1000000000 | CNXT:0.1000000000 | MSI:0.1000000000 | PCG:0.1000000000,2001-10-04,432
2001,41,2001-10-08,2001-10-12,2001-10-09,,2001-10-08,0.5,0.5,5,CBE | CNXT | MSI | OMX | PCG,CBE:0.1000000000 | CNXT:0.1000000000 | MSI:0.1000000000 | OMX:0.1000000000 | PCG:0.1000000000,2001-10-11,433
2001,42,2001-10-15,2001-10-19,2001-10-16,,2001-10-15,0.5,0.5,5,CBE | CNXT | MSI | OMX | PCG,CBE:0.1000000000 | CNXT:0.1000000000 | MSI:0.1000000000 | OMX:0.1000000000 | PCG:0.1000000000,2001-10-16,433
2001,43,2001-10-22,2001-10-26,2001-10-23,,2001-10-22,0.5,0.5,5,CNXT | HM | IMNX | PCG | PDG,CNXT:0.1000000000 | HM:0.1000000000 | IMNX:0.1000000000 | PCG:0.1000000000 | PDG:0.1000000000,2001-10-24,432
2001,44,2001-10-29,2001-11-02,2001-10-30,,2001-10-29,0.5,0.5,5,GDT | HM | HUM | IMNX | PDG,GDT:0.1000000000 | HM:0.1000000000 | HUM:0.1000000000 | IMNX:0.1000000000 | PDG:0.1000000000,2001-10-24,433
2001,45,2001-11-05,2001-11-09,2001-11-06,,2001-11-05,0.5,0.5,5,GDT | HM | IMNX | NEM | PDG,GDT:0.1000000000 | HM:0.1000000000 | IMNX:0.1000000000 | NEM:0.1000000000 | PDG:0.1000000000,2001-11-09,433
2001,46,2001-11-12,2001-11-16,2001-11-13,,2001-11-12,0.5,0.5,5,FLR | GDT | IMNX | LB | PDG,FLR:0.1000000000 | GDT:0.1000000000 | IMNX:0.1000000000 | LB:0.1000000000 | PDG:0.1000000000,2001-11-13,433
2001,47,2001-11-19,2001-11-23,2001-11-20,,2001-11-19,0.5,0.5,5,FLR | GDT | IMNX | INTU | LB,FLR:0.1000000000 | GDT:0.1000000000 | IMNX:0.1000000000 | INTU:0.1000000000 | LB:0.1000000000,2001-11-13,433
2001,48,2001-11-26,2001-11-30,2001-11-28,,2001-11-27,0.5,0.5,5,ADCT | BMET | IMNX | LB | QLGC,ADCT:0.1000000000 | BMET:0.1000000000 | IMNX:0.1000000000 | LB:0.1000000000 | QLGC:0.1000000000,2001-11-30,434
2001,49,2001-12-03,2001-12-07,2001-12-05,,2001-12-04,0.5,0.5,5,BMET | EQR | IMNX | LB | QLGC,BMET:0.1000000000 | EQR:0.1000000000 | IMNX:0.1000000000 | LB:0.1000000000 | QLGC:0.1000000000,2001-12-06,434
2001,50,2001-12-10,2001-12-14,2001-12-12,,2001-12-11,0.5,0.5,5,BRCM | EQR | NTAP | QLGC | VRTS,BRCM:0.1000000000 | EQR:0.1000000000 | NTAP:0.1000000000 | QLGC:0.1000000000 | VRTS:0.1000000000,2001-12-14,434
2001,51,2001-12-17,2001-12-21,2001-12-19,,2001-12-18,0.5,0.5,5,BRCM | EQR | NTAP | QLGC | VRTS,BRCM:0.1000000000 | EQR:0.1000000000 | NTAP:0.1000000000 | QLGC:0.1000000000 | VRTS:0.1000000000,2001-12-21,433
2001,52,2001-12-24,2001-12-28,2001-12-27,,2001-12-26,0.5,0.5,5,BRCM | NTAP | PALM | QLGC | VRTS,BRCM:0.1000000000 | NTAP:0.1000000000 | PALM:0.1000000000 | QLGC:0.1000000000 | VRTS:0.1000000000,2001-12-24,433
2002,1,2002-01-02,2002-12-31,2002-01-04,,2002-12-23,0.5,0.5,5,GLW | NXTL | PCS | PWER | T,GLW:0.1000000000 | NXTL:0.1000000000 | PCS:0.1000000000 | PWER:0.1000000000 | T:0.1000000000,2002-12-30,443
2002,2,2002-01-07,2002-01-11,2002-01-11,,2002-01-10,0.5,0.5,5,BRCM | EQR | NTAP | PALM | QLGC,BRCM:0.1000000000 | EQR:0.1000000000 | NTAP:0.1000000000 | PALM:0.1000000000 | QLGC:0.1000000000,2002-01-11,435
2002,3,2002-01-14,2002-01-18,2002-01-18,,2002-01-17,0.5,0.5,5,BRCM | CNXT | NTAP | NVDA | QLGC,BRCM:0.1000000000 | CNXT:0.1000000000 | NTAP:0.1000000000 | NVDA:0.1000000000 | QLGC:0.1000000000,2002-01-18,435
2002,4,2002-01-22,2002-01-25,,,2002-01-17,0.5,0.5,5,BRCM | CNXT | NTAP | NVDA | QLGC,BRCM:0.1000000000 | CNXT:0.1000000000 | NTAP:0.1000000000 | NVDA:0.1000000000 | QLGC:0.1000000000,2002-01-18,435
2002,5,2002-01-28,2002-02-01,2002-01-28,,2002-01-25,0.5,0.5,5,NTAP | NVDA | PALM | SAPE | SEBL,NTAP:0.1000000000 | NVDA:0.1000000000 | PALM:0.1000000000 | SAPE:0.1000000000 | SEBL:0.1000000000,2002-02-01,435
2002,6,2002-02-04,2002-02-08,2002-02-04,,2002-02-01,0.5,0.5,5,NTAP | NVDA | PALM | SAPE | SEBL,NTAP:0.1000000000 | NVDA:0.1000000000 | PALM:0.1000000000 | SAPE:0.1000000000 | SEBL:0.1000000000,2002-02-07,434
2002,7,2002-02-11,2002-02-15,2002-02-11,,2002-02-08,0.5,0.5,5,ADCT | NTAP | NVDA | PALM | SEBL,ADCT:0.1000000000 | NTAP:0.1000000000 | NVDA:0.1000000000 | PALM:0.1000000000 | SEBL:0.1000000000,2002-02-15,435
2002,8,2002-02-19,2002-02-22,2002-02-19,,2002-02-15,0.5,0.5,5,NOVL | OMX | PALM | SEBL | TSG,NOVL:0.1000000000 | OMX:0.1000000000 | PALM:0.1000000000 | SEBL:0.1000000000 | TSG:0.1000000000,2002-02-22,435
2002,9,2002-02-25,2002-03-01,2002-02-26,,2002-02-25,0.5,0.5,5,NOVL | NVDA | OMX | RATL | SEBL,NOVL:0.1000000000 | NVDA:0.1000000000 | OMX:0.1000000000 | RATL:0.1000000000 | SEBL:0.1000000000,2002-02-26,435
2002,10,2002-03-04,2002-03-08,2002-03-05,,2002-03-04,0.5,0.5,5,NOVL | NVDA | OMX | PVN | SEBL,NOVL:0.1000000000 | NVDA:0.1000000000 | OMX:0.1000000000 | PVN:0.1000000000 | SEBL:0.1000000000,2002-03-08,435
2002,11,2002-03-11,2002-03-15,2002-03-12,,2002-03-11,0.5,0.5,5,OMX | PTC | SEBL | TSG | XRX,OMX:0.1000000000 | PTC:0.1000000000 | SEBL:0.1000000000 | TSG:0.1000000000 | XRX:0.1000000000,2002-03-11,436
2002,12,2002-03-18,2002-03-22,2002-03-19,,2002-03-18,1.0,0.0,5,MU | OMX | PVN | SEBL | TSG,MU:0.2000000000 | OMX:0.2000000000 | PVN:0.2000000000 | SEBL:0.2000000000 | TSG:0.2000000000,2002-03-21,436
2002,13,2002-03-25,2002-03-28,2002-03-26,,2002-03-25,0.5,0.5,5,HAL | LB | MDR | PVN | TRV,HAL:0.1000000000 | LB:0.1000000000 | MDR:0.1000000000 | PVN:0.1000000000 | TRV:0.1000000000,2002-03-28,436
2002,14,2002-04-01,2002-04-05,2002-04-03,,2002-04-02,0.5,0.5,5,HAL | KLAC | LB | PTC | TRW,HAL:0.1000000000 | KLAC:0.1000000000 | LB:0.1000000000 | PTC:0.1000000000 | TRW:0.1000000000,2002-04-01,436
2002,15,2002-04-08,2002-04-12,2002-04-10,,2002-04-09,0.5,0.5,5,HAL | KLAC | PTC | PVN | TRW,HAL:0.1000000000 | KLAC:0.1000000000 | PTC:0.1000000000 | PVN:0.1000000000 | TRW:0.1000000000,2002-04-11,436
2002,16,2002-04-15,2002-04-19,2002-04-17,,2002-04-16,1.0,0.0,5,HAL | LPX | OMX | PVN | TRW,HAL:0.2000000000 | LPX:0.2000000000 | OMX:0.2000000000 | PVN:0.2000000000 | TRW:0.2000000000,2002-04-19,436
2002,17,2002-04-22,2002-04-26,2002-04-24,,2002-04-23,0.5,0.5,5,HAL | NBR | OMX | PVN | TER,HAL:0.1000000000 | NBR:0.1000000000 | OMX:0.1000000000 | PVN:0.1000000000 | TER:0.1000000000,2002-04-19,436
2002,18,2002-04-29,2002-05-03,2002-05-01,,2002-04-30,0.5,0.5,5,MIR | NBR | OMX | PVN | TER,MIR:0.1000000000 | NBR:0.1000000000 | OMX:0.1000000000 | PVN:0.1000000000 | TER:0.1000000000,2002-05-01,437
2002,19,2002-05-06,2002-05-10,2002-05-08,,2002-05-07,0.5,0.5,5,MIR | MSI | OMX | PVN | WMB,MIR:0.1000000000 | MSI:0.1000000000 | OMX:0.1000000000 | PVN:0.1000000000 | WMB:0.1000000000,2002-05-10,437
2002,20,2002-05-13,2002-05-17,2002-05-15,,2002-05-14,0.5,0.5,5,CNC | MS | OMX | PVN | WMB,CNC:0.1000000000 | MS:0.1000000000 | OMX:0.1000000000 | PVN:0.1000000000 | WMB:0.1000000000,2002-05-16,439
2002,21,2002-05-20,2002-05-24,2002-05-22,,2002-05-21,0.5,0.5,5,AES | MIR | OMX | PVN | WMB,AES:0.1000000000 | MIR:0.1000000000 | OMX:0.1000000000 | PVN:0.1000000000 | WMB:0.1000000000,2002-05-21,439
2002,22,2002-05-28,2002-05-31,2002-05-30,,2002-05-29,0.5,0.5,5,AES | MIR | MS | OMX | PVN,AES:0.1000000000 | MIR:0.1000000000 | MS:0.1000000000 | OMX:0.1000000000 | PVN:0.1000000000,2002-05-30,439
2002,23,2002-06-03,2002-06-07,2002-06-06,,2002-06-05,0.5,0.5,5,AES | AM | MS | PTC | PVN,AES:0.1000000000 | AM:0.1000000000 | MS:0.1000000000 | PTC:0.1000000000 | PVN:0.1000000000,2002-05-30,439
2002,24,2002-06-10,2002-06-14,2002-06-13,,2002-06-12,0.5,0.5,5,AM | MS | MSI | PTC | PVN,AM:0.1000000000 | MS:0.1000000000 | MSI:0.1000000000 | PTC:0.1000000000 | PVN:0.1000000000,2002-06-11,439
2002,25,2002-06-17,2002-06-21,2002-06-20,,2002-06-19,0.5,0.5,5,AM | MS | MSI | PTC | PVN,AM:0.1000000000 | MS:0.1000000000 | MSI:0.1000000000 | PTC:0.1000000000 | PVN:0.1000000000,2002-06-19,439
2002,26,2002-06-24,2002-06-28,2002-06-27,,2002-06-26,0.5,0.5,5,AM | DDS | OMX | PTC | SLR,AM:0.1000000000 | DDS:0.1000000000 | OMX:0.1000000000 | PTC:0.1000000000 | SLR:0.1000000000,2002-06-27,439
2002,27,2002-07-01,2002-07-05,2002-07-05,,2002-07-03,0.5,0.5,5,AM | DDS | MSI | OMX | PTC,AM:0.1000000000 | DDS:0.1000000000 | MSI:0.1000000000 | OMX:0.1000000000 | PTC:0.1000000000,2002-07-01,439
2002,28,2002-07-08,2002-07-12,2002-07-12,,2002-07-11,0.5,0.5,5,AM | DDS | MSI | PBG | TRV,AM:0.1000000000 | DDS:0.1000000000 | MSI:0.1000000000 | PBG:0.1000000000 | TRV:0.1000000000,2002-07-10,439
2002,29,2002-07-15,2002-07-19,2002-07-19,,2002-07-18,0.5,0.5,5,DDS | INTU | MSI | PBG | TRV,DDS:0.1000000000 | INTU:0.1000000000 | MSI:0.1000000000 | PBG:0.1000000000 | TRV:0.1000000000,2002-07-18,439
2002,30,2002-07-22,2002-07-26,2002-07-26,,2002-07-25,0.5,0.5,5,BMC | BSX | EBAY | INTU | TRV,BMC:0.1000000000 | BSX:0.1000000000 | EBAY:0.1000000000 | INTU:0.1000000000 | TRV:0.1000000000,2002-07-26,440
2002,31,2002-07-29,2002-08-02,2002-08-02,,2002-08-01,0.5,0.5,5,BSX | EBAY | INTU | PTC | TRV,BSX:0.1000000000 | EBAY:0.1000000000 | INTU:0.1000000000 | PTC:0.1000000000 | TRV:0.1000000000,2002-08-01,440
2002,32,2002-08-05,2002-08-09,2002-08-09,,2002-08-08,0.5,0.5,5,BSX | EBAY | INTU | PTC | TRV,BSX:0.1000000000 | EBAY:0.1000000000 | INTU:0.1000000000 | PTC:0.1000000000 | TRV:0.1000000000,2002-08-09,440
2002,33,2002-08-12,2002-08-16,2002-08-16,,2002-08-15,0.5,0.5,5,BSX | EBAY | INTU | NXTL | PTC,BSX:0.1000000000 | EBAY:0.1000000000 | INTU:0.1000000000 | NXTL:0.1000000000 | PTC:0.1000000000,2002-08-16,440
2002,34,2002-08-19,2002-08-23,2002-08-23,,2002-08-22,0.5,0.5,5,APOL | INTU | NXTL | ORCL | PTC,APOL:0.1000000000 | INTU:0.1000000000 | NXTL:0.1000000000 | ORCL:0.1000000000 | PTC:0.1000000000,2002-08-22,439
2002,35,2002-08-26,2002-08-30,2002-08-30,,2002-08-29,0.5,0.5,5,APOL | EMC | NXTL | ORCL | SBL,APOL:0.1000000000 | EMC:0.1000000000 | NXTL:0.1000000000 | ORCL:0.1000000000 | SBL:0.1000000000,2002-08-29,439
2002,36,2002-09-03,2002-09-06,,,2002-08-29,0.5,0.5,5,APOL | EMC | NXTL | ORCL | SBL,APOL:0.1000000000 | EMC:0.1000000000 | NXTL:0.1000000000 | ORCL:0.1000000000 | SBL:0.1000000000,2002-09-06,440
2002,37,2002-09-09,2002-09-13,2002-09-09,,2002-09-06,0.5,0.5,5,AMGN | APOL | NXTL | ORCL | SBL,AMGN:0.1000000000 | APOL:0.1000000000 | NXTL:0.1000000000 | ORCL:0.1000000000 | SBL:0.1000000000,2002-09-11,440
2002,38,2002-09-16,2002-09-20,2002-09-16,,2002-09-13,0.5,0.5,5,AMGN | APOL | CHIR | NXTL | ORCL,AMGN:0.1000000000 | APOL:0.1000000000 | CHIR:0.1000000000 | NXTL:0.1000000000 | ORCL:0.1000000000,2002-09-19,440
2002,39,2002-09-23,2002-09-27,2002-09-23,,2002-09-20,0.5,0.5,5,AMD | AMGN | GENZ | NXTL | ORCL,AMD:0.1000000000 | AMGN:0.1000000000 | GENZ:0.1000000000 | NXTL:0.1000000000 | ORCL:0.1000000000,2002-09-27,440
2002,40,2002-09-30,2002-10-04,2002-09-30,,2002-09-27,0.5,0.5,5,GENZ | NXTL | OMC | PSFT | Q,GENZ:0.1000000000 | NXTL:0.1000000000 | OMC:0.1000000000 | PSFT:0.1000000000 | Q:0.1000000000,2002-09-27,441
2002,41,2002-10-07,2002-10-11,2002-10-07,,2002-10-04,0.5,0.5,5,COP | EDS | NXTL | OMC | Q,COP:0.1000000000 | EDS:0.1000000000 | NXTL:0.1000000000 | OMC:0.1000000000 | Q:0.1000000000,2002-10-09,441
2002,42,2002-10-14,2002-10-18,2002-10-14,,2002-10-11,0.5,0.5,5,COP | NXTL | OMC | PVN | Q,COP:0.1000000000 | NXTL:0.1000000000 | OMC:0.1000000000 | PVN:0.1000000000 | Q:0.1000000000,2002-10-17,441
2002,43,2002-10-21,2002-10-25,2002-10-21,,2002-10-18,0.5,0.5,5,APOL | COP | KRB | PVN | Q,APOL:0.1000000000 | COP:0.1000000000 | KRB:0.1000000000 | PVN:0.1000000000 | Q:0.1000000000,2002-10-17,441
2002,44,2002-10-28,2002-11-01,2002-10-28,,2002-10-25,0.5,0.5,5,COP | NXTL | PVN | Q | XEL,COP:0.1000000000 | NXTL:0.1000000000 | PVN:0.1000000000 | Q:0.1000000000 | XEL:0.1000000000,2002-10-29,441
2002,45,2002-11-04,2002-11-08,2002-11-04,,2002-11-01,0.5,0.5,5,COP | NXTL | PVN | Q | XEL,COP:0.1000000000 | NXTL:0.1000000000 | PVN:0.1000000000 | Q:0.1000000000 | XEL:0.1000000000,2002-11-06,442
2002,46,2002-11-11,2002-11-15,2002-11-11,,2002-11-08,0.5,0.5,5,CCU | COP | NOVL | NXTL | Q,CCU:0.1000000000 | COP:0.1000000000 | NOVL:0.1000000000 | NXTL:0.1000000000 | Q:0.1000000000,2002-11-06,443
2002,47,2002-11-18,2002-11-22,2002-11-18,,2002-11-15,0.5,0.5,5,CCU | COP | NOVL | NXTL | Q,CCU:0.1000000000 | COP:0.1000000000 | NOVL:0.1000000000 | NXTL:0.1000000000 | Q:0.1000000000,2002-11-22,443
2002,48,2002-11-25,2002-11-29,2002-11-25,,2002-11-22,0.5,0.5,5,CA | COP | CPWR | NXTL | Q,CA:0.1000000000 | COP:0.1000000000 | CPWR:0.1000000000 | NXTL:0.1000000000 | Q:0.1000000000,2002-11-26,443
2002,49,2002-12-02,2002-12-06,2002-12-03,,2002-12-02,0.5,0.5,5,AWE | CA | CPWR | NXTL | TLAB,AWE:0.1000000000 | CA:0.1000000000 | CPWR:0.1000000000 | NXTL:0.1000000000 | TLAB:0.1000000000,2002-11-26,443
2002,50,2002-12-09,2002-12-13,2002-12-10,,2002-12-09,0.5,0.5,5,ADCT | AWE | NXTL | Q | TLAB,ADCT:0.1000000000 | AWE:0.1000000000 | NXTL:0.1000000000 | Q:0.1000000000 | TLAB:0.1000000000,2002-12-13,443
2002,51,2002-12-16,2002-12-20,2002-12-17,,2002-12-16,0.5,0.5,5,ADCT | GLW | NXTL | PWER | TLAB,ADCT:0.1000000000 | GLW:0.1000000000 | NXTL:0.1000000000 | PWER:0.1000000000 | TLAB:0.1000000000,2002-12-19,443
2002,52,2002-12-23,2002-12-27,2002-12-24,,2002-12-23,0.5,0.5,5,GLW | NXTL | PCS | PWER | T,GLW:0.1000000000 | NXTL:0.1000000000 | PCS:0.1000000000 | PWER:0.1000000000 | T:0.1000000000,2002-12-19,443
2003,1,2003-01-02,2003-12-31,2003-01-02 | 2003-12-30,,2003-12-29,1.0,0.0,5,AMD | FBF | LU | NOVL | PMCS,AMD:0.2000000000 | FBF:0.2000000000 | LU:0.2000000000 | NOVL:0.2000000000 | PMCS:0.2000000000,2003-12-24,446
2003,2,2003-01-06,2003-01-10,2003-01-09,,2003-01-08,0.5,0.5,5,GLW | LU | PCS | PWER | T,GLW:0.1000000000 | LU:0.1000000000 | PCS:0.1000000000 | PWER:0.1000000000 | T:0.1000000000,2003-01-08,444
2003,3,2003-01-13,2003-01-17,2003-01-16,,2003-01-15,0.5,0.5,5,AES | GLW | LU | PCS | T,AES:0.1000000000 | GLW:0.1000000000 | LU:0.1000000000 | PCS:0.1000000000 | T:0.1000000000,2003-01-08,444
2003,4,2003-01-21,2003-01-24,2003-01-24,,2003-01-23,0.5,0.5,5,AES | GLW | LU | SEE | T,AES:0.1000000000 | GLW:0.1000000000 | LU:0.1000000000 | SEE:0.1000000000 | T:0.1000000000,2003-01-21,444
2003,5,2003-01-27,2003-01-31,2003-01-31,,2003-01-30,0.5,0.5,5,AES | GLW | SANM | SEE | T,AES:0.1000000000 | GLW:0.1000000000 | SANM:0.1000000000 | SEE:0.1000000000 | T:0.1000000000,2003-01-29,444
2003,6,2003-02-03,2003-02-07,2003-02-07,,2003-02-06,0.5,0.5,5,AES | GLW | SANM | SEE | T,AES:0.1000000000 | GLW:0.1000000000 | SANM:0.1000000000 | SEE:0.1000000000 | T:0.1000000000,2003-01-29,444
2003,7,2003-02-10,2003-02-14,2003-02-14,,2003-02-13,0.5,0.5,5,AES | GLW | SANM | SEE | T,AES:0.1000000000 | GLW:0.1000000000 | SANM:0.1000000000 | SEE:0.1000000000 | T:0.1000000000,2003-01-29,444
2003,8,2003-02-18,2003-02-21,,,2003-02-13,0.5,0.5,5,AES | GLW | SANM | SEE | T,AES:0.1000000000 | GLW:0.1000000000 | SANM:0.1000000000 | SEE:0.1000000000 | T:0.1000000000,2003-02-21,443
2003,9,2003-02-24,2003-02-28,2003-02-24,,2003-02-21,0.5,0.5,5,AES | DYN | JNS | MDR | SEE,AES:0.1000000000 | DYN:0.1000000000 | JNS:0.1000000000 | MDR:0.1000000000 | SEE:0.1000000000,2003-02-28,443
2003,10,2003-03-03,2003-03-07,2003-03-03,,2003-02-28,0.5,0.5,5,AES | DYN | JNS | MDR | SEE,AES:0.1000000000 | DYN:0.1000000000 | JNS:0.1000000000 | MDR:0.1000000000 | SEE:0.1000000000,2003-02-28,444
2003,11,2003-03-10,2003-03-14,2003-03-10,,2003-03-07,0.5,0.5,5,AYE | DYN | JNS | MDR | WMB,AYE:0.1000000000 | DYN:0.1000000000 | JNS:0.1000000000 | MDR:0.1000000000 | WMB:0.1000000000,2003-03-14,445
2003,12,2003-03-17,2003-03-21,2003-03-17,,2003-03-14,0.5,0.5,5,DYN | JNS | MDR | MSI | WMB,DYN:0.1000000000 | JNS:0.1000000000 | MDR:0.1000000000 | MSI:0.1000000000 | WMB:0.1000000000,2003-03-21,446
2003,13,2003-03-24,2003-03-28,2003-03-24,,2003-03-21,0.5,0.5,5,DYN | GLW | JNS | MSI | WMB,DYN:0.1000000000 | GLW:0.1000000000 | JNS:0.1000000000 | MSI:0.1000000000 | WMB:0.1000000000,2003-03-28,446
2003,14,2003-03-31,2003-04-04,2003-03-31,,2003-03-28,0.5,0.5,5,DYN | GLW | JNS | MSI | WMB,DYN:0.1000000000 | GLW:0.1000000000 | JNS:0.1000000000 | MSI:0.1000000000 | WMB:0.1000000000,2003-04-04,445
2003,15,2003-04-07,2003-04-11,2003-04-07,,2003-04-04,0.5,0.5,5,DYN | GLW | MSI | SBL | WMB,DYN:0.1000000000 | GLW:0.1000000000 | MSI:0.1000000000 | SBL:0.1000000000 | WMB:0.1000000000,2003-04-07,446
2003,16,2003-04-14,2003-04-17,2003-04-14,,2003-04-11,0.5,0.5,5,DYN | GLW | MSI | SBL | WMB,DYN:0.1000000000 | GLW:0.1000000000 | MSI:0.1000000000 | SBL:0.1000000000 | WMB:0.1000000000,2003-04-17,446
2003,17,2003-04-21,2003-04-25,2003-04-22,,2003-04-21,0.5,0.5,5,GLW | LLTC | MSI | NSM | NVDA,GLW:0.1000000000 | LLTC:0.1000000000 | MSI:0.1000000000 | NSM:0.1000000000 | NVDA:0.1000000000,2003-04-25,446
2003,18,2003-04-28,2003-05-02,2003-04-29,,2003-04-28,0.5,0.5,5,GLW | LLTC | MSI | NSM | NVDA,GLW:0.1000000000 | LLTC:0.1000000000 | MSI:0.1000000000 | NSM:0.1000000000 | NVDA:0.1000000000,2003-04-28,446
2003,19,2003-05-05,2003-05-09,2003-05-06,,2003-05-05,0.5,0.5,5,DYN | GLW | MSI | NSM | NVDA,DYN:0.1000000000 | GLW:0.1000000000 | MSI:0.1000000000 | NSM:0.1000000000 | NVDA:0.1000000000,2003-05-08,446
2003,20,2003-05-12,2003-05-16,2003-05-13,,2003-05-12,0.5,0.5,5,DYN | MSI | NSM | NVDA | WMB,DYN:0.1000000000 | MSI:0.1000000000 | NSM:0.1000000000 | NVDA:0.1000000000 | WMB:0.1000000000,2003-05-16,446
2003,21,2003-05-19,2003-05-23,2003-05-20,,2003-05-19,0.5,0.5,5,AES | DYN | EP | MSI | WMB,AES:0.1000000000 | DYN:0.1000000000 | EP:0.1000000000 | MSI:0.1000000000 | WMB:0.1000000000,2003-05-16,446
2003,22,2003-05-27,2003-05-30,2003-05-28,,2003-05-27,0.5,0.5,5,AES | DYN | EP | MIR | WMB,AES:0.1000000000 | DYN:0.1000000000 | EP:0.1000000000 | MIR:0.1000000000 | WMB:0.1000000000,2003-05-29,446
2003,23,2003-06-02,2003-06-06,2003-06-04,,2003-06-03,0.5,0.5,5,AES | DYN | EP | MIR | WMB,AES:0.1000000000 | DYN:0.1000000000 | EP:0.1000000000 | MIR:0.1000000000 | WMB:0.1000000000,2003-06-06,446
2003,24,2003-06-09,2003-06-13,2003-06-11,,2003-06-10,0.5,0.5,5,AES | AV | DYN | MIR | WMB,AES:0.1000000000 | AV:0.1000000000 | DYN:0.1000000000 | MIR:0.1000000000 | WMB:0.1000000000,2003-06-06,446
2003,25,2003-06-16,2003-06-20,2003-06-18,,2003-06-17,0.5,0.5,5,AES | AV | DYN | MIR | WMB,AES:0.1000000000 | AV:0.1000000000 | DYN:0.1000000000 | MIR:0.1000000000 | WMB:0.1000000000,2003-06-18,446
2003,26,2003-06-23,2003-06-27,2003-06-25,,2003-06-24,1.0,0.0,5,AES | AV | DYN | MIR | WMB,AES:0.2000000000 | AV:0.2000000000 | DYN:0.2000000000 | MIR:0.2000000000 | WMB:0.2000000000,2003-06-26,446
2003,27,2003-06-30,2003-07-03,2003-07-02,,2003-07-01,1.0,0.0,5,AES | ATI | AV | DYN | MIR,AES:0.2000000000 | ATI:0.2000000000 | AV:0.2000000000 | DYN:0.2000000000 | MIR:0.2000000000,2003-06-26,446
2003,28,2003-07-07,2003-07-11,2003-07-10,,2003-07-09,1.0,0.0,5,AES | ATI | AV | DYN | MDR,AES:0.2000000000 | ATI:0.2000000000 | AV:0.2000000000 | DYN:0.2000000000 | MDR:0.2000000000,2003-07-09,446
2003,29,2003-07-14,2003-07-18,2003-07-17,,2003-07-16,1.0,0.0,5,AES | ATI | AV | BRCM | MDR,AES:0.2000000000 | ATI:0.2000000000 | AV:0.2000000000 | BRCM:0.2000000000 | MDR:0.2000000000,2003-07-18,446
2003,30,2003-07-21,2003-07-25,2003-07-24,,2003-07-23,1.0,0.0,5,ATI | AV | MDR | NVDA | PMCS,ATI:0.2000000000 | AV:0.2000000000 | MDR:0.2000000000 | NVDA:0.2000000000 | PMCS:0.2000000000,2003-07-21,446
2003,31,2003-07-28,2003-08-01,2003-07-31,,2003-07-30,1.0,0.0,5,ATI | AV | MDR | NVDA | PMCS,ATI:0.2000000000 | AV:0.2000000000 | MDR:0.2000000000 | NVDA:0.2000000000 | PMCS:0.2000000000,2003-07-29,445
2003,32,2003-08-04,2003-08-08,2003-08-07,,2003-08-06,1.0,0.0,5,AV | BRCM | MDR | NVDA | PMCS,AV:0.2000000000 | BRCM:0.2000000000 | MDR:0.2000000000 | NVDA:0.2000000000 | PMCS:0.2000000000,2003-08-06,445
2003,33,2003-08-11,2003-08-15,2003-08-14,,2003-08-13,1.0,0.0,5,ATI | BRCM | PCS | PMCS | SLR,ATI:0.2000000000 | BRCM:0.2000000000 | PCS:0.2000000000 | PMCS:0.2000000000 | SLR:0.2000000000,2003-08-06,445
2003,34,2003-08-18,2003-08-22,2003-08-21,,2003-08-20,1.0,0.0,5,LSI | OMX | PCS | PWER | SLR,LSI:0.2000000000 | OMX:0.2000000000 | PCS:0.2000000000 | PWER:0.2000000000 | SLR:0.2000000000,2003-08-22,445
2003,35,2003-08-25,2003-08-29,2003-08-28,,2003-08-27,1.0,0.0,5,LSI | OMX | PCS | PWER | SLR,LSI:0.2000000000 | OMX:0.2000000000 | PCS:0.2000000000 | PWER:0.2000000000 | SLR:0.2000000000,2003-08-26,445
2003,36,2003-09-02,2003-09-05,2003-09-05,,2003-09-04,1.0,0.0,5,GTW | LSI | OMX | PWER | SLR,GTW:0.2000000000 | LSI:0.2000000000 | OMX:0.2000000000 | PWER:0.2000000000 | SLR:0.2000000000,2003-08-26,445
2003,37,2003-09-08,2003-09-12,2003-09-12,,2003-09-11,1.0,0.0,5,AV | GTW | LSI | OMX | PWER,AV:0.2000000000 | GTW:0.2000000000 | LSI:0.2000000000 | OMX:0.2000000000 | PWER:0.2000000000,2003-09-12,445
2003,38,2003-09-15,2003-09-19,2003-09-19,,2003-09-18,1.0,0.0,5,AV | GTW | LSI | OMX | PWER,AV:0.2000000000 | GTW:0.2000000000 | LSI:0.2000000000 | OMX:0.2000000000 | PWER:0.2000000000,2003-09-16,445
2003,39,2003-09-22,2003-09-26,2003-09-26,,2003-09-25,1.0,0.0,5,AV | GTW | LSI | OMX | PWER,AV:0.2000000000 | GTW:0.2000000000 | LSI:0.2000000000 | OMX:0.2000000000 | PWER:0.2000000000,2003-09-26,445
2003,40,2003-09-29,2003-10-03,2003-10-03,,2003-10-02,1.0,0.0,5,AV | GTW | LSI | PWER | SLR,AV:0.2000000000 | GTW:0.2000000000 | LSI:0.2000000000 | PWER:0.2000000000 | SLR:0.2000000000,2003-10-03,445
2003,41,2003-10-06,2003-10-10,2003-10-10,,2003-10-09,1.0,0.0,5,AV | GT | GTW | MS | SLR,AV:0.2000000000 | GT:0.2000000000 | GTW:0.2000000000 | MS:0.2000000000 | SLR:0.2000000000,2003-10-06,445
2003,42,2003-10-13,2003-10-17,2003-10-17,,2003-10-16,1.0,0.0,5,AV | GT | GTW | MS | NSM,AV:0.2000000000 | GT:0.2000000000 | GTW:0.2000000000 | MS:0.2000000000 | NSM:0.2000000000,2003-10-16,446
2003,43,2003-10-20,2003-10-24,2003-10-24,,2003-10-23,1.0,0.0,5,GT | GTW | MS | NEM | NSM,GT:0.2000000000 | GTW:0.2000000000 | MS:0.2000000000 | NEM:0.2000000000 | NSM:0.2000000000,2003-10-24,446
2003,44,2003-10-27,2003-10-31,2003-10-31,,2003-10-30,1.0,0.0,5,AMD | MS | MSI | NOVL | NSM,AMD:0.2000000000 | MS:0.2000000000 | MSI:0.2000000000 | NOVL:0.2000000000 | NSM:0.2000000000,2003-10-24,446
2003,45,2003-11-03,2003-11-07,2003-11-07,,2003-11-06,1.0,0.0,5,AMD | MS | NOVL | NSM | PMCS,AMD:0.2000000000 | MS:0.2000000000 | NOVL:0.2000000000 | NSM:0.2000000000 | PMCS:0.2000000000,2003-11-05,446
2003,46,2003-11-10,2003-11-14,2003-11-14,,2003-11-13,1.0,0.0,5,AMD | MS | NOVL | NSM | PMCS,AMD:0.2000000000 | MS:0.2000000000 | NOVL:0.2000000000 | NSM:0.2000000000 | PMCS:0.2000000000,2003-11-14,446
2003,47,2003-11-17,2003-11-21,2003-11-21,,2003-11-20,1.0,0.0,5,AMD | MS | NOVL | NSM | PMCS,AMD:0.2000000000 | MS:0.2000000000 | NOVL:0.2000000000 | NSM:0.2000000000 | PMCS:0.2000000000,2003-11-17,446
2003,48,2003-11-24,2003-11-28,,,2003-11-20,1.0,0.0,5,AMD | MS | NOVL | NSM | PMCS,AMD:0.2000000000 | MS:0.2000000000 | NOVL:0.2000000000 | NSM:0.2000000000 | PMCS:0.2000000000,2003-11-25,446
2003,49,2003-12-01,2003-12-05,2003-12-01,,2003-11-28,1.0,0.0,5,AMD | LU | MS | NSM | PMCS,AMD:0.2000000000 | LU:0.2000000000 | MS:0.2000000000 | NSM:0.2000000000 | PMCS:0.2000000000,2003-12-04,446
2003,50,2003-12-08,2003-12-12,2003-12-08,,2003-12-05,1.0,0.0,5,AMD | LU | MS | NSM | PMCS,AMD:0.2000000000 | LU:0.2000000000 | MS:0.2000000000 | NSM:0.2000000000 | PMCS:0.2000000000,2003-12-04,447
2003,51,2003-12-15,2003-12-19,2003-12-15,,2003-12-12,1.0,0.0,5,AMD | FBF | LU | NOVL | PMCS,AMD:0.2000000000 | FBF:0.2000000000 | LU:0.2000000000 | NOVL:0.2000000000 | PMCS:0.2000000000,2003-12-16,446
2003,52,2003-12-22,2003-12-26,2003-12-22,,2003-12-19,1.0,0.0,5,AMD | FBF | LU | NOVL | PMCS,AMD:0.2000000000 | FBF:0.2000000000 | LU:0.2000000000 | NOVL:0.2000000000 | PMCS:0.2000000000,2003-12-24,446
2004,1,2004-01-02,2004-01-02,,,2003-12-29,1.0,0.0,5,AMD | FBF | LU | NOVL | PMCS,AMD:0.2000000000 | FBF:0.2000000000 | LU:0.2000000000 | NOVL:0.2000000000 | PMCS:0.2000000000,2003-12-24,447
2004,2,2004-01-05,2004-01-09,2004-01-07,,2004-01-06,1.0,0.0,5,ALTR | AMD | LU | MS | NOVL,ALTR:0.2000000000 | AMD:0.2000000000 | LU:0.2000000000 | MS:0.2000000000 | NOVL:0.2000000000,2004-01-07,446
2004,3,2004-01-12,2004-01-16,2004-01-14,,2004-01-13,1.0,0.0,5,ATI | CMI | LU | NOVL | SBL,ATI:0.2000000000 | CMI:0.2000000000 | LU:0.2000000000 | NOVL:0.2000000000 | SBL:0.2000000000,2004-01-15,446
2004,4,2004-01-20,2004-01-23,2004-01-22,,2004-01-21,1.0,0.0,5,ATI | CMI | NOVL | SBL | X,ATI:0.2000000000 | CMI:0.2000000000 | NOVL:0.2000000000 | SBL:0.2000000000 | X:0.2000000000,2004-01-15,446
2004,5,2004-01-26,2004-01-30,2004-01-29,,2004-01-28,1.0,0.0,5,ATI | CMI | NOVL | SBL | X,ATI:0.2000000000 | CMI:0.2000000000 | NOVL:0.2000000000 | SBL:0.2000000000 | X:0.2000000000,2004-01-28,446
2004,6,2004-02-02,2004-02-06,2004-02-05,,2004-02-04,1.0,0.0,5,ATI | CMI | NOVL | SBL | X,ATI:0.2000000000 | CMI:0.2000000000 | NOVL:0.2000000000 | SBL:0.2000000000 | X:0.2000000000,2004-02-05,446
2004,7,2004-02-09,2004-02-13,2004-02-12,,2004-02-11,1.0,0.0,5,ADCT | ATI | CMI | NOVL | X,ADCT:0.2000000000 | ATI:0.2000000000 | CMI:0.2000000000 | NOVL:0.2000000000 | X:0.2000000000,2004-02-05,446
2004,8,2004-02-17,2004-02-20,2004-02-20,,2004-02-19,1.0,0.0,5,ADCT | ATI | CMI | MS | PCS,ADCT:0.2000000000 | ATI:0.2000000000 | CMI:0.2000000000 | MS:0.2000000000 | PCS:0.2000000000,2004-02-18,446
2004,9,2004-02-23,2004-02-27,2004-02-27,,2004-02-26,1.0,0.0,5,ADCT | CMI | MS | PCS | PWER,ADCT:0.2000000000 | CMI:0.2000000000 | MS:0.2000000000 | PCS:0.2000000000 | PWER:0.2000000000,2004-02-27,446
2004,10,2004-03-01,2004-03-05,2004-03-05,,2004-03-04,1.0,0.0,5,ADCT | CMI | MS | PCS | PWER,ADCT:0.2000000000 | CMI:0.2000000000 | MS:0.2000000000 | PCS:0.2000000000 | PWER:0.2000000000,2004-03-01,447
2004,11,2004-03-08,2004-03-12,2004-03-12,,2004-03-11,1.0,0.0,5,ANDW | CMI | MS | PCS | PWER,ANDW:0.2000000000 | CMI:0.2000000000 | MS:0.2000000000 | PCS:0.2000000000 | PWER:0.2000000000,2004-03-09,447
2004,12,2004-03-15,2004-03-19,2004-03-19,,2004-03-18,1.0,0.0,5,ANDW | AV | MS | PCS | PWER,ANDW:0.2000000000 | AV:0.2000000000 | MS:0.2000000000 | PCS:0.2000000000 | PWER:0.2000000000,2004-03-17,447
2004,13,2004-03-22,2004-03-26,2004-03-26,,2004-03-25,1.0,0.0,5,ANDW | AV | AWE | MS | PCS,ANDW:0.2000000000 | AV:0.2000000000 | AWE:0.2000000000 | MS:0.2000000000 | PCS:0.2000000000,2004-03-26,446
2004,14,2004-03-29,2004-04-02,2004-04-02,,2004-04-01,1.0,0.0,5,ANDW | AV | AWE | MS | PCS,ANDW:0.2000000000 | AV:0.2000000000 | AWE:0.2000000000 | MS:0.2000000000 | PCS:0.2000000000,2004-04-02,446
2004,15,2004-04-05,2004-04-08,,,2004-04-01,1.0,0.0,5,ANDW | AV | AWE | MS | PCS,ANDW:0.2000000000 | AV:0.2000000000 | AWE:0.2000000000 | MS:0.2000000000 | PCS:0.2000000000,2004-04-08,446
2004,16,2004-04-12,2004-04-16,2004-04-12,,2004-04-08,1.0,0.0,5,AWE | CFC | MS | PCS | TOY,AWE:0.2000000000 | CFC:0.2000000000 | MS:0.2000000000 | PCS:0.2000000000 | TOY:0.2000000000,2004-04-08,446
2004,17,2004-04-19,2004-04-23,2004-04-19,2004-04-23,2004-04-16,0.8,0.2,4,AWE | CFC | GTW | PHM,AWE:0.2000000000 | CFC:0.2000000000 | GTW:0.2000000000 | PHM:0.2000000000,2004-04-23,447
2004,18,2004-04-26,2004-04-30,2004-04-26,,2004-04-23,1.0,0.0,5,AWE | CMX | GTW | LB | PHM,AWE:0.2000000000 | CMX:0.2000000000 | GTW:0.2000000000 | LB:0.2000000000 | PHM:0.2000000000,2004-04-30,447
2004,19,2004-05-03,2004-05-07,2004-05-03,,2004-04-30,1.0,0.0,5,ATI | AWE | LB | LPX | PHM,ATI:0.2000000000 | AWE:0.2000000000 | LB:0.2000000000 | LPX:0.2000000000 | PHM:0.2000000000,2004-05-07,447
2004,20,2004-05-10,2004-05-14,2004-05-10,,2004-05-07,1.0,0.0,5,ATI | AWE | CMI | GTW | LB,ATI:0.2000000000 | AWE:0.2000000000 | CMI:0.2000000000 | GTW:0.2000000000 | LB:0.2000000000,2004-05-14,447
2004,21,2004-05-17,2004-05-21,2004-05-17,,2004-05-14,1.0,0.0,5,AAPL | ANDW | CMI | GTW | LB,AAPL:0.2000000000 | ANDW:0.2000000000 | CMI:0.2000000000 | GTW:0.2000000000 | LB:0.2000000000,2004-05-17,447
2004,22,2004-05-24,2004-05-28,2004-05-24,,2004-05-21,1.0,0.0,5,AAPL | ANDW | CMI | GTW | LB,AAPL:0.2000000000 | ANDW:0.2000000000 | CMI:0.2000000000 | GTW:0.2000000000 | LB:0.2000000000,2004-05-27,447
2004,23,2004-06-01,2004-06-04,2004-06-01,,2004-05-28,1.0,0.0,5,AAPL | ACV | CMI | LB | TXU,AAPL:0.2000000000 | ACV:0.2000000000 | CMI:0.2000000000 | LB:0.2000000000 | TXU:0.2000000000,2004-06-04,447
2004,24,2004-06-07,2004-06-10,2004-06-08,,2004-06-07,1.0,0.0,5,ADBE | CMI | DELL | HSP | TXU,ADBE:0.2000000000 | CMI:0.2000000000 | DELL:0.2000000000 | HSP:0.2000000000 | TXU:0.2000000000,2004-06-07,447
2004,25,2004-06-14,2004-06-18,2004-06-16,,2004-06-15,1.0,0.0,5,ADBE | CF | HSP | THC | TXU,ADBE:0.2000000000 | CF:0.2000000000 | HSP:0.2000000000 | THC:0.2000000000 | TXU:0.2000000000,2004-06-18,448
2004,26,2004-06-21,2004-06-25,2004-06-23,,2004-06-22,1.0,0.0,5,BIIB | CF | HSP | RHI | TXU,BIIB:0.2000000000 | CF:0.2000000000 | HSP:0.2000000000 | RHI:0.2000000000 | TXU:0.2000000000,2004-06-25,448
2004,27,2004-06-28,2004-07-02,2004-06-30,,2004-06-29,1.0,0.0,5,CF | HSP | RHI | TSG | TXU,CF:0.2000000000 | HSP:0.2000000000 | RHI:0.2000000000 | TSG:0.2000000000 | TXU:0.2000000000,2004-07-02,448
2004,28,2004-07-06,2004-07-09,2004-07-08,,2004-07-07,1.0,0.0,5,CF | HSP | RHI | THC | TXU,CF:0.2000000000 | HSP:0.2000000000 | RHI:0.2000000000 | THC:0.2000000000 | TXU:0.2000000000,2004-07-09,448
2004,29,2004-07-12,2004-07-16,2004-07-15,,2004-07-14,1.0,0.0,5,CF | HSP | RHI | THC | TXU,CF:0.2000000000 | HSP:0.2000000000 | RHI:0.2000000000 | THC:0.2000000000 | TXU:0.2000000000,2004-07-16,448
2004,30,2004-07-19,2004-07-23,2004-07-22,,2004-07-21,1.0,0.0,5,ATI | CF | HSP | THC | TXU,ATI:0.2000000000 | CF:0.2000000000 | HSP:0.2000000000 | THC:0.2000000000 | TXU:0.2000000000,2004-07-19,448
2004,31,2004-07-26,2004-07-30,2004-07-29,,2004-07-28,1.0,0.0,5,ATI | CF | CFC | DDS | HSP,ATI:0.2000000000 | CF:0.2000000000 | CFC:0.2000000000 | DDS:0.2000000000 | HSP:0.2000000000,2004-07-29,448
2004,32,2004-08-02,2004-08-06,2004-08-05,,2004-08-04,1.0,0.0,5,ATI | CF | CFC | DDS | SLR,ATI:0.2000000000 | CF:0.2000000000 | CFC:0.2000000000 | DDS:0.2000000000 | SLR:0.2000000000,2004-08-06,449
2004,33,2004-08-09,2004-08-13,2004-08-12,,2004-08-11,1.0,0.0,5,AES | ATI | CFC | DDS | X,AES:0.2000000000 | ATI:0.2000000000 | CFC:0.2000000000 | DDS:0.2000000000 | X:0.2000000000,2004-08-10,449
2004,34,2004-08-16,2004-08-20,2004-08-19,,2004-08-18,1.0,0.0,5,AES | ATI | CFC | DDS | X,AES:0.2000000000 | ATI:0.2000000000 | CFC:0.2000000000 | DDS:0.2000000000 | X:0.2000000000,2004-08-18,449
2004,35,2004-08-23,2004-08-27,2004-08-26,,2004-08-25,1.0,0.0,5,ATI | CFC | DDS | MS | X,ATI:0.2000000000 | CFC:0.2000000000 | DDS:0.2000000000 | MS:0.2000000000 | X:0.2000000000,2004-08-26,449
2004,36,2004-08-30,2004-09-03,2004-09-02,,2004-09-01,1.0,0.0,5,ATI | CFC | GT | NUE | X,ATI:0.2000000000 | CFC:0.2000000000 | GT:0.2000000000 | NUE:0.2000000000 | X:0.2000000000,2004-09-02,449
2004,37,2004-09-07,2004-09-10,2004-09-10,,2004-09-09,1.0,0.0,5,ATI | GT | NUE | PD | X,ATI:0.2000000000 | GT:0.2000000000 | NUE:0.2000000000 | PD:0.2000000000 | X:0.2000000000,2004-09-08,449
2004,38,2004-09-13,2004-09-17,2004-09-17,,2004-09-16,1.0,0.0,5,ATI | GT | NUE | PD | X,ATI:0.2000000000 | GT:0.2000000000 | NUE:0.2000000000 | PD:0.2000000000 | X:0.2000000000,2004-09-16,449
2004,39,2004-09-20,2004-09-24,2004-09-24,,2004-09-23,1.0,0.0,5,ATI | GENZ | HUM | LB | LPX,ATI:0.2000000000 | GENZ:0.2000000000 | HUM:0.2000000000 | LB:0.2000000000 | LPX:0.2000000000,2004-09-16,449
2004,40,2004-09-27,2004-10-01,2004-10-01,,2004-09-30,1.0,0.0,5,FCX | GENZ | GT | HUM | LB,FCX:0.2000000000 | GENZ:0.2000000000 | GT:0.2000000000 | HUM:0.2000000000 | LB:0.2000000000,2004-09-28,449
2004,41,2004-10-04,2004-10-08,2004-10-08,,2004-10-07,1.0,0.0,5,GENZ | GT | HUM | PHM | TLAB,GENZ:0.2000000000 | GT:0.2000000000 | HUM:0.2000000000 | PHM:0.2000000000 | TLAB:0.2000000000,2004-10-06,449
2004,42,2004-10-11,2004-10-15,2004-10-15,,2004-10-14,1.0,0.0,5,ADSK | NTAP | PHM | QLGC | TLAB,ADSK:0.2000000000 | NTAP:0.2000000000 | PHM:0.2000000000 | QLGC:0.2000000000 | TLAB:0.2000000000,2004-10-06,449
2004,43,2004-10-18,2004-10-22,2004-10-22,,2004-10-21,1.0,0.0,5,ADSK | KBH | NTAP | PHM | QLGC,ADSK:0.2000000000 | KBH:0.2000000000 | NTAP:0.2000000000 | PHM:0.2000000000 | QLGC:0.2000000000,2004-10-22,449
2004,44,2004-10-25,2004-10-29,2004-10-29,,2004-10-28,1.0,0.0,5,ADSK | HSP | KBH | NTAP | QLGC,ADSK:0.2000000000 | HSP:0.2000000000 | KBH:0.2000000000 | NTAP:0.2000000000 | QLGC:0.2000000000,2004-10-28,448
2004,45,2004-11-01,2004-11-05,2004-11-05,,2004-11-04,1.0,0.0,5,ADSK | ANDW | NTAP | NVDA | QLGC,ADSK:0.2000000000 | ANDW:0.2000000000 | NTAP:0.2000000000 | NVDA:0.2000000000 | QLGC:0.2000000000,2004-11-05,449
2004,46,2004-11-08,2004-11-12,2004-11-12,,2004-11-11,1.0,0.0,5,ADSK | ANDW | NTAP | NVDA | QLGC,ADSK:0.2000000000 | ANDW:0.2000000000 | NTAP:0.2000000000 | NVDA:0.2000000000 | QLGC:0.2000000000,2004-11-12,449
2004,47,2004-11-15,2004-11-19,2004-11-19,,2004-11-18,1.0,0.0,5,AAPL | AMD | GTW | NTAP | Q,AAPL:0.2000000000 | AMD:0.2000000000 | GTW:0.2000000000 | NTAP:0.2000000000 | Q:0.2000000000,2004-11-15,449
2004,48,2004-11-22,2004-11-26,,,2004-11-18,1.0,0.0,5,AAPL | AMD | GTW | NTAP | Q,AAPL:0.2000000000 | AMD:0.2000000000 | GTW:0.2000000000 | NTAP:0.2000000000 | Q:0.2000000000,2004-11-26,448
2004,49,2004-11-29,2004-12-03,2004-11-29,,2004-11-26,1.0,0.0,5,AAPL | AMD | CIEN | CTXS | VRTS,AAPL:0.2000000000 | AMD:0.2000000000 | CIEN:0.2000000000 | CTXS:0.2000000000 | VRTS:0.2000000000,2004-12-03,449
2004,50,2004-12-06,2004-12-10,2004-12-06,,2004-12-03,1.0,0.0,5,AAPL | AMD | CIEN | CTXS | VRTS,AAPL:0.2000000000 | AMD:0.2000000000 | CIEN:0.2000000000 | CTXS:0.2000000000 | VRTS:0.2000000000,2004-12-08,449
2004,51,2004-12-13,2004-12-17,2004-12-13,,2004-12-10,1.0,0.0,5,AAPL | AMD | ANDW | CTXS | NVDA,AAPL:0.2000000000 | AMD:0.2000000000 | ANDW:0.2000000000 | CTXS:0.2000000000 | NVDA:0.2000000000,2004-12-16,449
2004,52,2004-12-20,2004-12-23,2004-12-20,,2004-12-17,1.0,0.0,5,AAPL | AMD | CIEN | CTXS | VRTS,AAPL:0.2000000000 | AMD:0.2000000000 | CIEN:0.2000000000 | CTXS:0.2000000000 | VRTS:0.2000000000,2004-12-23,448
2004,53,2004-12-27,2004-12-31,2004-12-28,,2004-12-27,1.0,0.0,5,AAPL | AMD | CIEN | CTXS | VRTS,AAPL:0.2000000000 | AMD:0.2000000000 | CIEN:0.2000000000 | CTXS:0.2000000000 | VRTS:0.2000000000,2004-12-30,448
2005,1,2005-01-03,2005-01-07,2005-01-04,,2005-01-03,1.0,0.0,5,AAPL | AMD | GTW | LB | PWER,AAPL:0.2000000000 | AMD:0.2000000000 | GTW:0.2000000000 | LB:0.2000000000 | PWER:0.2000000000,2005-01-06,448
2005,2,2005-01-10,2005-01-14,2005-01-11,,2005-01-10,1.0,0.0,5,AAPL | AMD | LB | NVDA | PWER,AAPL:0.2000000000 | AMD:0.2000000000 | LB:0.2000000000 | NVDA:0.2000000000 | PWER:0.2000000000,2005-01-14,448
2005,3,2005-01-18,2005-01-21,2005-01-19,,2005-01-18,1.0,0.0,5,AMD | ATI | LB | NVDA | PWER,AMD:0.2000000000 | ATI:0.2000000000 | LB:0.2000000000 | NVDA:0.2000000000 | PWER:0.2000000000,2005-01-14,448
2005,4,2005-01-24,2005-01-28,2005-01-26,,2005-01-25,1.0,0.0,5,AMD | GT | LB | NVDA | S,AMD:0.2000000000 | GT:0.2000000000 | LB:0.2000000000 | NVDA:0.2000000000 | S:0.2000000000,2005-01-27,447
2005,5,2005-01-31,2005-02-04,2005-02-02,,2005-02-01,1.0,0.0,5,CIEN | GT | LB | NVDA | S,CIEN:0.2000000000 | GT:0.2000000000 | LB:0.2000000000 | NVDA:0.2000000000 | S:0.2000000000,2005-02-04,447
2005,6,2005-02-07,2005-02-11,2005-02-09,,2005-02-08,1.0,0.0,5,AAPL | CIEN | GT | LB | NVDA,AAPL:0.2000000000 | CIEN:0.2000000000 | GT:0.2000000000 | LB:0.2000000000 | NVDA:0.2000000000,2005-02-04,448
2005,7,2005-02-14,2005-02-18,2005-02-16,,2005-02-15,1.0,0.0,5,AAPL | GT | LB | NTAP | NVDA,AAPL:0.2000000000 | GT:0.2000000000 | LB:0.2000000000 | NTAP:0.2000000000 | NVDA:0.2000000000,2005-02-16,448
2005,8,2005-02-22,2005-02-25,2005-02-24,,2005-02-23,1.0,0.0,5,AAPL | CFC | GT | HUM | MS,AAPL:0.2000000000 | CFC:0.2000000000 | GT:0.2000000000 | HUM:0.2000000000 | MS:0.2000000000,2005-02-25,448
2005,9,2005-02-28,2005-03-04,2005-03-03,,2005-03-02,1.0,0.0,5,GT | HUM | MAY | MS | NVDA,GT:0.2000000000 | HUM:0.2000000000 | MAY:0.2000000000 | MS:0.2000000000 | NVDA:0.2000000000,2005-02-25,448
2005,10,2005-03-07,2005-03-11,2005-03-10,,2005-03-09,1.0,0.0,5,CPWR | HUM | MS | PHM | VLO,CPWR:0.2000000000 | HUM:0.2000000000 | MS:0.2000000000 | PHM:0.2000000000 | VLO:0.2000000000,2005-03-09,448
2005,11,2005-03-14,2005-03-18,2005-03-17,,2005-03-16,1.0,0.0,5,AAPL | CPWR | LSI | MS | VLO,AAPL:0.2000000000 | CPWR:0.2000000000 | LSI:0.2000000000 | MS:0.2000000000 | VLO:0.2000000000,2005-03-17,448
2005,12,2005-03-21,2005-03-24,2005-03-24,,2005-03-23,1.0,0.0,5,AAPL | LSI | MS | NVDA | VLO,AAPL:0.2000000000 | LSI:0.2000000000 | MS:0.2000000000 | NVDA:0.2000000000 | VLO:0.2000000000,2005-03-21,449
2005,13,2005-03-28,2005-04-01,2005-04-01,,2005-03-31,1.0,0.0,5,AAPL | MS | NVDA | VLO | XTO,AAPL:0.2000000000 | MS:0.2000000000 | NVDA:0.2000000000 | VLO:0.2000000000 | XTO:0.2000000000,2005-03-30,449
2005,14,2005-04-04,2005-04-08,2005-04-08,,2005-04-07,1.0,0.0,5,AAPL | MS | UCL | VLO | XTO,AAPL:0.2000000000 | MS:0.2000000000 | UCL:0.2000000000 | VLO:0.2000000000 | XTO:0.2000000000,2005-04-07,448
2005,15,2005-04-11,2005-04-15,2005-04-15,,2005-04-14,1.0,0.0,5,AAPL | MS | UCL | VLO | XTO,AAPL:0.2000000000 | MS:0.2000000000 | UCL:0.2000000000 | VLO:0.2000000000 | XTO:0.2000000000,2005-04-07,449
2005,16,2005-04-18,2005-04-22,2005-04-22,,2005-04-21,1.0,0.0,5,CPWR | MS | NOV | UCL | VLO,CPWR:0.2000000000 | MS:0.2000000000 | NOV:0.2000000000 | UCL:0.2000000000 | VLO:0.2000000000,2005-04-19,449
2005,17,2005-04-25,2005-04-29,2005-04-29,,2005-04-28,1.0,0.0,5,MS | NOV | SDS | UCL | VLO,MS:0.2000000000 | NOV:0.2000000000 | SDS:0.2000000000 | UCL:0.2000000000 | VLO:0.2000000000,2005-04-27,449
2005,18,2005-05-02,2005-05-06,2005-05-06,,2005-05-05,1.0,0.0,5,LB | MS | NOV | SDS | VLO,LB:0.2000000000 | MS:0.2000000000 | NOV:0.2000000000 | SDS:0.2000000000 | VLO:0.2000000000,2005-04-27,449
2005,19,2005-05-09,2005-05-13,2005-05-13,,2005-05-12,1.0,0.0,5,LB | NOV | PTC | SDS | VLO,LB:0.2000000000 | NOV:0.2000000000 | PTC:0.2000000000 | SDS:0.2000000000 | VLO:0.2000000000,2005-05-13,448
2005,20,2005-05-16,2005-05-20,2005-05-20,,2005-05-19,1.0,0.0,5,LB | NOV | PTC | SDS | VLO,LB:0.2000000000 | NOV:0.2000000000 | PTC:0.2000000000 | SDS:0.2000000000 | VLO:0.2000000000,2005-05-17,448
2005,21,2005-05-23,2005-05-27,2005-05-27,,2005-05-26,1.0,0.0,5,GLW | LB | NOV | PTC | SDS,GLW:0.2000000000 | LB:0.2000000000 | NOV:0.2000000000 | PTC:0.2000000000 | SDS:0.2000000000,2005-05-27,448
2005,22,2005-05-31,2005-06-03,,,2005-05-26,1.0,0.0,5,GLW | LB | NOV | PTC | SDS,GLW:0.2000000000 | LB:0.2000000000 | NOV:0.2000000000 | PTC:0.2000000000 | SDS:0.2000000000,2005-06-03,448
2005,23,2005-06-06,2005-06-10,2005-06-06,,2005-06-03,1.0,0.0,5,GLW | LB | NOV | PTC | SDS,GLW:0.2000000000 | LB:0.2000000000 | NOV:0.2000000000 | PTC:0.2000000000 | SDS:0.2000000000,2005-06-10,449
2005,24,2005-06-13,2005-06-17,2005-06-13,,2005-06-10,1.0,0.0,5,GLW | LB | NOV | PTC | SDS,GLW:0.2000000000 | LB:0.2000000000 | NOV:0.2000000000 | PTC:0.2000000000 | SDS:0.2000000000,2005-06-17,449
2005,25,2005-06-20,2005-06-24,2005-06-20,,2005-06-17,1.0,0.0,5,ADSK | GLW | LB | PTC | SDS,ADSK:0.2000000000 | GLW:0.2000000000 | LB:0.2000000000 | PTC:0.2000000000 | SDS:0.2000000000,2005-06-20,449
2005,26,2005-06-27,2005-07-01,2005-06-27,,2005-06-24,1.0,0.0,5,ADSK | CIEN | DYN | GLW | PTC,ADSK:0.2000000000 | CIEN:0.2000000000 | DYN:0.2000000000 | GLW:0.2000000000 | PTC:0.2000000000,2005-06-30,449
2005,27,2005-07-05,2005-07-08,2005-07-05,,2005-07-01,1.0,0.0,5,ADSK | CIEN | GLW | LSI | PTC,ADSK:0.2000000000 | CIEN:0.2000000000 | GLW:0.2000000000 | LSI:0.2000000000 | PTC:0.2000000000,2005-07-08,449
2005,28,2005-07-11,2005-07-15,2005-07-12,,2005-07-11,1.0,0.0,5,ADCT | CIEN | GLW | LSI | PTC,ADCT:0.2000000000 | CIEN:0.2000000000 | GLW:0.2000000000 | LSI:0.2000000000 | PTC:0.2000000000,2005-07-11,449
2005,29,2005-07-18,2005-07-22,2005-07-19,,2005-07-18,1.0,0.0,5,ADCT | CIEN | GLW | LSI | PTC,ADCT:0.2000000000 | CIEN:0.2000000000 | GLW:0.2000000000 | LSI:0.2000000000 | PTC:0.2000000000,2005-07-22,449
2005,30,2005-07-25,2005-07-29,2005-07-26,,2005-07-25,1.0,0.0,5,ADCT | GLW | LSI | MYG | PTC,ADCT:0.2000000000 | GLW:0.2000000000 | LSI:0.2000000000 | MYG:0.2000000000 | PTC:0.2000000000,2005-07-29,448
2005,31,2005-08-01,2005-08-05,2005-08-02,,2005-08-01,1.0,0.0,5,ADCT | DYN | LSI | MYG | PTC,ADCT:0.2000000000 | DYN:0.2000000000 | LSI:0.2000000000 | MYG:0.2000000000 | PTC:0.2000000000,2005-07-29,448
2005,32,2005-08-08,2005-08-12,2005-08-09,,2005-08-08,1.0,0.0,5,ADCT | LSI | MYG | PTC | SANM,ADCT:0.2000000000 | LSI:0.2000000000 | MYG:0.2000000000 | PTC:0.2000000000 | SANM:0.2000000000,2005-08-12,448
2005,33,2005-08-15,2005-08-19,2005-08-16,,2005-08-15,1.0,0.0,5,ADCT | LB | LSI | MYG | PTC,ADCT:0.2000000000 | LB:0.2000000000 | LSI:0.2000000000 | MYG:0.2000000000 | PTC:0.2000000000,2005-08-19,449
2005,34,2005-08-22,2005-08-26,2005-08-23,,2005-08-22,1.0,0.0,5,ADCT | ATI | LB | LSI | PTC,ADCT:0.2000000000 | ATI:0.2000000000 | LB:0.2000000000 | LSI:0.2000000000 | PTC:0.2000000000,2005-08-22,449
2005,35,2005-08-29,2005-09-02,2005-08-30,,2005-08-29,1.0,0.0,5,ADCT | ATI | BBY | LB | LSI,ADCT:0.2000000000 | ATI:0.2000000000 | BBY:0.2000000000 | LB:0.2000000000 | LSI:0.2000000000,2005-09-01,449
2005,36,2005-09-06,2005-09-09,2005-09-07,,2005-09-06,1.0,0.0,5,ADCT | ATI | LB | LSI | RBK,ADCT:0.2000000000 | ATI:0.2000000000 | LB:0.2000000000 | LSI:0.2000000000 | RBK:0.2000000000,2005-09-08,449
2005,37,2005-09-12,2005-09-16,2005-09-14,,2005-09-13,1.0,0.0,5,ATI | KG | RBK | RHI | VLO,ATI:0.2000000000 | KG:0.2000000000 | RBK:0.2000000000 | RHI:0.2000000000 | VLO:0.2000000000,2005-09-08,449
2005,38,2005-09-19,2005-09-23,2005-09-21,,2005-09-20,1.0,0.0,5,ATI | AV | KG | RBK | RHI,ATI:0.2000000000 | AV:0.2000000000 | KG:0.2000000000 | RBK:0.2000000000 | RHI:0.2000000000,2005-09-20,449
2005,39,2005-09-26,2005-09-30,2005-09-28,,2005-09-27,1.0,0.0,5,ATI | AV | KG | RBK | RHI,ATI:0.2000000000 | AV:0.2000000000 | KG:0.2000000000 | RBK:0.2000000000 | RHI:0.2000000000,2005-09-28,449
2005,40,2005-10-03,2005-10-07,2005-10-05,,2005-10-04,1.0,0.0,5,AV | KG | RBK | RHI | TER,AV:0.2000000000 | KG:0.2000000000 | RBK:0.2000000000 | RHI:0.2000000000 | TER:0.2000000000,2005-10-05,449
2005,41,2005-10-10,2005-10-14,2005-10-12,,2005-10-11,1.0,0.0,5,AAPL | KG | RBK | TER | VLO,AAPL:0.2000000000 | KG:0.2000000000 | RBK:0.2000000000 | TER:0.2000000000 | VLO:0.2000000000,2005-10-14,450
2005,42,2005-10-17,2005-10-21,2005-10-19,,2005-10-18,1.0,0.0,5,BR | KG | NOV | RBK | VLO,BR:0.2000000000 | KG:0.2000000000 | NOV:0.2000000000 | RBK:0.2000000000 | VLO:0.2000000000,2005-10-18,450
2005,43,2005-10-24,2005-10-28,2005-10-26,,2005-10-25,1.0,0.0,5,BR | KG | NOV | RBK | VLO,BR:0.2000000000 | KG:0.2000000000 | NOV:0.2000000000 | RBK:0.2000000000 | VLO:0.2000000000,2005-10-28,450
2005,44,2005-10-31,2005-11-04,2005-11-02,,2005-11-01,1.0,0.0,5,BR | EOG | KG | TXU | VLO,BR:0.2000000000 | EOG:0.2000000000 | KG:0.2000000000 | TXU:0.2000000000 | VLO:0.2000000000,2005-11-04,450
2005,45,2005-11-07,2005-11-11,2005-11-09,,2005-11-08,1.0,0.0,5,CIEN | CVH | KG | NOVL | VLO,CIEN:0.2000000000 | CVH:0.2000000000 | KG:0.2000000000 | NOVL:0.2000000000 | VLO:0.2000000000,2005-11-07,450
2005,46,2005-11-14,2005-11-18,2005-11-16,,2005-11-15,1.0,0.0,5,CIEN | CVH | NOVL | SUN | VLO,CIEN:0.2000000000 | CVH:0.2000000000 | NOVL:0.2000000000 | SUN:0.2000000000 | VLO:0.2000000000,2005-11-17,450
2005,47,2005-11-21,2005-11-25,2005-11-23,,2005-11-22,1.0,0.0,5,AAPL | CHIR | CIEN | NOVL | PD,AAPL:0.2000000000 | CHIR:0.2000000000 | CIEN:0.2000000000 | NOVL:0.2000000000 | PD:0.2000000000,2005-11-25,450
2005,48,2005-11-28,2005-12-02,2005-12-01,,2005-11-30,1.0,0.0,5,AAPL | ABS | ADBE | CHIR | ESRX,AAPL:0.2000000000 | ABS:0.2000000000 | ADBE:0.2000000000 | CHIR:0.2000000000 | ESRX:0.2000000000,2005-12-02,452
2005,49,2005-12-05,2005-12-09,2005-12-08,,2005-12-07,1.0,0.0,5,AAPL | ADBE | CIEN | ESRX | GTW,AAPL:0.2000000000 | ADBE:0.2000000000 | CIEN:0.2000000000 | ESRX:0.2000000000 | GTW:0.2000000000,2005-12-08,452
2005,50,2005-12-12,2005-12-16,2005-12-15,,2005-12-14,1.0,0.0,5,AAPL | ADBE | CIEN | ESRX | GTW,AAPL:0.2000000000 | ADBE:0.2000000000 | CIEN:0.2000000000 | ESRX:0.2000000000 | GTW:0.2000000000,2005-12-16,452
2005,51,2005-12-19,2005-12-23,2005-12-22,,2005-12-21,1.0,0.0,5,AAPL | AV | CIEN | ESRX | PTC,AAPL:0.2000000000 | AV:0.2000000000 | CIEN:0.2000000000 | ESRX:0.2000000000 | PTC:0.2000000000,2005-12-21,452
2005,52,2005-12-27,2005-12-30,2005-12-30,,2005-12-29,1.0,0.0,5,AAPL | AV | ESRX | NTAP | PTC,AAPL:0.2000000000 | AV:0.2000000000 | ESRX:0.2000000000 | NTAP:0.2000000000 | PTC:0.2000000000,2005-12-29,452
2006,1,2006-01-03,2006-01-06,,,2005-12-29,1.0,0.0,5,AAPL | AV | ESRX | NTAP | PTC,AAPL:0.2000000000 | AV:0.2000000000 | ESRX:0.2000000000 | NTAP:0.2000000000 | PTC:0.2000000000,2006-01-06,453
2006,2,2006-01-09,2006-01-13,2006-01-09,,2006-01-06,1.0,0.0,5,AAPL | ESRX | PTC | SBL | X,AAPL:0.2000000000 | ESRX:0.2000000000 | PTC:0.2000000000 | SBL:0.2000000000 | X:0.2000000000,2006-01-11,453
2006,3,2006-01-17,2006-01-20,2006-01-17,,2006-01-13,1.0,0.0,5,AAPL | ESRX | PTC | SBL | X,AAPL:0.2000000000 | ESRX:0.2000000000 | PTC:0.2000000000 | SBL:0.2000000000 | X:0.2000000000,2006-01-20,454
2006,4,2006-01-23,2006-01-27,2006-01-24,,2006-01-23,1.0,0.0,5,AMD | ESRX | PTC | SBL | X,AMD:0.2000000000 | ESRX:0.2000000000 | PTC:0.2000000000 | SBL:0.2000000000 | X:0.2000000000,2006-01-27,454
2006,5,2006-01-30,2006-02-03,2006-01-31,,2006-01-30,1.0,0.0,5,ADCT | AMD | PTC | SBL | X,ADCT:0.2000000000 | AMD:0.2000000000 | PTC:0.2000000000 | SBL:0.2000000000 | X:0.2000000000,2006-02-02,454
2006,6,2006-02-06,2006-02-10,2006-02-07,,2006-02-06,1.0,0.0,5,ADCT | AMD | ATI | SBL | X,ADCT:0.2000000000 | AMD:0.2000000000 | ATI:0.2000000000 | SBL:0.2000000000 | X:0.2000000000,2006-02-09,454
2006,7,2006-02-13,2006-02-17,2006-02-14,,2006-02-13,1.0,0.0,5,ADCT | AMD | ATI | SBL | X,ADCT:0.2000000000 | AMD:0.2000000000 | ATI:0.2000000000 | SBL:0.2000000000 | X:0.2000000000,2006-02-17,454
2006,8,2006-02-21,2006-02-24,2006-02-22,,2006-02-21,1.0,0.0,5,ADCT | AMD | ATI | MS | X,ADCT:0.2000000000 | AMD:0.2000000000 | ATI:0.2000000000 | MS:0.2000000000 | X:0.2000000000,2006-02-17,454
2006,9,2006-02-27,2006-03-03,2006-03-01,,2006-02-28,1.0,0.0,5,AMD | ATI | BRCM | MS | X,AMD:0.2000000000 | ATI:0.2000000000 | BRCM:0.2000000000 | MS:0.2000000000 | X:0.2000000000,2006-03-03,455
2006,10,2006-03-06,2006-03-10,2006-03-08,,2006-03-07,1.0,0.0,5,AMD | ATI | BRCM | CIEN | MS,AMD:0.2000000000 | ATI:0.2000000000 | BRCM:0.2000000000 | CIEN:0.2000000000 | MS:0.2000000000,2006-03-10,455
2006,11,2006-03-13,2006-03-17,2006-03-15,,2006-03-14,1.0,0.0,5,AMD | ATI | BRCM | CIEN | MS,AMD:0.2000000000 | ATI:0.2000000000 | BRCM:0.2000000000 | CIEN:0.2000000000 | MS:0.2000000000,2006-03-10,455
2006,12,2006-03-20,2006-03-24,2006-03-22,,2006-03-21,1.0,0.0,5,AMD | ATI | BRCM | CIEN | MS,AMD:0.2000000000 | ATI:0.2000000000 | BRCM:0.2000000000 | CIEN:0.2000000000 | MS:0.2000000000,2006-03-22,455
2006,13,2006-03-27,2006-03-31,2006-03-29,,2006-03-28,1.0,0.0,5,AMD | ATI | CIEN | MS | TLAB,AMD:0.2000000000 | ATI:0.2000000000 | CIEN:0.2000000000 | MS:0.2000000000 | TLAB:0.2000000000,2006-03-30,455
2006,14,2006-04-03,2006-04-07,2006-04-05,,2006-04-04,1.0,0.0,5,AMD | ATI | CIEN | MS | PMCS,AMD:0.2000000000 | ATI:0.2000000000 | CIEN:0.2000000000 | MS:0.2000000000 | PMCS:0.2000000000,2006-04-04,454
2006,15,2006-04-10,2006-04-13,2006-04-12,,2006-04-11,1.0,0.0,5,AMCC | ATI | CIEN | MS | PMCS,AMCC:0.2000000000 | ATI:0.2000000000 | CIEN:0.2000000000 | MS:0.2000000000 | PMCS:0.2000000000,2006-04-11,453
2006,16,2006-04-17,2006-04-21,2006-04-20,,2006-04-19,1.0,0.0,5,AMCC | ATI | CIEN | PMCS | TLAB,AMCC:0.2000000000 | ATI:0.2000000000 | CIEN:0.2000000000 | PMCS:0.2000000000 | TLAB:0.2000000000,2006-04-21,453
2006,17,2006-04-24,2006-04-28,2006-04-27,,2006-04-26,1.0,0.0,5,AMCC | ATI | CIEN | PMCS | TLAB,AMCC:0.2000000000 | ATI:0.2000000000 | CIEN:0.2000000000 | PMCS:0.2000000000 | TLAB:0.2000000000,2006-04-25,453
2006,18,2006-05-01,2006-05-05,2006-05-04,,2006-05-03,1.0,0.0,5,AMCC | ATI | CIEN | PMCS | TLAB,AMCC:0.2000000000 | ATI:0.2000000000 | CIEN:0.2000000000 | PMCS:0.2000000000 | TLAB:0.2000000000,2006-05-02,453
2006,19,2006-05-08,2006-05-12,2006-05-11,,2006-05-10,1.0,0.0,5,ATI | MSI | NUE | PMCS | THC,ATI:0.2000000000 | MSI:0.2000000000 | NUE:0.2000000000 | PMCS:0.2000000000 | THC:0.2000000000,2006-05-10,454
2006,20,2006-05-15,2006-05-19,2006-05-18,,2006-05-17,1.0,0.0,5,ATI | FCX | NUE | PMCS | THC,ATI:0.2000000000 | FCX:0.2000000000 | NUE:0.2000000000 | PMCS:0.2000000000 | THC:0.2000000000,2006-05-19,453
2006,21,2006-05-22,2006-05-26,2006-05-25,,2006-05-24,1.0,0.0,5,ATI | FCX | NUE | NVDA | PMCS,ATI:0.2000000000 | FCX:0.2000000000 | NUE:0.2000000000 | NVDA:0.2000000000 | PMCS:0.2000000000,2006-05-26,453
2006,22,2006-05-30,2006-06-02,2006-06-02,,2006-06-01,1.0,0.0,5,ATI | FCX | NUE | NVDA | SANM,ATI:0.2000000000 | FCX:0.2000000000 | NUE:0.2000000000 | NVDA:0.2000000000 | SANM:0.2000000000,2006-06-02,453
2006,23,2006-06-05,2006-06-09,2006-06-09,,2006-06-08,1.0,0.0,5,ATI | FCX | NUE | OMX | SANM,ATI:0.2000000000 | FCX:0.2000000000 | NUE:0.2000000000 | OMX:0.2000000000 | SANM:0.2000000000,2006-06-07,453
2006,24,2006-06-12,2006-06-16,2006-06-16,,2006-06-15,1.0,0.0,5,ATI | FCX | NUE | OMX | SANM,ATI:0.2000000000 | FCX:0.2000000000 | NUE:0.2000000000 | OMX:0.2000000000 | SANM:0.2000000000,2006-06-16,453
2006,25,2006-06-19,2006-06-23,2006-06-23,,2006-06-22,1.0,0.0,5,ADM | ATI | OMX | PD | WFT,ADM:0.2000000000 | ATI:0.2000000000 | OMX:0.2000000000 | PD:0.2000000000 | WFT:0.2000000000,2006-06-20,453
2006,26,2006-06-26,2006-06-30,2006-06-30,,2006-06-29,1.0,0.0,5,ADM | CNX | OMX | SANM | WFT,ADM:0.2000000000 | CNX:0.2000000000 | OMX:0.2000000000 | SANM:0.2000000000 | WFT:0.2000000000,2006-06-30,453
2006,27,2006-07-03,2006-07-07,,,2006-06-29,1.0,0.0,5,ADM | CNX | OMX | SANM | WFT,ADM:0.2000000000 | CNX:0.2000000000 | OMX:0.2000000000 | SANM:0.2000000000 | WFT:0.2000000000,2006-07-07,453
2006,28,2006-07-10,2006-07-14,2006-07-10,,2006-07-07,1.0,0.0,5,ADM | OMX | SANM | SHLD | TXU,ADM:0.2000000000 | OMX:0.2000000000 | SANM:0.2000000000 | SHLD:0.2000000000 | TXU:0.2000000000,2006-07-11,453
2006,29,2006-07-17,2006-07-21,2006-07-17,,2006-07-14,1.0,0.0,5,EP | OMX | SANM | SHLD | TXU,EP:0.2000000000 | OMX:0.2000000000 | SANM:0.2000000000 | SHLD:0.2000000000 | TXU:0.2000000000,2006-07-21,453
2006,30,2006-07-24,2006-07-28,2006-07-24,,2006-07-21,1.0,0.0,5,EP | OMX | SANM | SHLD | TXU,EP:0.2000000000 | OMX:0.2000000000 | SANM:0.2000000000 | SHLD:0.2000000000 | TXU:0.2000000000,2006-07-28,453
2006,31,2006-07-31,2006-08-04,2006-07-31,,2006-07-28,1.0,0.0,5,ADM | EP | KMG | SHLD | TXU,ADM:0.2000000000 | EP:0.2000000000 | KMG:0.2000000000 | SHLD:0.2000000000 | TXU:0.2000000000,2006-08-02,453
2006,32,2006-08-07,2006-08-11,2006-08-07,2006-08-11,2006-08-04,0.8,0.2,4,BOL | CIEN | HUM | Q,BOL:0.2000000000 | CIEN:0.2000000000 | HUM:0.2000000000 | Q:0.2000000000,2006-08-11,453
2006,33,2006-08-14,2006-08-18,2006-08-14,,2006-08-11,1.0,0.0,5,BOL | CI | GENZ | HUM | Q,BOL:0.2000000000 | CI:0.2000000000 | GENZ:0.2000000000 | HUM:0.2000000000 | Q:0.2000000000,2006-08-18,455
2006,34,2006-08-21,2006-08-25,2006-08-21,,2006-08-18,1.0,0.0,5,HUM | KMI | Q | TXU | WIN,HUM:0.2000000000 | KMI:0.2000000000 | Q:0.2000000000 | TXU:0.2000000000 | WIN:0.2000000000,2006-08-18,455
2006,35,2006-08-28,2006-09-01,2006-08-28,,2006-08-25,1.0,0.0,5,FRX | KMI | MRO | Q | WIN,FRX:0.2000000000 | KMI:0.2000000000 | MRO:0.2000000000 | Q:0.2000000000 | WIN:0.2000000000,2006-08-30,455
2006,36,2006-09-05,2006-09-08,2006-09-05,,2006-09-01,1.0,0.0,5,AAPL | FRX | Q | WIN | XTO,AAPL:0.2000000000 | FRX:0.2000000000 | Q:0.2000000000 | WIN:0.2000000000 | XTO:0.2000000000,2006-09-08,455
2006,37,2006-09-11,2006-09-15,2006-09-12,,2006-09-11,1.0,0.0,5,DVN | FRX | NVDA | WIN | XTO,DVN:0.2000000000 | FRX:0.2000000000 | NVDA:0.2000000000 | WIN:0.2000000000 | XTO:0.2000000000,2006-09-08,455
2006,38,2006-09-18,2006-09-22,2006-09-19,,2006-09-18,1.0,0.0,5,F | FRX | NVDA | SUN | WIN,F:0.2000000000 | FRX:0.2000000000 | NVDA:0.2000000000 | SUN:0.2000000000 | WIN:0.2000000000,2006-09-20,455
2006,39,2006-09-25,2006-09-29,2006-09-26,,2006-09-25,1.0,0.0,5,F | FRX | NVDA | SUN | WIN,F:0.2000000000 | FRX:0.2000000000 | NVDA:0.2000000000 | SUN:0.2000000000 | WIN:0.2000000000,2006-09-28,454
2006,40,2006-10-02,2006-10-06,2006-10-03,,2006-10-02,1.0,0.0,5,AAPL | F | FRX | NVDA | WIN,AAPL:0.2000000000 | F:0.2000000000 | FRX:0.2000000000 | NVDA:0.2000000000 | WIN:0.2000000000,2006-10-03,454
2006,41,2006-10-09,2006-10-13,2006-10-10,,2006-10-09,1.0,0.0,5,AAPL | F | FRX | NVDA | WIN,AAPL:0.2000000000 | F:0.2000000000 | FRX:0.2000000000 | NVDA:0.2000000000 | WIN:0.2000000000,2006-10-11,454
2006,42,2006-10-16,2006-10-20,2006-10-17,,2006-10-16,1.0,0.0,5,AAPL | F | FSL | NVDA | SNDK,AAPL:0.2000000000 | F:0.2000000000 | FSL:0.2000000000 | NVDA:0.2000000000 | SNDK:0.2000000000,2006-10-11,454
2006,43,2006-10-23,2006-10-27,2006-10-24,,2006-10-23,1.0,0.0,5,AMD | FSL | NVDA | SBL | THC,AMD:0.2000000000 | FSL:0.2000000000 | NVDA:0.2000000000 | SBL:0.2000000000 | THC:0.2000000000,2006-10-27,455
2006,44,2006-10-30,2006-11-03,2006-10-31,,2006-10-30,1.0,0.0,5,AMD | FSL | NVDA | SBL | THC,AMD:0.2000000000 | FSL:0.2000000000 | NVDA:0.2000000000 | SBL:0.2000000000 | THC:0.2000000000,2006-10-31,455
2006,45,2006-11-06,2006-11-10,2006-11-07,,2006-11-06,1.0,0.0,5,FSL | GLW | NVDA | SBL | THC,FSL:0.2000000000 | GLW:0.2000000000 | NVDA:0.2000000000 | SBL:0.2000000000 | THC:0.2000000000,2006-11-10,454
2006,46,2006-11-13,2006-11-17,2006-11-14,,2006-11-13,1.0,0.0,5,APCC | FSL | GLW | NVDA | SBL,APCC:0.2000000000 | FSL:0.2000000000 | GLW:0.2000000000 | NVDA:0.2000000000 | SBL:0.2000000000,2006-11-17,454
2006,47,2006-11-20,2006-11-24,2006-11-21,,2006-11-20,1.0,0.0,5,APCC | ATI | FSL | NVDA | SBL,APCC:0.2000000000 | ATI:0.2000000000 | FSL:0.2000000000 | NVDA:0.2000000000 | SBL:0.2000000000,2006-11-22,453
2006,48,2006-11-27,2006-12-01,2006-11-29,,2006-11-28,1.0,0.0,5,AMZN | APCC | ATI | CIEN | FSL,AMZN:0.2000000000 | APCC:0.2000000000 | ATI:0.2000000000 | CIEN:0.2000000000 | FSL:0.2000000000,2006-12-01,453
2006,49,2006-12-04,2006-12-08,2006-12-06,2006-12-04,2006-12-05,1.0,0.0,5,AMZN | APCC | ATI | CIEN | LB,AMZN:0.2000000000 | APCC:0.2000000000 | ATI:0.2000000000 | CIEN:0.2000000000 | LB:0.2000000000,2006-12-08,453
2006,50,2006-12-11,2006-12-15,2006-12-13,,2006-12-12,1.0,0.0,5,AMZN | APCC | ATI | CIEN | LB,AMZN:0.2000000000 | APCC:0.2000000000 | ATI:0.2000000000 | CIEN:0.2000000000 | LB:0.2000000000,2006-12-11,453
2006,51,2006-12-18,2006-12-22,2006-12-20,,2006-12-19,1.0,0.0,5,AMZN | APCC | ATI | CIEN | LB,AMZN:0.2000000000 | APCC:0.2000000000 | ATI:0.2000000000 | CIEN:0.2000000000 | LB:0.2000000000,2006-12-21,453
2006,52,2006-12-26,2006-12-29,2006-12-28,,2006-12-27,1.0,0.0,5,AMZN | APCC | ATI | CIEN | LB,AMZN:0.2000000000 | APCC:0.2000000000 | ATI:0.2000000000 | CIEN:0.2000000000 | LB:0.2000000000,2006-12-29,454
2007,1,2007-01-03,2007-12-31,,,2007-12-26,1.0,0.0,5,AAPL | AKAM | APOL | CNX | THC,AAPL:0.2000000000 | AKAM:0.2000000000 | APOL:0.2000000000 | CNX:0.2000000000 | THC:0.2000000000,2007-12-31,455
2007,2,2007-01-08,2007-01-12,2007-01-08,,2007-01-05,1.0,0.0,5,APCC | ATI | CIEN | MSI | PD,APCC:0.2000000000 | ATI:0.2000000000 | CIEN:0.2000000000 | MSI:0.2000000000 | PD:0.2000000000,2007-01-11,454
2007,3,2007-01-16,2007-01-19,2007-01-16,,2007-01-12,1.0,0.0,5,APCC | ATI | CIEN | MSI | PD,APCC:0.2000000000 | ATI:0.2000000000 | CIEN:0.2000000000 | MSI:0.2000000000 | PD:0.2000000000,2007-01-16,454
2007,4,2007-01-22,2007-01-26,2007-01-23,,2007-01-22,1.0,0.0,5,APCC | CIEN | GT | MSI | PD,APCC:0.2000000000 | CIEN:0.2000000000 | GT:0.2000000000 | MSI:0.2000000000 | PD:0.2000000000,2007-01-24,454
2007,5,2007-01-29,2007-02-02,2007-01-30,,2007-01-29,1.0,0.0,5,APCC | CIEN | GT | MSI | PD,APCC:0.2000000000 | CIEN:0.2000000000 | GT:0.2000000000 | MSI:0.2000000000 | PD:0.2000000000,2007-02-02,454
2007,6,2007-02-05,2007-02-09,2007-02-06,,2007-02-05,1.0,0.0,5,CIEN | GT | H | MSI | PD,CIEN:0.2000000000 | GT:0.2000000000 | H:0.2000000000 | MSI:0.2000000000 | PD:0.2000000000,2007-02-09,454
2007,7,2007-02-12,2007-02-16,2007-02-13,,2007-02-12,1.0,0.0,5,CIEN | DG | GT | MSI | PD,CIEN:0.2000000000 | DG:0.2000000000 | GT:0.2000000000 | MSI:0.2000000000 | PD:0.2000000000,2007-02-16,454
2007,8,2007-02-20,2007-02-23,2007-02-21,,2007-02-20,1.0,0.0,5,CIEN | DG | GT | MSI | PD,CIEN:0.2000000000 | DG:0.2000000000 | GT:0.2000000000 | MSI:0.2000000000 | PD:0.2000000000,2007-02-23,454
2007,9,2007-02-26,2007-03-02,2007-02-28,,2007-02-27,1.0,0.0,5,ATI | CMX | GT | MHS | MSI,ATI:0.2000000000 | CMX:0.2000000000 | GT:0.2000000000 | MHS:0.2000000000 | MSI:0.2000000000,2007-03-02,455
2007,10,2007-03-05,2007-03-09,2007-03-07,,2007-03-06,1.0,0.0,5,CHRW | CMX | GT | MHS | MSI,CHRW:0.2000000000 | CMX:0.2000000000 | GT:0.2000000000 | MHS:0.2000000000 | MSI:0.2000000000,2007-03-08,455
2007,11,2007-03-12,2007-03-16,2007-03-14,,2007-03-13,1.0,0.0,5,APOL | CHRW | CMX | GT | MSI,APOL:0.2000000000 | CHRW:0.2000000000 | CMX:0.2000000000 | GT:0.2000000000 | MSI:0.2000000000,2007-03-16,455
2007,12,2007-03-19,2007-03-23,2007-03-21,2007-03-23,2007-03-20,0.8,0.2,4,APOL | CHRW | GT | MSI,APOL:0.2000000000 | CHRW:0.2000000000 | GT:0.2000000000 | MSI:0.2000000000,2007-03-23,455
2007,13,2007-03-26,2007-03-30,2007-03-28,,2007-03-27,1.0,0.0,5,APOL | CHRW | GT | MSI | X,APOL:0.2000000000 | CHRW:0.2000000000 | GT:0.2000000000 | MSI:0.2000000000 | X:0.2000000000,2007-03-30,455
2007,14,2007-04-02,2007-04-05,2007-04-04,,2007-04-03,1.0,0.0,5,APOL | CHRW | GT | MSI | X,APOL:0.2000000000 | CHRW:0.2000000000 | GT:0.2000000000 | MSI:0.2000000000 | X:0.2000000000,2007-04-05,454
2007,15,2007-04-09,2007-04-13,2007-04-12,,2007-04-11,1.0,0.0,5,DG | DYN | MSI | NOV | X,DG:0.2000000000 | DYN:0.2000000000 | MSI:0.2000000000 | NOV:0.2000000000 | X:0.2000000000,2007-04-13,454
2007,16,2007-04-16,2007-04-20,2007-04-19,,2007-04-18,1.0,0.0,5,BIG | DG | DYN | NOV | X,BIG:0.2000000000 | DG:0.2000000000 | DYN:0.2000000000 | NOV:0.2000000000 | X:0.2000000000,2007-04-16,454
2007,17,2007-04-23,2007-04-27,2007-04-26,,2007-04-25,1.0,0.0,5,BIG | DG | DYN | NOV | X,BIG:0.2000000000 | DG:0.2000000000 | DYN:0.2000000000 | NOV:0.2000000000 | X:0.2000000000,2007-04-26,454
2007,18,2007-04-30,2007-05-04,2007-05-03,,2007-05-02,1.0,0.0,5,BIG | DG | DYN | NOV | X,BIG:0.2000000000 | DG:0.2000000000 | DYN:0.2000000000 | NOV:0.2000000000 | X:0.2000000000,2007-05-04,454
2007,19,2007-05-07,2007-05-11,2007-05-10,,2007-05-09,1.0,0.0,5,BIG | DG | DYN | GT | NOV,BIG:0.2000000000 | DG:0.2000000000 | DYN:0.2000000000 | GT:0.2000000000 | NOV:0.2000000000,2007-05-04,454
2007,20,2007-05-14,2007-05-18,2007-05-17,,2007-05-16,1.0,0.0,5,BIG | DG | DYN | GT | MEDI,BIG:0.2000000000 | DG:0.2000000000 | DYN:0.2000000000 | GT:0.2000000000 | MEDI:0.2000000000,2007-05-16,454
2007,21,2007-05-21,2007-05-25,2007-05-24,,2007-05-23,1.0,0.0,5,BIG | DG | DYN | GT | MEDI,BIG:0.2000000000 | DG:0.2000000000 | DYN:0.2000000000 | GT:0.2000000000 | MEDI:0.2000000000,2007-05-24,454
2007,22,2007-05-29,2007-06-01,2007-06-01,2007-06-01,2007-05-31,0.8,0.2,4,AMZN | BIG | DG | GT,AMZN:0.2000000000 | BIG:0.2000000000 | DG:0.2000000000 | GT:0.2000000000,2007-06-01,454
2007,23,2007-06-04,2007-06-08,2007-06-08,,2007-06-07,1.0,0.0,5,AMZN | BIG | DG | DJ | FDC,AMZN:0.2000000000 | BIG:0.2000000000 | DG:0.2000000000 | DJ:0.2000000000 | FDC:0.2000000000,2007-06-06,454
2007,24,2007-06-11,2007-06-15,2007-06-15,,2007-06-14,1.0,0.0,5,AMZN | CMI | DJ | FDC | SLM,AMZN:0.2000000000 | CMI:0.2000000000 | DJ:0.2000000000 | FDC:0.2000000000 | SLM:0.2000000000,2007-06-14,454
2007,25,2007-06-18,2007-06-22,2007-06-22,,2007-06-21,1.0,0.0,5,AMZN | DJ | FDC | JNPR | SLM,AMZN:0.2000000000 | DJ:0.2000000000 | FDC:0.2000000000 | JNPR:0.2000000000 | SLM:0.2000000000,2007-06-14,454
2007,26,2007-06-25,2007-06-29,2007-06-29,,2007-06-28,1.0,0.0,5,AMZN | AV | CNX | DJ | SLM,AMZN:0.2000000000 | AV:0.2000000000 | CNX:0.2000000000 | DJ:0.2000000000 | SLM:0.2000000000,2007-06-26,454
2007,27,2007-07-02,2007-07-06,,,2007-06-28,1.0,0.0,5,AMZN | AV | CNX | DJ | SLM,AMZN:0.2000000000 | AV:0.2000000000 | CNX:0.2000000000 | DJ:0.2000000000 | SLM:0.2000000000,2007-07-06,454
2007,28,2007-07-09,2007-07-13,2007-07-09,,2007-07-06,1.0,0.0,5,AMZN | AV | BOL | DJ | SLM,AMZN:0.2000000000 | AV:0.2000000000 | BOL:0.2000000000 | DJ:0.2000000000 | SLM:0.2000000000,2007-07-13,454
2007,29,2007-07-16,2007-07-20,2007-07-16,,2007-07-13,1.0,0.0,5,AMZN | AV | BOL | DJ | SLM,AMZN:0.2000000000 | AV:0.2000000000 | BOL:0.2000000000 | DJ:0.2000000000 | SLM:0.2000000000,2007-07-17,454
2007,30,2007-07-23,2007-07-27,2007-07-23,,2007-07-20,1.0,0.0,5,AMZN | AV | BOL | CMI | DJ,AMZN:0.2000000000 | AV:0.2000000000 | BOL:0.2000000000 | CMI:0.2000000000 | DJ:0.2000000000,2007-07-25,454
2007,31,2007-07-30,2007-08-03,2007-07-30,,2007-07-27,1.0,0.0,5,AV | BOL | CPWR | DJ | NVDA,AV:0.2000000000 | BOL:0.2000000000 | CPWR:0.2000000000 | DJ:0.2000000000 | NVDA:0.2000000000,2007-07-25,454
2007,32,2007-08-06,2007-08-10,2007-08-06,,2007-08-03,1.0,0.0,5,BOL | COV | DFS | HLT | NVDA,BOL:0.2000000000 | COV:0.2000000000 | DFS:0.2000000000 | HLT:0.2000000000 | NVDA:0.2000000000,2007-08-10,454
2007,33,2007-08-13,2007-08-17,2007-08-13,,2007-08-10,1.0,0.0,5,COV | DFS | HLT | MSI | NVDA,COV:0.2000000000 | DFS:0.2000000000 | HLT:0.2000000000 | MSI:0.2000000000 | NVDA:0.2000000000,2007-08-14,454
2007,34,2007-08-20,2007-08-24,2007-08-20,,2007-08-17,1.0,0.0,5,COV | DFS | HLT | MSI | NVDA,COV:0.2000000000 | DFS:0.2000000000 | HLT:0.2000000000 | MSI:0.2000000000 | NVDA:0.2000000000,2007-08-24,454
2007,35,2007-08-27,2007-08-31,2007-08-27,,2007-08-24,1.0,0.0,5,CMI | COV | DFS | HLT | NVDA,CMI:0.2000000000 | COV:0.2000000000 | DFS:0.2000000000 | HLT:0.2000000000 | NVDA:0.2000000000,2007-08-31,455
2007,36,2007-09-04,2007-09-07,2007-09-04,,2007-08-31,1.0,0.0,5,CMI | COV | DFS | HLT | NVDA,CMI:0.2000000000 | COV:0.2000000000 | DFS:0.2000000000 | HLT:0.2000000000 | NVDA:0.2000000000,2007-09-07,455
2007,37,2007-09-10,2007-09-14,2007-09-11,,2007-09-10,1.0,0.0,5,CMI | COV | DFS | HLT | NVDA,CMI:0.2000000000 | COV:0.2000000000 | DFS:0.2000000000 | HLT:0.2000000000 | NVDA:0.2000000000,2007-09-14,455
2007,38,2007-09-17,2007-09-21,2007-09-18,,2007-09-17,1.0,0.0,5,CMI | COV | DFS | HLT | NVDA,CMI:0.2000000000 | COV:0.2000000000 | DFS:0.2000000000 | HLT:0.2000000000 | NVDA:0.2000000000,2007-09-21,455
2007,39,2007-09-24,2007-09-28,2007-09-25,,2007-09-24,1.0,0.0,5,CMI | COV | DFS | HLT | NVDA,CMI:0.2000000000 | COV:0.2000000000 | DFS:0.2000000000 | HLT:0.2000000000 | NVDA:0.2000000000,2007-09-28,454
2007,40,2007-10-01,2007-10-05,2007-10-02,,2007-10-01,1.0,0.0,5,CMI | HCR | HLT | JNPR | NVDA,CMI:0.2000000000 | HCR:0.2000000000 | HLT:0.2000000000 | JNPR:0.2000000000 | NVDA:0.2000000000,2007-10-04,454
2007,41,2007-10-08,2007-10-12,2007-10-09,,2007-10-08,1.0,0.0,5,AMZN | JNPR | NOV | NVDA | WFT,AMZN:0.2000000000 | JNPR:0.2000000000 | NOV:0.2000000000 | NVDA:0.2000000000 | WFT:0.2000000000,2007-10-12,454
2007,42,2007-10-15,2007-10-19,2007-10-16,,2007-10-15,1.0,0.0,5,AMZN | BIIB | JNPR | NOV | WFT,AMZN:0.2000000000 | BIIB:0.2000000000 | JNPR:0.2000000000 | NOV:0.2000000000 | WFT:0.2000000000,2007-10-16,454
2007,43,2007-10-22,2007-10-26,2007-10-23,,2007-10-22,1.0,0.0,5,AMZN | BIIB | JNPR | NOV | WFT,AMZN:0.2000000000 | BIIB:0.2000000000 | JNPR:0.2000000000 | NOV:0.2000000000 | WFT:0.2000000000,2007-10-26,454
2007,44,2007-10-29,2007-11-02,2007-10-30,,2007-10-29,1.0,0.0,5,AMZN | CI | JNPR | NOV | WFT,AMZN:0.2000000000 | CI:0.2000000000 | JNPR:0.2000000000 | NOV:0.2000000000 | WFT:0.2000000000,2007-11-01,454
2007,45,2007-11-05,2007-11-09,2007-11-06,,2007-11-05,1.0,0.0,5,CIEN | FCX | LSI | NOV | NVDA,CIEN:0.2000000000 | FCX:0.2000000000 | LSI:0.2000000000 | NOV:0.2000000000 | NVDA:0.2000000000,2007-11-09,454
2007,46,2007-11-12,2007-11-16,2007-11-13,,2007-11-12,1.0,0.0,5,AAPL | FCX | GS | MBI | NOV,AAPL:0.2000000000 | FCX:0.2000000000 | GS:0.2000000000 | MBI:0.2000000000 | NOV:0.2000000000,2007-11-16,453
2007,47,2007-11-19,2007-11-23,2007-11-20,,2007-11-19,1.0,0.0,5,AAPL | BIIB | FCX | JEC | NOV,AAPL:0.2000000000 | BIIB:0.2000000000 | FCX:0.2000000000 | JEC:0.2000000000 | NOV:0.2000000000,2007-11-23,453
2007,48,2007-11-26,2007-11-30,2007-11-28,,2007-11-27,1.0,0.0,5,AAPL | CNX | CPWR | FCX | JEC,AAPL:0.2000000000 | CNX:0.2000000000 | CPWR:0.2000000000 | FCX:0.2000000000 | JEC:0.2000000000,2007-11-26,454
2007,49,2007-12-03,2007-12-07,2007-12-05,,2007-12-04,1.0,0.0,5,AAPL | APOL | CNX | CPWR | FCX,AAPL:0.2000000000 | APOL:0.2000000000 | CNX:0.2000000000 | CPWR:0.2000000000 | FCX:0.2000000000,2007-12-04,454
2007,50,2007-12-10,2007-12-14,2007-12-12,,2007-12-11,1.0,0.0,5,AAPL | APOL | CNX | FCX | JNS,AAPL:0.2000000000 | APOL:0.2000000000 | CNX:0.2000000000 | FCX:0.2000000000 | JNS:0.2000000000,2007-12-14,455
2007,51,2007-12-17,2007-12-21,2007-12-19,,2007-12-18,1.0,0.0,5,AAPL | APOL | ICE | JNS | THC,AAPL:0.2000000000 | APOL:0.2000000000 | ICE:0.2000000000 | JNS:0.2000000000 | THC:0.2000000000,2007-12-21,455
2007,52,2007-12-24,2007-12-28,2007-12-27,,2007-12-26,1.0,0.0,5,AAPL | AKAM | APOL | CNX | THC,AAPL:0.2000000000 | AKAM:0.2000000000 | APOL:0.2000000000 | CNX:0.2000000000 | THC:0.2000000000,2007-12-27,455
2008,1,2008-01-02,2008-12-31,2008-01-04 | 2008-12-31,,2008-12-30,0.5,0.5,5,FHN | NCC | RF | SWN | WB,FHN:0.1000000000 | NCC:0.1000000000 | RF:0.1000000000 | SWN:0.1000000000 | WB:0.1000000000,2008-12-29,464
2008,2,2008-01-07,2008-01-11,2008-01-11,,2008-01-10,1.0,0.0,5,APOL | CNX | MON | THC | TT,APOL:0.2000000000 | CNX:0.2000000000 | MON:0.2000000000 | THC:0.2000000000 | TT:0.2000000000,2008-01-07,455
2008,3,2008-01-14,2008-01-18,2008-01-18,,2008-01-17,0.5,0.5,5,APOL | CNX | MON | THC | TT,APOL:0.1000000000 | CNX:0.1000000000 | MON:0.1000000000 | THC:0.1000000000 | TT:0.1000000000,2008-01-15,455
2008,4,2008-01-22,2008-01-25,,,2008-01-17,0.5,0.5,5,APOL | CNX | MON | THC | TT,APOL:0.1000000000 | CNX:0.1000000000 | MON:0.1000000000 | THC:0.1000000000 | TT:0.1000000000,2008-01-24,455
2008,5,2008-01-28,2008-02-01,2008-01-28,,2008-01-25,0.5,0.5,5,CNX | HES | MON | THC | TT,CNX:0.1000000000 | HES:0.1000000000 | MON:0.1000000000 | THC:0.1000000000 | TT:0.1000000000,2008-01-30,454
2008,6,2008-02-04,2008-02-08,2008-02-04,,2008-02-01,0.5,0.5,5,CNX | HES | MON | THC | TT,CNX:0.1000000000 | HES:0.1000000000 | MON:0.1000000000 | THC:0.1000000000 | TT:0.1000000000,2008-02-05,454
2008,7,2008-02-11,2008-02-15,2008-02-11,,2008-02-08,0.5,0.5,5,CNX | HES | MON | THC | TT,CNX:0.1000000000 | HES:0.1000000000 | MON:0.1000000000 | THC:0.1000000000 | TT:0.1000000000,2008-02-13,454
2008,8,2008-02-19,2008-02-22,2008-02-19,,2008-02-15,0.5,0.5,5,CNX | HES | MON | THC | TT,CNX:0.1000000000 | HES:0.1000000000 | MON:0.1000000000 | THC:0.1000000000 | TT:0.1000000000,2008-02-19,454
2008,9,2008-02-25,2008-02-29,2008-02-26,,2008-02-25,0.5,0.5,5,CNX | HES | MON | THC | TT,CNX:0.1000000000 | HES:0.1000000000 | MON:0.1000000000 | THC:0.1000000000 | TT:0.1000000000,2008-02-27,453
2008,10,2008-03-03,2008-03-07,2008-03-04,,2008-03-03,0.5,0.5,5,CNX | HES | JAVA | PHM | TT,CNX:0.1000000000 | HES:0.1000000000 | JAVA:0.1000000000 | PHM:0.1000000000 | TT:0.1000000000,2008-02-27,454
2008,11,2008-03-10,2008-03-14,2008-03-11,,2008-03-10,0.5,0.5,5,CNX | HES | JAVA | PHM | TT,CNX:0.1000000000 | HES:0.1000000000 | JAVA:0.1000000000 | PHM:0.1000000000 | TT:0.1000000000,2008-03-14,454
2008,12,2008-03-17,2008-03-20,2008-03-18,,2008-03-17,0.5,0.5,5,CNX | ETFC | PHM | RRC | TT,CNX:0.1000000000 | ETFC:0.1000000000 | PHM:0.1000000000 | RRC:0.1000000000 | TT:0.1000000000,2008-03-18,453
2008,13,2008-03-24,2008-03-28,2008-03-26,,2008-03-25,0.5,0.5,5,DHI | ETFC | PHM | RRC | WM,DHI:0.1000000000 | ETFC:0.1000000000 | PHM:0.1000000000 | RRC:0.1000000000 | WM:0.1000000000,2008-03-18,453
2008,14,2008-03-31,2008-04-04,2008-04-02,,2008-04-01,0.5,0.5,5,ETFC | KBH | PHM | RRC | WM,ETFC:0.1000000000 | KBH:0.1000000000 | PHM:0.1000000000 | RRC:0.1000000000 | WM:0.1000000000,2008-04-04,454
2008,15,2008-04-07,2008-04-11,2008-04-09,,2008-04-08,0.5,0.5,5,BIG | DHI | ETFC | KBH | PHM,BIG:0.1000000000 | DHI:0.1000000000 | ETFC:0.1000000000 | KBH:0.1000000000 | PHM:0.1000000000,2008-04-08,455
2008,16,2008-04-14,2008-04-18,2008-04-16,,2008-04-15,0.5,0.5,5,BIG | DHI | DRI | KBH | PHM,BIG:0.1000000000 | DHI:0.1000000000 | DRI:0.1000000000 | KBH:0.1000000000 | PHM:0.1000000000,2008-04-18,455
2008,17,2008-04-21,2008-04-25,2008-04-23,,2008-04-22,0.5,0.5,5,BIG | DHI | DRI | KBH | PHM,BIG:0.1000000000 | DHI:0.1000000000 | DRI:0.1000000000 | KBH:0.1000000000 | PHM:0.1000000000,2008-04-25,454
2008,18,2008-04-28,2008-05-02,2008-04-30,,2008-04-29,0.5,0.5,5,BIG | DRI | RRC | THC | X,BIG:0.1000000000 | DRI:0.1000000000 | RRC:0.1000000000 | THC:0.1000000000 | X:0.1000000000,2008-04-28,455
2008,19,2008-05-05,2008-05-09,2008-05-07,,2008-05-06,0.5,0.5,5,BIG | CIEN | DRI | RRC | X,BIG:0.1000000000 | CIEN:0.1000000000 | DRI:0.1000000000 | RRC:0.1000000000 | X:0.1000000000,2008-05-08,455
2008,20,2008-05-12,2008-05-16,2008-05-14,,2008-05-13,0.5,0.5,5,BIG | CIEN | FLR | THC | X,BIG:0.1000000000 | CIEN:0.1000000000 | FLR:0.1000000000 | THC:0.1000000000 | X:0.1000000000,2008-05-16,455
2008,21,2008-05-19,2008-05-23,2008-05-21,,2008-05-20,0.5,0.5,5,BIG | CIEN | FLR | THC | X,BIG:0.1000000000 | CIEN:0.1000000000 | FLR:0.1000000000 | THC:0.1000000000 | X:0.1000000000,2008-05-16,455
2008,22,2008-05-27,2008-05-30,2008-05-29,,2008-05-28,0.5,0.5,5,BIG | CIEN | SAF | THC | X,BIG:0.1000000000 | CIEN:0.1000000000 | SAF:0.1000000000 | THC:0.1000000000 | X:0.1000000000,2008-05-29,455
2008,23,2008-06-02,2008-06-06,2008-06-05,,2008-06-04,0.5,0.5,5,BIG | BRCM | CMI | SAF | X,BIG:0.1000000000 | BRCM:0.1000000000 | CMI:0.1000000000 | SAF:0.1000000000 | X:0.1000000000,2008-06-06,455
2008,24,2008-06-09,2008-06-13,2008-06-12,,2008-06-11,0.5,0.5,5,BIG | BRCM | S | SAF | X,BIG:0.1000000000 | BRCM:0.1000000000 | S:0.1000000000 | SAF:0.1000000000 | X:0.1000000000,2008-06-12,456
2008,25,2008-06-16,2008-06-20,2008-06-19,,2008-06-18,0.5,0.5,5,BRCM | CNX | S | SAF | X,BRCM:0.1000000000 | CNX:0.1000000000 | S:0.1000000000 | SAF:0.1000000000 | X:0.1000000000,2008-06-18,456
2008,26,2008-06-23,2008-06-27,2008-06-26,,2008-06-25,0.5,0.5,5,BRCM | CNX | MEE | SAF | SLM,BRCM:0.1000000000 | CNX:0.1000000000 | MEE:0.1000000000 | SAF:0.1000000000 | SLM:0.1000000000,2008-06-26,457
2008,27,2008-06-30,2008-07-03,2008-07-03,,2008-07-02,0.5,0.5,5,BRCM | CNX | MEE | S | SAF,BRCM:0.1000000000 | CNX:0.1000000000 | MEE:0.1000000000 | S:0.1000000000 | SAF:0.1000000000,2008-07-02,456
2008,28,2008-07-07,2008-07-11,2008-07-11,,2008-07-10,0.5,0.5,5,BIG | CNX | MEE | S | SAF,BIG:0.1000000000 | CNX:0.1000000000 | MEE:0.1000000000 | S:0.1000000000 | SAF:0.1000000000,2008-07-09,456
2008,29,2008-07-14,2008-07-18,2008-07-18,,2008-07-17,0.5,0.5,5,BIG | CNX | MEE | S | SAF,BIG:0.1000000000 | CNX:0.1000000000 | MEE:0.1000000000 | S:0.1000000000 | SAF:0.1000000000,2008-07-18,458
2008,30,2008-07-21,2008-07-25,2008-07-25,,2008-07-24,0.5,0.5,5,BIG | CNX | JBL | L | MEE,BIG:0.1000000000 | CNX:0.1000000000 | JBL:0.1000000000 | L:0.1000000000 | MEE:0.1000000000,2008-07-21,458
2008,31,2008-07-28,2008-08-01,2008-08-01,,2008-07-31,0.5,0.5,5,CNX | JBL | L | MEE | NOV,CNX:0.1000000000 | JBL:0.1000000000 | L:0.1000000000 | MEE:0.1000000000 | NOV:0.1000000000,2008-08-01,458
2008,32,2008-08-04,2008-08-08,2008-08-08,,2008-08-07,0.5,0.5,5,APOL | BIG | JBL | L | MEE,APOL:0.1000000000 | BIG:0.1000000000 | JBL:0.1000000000 | L:0.1000000000 | MEE:0.1000000000,2008-08-06,459
2008,33,2008-08-11,2008-08-15,2008-08-15,,2008-08-14,0.5,0.5,5,APOL | JBL | L | MEE | ROH,APOL:0.1000000000 | JBL:0.1000000000 | L:0.1000000000 | MEE:0.1000000000 | ROH:0.1000000000,2008-08-06,459
2008,34,2008-08-18,2008-08-22,2008-08-22,,2008-08-21,0.5,0.5,5,APOL | BRL | JBL | L | ROH,APOL:0.1000000000 | BRL:0.1000000000 | JBL:0.1000000000 | L:0.1000000000 | ROH:0.1000000000,2008-08-22,460
2008,35,2008-08-25,2008-08-29,2008-08-29,,2008-08-28,0.5,0.5,5,APOL | BRL | JBL | L | ROH,APOL:0.1000000000 | BRL:0.1000000000 | JBL:0.1000000000 | L:0.1000000000 | ROH:0.1000000000,2008-08-28,460
2008,36,2008-09-02,2008-09-05,,,2008-08-28,0.5,0.5,5,APOL | BRL | JBL | L | ROH,APOL:0.1000000000 | BRL:0.1000000000 | JBL:0.1000000000 | L:0.1000000000 | ROH:0.1000000000,2008-08-28,460
2008,37,2008-09-08,2008-09-12,2008-09-08,,2008-09-05,0.5,0.5,5,APOL | BRL | JBL | L | ROH,APOL:0.1000000000 | BRL:0.1000000000 | JBL:0.1000000000 | L:0.1000000000 | ROH:0.1000000000,2008-09-12,460
2008,38,2008-09-15,2008-09-19,2008-09-15,,2008-09-12,0.5,0.5,5,APOL | BRL | JBL | L | ROH,APOL:0.1000000000 | BRL:0.1000000000 | JBL:0.1000000000 | L:0.1000000000 | ROH:0.1000000000,2008-09-18,462
2008,39,2008-09-22,2008-09-26,2008-09-22,,2008-09-19,0.5,0.5,5,APOL | BRL | FTR | L | ROH,APOL:0.1000000000 | BRL:0.1000000000 | FTR:0.1000000000 | L:0.1000000000 | ROH:0.1000000000,2008-09-26,463
2008,40,2008-09-29,2008-10-03,2008-09-29,,2008-09-26,0.5,0.5,5,APOL | BRL | FTR | MBI | ROH,APOL:0.1000000000 | BRL:0.1000000000 | FTR:0.1000000000 | MBI:0.1000000000 | ROH:0.1000000000,2008-10-03,462
2008,41,2008-10-06,2008-10-10,2008-10-06,,2008-10-03,0.5,0.5,5,FHN | FTR | MBI | MTG | ROH,FHN:0.1000000000 | FTR:0.1000000000 | MBI:0.1000000000 | MTG:0.1000000000 | ROH:0.1000000000,2008-10-08,462
2008,42,2008-10-13,2008-10-17,2008-10-13,,2008-10-10,0.5,0.5,5,FHN | FTR | HBAN | MBI | MTG,FHN:0.1000000000 | FTR:0.1000000000 | HBAN:0.1000000000 | MBI:0.1000000000 | MTG:0.1000000000,2008-10-16,462
2008,43,2008-10-20,2008-10-24,2008-10-20,,2008-10-17,0.5,0.5,5,FHN | FTR | HBAN | MBI | MTG,FHN:0.1000000000 | FTR:0.1000000000 | HBAN:0.1000000000 | MBI:0.1000000000 | MTG:0.1000000000,2008-10-24,462
2008,44,2008-10-27,2008-10-31,2008-10-27,2008-10-31,2008-10-24,0.4,0.6,4,FHN | FTR | HBAN | MBI,FHN:0.1000000000 | FTR:0.1000000000 | HBAN:0.1000000000 | MBI:0.1000000000,2008-10-31,462
2008,45,2008-11-03,2008-11-07,2008-11-03,,2008-10-31,0.5,0.5,5,FHN | HBAN | MBI | SNDK | ZION,FHN:0.1000000000 | HBAN:0.1000000000 | MBI:0.1000000000 | SNDK:0.1000000000 | ZION:0.1000000000,2008-11-07,462
2008,46,2008-11-10,2008-11-14,2008-11-10,,2008-11-07,0.2,0.8,2,CME | UST,CME:0.1000000000 | UST:0.1000000000,2008-11-14,462
2008,47,2008-11-17,2008-11-21,2008-11-17,,2008-11-14,0.5,0.5,5,CME | HBAN | MI | RF | ZION,CME:0.1000000000 | HBAN:0.1000000000 | MI:0.1000000000 | RF:0.1000000000 | ZION:0.1000000000,2008-11-20,463
2008,48,2008-11-24,2008-11-28,2008-11-24,,2008-11-21,0.5,0.5,5,FHN | HBAN | MI | RF | ZION,FHN:0.1000000000 | HBAN:0.1000000000 | MI:0.1000000000 | RF:0.1000000000 | ZION:0.1000000000,2008-11-28,463
2008,49,2008-12-01,2008-12-05,2008-12-02,,2008-12-01,0.5,0.5,5,BBT | HBAN | MI | MU | ZION,BBT:0.1000000000 | HBAN:0.1000000000 | MI:0.1000000000 | MU:0.1000000000 | ZION:0.1000000000,2008-12-05,464
2008,50,2008-12-08,2008-12-12,2008-12-09,,2008-12-08,0.4,0.6,4,APOL | HBAN | SWN | ZION,APOL:0.1000000000 | HBAN:0.1000000000 | SWN:0.1000000000 | ZION:0.1000000000,2008-12-08,464
2008,51,2008-12-15,2008-12-19,2008-12-16,,2008-12-15,0.5,0.5,5,ADM | APOL | FDO | ROH | SWN,ADM:0.1000000000 | APOL:0.1000000000 | FDO:0.1000000000 | ROH:0.1000000000 | SWN:0.1000000000,2008-12-19,464
2008,52,2008-12-22,2008-12-26,2008-12-23,,2008-12-22,0.2,0.8,2,APOL | UST,APOL:0.1000000000 | UST:0.1000000000,2008-12-26,464
2009,1,2009-01-02,2009-01-02,,2009-01-02,2008-12-30,0.3,0.7,3,FHN | RF | SWN,FHN:0.1000000000 | RF:0.1000000000 | SWN:0.1000000000,2009-01-02,464
2009,2,2009-01-05,2009-01-09,2009-01-08,,2009-01-07,0.5,0.5,5,ADM | BK | FHN | NUE | SUN,ADM:0.1000000000 | BK:0.1000000000 | FHN:0.1000000000 | NUE:0.1000000000 | SUN:0.1000000000,2009-01-09,464
2009,3,2009-01-12,2009-01-16,2009-01-15,,2009-01-14,0.5,0.5,5,ADM | F | NUE | STR | SUN,ADM:0.1000000000 | F:0.1000000000 | NUE:0.1000000000 | STR:0.1000000000 | SUN:0.1000000000,2009-01-15,464
2009,4,2009-01-20,2009-01-23,2009-01-23,,2009-01-22,0.5,0.5,5,ADM | AN | F | NUE | SUN,ADM:0.1000000000 | AN:0.1000000000 | F:0.1000000000 | NUE:0.1000000000 | SUN:0.1000000000,2009-01-15,464
2009,5,2009-01-26,2009-01-30,2009-01-30,,2009-01-29,0.5,0.5,5,AN | LEN | LM | ODP | SUN,AN:0.1000000000 | LEN:0.1000000000 | LM:0.1000000000 | ODP:0.1000000000 | SUN:0.1000000000,2009-01-30,463
2009,6,2009-02-02,2009-02-06,2009-02-06,,2009-02-05,0.5,0.5,5,AN | LEN | LM | ODP | SUN,AN:0.1000000000 | LEN:0.1000000000 | LM:0.1000000000 | ODP:0.1000000000 | SUN:0.1000000000,2009-02-05,463
2009,7,2009-02-09,2009-02-13,2009-02-13,,2009-02-12,0.5,0.5,5,AN | GNW | ODP | PLD | SLM,AN:0.1000000000 | GNW:0.1000000000 | ODP:0.1000000000 | PLD:0.1000000000 | SLM:0.1000000000,2009-02-05,463
2009,8,2009-02-17,2009-02-20,,,2009-02-12,0.5,0.5,5,AN | GNW | ODP | PLD | SLM,AN:0.1000000000 | GNW:0.1000000000 | ODP:0.1000000000 | PLD:0.1000000000 | SLM:0.1000000000,2009-02-18,463
2009,9,2009-02-23,2009-02-27,2009-02-23,,2009-02-20,0.5,0.5,5,GNW | HIG | PLD | SLM | SNDK,GNW:0.1000000000 | HIG:0.1000000000 | PLD:0.1000000000 | SLM:0.1000000000 | SNDK:0.1000000000,2009-02-27,463
2009,10,2009-03-02,2009-03-06,2009-03-02,,2009-02-27,0.5,0.5,5,GNW | HIG | LNC | PLD | SNDK,GNW:0.1000000000 | HIG:0.1000000000 | LNC:0.1000000000 | PLD:0.1000000000 | SNDK:0.1000000000,2009-03-05,463
2009,11,2009-03-09,2009-03-13,2009-03-09,,2009-03-06,0.5,0.5,5,GNW | HIG | MS | MU | PLD,GNW:0.1000000000 | HIG:0.1000000000 | MS:0.1000000000 | MU:0.1000000000 | PLD:0.1000000000,2009-03-10,463
2009,12,2009-03-16,2009-03-20,2009-03-16,,2009-03-13,0.5,0.5,5,CI | CVH | GS | MS | MU,CI:0.1000000000 | CVH:0.1000000000 | GS:0.1000000000 | MS:0.1000000000 | MU:0.1000000000,2009-03-20,464
2009,13,2009-03-23,2009-03-27,2009-03-23,,2009-03-20,0.5,0.5,5,CI | CVH | MS | MU | S,CI:0.1000000000 | CVH:0.1000000000 | MS:0.1000000000 | MU:0.1000000000 | S:0.1000000000,2009-03-27,464
2009,14,2009-03-30,2009-04-03,2009-03-30,,2009-03-27,0.5,0.5,5,CF | FCX | MS | MU | S,CF:0.1000000000 | FCX:0.1000000000 | MS:0.1000000000 | MU:0.1000000000 | S:0.1000000000,2009-04-03,464
2009,15,2009-04-06,2009-04-09,2009-04-06,,2009-04-03,0.5,0.5,5,CF | FCX | MS | MU | S,CF:0.1000000000 | FCX:0.1000000000 | MS:0.1000000000 | MU:0.1000000000 | S:0.1000000000,2009-04-09,464
2009,16,2009-04-13,2009-04-17,2009-04-14,,2009-04-13,0.5,0.5,5,CF | DNR | FCX | MS | S,CF:0.1000000000 | DNR:0.1000000000 | FCX:0.1000000000 | MS:0.1000000000 | S:0.1000000000,2009-04-09,464
2009,17,2009-04-20,2009-04-24,2009-04-21,,2009-04-20,0.5,0.5,5,DNR | FCX | JAVA | MS | S,DNR:0.1000000000 | FCX:0.1000000000 | JAVA:0.1000000000 | MS:0.1000000000 | S:0.1000000000,2009-04-24,464
2009,18,2009-04-27,2009-05-01,2009-04-28,,2009-04-27,0.5,0.5,5,DHI | FCX | JAVA | S | XL,DHI:0.1000000000 | FCX:0.1000000000 | JAVA:0.1000000000 | S:0.1000000000 | XL:0.1000000000,2009-04-28,464
2009,19,2009-05-04,2009-05-08,2009-05-05,,2009-05-04,0.5,0.5,5,DHI | FCX | JAVA | S | XL,DHI:0.1000000000 | FCX:0.1000000000 | JAVA:0.1000000000 | S:0.1000000000 | XL:0.1000000000,2009-05-08,464
2009,20,2009-05-11,2009-05-15,2009-05-12,,2009-05-11,0.5,0.5,5,FCX | S | TWX | TXT | XL,FCX:0.1000000000 | S:0.1000000000 | TWX:0.1000000000 | TXT:0.1000000000 | XL:0.1000000000,2009-05-15,464
2009,21,2009-05-18,2009-05-22,2009-05-19,,2009-05-18,0.5,0.5,5,FITB | HBAN | STI | TWX | XL,FITB:0.1000000000 | HBAN:0.1000000000 | STI:0.1000000000 | TWX:0.1000000000 | XL:0.1000000000,2009-05-18,464
2009,22,2009-05-26,2009-05-29,2009-05-27,,2009-05-26,0.5,0.5,5,AIG | FITB | HBAN | TWX | XL,AIG:0.1000000000 | FITB:0.1000000000 | HBAN:0.1000000000 | TWX:0.1000000000 | XL:0.1000000000,2009-05-29,464
2009,23,2009-06-01,2009-06-05,2009-06-03,,2009-06-02,0.5,0.5,5,AIG | GNW | ODP | TWX | XL,AIG:0.1000000000 | GNW:0.1000000000 | ODP:0.1000000000 | TWX:0.1000000000 | XL:0.1000000000,2009-06-05,464
2009,24,2009-06-08,2009-06-12,2009-06-10,,2009-06-09,0.5,0.5,5,AIG | FITB | GNW | ODP | XL,AIG:0.1000000000 | FITB:0.1000000000 | GNW:0.1000000000 | ODP:0.1000000000 | XL:0.1000000000,2009-06-10,464
2009,25,2009-06-15,2009-06-19,2009-06-17,,2009-06-16,0.5,0.5,5,FITB | GNW | HBAN | ODP | XL,FITB:0.1000000000 | GNW:0.1000000000 | HBAN:0.1000000000 | ODP:0.1000000000 | XL:0.1000000000,2009-06-18,464
2009,26,2009-06-22,2009-06-26,2009-06-24,,2009-06-23,0.5,0.5,5,FITB | GNW | HBAN | ODP | XL,FITB:0.1000000000 | GNW:0.1000000000 | HBAN:0.1000000000 | ODP:0.1000000000 | XL:0.1000000000,2009-06-26,463
2009,27,2009-06-29,2009-07-02,2009-07-01,,2009-06-30,0.5,0.5,5,FITB | GNW | HBAN | LNC | ODP,FITB:0.1000000000 | GNW:0.1000000000 | HBAN:0.1000000000 | LNC:0.1000000000 | ODP:0.1000000000,2009-07-02,463
2009,28,2009-07-06,2009-07-10,2009-07-09,,2009-07-08,0.5,0.5,5,FITB | GNW | HBAN | LNC | ODP,FITB:0.1000000000 | GNW:0.1000000000 | HBAN:0.1000000000 | LNC:0.1000000000 | ODP:0.1000000000,2009-07-09,463
2009,29,2009-07-13,2009-07-17,2009-07-16,,2009-07-15,0.5,0.5,5,FITB | GNW | LNC | ODP | THC,FITB:0.1000000000 | GNW:0.1000000000 | LNC:0.1000000000 | ODP:0.1000000000 | THC:0.1000000000,2009-07-17,463
2009,30,2009-07-20,2009-07-24,2009-07-23,,2009-07-22,0.5,0.5,5,FITB | GNW | LNC | ODP | SLM,FITB:0.1000000000 | GNW:0.1000000000 | LNC:0.1000000000 | ODP:0.1000000000 | SLM:0.1000000000,2009-07-17,463
2009,31,2009-07-27,2009-07-31,2009-07-30,,2009-07-29,0.5,0.5,5,FITB | GNW | LNC | ODP | SLM,FITB:0.1000000000 | GNW:0.1000000000 | LNC:0.1000000000 | ODP:0.1000000000 | SLM:0.1000000000,2009-07-29,464
2009,32,2009-08-03,2009-08-07,2009-08-06,,2009-08-05,0.5,0.5,5,AIG | FITB | GNW | ODP | SLM,AIG:0.1000000000 | FITB:0.1000000000 | GNW:0.1000000000 | ODP:0.1000000000 | SLM:0.1000000000,2009-08-06,465
2009,33,2009-08-10,2009-08-14,2009-08-13,,2009-08-12,0.5,0.5,5,AIG | AKS | GNW | ODP | SLM,AIG:0.1000000000 | AKS:0.1000000000 | GNW:0.1000000000 | ODP:0.1000000000 | SLM:0.1000000000,2009-08-06,465
2009,34,2009-08-17,2009-08-21,2009-08-20,,2009-08-19,0.5,0.5,5,AES | AIG | AKS | LM | SLM,AES:0.1000000000 | AIG:0.1000000000 | AKS:0.1000000000 | LM:0.1000000000 | SLM:0.1000000000,2009-08-21,465
2009,35,2009-08-24,2009-08-28,2009-08-27,,2009-08-26,0.5,0.5,5,AIG | AKS | LM | SLM | XL,AIG:0.1000000000 | AKS:0.1000000000 | LM:0.1000000000 | SLM:0.1000000000 | XL:0.1000000000,2009-08-21,465
2009,36,2009-08-31,2009-09-04,2009-09-03,,2009-09-02,0.5,0.5,5,AIG | FITB | SLM | WYNN | XL,AIG:0.1000000000 | FITB:0.1000000000 | SLM:0.1000000000 | WYNN:0.1000000000 | XL:0.1000000000,2009-09-04,465
2009,37,2009-09-08,2009-09-11,2009-09-11,,2009-09-10,0.5,0.5,5,AIG | LEN | MAS | WM | WYNN,AIG:0.1000000000 | LEN:0.1000000000 | MAS:0.1000000000 | WM:0.1000000000 | WYNN:0.1000000000,2009-09-11,465
2009,38,2009-09-14,2009-09-18,2009-09-18,,2009-09-17,0.5,0.5,5,AIG | LEN | MAS | WM | WYNN,AIG:0.1000000000 | LEN:0.1000000000 | MAS:0.1000000000 | WM:0.1000000000 | WYNN:0.1000000000,2009-09-11,465
2009,39,2009-09-21,2009-09-25,2009-09-25,,2009-09-24,0.5,0.5,5,AIG | HIG | LEN | WM | WYNN,AIG:0.1000000000 | HIG:0.1000000000 | LEN:0.1000000000 | WM:0.1000000000 | WYNN:0.1000000000,2009-09-25,465
2009,40,2009-09-28,2009-10-02,2009-10-02,,2009-10-01,0.5,0.5,5,AIG | HIG | LEN | WM | WYNN,AIG:0.1000000000 | HIG:0.1000000000 | LEN:0.1000000000 | WM:0.1000000000 | WYNN:0.1000000000,2009-09-29,465
2009,41,2009-10-05,2009-10-09,2009-10-09,,2009-10-08,1.0,0.0,5,AIG | HIG | LEN | WM | WYNN,AIG:0.2000000000 | HIG:0.2000000000 | LEN:0.2000000000 | WM:0.2000000000 | WYNN:0.2000000000,2009-10-09,465
2009,42,2009-10-12,2009-10-16,2009-10-16,,2009-10-15,1.0,0.0,5,AIG | GNW | HIG | WM | WYNN,AIG:0.2000000000 | GNW:0.2000000000 | HIG:0.2000000000 | WM:0.2000000000 | WYNN:0.2000000000,2009-10-16,464
2009,43,2009-10-19,2009-10-23,2009-10-23,,2009-10-22,1.0,0.0,5,AIG | GNW | HIG | MI | WM,AIG:0.2000000000 | GNW:0.2000000000 | HIG:0.2000000000 | MI:0.2000000000 | WM:0.2000000000,2009-10-21,464
2009,44,2009-10-26,2009-10-30,2009-10-30,,2009-10-29,1.0,0.0,5,AIG | GNW | HIG | MBI | WM,AIG:0.2000000000 | GNW:0.2000000000 | HIG:0.2000000000 | MBI:0.2000000000 | WM:0.2000000000,2009-10-29,464
2009,45,2009-11-02,2009-11-06,2009-11-06,,2009-11-05,1.0,0.0,5,AIG | AMD | GNW | HIG | THC,AIG:0.2000000000 | AMD:0.2000000000 | GNW:0.2000000000 | HIG:0.2000000000 | THC:0.2000000000,2009-11-06,463
2009,46,2009-11-09,2009-11-13,2009-11-13,,2009-11-12,1.0,0.0,5,AIG | AMD | GNW | HIG | ODP,AIG:0.2000000000 | AMD:0.2000000000 | GNW:0.2000000000 | HIG:0.2000000000 | ODP:0.2000000000,2009-11-10,463
2009,47,2009-11-16,2009-11-20,2009-11-20,,2009-11-19,1.0,0.0,5,AMD | GNW | HIG | LXK | ODP,AMD:0.2000000000 | GNW:0.2000000000 | HIG:0.2000000000 | LXK:0.2000000000 | ODP:0.2000000000,2009-11-18,463
2009,48,2009-11-23,2009-11-27,,,2009-11-19,1.0,0.0,5,AMD | GNW | HIG | LXK | ODP,AMD:0.2000000000 | GNW:0.2000000000 | HIG:0.2000000000 | LXK:0.2000000000 | ODP:0.2000000000,2009-11-27,463
2009,49,2009-11-30,2009-12-04,2009-11-30,,2009-11-27,1.0,0.0,5,AMZN | FSLR | JBL | LXK | PXD,AMZN:0.2000000000 | FSLR:0.2000000000 | JBL:0.2000000000 | LXK:0.2000000000 | PXD:0.2000000000,2009-11-27,464
2009,50,2009-12-07,2009-12-11,2009-12-07,,2009-12-04,1.0,0.0,5,AMZN | HAR | JBL | LXK | PXD,AMZN:0.2000000000 | HAR:0.2000000000 | JBL:0.2000000000 | LXK:0.2000000000 | PXD:0.2000000000,2009-12-09,464
2009,51,2009-12-14,2009-12-18,2009-12-14,,2009-12-11,1.0,0.0,5,AMZN | HAR | JBL | LXK | PXD,AMZN:0.2000000000 | HAR:0.2000000000 | JBL:0.2000000000 | LXK:0.2000000000 | PXD:0.2000000000,2009-12-17,464
2009,52,2009-12-21,2009-12-24,2009-12-21,,2009-12-18,1.0,0.0,5,AMD | AMZN | LXK | RX | SLM,AMD:0.2000000000 | AMZN:0.2000000000 | LXK:0.2000000000 | RX:0.2000000000 | SLM:0.2000000000,2009-12-24,463
2009,53,2009-12-28,2009-12-31,2009-12-29,,2009-12-28,1.0,0.0,5,AMZN | CLF | MEE | RX | SLM,AMZN:0.2000000000 | CLF:0.2000000000 | MEE:0.2000000000 | RX:0.2000000000 | SLM:0.2000000000,2009-12-30,463
2010,1,2010-01-04,2010-01-08,2010-01-06,,2010-01-05,1.0,0.0,5,AMZN | CLF | MEE | RX | SLM,AMZN:0.2000000000 | CLF:0.2000000000 | MEE:0.2000000000 | RX:0.2000000000 | SLM:0.2000000000,2010-01-08,463
2010,2,2010-01-11,2010-01-15,2010-01-13,,2010-01-12,1.0,0.0,5,AMD | AMZN | CLF | RX | SLM,AMD:0.2000000000 | AMZN:0.2000000000 | CLF:0.2000000000 | RX:0.2000000000 | SLM:0.2000000000,2010-01-08,463
2010,3,2010-01-19,2010-01-22,2010-01-21,,2010-01-20,1.0,0.0,5,AMD | AMZN | BDK | CVH | SLM,AMD:0.2000000000 | AMZN:0.2000000000 | BDK:0.2000000000 | CVH:0.2000000000 | SLM:0.2000000000,2010-01-21,463
2010,4,2010-01-25,2010-01-29,2010-01-28,,2010-01-27,1.0,0.0,5,AMD | ATI | BDK | MEE | X,AMD:0.2000000000 | ATI:0.2000000000 | BDK:0.2000000000 | MEE:0.2000000000 | X:0.2000000000,2010-01-29,463
2010,5,2010-02-01,2010-02-05,2010-02-04,,2010-02-03,1.0,0.0,5,AMD | ATI | MEE | NYT | X,AMD:0.2000000000 | ATI:0.2000000000 | MEE:0.2000000000 | NYT:0.2000000000 | X:0.2000000000,2010-02-02,463
2010,6,2010-02-08,2010-02-12,2010-02-11,,2010-02-10,1.0,0.0,5,AMD | ATI | MEE | NYT | X,AMD:0.2000000000 | ATI:0.2000000000 | MEE:0.2000000000 | NYT:0.2000000000 | X:0.2000000000,2010-02-10,463
2010,7,2010-02-16,2010-02-19,2010-02-19,,2010-02-18,1.0,0.0,5,AMD | ATI | NYT | SNDK | X,AMD:0.2000000000 | ATI:0.2000000000 | NYT:0.2000000000 | SNDK:0.2000000000 | X:0.2000000000,2010-02-19,463
2010,8,2010-02-22,2010-02-26,2010-02-26,,2010-02-25,1.0,0.0,5,ATI | MU | NYT | SNDK | ZION,ATI:0.2000000000 | MU:0.2000000000 | NYT:0.2000000000 | SNDK:0.2000000000 | ZION:0.2000000000,2010-02-26,462
2010,9,2010-03-01,2010-03-05,2010-03-05,,2010-03-04,1.0,0.0,5,ATI | GNW | NYT | SNDK | ZION,ATI:0.2000000000 | GNW:0.2000000000 | NYT:0.2000000000 | SNDK:0.2000000000 | ZION:0.2000000000,2010-03-03,462
2010,10,2010-03-08,2010-03-12,2010-03-12,,2010-03-11,1.0,0.0,5,ARG | GNW | LEN | NYT | ZION,ARG:0.2000000000 | GNW:0.2000000000 | LEN:0.2000000000 | NYT:0.2000000000 | ZION:0.2000000000,2010-03-11,462
2010,11,2010-03-15,2010-03-19,2010-03-19,,2010-03-18,1.0,0.0,5,ARG | DHI | GNW | LEN | ZION,ARG:0.2000000000 | DHI:0.2000000000 | GNW:0.2000000000 | LEN:0.2000000000 | ZION:0.2000000000,2010-03-16,462
2010,12,2010-03-22,2010-03-26,2010-03-26,,2010-03-25,1.0,0.0,5,ARG | GNW | LEN | SII | ZION,ARG:0.2000000000 | GNW:0.2000000000 | LEN:0.2000000000 | SII:0.2000000000 | ZION:0.2000000000,2010-03-23,462
2010,13,2010-03-29,2010-04-01,,,2010-03-25,1.0,0.0,5,ARG | GNW | LEN | SII | ZION,ARG:0.2000000000 | GNW:0.2000000000 | LEN:0.2000000000 | SII:0.2000000000 | ZION:0.2000000000,2010-03-31,462
2010,14,2010-04-05,2010-04-09,2010-04-05,,2010-04-01,1.0,0.0,5,ARG | GNW | LEN | SII | ZION,ARG:0.2000000000 | GNW:0.2000000000 | LEN:0.2000000000 | SII:0.2000000000 | ZION:0.2000000000,2010-03-31,462
2010,15,2010-04-12,2010-04-16,2010-04-12,,2010-04-09,1.0,0.0,5,AIG | ARG | GNW | SII | ZION,AIG:0.2000000000 | ARG:0.2000000000 | GNW:0.2000000000 | SII:0.2000000000 | ZION:0.2000000000,2010-04-13,462
2010,16,2010-04-19,2010-04-23,2010-04-19,,2010-04-16,1.0,0.0,5,ANF | ARG | HBAN | SII | ZION,ANF:0.2000000000 | ARG:0.2000000000 | HBAN:0.2000000000 | SII:0.2000000000 | ZION:0.2000000000,2010-04-21,462
2010,17,2010-04-26,2010-04-30,2010-04-26,,2010-04-23,1.0,0.0,5,ANF | ARG | CLF | SII | ZION,ANF:0.2000000000 | ARG:0.2000000000 | CLF:0.2000000000 | SII:0.2000000000 | ZION:0.2000000000,2010-04-30,462
2010,18,2010-05-03,2010-05-07,2010-05-03,,2010-04-30,1.0,0.0,5,ANF | ARG | CLF | SII | X,ANF:0.2000000000 | ARG:0.2000000000 | CLF:0.2000000000 | SII:0.2000000000 | X:0.2000000000,2010-05-07,462
2010,19,2010-05-10,2010-05-14,2010-05-10,,2010-05-07,1.0,0.0,5,AIG | ANF | CLF | SII | X,AIG:0.2000000000 | ANF:0.2000000000 | CLF:0.2000000000 | SII:0.2000000000 | X:0.2000000000,2010-05-11,462
2010,20,2010-05-17,2010-05-21,2010-05-17,,2010-05-14,1.0,0.0,5,AIG | ANF | CLF | TIE | ZION,AIG:0.2000000000 | ANF:0.2000000000 | CLF:0.2000000000 | TIE:0.2000000000 | ZION:0.2000000000,2010-05-21,462
2010,21,2010-05-24,2010-05-28,2010-05-24,,2010-05-21,1.0,0.0,5,AIG | MI | SNDK | TIE | ZION,AIG:0.2000000000 | MI:0.2000000000 | SNDK:0.2000000000 | TIE:0.2000000000 | ZION:0.2000000000,2010-05-28,462
2010,22,2010-06-01,2010-06-04,2010-06-01,,2010-05-28,1.0,0.0,5,AIG | FSLR | HBAN | MI | ZION,AIG:0.2000000000 | FSLR:0.2000000000 | HBAN:0.2000000000 | MI:0.2000000000 | ZION:0.2000000000,2010-06-01,462
2010,23,2010-06-07,2010-06-11,2010-06-08,,2010-06-07,1.0,0.0,5,AIG | AKAM | HBAN | S | ZION,AIG:0.2000000000 | AKAM:0.2000000000 | HBAN:0.2000000000 | S:0.2000000000 | ZION:0.2000000000,2010-06-11,461
2010,24,2010-06-14,2010-06-18,2010-06-15,,2010-06-14,1.0,0.0,5,AKAM | HBAN | S | SNDK | ZION,AKAM:0.2000000000 | HBAN:0.2000000000 | S:0.2000000000 | SNDK:0.2000000000 | ZION:0.2000000000,2010-06-18,461
2010,25,2010-06-21,2010-06-25,2010-06-22,,2010-06-21,1.0,0.0,5,AKAM | HBAN | S | SNDK | TLAB,AKAM:0.2000000000 | HBAN:0.2000000000 | S:0.2000000000 | SNDK:0.2000000000 | TLAB:0.2000000000,2010-06-21,462
2010,26,2010-06-28,2010-07-02,2010-06-29,,2010-06-28,1.0,0.0,5,AKAM | HBAN | S | SNDK | TLAB,AKAM:0.2000000000 | HBAN:0.2000000000 | S:0.2000000000 | SNDK:0.2000000000 | TLAB:0.2000000000,2010-07-02,463
2010,27,2010-07-06,2010-07-09,2010-07-07,,2010-07-06,1.0,0.0,5,AKAM | CRM | NTAP | S | SNDK,AKAM:0.2000000000 | CRM:0.2000000000 | NTAP:0.2000000000 | S:0.2000000000 | SNDK:0.2000000000,2010-07-09,463
2010,28,2010-07-12,2010-07-16,2010-07-14,,2010-07-13,1.0,0.0,5,AKAM | CRM | NTAP | S | SNDK,AKAM:0.2000000000 | CRM:0.2000000000 | NTAP:0.2000000000 | S:0.2000000000 | SNDK:0.2000000000,2010-07-16,462
2010,29,2010-07-19,2010-07-23,2010-07-21,,2010-07-20,1.0,0.0,5,AKAM | CRM | NTAP | S | SNDK,AKAM:0.2000000000 | CRM:0.2000000000 | NTAP:0.2000000000 | S:0.2000000000 | SNDK:0.2000000000,2010-07-22,462
2010,30,2010-07-26,2010-07-30,2010-07-28,,2010-07-27,1.0,0.0,5,AKAM | CRM | NTAP | S | SNDK,AKAM:0.2000000000 | CRM:0.2000000000 | NTAP:0.2000000000 | S:0.2000000000 | SNDK:0.2000000000,2010-07-30,462
2010,31,2010-08-02,2010-08-06,2010-08-04,,2010-08-03,1.0,0.0,5,AKAM | ETFC | NTAP | S | TIE,AKAM:0.2000000000 | ETFC:0.2000000000 | NTAP:0.2000000000 | S:0.2000000000 | TIE:0.2000000000,2010-07-30,462
2010,32,2010-08-09,2010-08-13,2010-08-11,,2010-08-10,1.0,0.0,5,AKAM | ETFC | NTAP | S | TIE,AKAM:0.2000000000 | ETFC:0.2000000000 | NTAP:0.2000000000 | S:0.2000000000 | TIE:0.2000000000,2010-08-11,462
2010,33,2010-08-16,2010-08-20,2010-08-18,,2010-08-17,1.0,0.0,5,DF | ETFC | FSLR | NTAP | TIE,DF:0.2000000000 | ETFC:0.2000000000 | FSLR:0.2000000000 | NTAP:0.2000000000 | TIE:0.2000000000,2010-08-19,462
2010,34,2010-08-23,2010-08-27,2010-08-25,,2010-08-24,1.0,0.0,5,ETFC | FSLR | JBL | NTAP | TIE,ETFC:0.2000000000 | FSLR:0.2000000000 | JBL:0.2000000000 | NTAP:0.2000000000 | TIE:0.2000000000,2010-08-27,461
2010,35,2010-08-30,2010-09-03,2010-09-01,,2010-08-31,1.0,0.0,5,APC | ETFC | FTI | HAL | TIE,APC:0.2000000000 | ETFC:0.2000000000 | FTI:0.2000000000 | HAL:0.2000000000 | TIE:0.2000000000,2010-08-31,461
2010,36,2010-09-07,2010-09-10,2010-09-09,,2010-09-08,1.0,0.0,5,APC | ETFC | FSLR | FTI | HAL,APC:0.2000000000 | ETFC:0.2000000000 | FSLR:0.2000000000 | FTI:0.2000000000 | HAL:0.2000000000,2010-09-09,461
2010,37,2010-09-13,2010-09-17,2010-09-16,,2010-09-15,1.0,0.0,5,APC | CF | CTXS | ETFC | FTI,APC:0.2000000000 | CF:0.2000000000 | CTXS:0.2000000000 | ETFC:0.2000000000 | FTI:0.2000000000,2010-09-09,461
2010,38,2010-09-20,2010-09-24,2010-09-23,,2010-09-22,1.0,0.0,5,APC | CF | CTXS | ETFC | FTI,APC:0.2000000000 | CF:0.2000000000 | CTXS:0.2000000000 | ETFC:0.2000000000 | FTI:0.2000000000,2010-09-21,461
2010,39,2010-09-27,2010-10-01,2010-09-30,,2010-09-29,1.0,0.0,5,APC | CF | CTXS | FTI | MFE,APC:0.2000000000 | CF:0.2000000000 | CTXS:0.2000000000 | FTI:0.2000000000 | MFE:0.2000000000,2010-09-29,461
2010,40,2010-10-04,2010-10-08,2010-10-07,,2010-10-06,1.0,0.0,5,CF | CLF | CRM | CTXS | MFE,CF:0.2000000000 | CLF:0.2000000000 | CRM:0.2000000000 | CTXS:0.2000000000 | MFE:0.2000000000,2010-09-29,461
2010,41,2010-10-11,2010-10-15,2010-10-14,,2010-10-13,1.0,0.0,5,CF | CLF | CRM | CTXS | MFE,CF:0.2000000000 | CLF:0.2000000000 | CRM:0.2000000000 | CTXS:0.2000000000 | MFE:0.2000000000,2010-10-15,461
2010,42,2010-10-18,2010-10-22,2010-10-21,,2010-10-20,1.0,0.0,5,CF | CRM | CTXS | EXPE | MFE,CF:0.2000000000 | CRM:0.2000000000 | CTXS:0.2000000000 | EXPE:0.2000000000 | MFE:0.2000000000,2010-10-19,461
2010,43,2010-10-25,2010-10-29,2010-10-28,,2010-10-27,1.0,0.0,5,CF | CTXS | EXPE | MFE | NVDA,CF:0.2000000000 | CTXS:0.2000000000 | EXPE:0.2000000000 | MFE:0.2000000000 | NVDA:0.2000000000,2010-10-29,461
2010,44,2010-11-01,2010-11-05,2010-11-04,,2010-11-03,1.0,0.0,5,CTXS | FCX | JCP | MFE | NVDA,CTXS:0.2000000000 | FCX:0.2000000000 | JCP:0.2000000000 | MFE:0.2000000000 | NVDA:0.2000000000,2010-11-05,461
2010,45,2010-11-08,2010-11-12,2010-11-11,,2010-11-10,1.0,0.0,5,CF | FCX | JCP | KG | MFE,CF:0.2000000000 | FCX:0.2000000000 | JCP:0.2000000000 | KG:0.2000000000 | MFE:0.2000000000,2010-11-08,461
2010,46,2010-11-15,2010-11-19,2010-11-18,,2010-11-17,1.0,0.0,5,CF | FCX | JCP | KG | LB,CF:0.2000000000 | FCX:0.2000000000 | JCP:0.2000000000 | KG:0.2000000000 | LB:0.2000000000,2010-11-18,461
2010,47,2010-11-22,2010-11-26,2010-11-26,,2010-11-24,1.0,0.0,5,CF | FCX | JCP | KG | MEE,CF:0.2000000000 | FCX:0.2000000000 | JCP:0.2000000000 | KG:0.2000000000 | MEE:0.2000000000,2010-11-26,461
2010,48,2010-11-29,2010-12-03,2010-12-03,,2010-12-02,1.0,0.0,5,CF | JCP | KG | MEE | MWW,CF:0.2000000000 | JCP:0.2000000000 | KG:0.2000000000 | MEE:0.2000000000 | MWW:0.2000000000,2010-11-29,461
2010,49,2010-12-06,2010-12-10,2010-12-10,,2010-12-09,1.0,0.0,5,CF | JCP | KG | MEE | MWW,CF:0.2000000000 | JCP:0.2000000000 | KG:0.2000000000 | MEE:0.2000000000 | MWW:0.2000000000,2010-12-09,461
2010,50,2010-12-13,2010-12-17,2010-12-17,,2010-12-16,1.0,0.0,5,ANF | JCP | KG | MEE | MWW,ANF:0.2000000000 | JCP:0.2000000000 | KG:0.2000000000 | MEE:0.2000000000 | MWW:0.2000000000,2010-12-17,461
2010,51,2010-12-20,2010-12-23,,2010-12-20,2010-12-16,0.8,0.2,4,ANF | JCP | MEE | MWW,ANF:0.2000000000 | JCP:0.2000000000 | MEE:0.2000000000 | MWW:0.2000000000,2010-12-21,462
2010,52,2010-12-27,2010-12-31,2010-12-27,,2010-12-23,1.0,0.0,5,ANF | FFIV | JCP | MEE | MWW,ANF:0.2000000000 | FFIV:0.2000000000 | JCP:0.2000000000 | MEE:0.2000000000 | MWW:0.2000000000,2010-12-31,462
2011,1,2011-01-03,2011-01-07,2011-01-03,,2010-12-31,1.0,0.0,5,ANF | FFIV | HAR | MEE | MWW,ANF:0.2000000000 | FFIV:0.2000000000 | HAR:0.2000000000 | MEE:0.2000000000 | MWW:0.2000000000,2011-01-05,463
2011,2,2011-01-10,2011-01-14,2011-01-10,,2011-01-07,1.0,0.0,5,ANF | FFIV | HAR | MEE | MWW,ANF:0.2000000000 | FFIV:0.2000000000 | HAR:0.2000000000 | MEE:0.2000000000 | MWW:0.2000000000,2011-01-12,463
2011,3,2011-01-18,2011-01-21,2011-01-18,,2011-01-14,1.0,0.0,5,FFIV | HAR | MEE | MWW | THC,FFIV:0.2000000000 | HAR:0.2000000000 | MEE:0.2000000000 | MWW:0.2000000000 | THC:0.2000000000,2011-01-21,463
2011,4,2011-01-24,2011-01-28,2011-01-25,,2011-01-24,1.0,0.0,5,FFIV | HAR | MEE | MWW | THC,FFIV:0.2000000000 | HAR:0.2000000000 | MEE:0.2000000000 | MWW:0.2000000000 | THC:0.2000000000,2011-01-25,463
2011,5,2011-01-31,2011-02-04,2011-02-01,,2011-01-31,1.0,0.0,5,AIG | HAR | MWW | THC | X,AIG:0.2000000000 | HAR:0.2000000000 | MWW:0.2000000000 | THC:0.2000000000 | X:0.2000000000,2011-02-02,463
2011,6,2011-02-07,2011-02-11,2011-02-08,,2011-02-07,1.0,0.0,5,AIG | MMI | MWW | NVDA | THC,AIG:0.2000000000 | MMI:0.2000000000 | MWW:0.2000000000 | NVDA:0.2000000000 | THC:0.2000000000,2011-02-10,463
2011,7,2011-02-14,2011-02-18,2011-02-15,,2011-02-14,1.0,0.0,5,AIG | DF | MMI | NVDA | THC,AIG:0.2000000000 | DF:0.2000000000 | MMI:0.2000000000 | NVDA:0.2000000000 | THC:0.2000000000,2011-02-10,463
2011,8,2011-02-22,2011-02-25,2011-02-23,,2011-02-22,1.0,0.0,5,DF | MI | MMI | NVDA | THC,DF:0.2000000000 | MI:0.2000000000 | MMI:0.2000000000 | NVDA:0.2000000000 | THC:0.2000000000,2011-02-23,463
2011,9,2011-02-28,2011-03-04,2011-03-02,,2011-03-01,1.0,0.0,5,DF | MI | MMI | NVDA | THC,DF:0.2000000000 | MI:0.2000000000 | MMI:0.2000000000 | NVDA:0.2000000000 | THC:0.2000000000,2011-03-04,462
2011,10,2011-03-07,2011-03-11,2011-03-09,,2011-03-08,1.0,0.0,5,DF | MI | MMI | NVDA | THC,DF:0.2000000000 | MI:0.2000000000 | MMI:0.2000000000 | NVDA:0.2000000000 | THC:0.2000000000,2011-03-07,462
2011,11,2011-03-14,2011-03-18,2011-03-16,,2011-03-15,1.0,0.0,5,BIG | ISRG | MMI | MU | NVDA,BIG:0.2000000000 | ISRG:0.2000000000 | MMI:0.2000000000 | MU:0.2000000000 | NVDA:0.2000000000,2011-03-15,462
2011,12,2011-03-21,2011-03-25,2011-03-23,,2011-03-22,1.0,0.0,5,BIG | MMI | MU | NVDA | TER,BIG:0.2000000000 | MMI:0.2000000000 | MU:0.2000000000 | NVDA:0.2000000000 | TER:0.2000000000,2011-03-23,462
2011,13,2011-03-28,2011-04-01,2011-03-30,,2011-03-29,1.0,0.0,5,BIG | MMI | MU | NVDA | TER,BIG:0.2000000000 | MMI:0.2000000000 | MU:0.2000000000 | NVDA:0.2000000000 | TER:0.2000000000,2011-04-01,462
2011,14,2011-04-04,2011-04-08,2011-04-06,,2011-04-05,1.0,0.0,5,BIG | MU | NVDA | NVLS | TER,BIG:0.2000000000 | MU:0.2000000000 | NVDA:0.2000000000 | NVLS:0.2000000000 | TER:0.2000000000,2011-04-08,462
2011,15,2011-04-11,2011-04-15,2011-04-13,,2011-04-12,1.0,0.0,5,BIG | CHK | HRB | MU | TER,BIG:0.2000000000 | CHK:0.2000000000 | HRB:0.2000000000 | MU:0.2000000000 | TER:0.2000000000,2011-04-12,462
2011,16,2011-04-18,2011-04-21,2011-04-20,,2011-04-19,1.0,0.0,5,BIG | ES | GT | HRB | TER,BIG:0.2000000000 | ES:0.2000000000 | GT:0.2000000000 | HRB:0.2000000000 | TER:0.2000000000,2011-04-12,462
2011,17,2011-04-25,2011-04-29,2011-04-28,,2011-04-27,1.0,0.0,5,BIG | HRB | NFLX | SVU | TER,BIG:0.2000000000 | HRB:0.2000000000 | NFLX:0.2000000000 | SVU:0.2000000000 | TER:0.2000000000,2011-04-29,462
2011,18,2011-05-02,2011-05-06,2011-05-05,,2011-05-04,1.0,0.0,5,BIG | CEPH | HRB | LB | SVU,BIG:0.2000000000 | CEPH:0.2000000000 | HRB:0.2000000000 | LB:0.2000000000 | SVU:0.2000000000,2011-05-05,463
2011,19,2011-05-09,2011-05-13,2011-05-12,,2011-05-11,1.0,0.0,5,CEPH | HRB | LB | NSM | SVU,CEPH:0.2000000000 | HRB:0.2000000000 | LB:0.2000000000 | NSM:0.2000000000 | SVU:0.2000000000,2011-05-13,463
2011,20,2011-05-16,2011-05-20,2011-05-19,,2011-05-18,1.0,0.0,5,CEPH | HRB | LB | NSM | SVU,CEPH:0.2000000000 | HRB:0.2000000000 | LB:0.2000000000 | NSM:0.2000000000 | SVU:0.2000000000,2011-05-20,463
2011,21,2011-05-23,2011-05-27,2011-05-26,,2011-05-25,1.0,0.0,5,CEPH | LB | NSM | SVU | WDC,CEPH:0.2000000000 | LB:0.2000000000 | NSM:0.2000000000 | SVU:0.2000000000 | WDC:0.2000000000,2011-05-23,463
2011,22,2011-05-31,2011-06-03,2011-06-03,,2011-06-02,1.0,0.0,5,CEPH | GT | NSM | SVU | WDC,CEPH:0.2000000000 | GT:0.2000000000 | NSM:0.2000000000 | SVU:0.2000000000 | WDC:0.2000000000,2011-06-03,462
2011,23,2011-06-06,2011-06-10,2011-06-10,,2011-06-09,1.0,0.0,5,ANF | CEPH | GT | NSM | SVU,ANF:0.2000000000 | CEPH:0.2000000000 | GT:0.2000000000 | NSM:0.2000000000 | SVU:0.2000000000,2011-06-10,462
2011,24,2011-06-13,2011-06-17,2011-06-17,,2011-06-16,1.0,0.0,5,ANF | CEPH | DF | NSM | SVU,ANF:0.2000000000 | CEPH:0.2000000000 | DF:0.2000000000 | NSM:0.2000000000 | SVU:0.2000000000,2011-06-13,462
2011,25,2011-06-20,2011-06-24,2011-06-24,,2011-06-23,1.0,0.0,5,ANF | CEPH | DF | NSM | SVU,ANF:0.2000000000 | CEPH:0.2000000000 | DF:0.2000000000 | NSM:0.2000000000 | SVU:0.2000000000,2011-06-23,462
2011,26,2011-06-27,2011-07-01,2011-07-01,,2011-06-30,1.0,0.0,5,ANF | DF | EXPE | NSM | S,ANF:0.2000000000 | DF:0.2000000000 | EXPE:0.2000000000 | NSM:0.2000000000 | S:0.2000000000,2011-07-01,463
2011,27,2011-07-05,2011-07-08,,,2011-06-30,1.0,0.0,5,ANF | DF | EXPE | NSM | S,ANF:0.2000000000 | DF:0.2000000000 | EXPE:0.2000000000 | NSM:0.2000000000 | S:0.2000000000,2011-07-07,462
2011,28,2011-07-11,2011-07-15,2011-07-11,,2011-07-08,1.0,0.0,5,DF | EXPE | FFIV | PLD | S,DF:0.2000000000 | EXPE:0.2000000000 | FFIV:0.2000000000 | PLD:0.2000000000 | S:0.2000000000,2011-07-14,462
2011,29,2011-07-18,2011-07-22,2011-07-18,,2011-07-15,1.0,0.0,5,CF | COG | DF | EXPE | PLD,CF:0.2000000000 | COG:0.2000000000 | DF:0.2000000000 | EXPE:0.2000000000 | PLD:0.2000000000,2011-07-22,462
2011,30,2011-07-25,2011-07-29,2011-07-25,,2011-07-22,1.0,0.0,5,COG | DF | EXPE | M | PLD,COG:0.2000000000 | DF:0.2000000000 | EXPE:0.2000000000 | M:0.2000000000 | PLD:0.2000000000,2011-07-22,462
2011,31,2011-08-01,2011-08-05,2011-08-01,,2011-07-29,1.0,0.0,5,COG | EXPE | M | MA | PLD,COG:0.2000000000 | EXPE:0.2000000000 | M:0.2000000000 | MA:0.2000000000 | PLD:0.2000000000,2011-08-03,462
2011,32,2011-08-08,2011-08-12,2011-08-08,,2011-08-05,1.0,0.0,5,COG | EXPE | MA | NFLX | PLD,COG:0.2000000000 | EXPE:0.2000000000 | MA:0.2000000000 | NFLX:0.2000000000 | PLD:0.2000000000,2011-08-11,462
2011,33,2011-08-15,2011-08-19,2011-08-15,,2011-08-12,1.0,0.0,5,COG | EXPE | MA | NFLX | PLD,COG:0.2000000000 | EXPE:0.2000000000 | MA:0.2000000000 | NFLX:0.2000000000 | PLD:0.2000000000,2011-08-11,462
2011,34,2011-08-22,2011-08-26,2011-08-22,,2011-08-19,1.0,0.0,5,COG | HAL | HP | NOV | PLD,COG:0.2000000000 | HAL:0.2000000000 | HP:0.2000000000 | NOV:0.2000000000 | PLD:0.2000000000,2011-08-23,462
2011,35,2011-08-29,2011-09-02,2011-08-29,,2011-08-26,1.0,0.0,5,COG | HP | NOV | PLD | RRC,COG:0.2000000000 | HP:0.2000000000 | NOV:0.2000000000 | PLD:0.2000000000 | RRC:0.2000000000,2011-08-31,462
2011,36,2011-09-06,2011-09-09,2011-09-06,,2011-09-02,1.0,0.0,5,CAM | COG | LXK | MA | RRC,CAM:0.2000000000 | COG:0.2000000000 | LXK:0.2000000000 | MA:0.2000000000 | RRC:0.2000000000,2011-08-31,462
2011,37,2011-09-12,2011-09-16,2011-09-13,,2011-09-12,1.0,0.0,5,CAM | COG | LXK | MA | RRC,CAM:0.2000000000 | COG:0.2000000000 | LXK:0.2000000000 | MA:0.2000000000 | RRC:0.2000000000,2011-09-13,462
2011,38,2011-09-19,2011-09-23,2011-09-20,,2011-09-19,1.0,0.0,5,COG | LXK | MA | MMI | RRC,COG:0.2000000000 | LXK:0.2000000000 | MA:0.2000000000 | MMI:0.2000000000 | RRC:0.2000000000,2011-09-21,462
2011,39,2011-09-26,2011-09-30,2011-09-27,,2011-09-26,1.0,0.0,5,COG | LXK | MA | MMI | RRC,COG:0.2000000000 | LXK:0.2000000000 | MA:0.2000000000 | MMI:0.2000000000 | RRC:0.2000000000,2011-09-27,462
2011,40,2011-10-03,2011-10-07,2011-10-04,,2011-10-03,0.5,0.5,5,COG | LXK | MA | MMI | RRC,COG:0.1000000000 | LXK:0.1000000000 | MA:0.1000000000 | MMI:0.1000000000 | RRC:0.1000000000,2011-10-07,463
2011,41,2011-10-10,2011-10-14,2011-10-11,,2011-10-10,1.0,0.0,5,COG | LXK | MA | MMI | RRC,COG:0.2000000000 | LXK:0.2000000000 | MA:0.2000000000 | MMI:0.2000000000 | RRC:0.2000000000,2011-10-14,462
2011,42,2011-10-17,2011-10-21,2011-10-18,,2011-10-17,1.0,0.0,5,AMD | CF | LXK | MA | MMI,AMD:0.2000000000 | CF:0.2000000000 | LXK:0.2000000000 | MA:0.2000000000 | MMI:0.2000000000,2011-10-21,463
2011,43,2011-10-24,2011-10-28,2011-10-25,,2011-10-24,1.0,0.0,5,CERN | GR | MA | MMI | RL,CERN:0.2000000000 | GR:0.2000000000 | MA:0.2000000000 | MMI:0.2000000000 | RL:0.2000000000,2011-10-28,463
2011,44,2011-10-31,2011-11-04,2011-11-01,,2011-10-31,1.0,0.0,5,CERN | GR | MA | MMI | TLAB,CERN:0.2000000000 | GR:0.2000000000 | MA:0.2000000000 | MMI:0.2000000000 | TLAB:0.2000000000,2011-11-02,463
2011,45,2011-11-07,2011-11-11,2011-11-08,,2011-11-07,1.0,0.0,5,GR | JBL | JWN | MMI | RL,GR:0.2000000000 | JBL:0.2000000000 | JWN:0.2000000000 | MMI:0.2000000000 | RL:0.2000000000,2011-11-10,463
2011,46,2011-11-14,2011-11-18,2011-11-15,,2011-11-14,1.0,0.0,5,GR | JBL | JWN | NVDA | SNDK,GR:0.2000000000 | JBL:0.2000000000 | JWN:0.2000000000 | NVDA:0.2000000000 | SNDK:0.2000000000,2011-11-18,463
2011,47,2011-11-21,2011-11-25,2011-11-22,,2011-11-21,1.0,0.0,5,HAR | JBL | PHM | SHLD | SNDK,HAR:0.2000000000 | JBL:0.2000000000 | PHM:0.2000000000 | SHLD:0.2000000000 | SNDK:0.2000000000,2011-11-25,463
2011,48,2011-11-28,2011-12-02,2011-11-30,,2011-11-29,1.0,0.0,5,FFIV | HAR | JBL | SHLD | SNDK,FFIV:0.2000000000 | HAR:0.2000000000 | JBL:0.2000000000 | SHLD:0.2000000000 | SNDK:0.2000000000,2011-12-01,464
2011,49,2011-12-05,2011-12-09,2011-12-07,,2011-12-06,1.0,0.0,5,AKAM | FFIV | HAR | SHLD | SNDK,AKAM:0.2000000000 | FFIV:0.2000000000 | HAR:0.2000000000 | SHLD:0.2000000000 | SNDK:0.2000000000,2011-12-09,465
2011,50,2011-12-12,2011-12-16,2011-12-14,,2011-12-13,1.0,0.0,5,AKAM | FFIV | HAR | PHM | SHLD,AKAM:0.2000000000 | FFIV:0.2000000000 | HAR:0.2000000000 | PHM:0.2000000000 | SHLD:0.2000000000,2011-12-14,465
2011,51,2011-12-19,2011-12-23,2011-12-21,,2011-12-20,1.0,0.0,5,AKAM | FFIV | GT | HAR | PHM,AKAM:0.2000000000 | FFIV:0.2000000000 | GT:0.2000000000 | HAR:0.2000000000 | PHM:0.2000000000,2011-12-23,467
2011,52,2011-12-27,2011-12-30,2011-12-29,,2011-12-28,1.0,0.0,5,AKAM | FFIV | GT | HAR | PHM,AKAM:0.2000000000 | FFIV:0.2000000000 | GT:0.2000000000 | HAR:0.2000000000 | PHM:0.2000000000,2011-12-30,467
2012,1,2012-01-03,2012-12-31,2012-01-06,,2012-12-27,1.0,0.0,5,ANF | ES | FSLR | NFLX | THC,ANF:0.2000000000 | ES:0.2000000000 | FSLR:0.2000000000 | NFLX:0.2000000000 | THC:0.2000000000,2012-12-28,470
2012,2,2012-01-09,2012-01-13,2012-01-13,,2012-01-12,1.0,0.0,5,FFIV | GT | HP | PHM | PXD,FFIV:0.2000000000 | GT:0.2000000000 | HP:0.2000000000 | PHM:0.2000000000 | PXD:0.2000000000,2012-01-12,467
2012,3,2012-01-17,2012-01-20,,,2012-01-12,1.0,0.0,5,FFIV | GT | HP | PHM | PXD,FFIV:0.2000000000 | GT:0.2000000000 | HP:0.2000000000 | PHM:0.2000000000 | PXD:0.2000000000,2012-01-20,467
2012,4,2012-01-23,2012-01-27,2012-01-23,,2012-01-20,1.0,0.0,5,FFIV | HP | PHM | VMC | WDC,FFIV:0.2000000000 | HP:0.2000000000 | PHM:0.2000000000 | VMC:0.2000000000 | WDC:0.2000000000,2012-01-23,467
2012,5,2012-01-30,2012-02-03,2012-01-30,,2012-01-27,1.0,0.0,5,AKAM | PHM | TRIP | VMC | X,AKAM:0.2000000000 | PHM:0.2000000000 | TRIP:0.2000000000 | VMC:0.2000000000 | X:0.2000000000,2012-02-02,467
2012,6,2012-02-06,2012-02-10,2012-02-06,,2012-02-03,1.0,0.0,5,AKAM | MU | PHM | TRIP | VMC,AKAM:0.2000000000 | MU:0.2000000000 | PHM:0.2000000000 | TRIP:0.2000000000 | VMC:0.2000000000,2012-02-10,467
2012,7,2012-02-13,2012-02-17,2012-02-13,,2012-02-10,1.0,0.0,5,JEF | MU | PHM | TRIP | VMC,JEF:0.2000000000 | MU:0.2000000000 | PHM:0.2000000000 | TRIP:0.2000000000 | VMC:0.2000000000,2012-02-10,467
2012,8,2012-02-21,2012-02-24,2012-02-21,,2012-02-17,1.0,0.0,5,JEF | MAS | PHM | TRIP | VMC,JEF:0.2000000000 | MAS:0.2000000000 | PHM:0.2000000000 | TRIP:0.2000000000 | VMC:0.2000000000,2012-02-23,467
2012,9,2012-02-27,2012-03-02,2012-02-28,,2012-02-27,1.0,0.0,5,JEF | MAS | NFLX | PHM | TRIP,JEF:0.2000000000 | MAS:0.2000000000 | NFLX:0.2000000000 | PHM:0.2000000000 | TRIP:0.2000000000,2012-03-02,467
2012,10,2012-03-05,2012-03-09,2012-03-06,,2012-03-05,1.0,0.0,5,JEF | MAS | MS | NFLX | TRIP,JEF:0.2000000000 | MAS:0.2000000000 | MS:0.2000000000 | NFLX:0.2000000000 | TRIP:0.2000000000,2012-03-02,467
2012,11,2012-03-12,2012-03-16,2012-03-13,,2012-03-12,1.0,0.0,5,BAC | MAS | NFLX | PHM | TRIP,BAC:0.2000000000 | MAS:0.2000000000 | NFLX:0.2000000000 | PHM:0.2000000000 | TRIP:0.2000000000,2012-03-16,467
2012,12,2012-03-19,2012-03-23,2012-03-20,,2012-03-19,1.0,0.0,5,BAC | ES | NFLX | PHM | TRIP,BAC:0.2000000000 | ES:0.2000000000 | NFLX:0.2000000000 | PHM:0.2000000000 | TRIP:0.2000000000,2012-03-22,467
2012,13,2012-03-26,2012-03-30,2012-03-27,,2012-03-26,1.0,0.0,5,BAC | ES | NFLX | PHM | SHLD,BAC:0.2000000000 | ES:0.2000000000 | NFLX:0.2000000000 | PHM:0.2000000000 | SHLD:0.2000000000,2012-03-22,467
2012,14,2012-04-02,2012-04-05,2012-04-03,,2012-04-02,1.0,0.0,5,BAC | NFLX | RF | SHLD | WHR,BAC:0.2000000000 | NFLX:0.2000000000 | RF:0.2000000000 | SHLD:0.2000000000 | WHR:0.2000000000,2012-04-05,467
2012,15,2012-04-09,2012-04-13,2012-04-11,,2012-04-10,1.0,0.0,5,FOSL | GNW | SHLD | VLO | WHR,FOSL:0.2000000000 | GNW:0.2000000000 | SHLD:0.2000000000 | VLO:0.2000000000 | WHR:0.2000000000,2012-04-12,467
2012,16,2012-04-16,2012-04-20,2012-04-18,,2012-04-17,1.0,0.0,5,BAC | ES | FOSL | SHLD | WHR,BAC:0.2000000000 | ES:0.2000000000 | FOSL:0.2000000000 | SHLD:0.2000000000 | WHR:0.2000000000,2012-04-12,467
2012,17,2012-04-23,2012-04-27,2012-04-25,,2012-04-24,1.0,0.0,5,BAC | ES | FOSL | SHLD | WHR,BAC:0.2000000000 | ES:0.2000000000 | FOSL:0.2000000000 | SHLD:0.2000000000 | WHR:0.2000000000,2012-04-24,467
2012,18,2012-04-30,2012-05-04,2012-05-02,,2012-05-01,1.0,0.0,5,BAC | ES | FOSL | SHLD | WHR,BAC:0.2000000000 | ES:0.2000000000 | FOSL:0.2000000000 | SHLD:0.2000000000 | WHR:0.2000000000,2012-05-04,467
2012,19,2012-05-07,2012-05-11,2012-05-09,,2012-05-08,1.0,0.0,5,BAC | CRM | FOSL | RHT | SHLD,BAC:0.2000000000 | CRM:0.2000000000 | FOSL:0.2000000000 | RHT:0.2000000000 | SHLD:0.2000000000,2012-05-11,467
2012,20,2012-05-14,2012-05-18,2012-05-16,,2012-05-15,1.0,0.0,5,AVP | CRM | RHT | SHLD | TRIP,AVP:0.2000000000 | CRM:0.2000000000 | RHT:0.2000000000 | SHLD:0.2000000000 | TRIP:0.2000000000,2012-05-15,467
2012,21,2012-05-21,2012-05-25,2012-05-23,,2012-05-22,1.0,0.0,5,AVP | CRM | GILD | RHT | TRIP,AVP:0.2000000000 | CRM:0.2000000000 | GILD:0.2000000000 | RHT:0.2000000000 | TRIP:0.2000000000,2012-05-25,467
2012,22,2012-05-29,2012-06-01,2012-05-31,,2012-05-30,0.5,0.5,5,AMZN | AVP | EXPE | RHT | TRIP,AMZN:0.1000000000 | AVP:0.1000000000 | EXPE:0.1000000000 | RHT:0.1000000000 | TRIP:0.1000000000,2012-06-01,467
2012,23,2012-06-04,2012-06-08,2012-06-07,,2012-06-06,1.0,0.0,5,AMZN | EXPE | MAS | RHT | TRIP,AMZN:0.2000000000 | EXPE:0.2000000000 | MAS:0.2000000000 | RHT:0.2000000000 | TRIP:0.2000000000,2012-06-07,467
2012,24,2012-06-11,2012-06-15,2012-06-14,,2012-06-13,1.0,0.0,5,AMZN | EXPE | RHT | SUN | TRIP,AMZN:0.2000000000 | EXPE:0.2000000000 | RHT:0.2000000000 | SUN:0.2000000000 | TRIP:0.2000000000,2012-06-15,467
2012,25,2012-06-18,2012-06-22,2012-06-21,,2012-06-20,1.0,0.0,5,AMZN | EXPE | RHT | SUN | TRIP,AMZN:0.2000000000 | EXPE:0.2000000000 | RHT:0.2000000000 | SUN:0.2000000000 | TRIP:0.2000000000,2012-06-22,467
2012,26,2012-06-25,2012-06-29,2012-06-28,,2012-06-27,1.0,0.0,5,CBE | EW | EXPE | SUN | TRIP,CBE:0.2000000000 | EW:0.2000000000 | EXPE:0.2000000000 | SUN:0.2000000000 | TRIP:0.2000000000,2012-06-29,468
2012,27,2012-07-02,2012-07-06,2012-07-06,,2012-07-05,1.0,0.0,5,CBE | EW | EXPE | SUN | TRIP,CBE:0.2000000000 | EW:0.2000000000 | EXPE:0.2000000000 | SUN:0.2000000000 | TRIP:0.2000000000,2012-07-06,468
2012,28,2012-07-09,2012-07-13,2012-07-13,,2012-07-12,1.0,0.0,5,CBE | EW | EXPE | SUN | TRIP,CBE:0.2000000000 | EW:0.2000000000 | EXPE:0.2000000000 | SUN:0.2000000000 | TRIP:0.2000000000,2012-07-13,468
2012,29,2012-07-16,2012-07-20,2012-07-20,,2012-07-19,1.0,0.0,5,EW | EXPE | S | SUN | TRIP,EW:0.2000000000 | EXPE:0.2000000000 | S:0.2000000000 | SUN:0.2000000000 | TRIP:0.2000000000,2012-07-16,468
2012,30,2012-07-23,2012-07-27,2012-07-27,,2012-07-26,1.0,0.0,5,EW | EXPE | S | SUN | TRIP,EW:0.2000000000 | EXPE:0.2000000000 | S:0.2000000000 | SUN:0.2000000000 | TRIP:0.2000000000,2012-07-27,467
2012,31,2012-07-30,2012-08-03,2012-08-03,,2012-08-02,1.0,0.0,5,EW | EXPE | S | STZ | TRIP,EW:0.2000000000 | EXPE:0.2000000000 | S:0.2000000000 | STZ:0.2000000000 | TRIP:0.2000000000,2012-08-03,468
2012,32,2012-08-06,2012-08-10,2012-08-10,,2012-08-09,1.0,0.0,5,EW | EXPE | FTR | S | STZ,EW:0.2000000000 | EXPE:0.2000000000 | FTR:0.2000000000 | S:0.2000000000 | STZ:0.2000000000,2012-08-07,468
2012,33,2012-08-13,2012-08-17,2012-08-17,,2012-08-16,1.0,0.0,5,CF | CHK | PHM | S | STZ,CF:0.2000000000 | CHK:0.2000000000 | PHM:0.2000000000 | S:0.2000000000 | STZ:0.2000000000,2012-08-15,468
2012,34,2012-08-20,2012-08-24,2012-08-24,,2012-08-23,1.0,0.0,5,CF | CVC | S | SNDK | STZ,CF:0.2000000000 | CVC:0.2000000000 | S:0.2000000000 | SNDK:0.2000000000 | STZ:0.2000000000,2012-08-23,468
2012,35,2012-08-27,2012-08-31,2012-08-31,,2012-08-30,1.0,0.0,5,PHM | S | SNDK | STX | STZ,PHM:0.2000000000 | S:0.2000000000 | SNDK:0.2000000000 | STX:0.2000000000 | STZ:0.2000000000,2012-08-23,468
2012,36,2012-09-04,2012-09-07,,,2012-08-30,1.0,0.0,5,PHM | S | SNDK | STX | STZ,PHM:0.2000000000 | S:0.2000000000 | SNDK:0.2000000000 | STX:0.2000000000 | STZ:0.2000000000,2012-09-07,468
2012,37,2012-09-10,2012-09-14,2012-09-10,,2012-09-07,1.0,0.0,5,FSLR | PHM | S | STX | STZ,FSLR:0.2000000000 | PHM:0.2000000000 | S:0.2000000000 | STX:0.2000000000 | STZ:0.2000000000,2012-09-13,468
2012,38,2012-09-17,2012-09-21,2012-09-17,,2012-09-14,1.0,0.0,5,FSLR | PHM | S | STX | STZ,FSLR:0.2000000000 | PHM:0.2000000000 | S:0.2000000000 | STX:0.2000000000 | STZ:0.2000000000,2012-09-13,468
2012,39,2012-09-24,2012-09-28,2012-09-24,,2012-09-21,1.0,0.0,5,FSLR | PHM | S | STX | STZ,FSLR:0.2000000000 | PHM:0.2000000000 | S:0.2000000000 | STX:0.2000000000 | STZ:0.2000000000,2012-09-25,468
2012,40,2012-10-01,2012-10-05,2012-10-01,,2012-09-28,1.0,0.0,5,FSLR | PHM | S | STX | STZ,FSLR:0.2000000000 | PHM:0.2000000000 | S:0.2000000000 | STX:0.2000000000 | STZ:0.2000000000,2012-10-05,471
2012,41,2012-10-08,2012-10-12,2012-10-08,,2012-10-05,1.0,0.0,5,ES | FSLR | PHM | S | WDC,ES:0.2000000000 | FSLR:0.2000000000 | PHM:0.2000000000 | S:0.2000000000 | WDC:0.2000000000,2012-10-08,471
2012,42,2012-10-15,2012-10-19,2012-10-15,,2012-10-12,1.0,0.0,5,ES | FSLR | PHM | S | WDC,ES:0.2000000000 | FSLR:0.2000000000 | PHM:0.2000000000 | S:0.2000000000 | WDC:0.2000000000,2012-10-19,471
2012,43,2012-10-22,2012-10-26,2012-10-22,,2012-10-19,1.0,0.0,5,AKAM | ES | FSLR | PHM | S,AKAM:0.2000000000 | ES:0.2000000000 | FSLR:0.2000000000 | PHM:0.2000000000 | S:0.2000000000,2012-10-23,471
2012,44,2012-10-31,2012-11-02,2012-10-31,,2012-10-26,1.0,0.0,5,DF | ES | FSLR | PHM | S,DF:0.2000000000 | ES:0.2000000000 | FSLR:0.2000000000 | PHM:0.2000000000 | S:0.2000000000,2012-10-23,471
2012,45,2012-11-05,2012-11-09,2012-11-07,,2012-11-06,1.0,0.0,5,DF | ES | FOSL | PHM | THC,DF:0.2000000000 | ES:0.2000000000 | FOSL:0.2000000000 | PHM:0.2000000000 | THC:0.2000000000,2012-11-06,471
2012,46,2012-11-12,2012-11-16,2012-11-14,,2012-11-13,1.0,0.0,5,CVH | ES | GME | PHM | WPX,CVH:0.2000000000 | ES:0.2000000000 | GME:0.2000000000 | PHM:0.2000000000 | WPX:0.2000000000,2012-11-14,471
2012,47,2012-11-19,2012-11-23,2012-11-21,,2012-11-20,1.0,0.0,5,C | ES | PHM | SEE | WPX,C:0.2000000000 | ES:0.2000000000 | PHM:0.2000000000 | SEE:0.2000000000 | WPX:0.2000000000,2012-11-14,471
2012,48,2012-11-26,2012-11-30,2012-11-29,,2012-11-28,1.0,0.0,5,C | GME | PHM | SEE | WHR,C:0.2000000000 | GME:0.2000000000 | PHM:0.2000000000 | SEE:0.2000000000 | WHR:0.2000000000,2012-11-27,471
2012,49,2012-12-03,2012-12-07,2012-12-06,,2012-12-05,1.0,0.0,5,C | FSLR | NFLX | PHM | WHR,C:0.2000000000 | FSLR:0.2000000000 | NFLX:0.2000000000 | PHM:0.2000000000 | WHR:0.2000000000,2012-12-07,471
2012,50,2012-12-10,2012-12-14,2012-12-13,,2012-12-12,1.0,0.0,5,ES | FSLR | NFLX | PHM | WHR,ES:0.2000000000 | FSLR:0.2000000000 | NFLX:0.2000000000 | PHM:0.2000000000 | WHR:0.2000000000,2012-12-13,471
2012,51,2012-12-17,2012-12-21,2012-12-20,,2012-12-19,1.0,0.0,5,ANF | NFLX | THC | TIE | WHR,ANF:0.2000000000 | NFLX:0.2000000000 | THC:0.2000000000 | TIE:0.2000000000 | WHR:0.2000000000,2012-12-21,471
2012,52,2012-12-24,2012-12-28,2012-12-28,2012-12-24,2012-12-27,1.0,0.0,5,ANF | ES | FSLR | NFLX | THC,ANF:0.2000000000 | ES:0.2000000000 | FSLR:0.2000000000 | NFLX:0.2000000000 | THC:0.2000000000,2012-12-28,470
2013,1,2013-01-02,2013-12-31,,,2013-12-24,1.0,0.0,5,CMG | DAL | FSLR | PBI | X,CMG:0.2000000000 | DAL:0.2000000000 | FSLR:0.2000000000 | PBI:0.2000000000 | X:0.2000000000,2013-12-31,474
2013,2,2013-01-07,2013-01-11,2013-01-07,,2013-01-04,1.0,0.0,5,ANF | ES | FSLR | JEF | NFLX,ANF:0.2000000000 | ES:0.2000000000 | FSLR:0.2000000000 | JEF:0.2000000000 | NFLX:0.2000000000,2013-01-08,470
2013,3,2013-01-14,2013-01-18,2013-01-14,,2013-01-11,1.0,0.0,5,ANF | FSLR | GNW | JEF | NFLX,ANF:0.2000000000 | FSLR:0.2000000000 | GNW:0.2000000000 | JEF:0.2000000000 | NFLX:0.2000000000,2013-01-16,470
2013,4,2013-01-22,2013-01-25,2013-01-22,,2013-01-18,1.0,0.0,5,ANF | FSLR | GNW | JEF | NFLX,ANF:0.2000000000 | FSLR:0.2000000000 | GNW:0.2000000000 | JEF:0.2000000000 | NFLX:0.2000000000,2013-01-16,470
2013,5,2013-01-28,2013-02-01,2013-01-29,,2013-01-28,1.0,0.0,5,ANF | FSLR | GNW | JEF | NFLX,ANF:0.2000000000 | FSLR:0.2000000000 | GNW:0.2000000000 | JEF:0.2000000000 | NFLX:0.2000000000,2013-01-29,470
2013,6,2013-02-04,2013-02-08,2013-02-05,,2013-02-04,1.0,0.0,5,ANF | FSLR | GNW | JEF | NFLX,ANF:0.2000000000 | FSLR:0.2000000000 | GNW:0.2000000000 | JEF:0.2000000000 | NFLX:0.2000000000,2013-02-06,470
2013,7,2013-02-11,2013-02-15,2013-02-12,,2013-02-11,1.0,0.0,5,ANF | FSLR | GNW | JEF | NFLX,ANF:0.2000000000 | FSLR:0.2000000000 | GNW:0.2000000000 | JEF:0.2000000000 | NFLX:0.2000000000,2013-02-15,470
2013,8,2013-02-19,2013-02-22,2013-02-20,,2013-02-19,1.0,0.0,5,AMD | FSLR | GNW | NYX | THC,AMD:0.2000000000 | FSLR:0.2000000000 | GNW:0.2000000000 | NYX:0.2000000000 | THC:0.2000000000,2013-02-19,470
2013,9,2013-02-25,2013-03-01,2013-02-27,,2013-02-26,1.0,0.0,5,AMD | GNW | NFLX | NYX | THC,AMD:0.2000000000 | GNW:0.2000000000 | NFLX:0.2000000000 | NYX:0.2000000000 | THC:0.2000000000,2013-02-27,470
2013,10,2013-03-04,2013-03-08,2013-03-06,,2013-03-05,1.0,0.0,5,DELL | GNW | NFLX | NYX | THC,DELL:0.2000000000 | GNW:0.2000000000 | NFLX:0.2000000000 | NYX:0.2000000000 | THC:0.2000000000,2013-02-27,469
2013,11,2013-03-11,2013-03-15,2013-03-13,,2013-03-12,1.0,0.0,5,DELL | GNW | NFLX | NYX | THC,DELL:0.2000000000 | GNW:0.2000000000 | NFLX:0.2000000000 | NYX:0.2000000000 | THC:0.2000000000,2013-03-15,469
2013,12,2013-03-18,2013-03-22,2013-03-20,,2013-03-19,1.0,0.0,5,DELL | GNW | NFLX | NYX | THC,DELL:0.2000000000 | GNW:0.2000000000 | NFLX:0.2000000000 | NYX:0.2000000000 | THC:0.2000000000,2013-03-19,469
2013,13,2013-03-25,2013-03-28,2013-03-27,,2013-03-26,1.0,0.0,5,AVP | BBY | DELL | HPQ | NFLX,AVP:0.2000000000 | BBY:0.2000000000 | DELL:0.2000000000 | HPQ:0.2000000000 | NFLX:0.2000000000,2013-03-19,469
2013,14,2013-04-01,2013-04-05,2013-04-04,,2013-04-03,1.0,0.0,5,AVP | BBY | DELL | HPQ | NFLX,AVP:0.2000000000 | BBY:0.2000000000 | DELL:0.2000000000 | HPQ:0.2000000000 | NFLX:0.2000000000,2013-04-05,469
2013,15,2013-04-08,2013-04-12,2013-04-11,,2013-04-10,1.0,0.0,5,AVP | BBY | DELL | HPQ | NFLX,AVP:0.2000000000 | BBY:0.2000000000 | DELL:0.2000000000 | HPQ:0.2000000000 | NFLX:0.2000000000,2013-04-09,469
2013,16,2013-04-15,2013-04-19,2013-04-18,,2013-04-17,1.0,0.0,5,AVP | BBY | HPQ | NFLX | PBI,AVP:0.2000000000 | BBY:0.2000000000 | HPQ:0.2000000000 | NFLX:0.2000000000 | PBI:0.2000000000,2013-04-19,469
2013,17,2013-04-22,2013-04-26,2013-04-25,,2013-04-24,1.0,0.0,5,BBY | HPQ | MU | NFLX | PBI,BBY:0.2000000000 | HPQ:0.2000000000 | MU:0.2000000000 | NFLX:0.2000000000 | PBI:0.2000000000,2013-04-26,469
2013,18,2013-04-29,2013-05-03,2013-05-02,,2013-05-01,1.0,0.0,5,BBY | HPQ | MU | PBI | SWY,BBY:0.2000000000 | HPQ:0.2000000000 | MU:0.2000000000 | PBI:0.2000000000 | SWY:0.2000000000,2013-05-02,470
2013,19,2013-05-06,2013-05-10,2013-05-09,,2013-05-08,1.0,0.0,5,BBY | HPQ | MU | STZ | SWY,BBY:0.2000000000 | HPQ:0.2000000000 | MU:0.2000000000 | STZ:0.2000000000 | SWY:0.2000000000,2013-05-10,470
2013,20,2013-05-13,2013-05-17,2013-05-16,,2013-05-15,1.0,0.0,5,BBY | HPQ | MU | STZ | SWY,BBY:0.2000000000 | HPQ:0.2000000000 | MU:0.2000000000 | STZ:0.2000000000 | SWY:0.2000000000,2013-05-17,470
2013,21,2013-05-20,2013-05-24,2013-05-23,,2013-05-22,1.0,0.0,5,BBY | GME | MU | REGN | SWY,BBY:0.2000000000 | GME:0.2000000000 | MU:0.2000000000 | REGN:0.2000000000 | SWY:0.2000000000,2013-05-24,470
2013,22,2013-05-28,2013-05-31,2013-05-31,,2013-05-30,1.0,0.0,5,BBY | FSLR | GME | MCO | REGN,BBY:0.2000000000 | FSLR:0.2000000000 | GME:0.2000000000 | MCO:0.2000000000 | REGN:0.2000000000,2013-05-30,469
2013,23,2013-06-03,2013-06-07,2013-06-07,,2013-06-06,1.0,0.0,5,BBY | FSLR | GME | MCO | REGN,BBY:0.2000000000 | FSLR:0.2000000000 | GME:0.2000000000 | MCO:0.2000000000 | REGN:0.2000000000,2013-06-07,469
2013,24,2013-06-10,2013-06-14,2013-06-14,,2013-06-13,1.0,0.0,5,BBY | FSLR | GME | MCO | REGN,BBY:0.2000000000 | FSLR:0.2000000000 | GME:0.2000000000 | MCO:0.2000000000 | REGN:0.2000000000,2013-06-11,469
2013,25,2013-06-17,2013-06-21,2013-06-21,,2013-06-20,1.0,0.0,5,AMD | FSLR | GME | MCO | REGN,AMD:0.2000000000 | FSLR:0.2000000000 | GME:0.2000000000 | MCO:0.2000000000 | REGN:0.2000000000,2013-06-19,469
2013,26,2013-06-24,2013-06-28,2013-06-28,,2013-06-27,1.0,0.0,5,AKAM | AMD | FSLR | MCO | REGN,AKAM:0.2000000000 | AMD:0.2000000000 | FSLR:0.2000000000 | MCO:0.2000000000 | REGN:0.2000000000,2013-06-27,469
2013,27,2013-07-01,2013-07-05,,,2013-06-27,1.0,0.0,5,AKAM | AMD | FSLR | MCO | REGN,AKAM:0.2000000000 | AMD:0.2000000000 | FSLR:0.2000000000 | MCO:0.2000000000 | REGN:0.2000000000,2013-07-02,470
2013,28,2013-07-08,2013-07-12,2013-07-08,,2013-07-05,1.0,0.0,5,AKAM | AMD | FSLR | MCO | REGN,AKAM:0.2000000000 | AMD:0.2000000000 | FSLR:0.2000000000 | MCO:0.2000000000 | REGN:0.2000000000,2013-07-12,470
2013,29,2013-07-15,2013-07-19,2013-07-15,,2013-07-12,1.0,0.0,5,AKAM | AMD | FSLR | JCP | MU,AKAM:0.2000000000 | AMD:0.2000000000 | FSLR:0.2000000000 | JCP:0.2000000000 | MU:0.2000000000,2013-07-18,470
2013,30,2013-07-22,2013-07-26,2013-07-22,,2013-07-19,1.0,0.0,5,AKAM | AMD | EA | MU | NFLX,AKAM:0.2000000000 | AMD:0.2000000000 | EA:0.2000000000 | MU:0.2000000000 | NFLX:0.2000000000,2013-07-18,470
2013,31,2013-07-29,2013-08-02,2013-07-29,,2013-07-26,1.0,0.0,5,AMD | EA | MU | SPLS | WPX,AMD:0.2000000000 | EA:0.2000000000 | MU:0.2000000000 | SPLS:0.2000000000 | WPX:0.2000000000,2013-07-30,470
2013,32,2013-08-05,2013-08-09,2013-08-05,,2013-08-02,1.0,0.0,5,EA | GT | HPQ | MU | SPLS,EA:0.2000000000 | GT:0.2000000000 | HPQ:0.2000000000 | MU:0.2000000000 | SPLS:0.2000000000,2013-08-07,470
2013,33,2013-08-12,2013-08-16,2013-08-12,,2013-08-09,1.0,0.0,5,CVC | GT | HPQ | MU | SPLS,CVC:0.2000000000 | GT:0.2000000000 | HPQ:0.2000000000 | MU:0.2000000000 | SPLS:0.2000000000,2013-08-07,470
2013,34,2013-08-19,2013-08-23,2013-08-19,,2013-08-16,1.0,0.0,5,CVC | GNW | GT | HPQ | MU,CVC:0.2000000000 | GNW:0.2000000000 | GT:0.2000000000 | HPQ:0.2000000000 | MU:0.2000000000,2013-08-23,470
2013,35,2013-08-26,2013-08-30,2013-08-26,,2013-08-23,1.0,0.0,5,CVC | ETFC | GME | GNW | JNPR,CVC:0.2000000000 | ETFC:0.2000000000 | GME:0.2000000000 | GNW:0.2000000000 | JNPR:0.2000000000,2013-08-27,470
2013,36,2013-09-03,2013-09-06,2013-09-03,,2013-08-30,1.0,0.0,5,CVC | ETFC | GME | JNPR | PXD,CVC:0.2000000000 | ETFC:0.2000000000 | GME:0.2000000000 | JNPR:0.2000000000 | PXD:0.2000000000,2013-08-27,470
2013,37,2013-09-09,2013-09-13,2013-09-10,,2013-09-09,1.0,0.0,5,CLF | CVC | ETFC | GME | PXD,CLF:0.2000000000 | CVC:0.2000000000 | ETFC:0.2000000000 | GME:0.2000000000 | PXD:0.2000000000,2013-09-13,470
2013,38,2013-09-16,2013-09-20,2013-09-17,,2013-09-16,1.0,0.0,5,CLF | CVC | ETFC | GME | HAR,CLF:0.2000000000 | CVC:0.2000000000 | ETFC:0.2000000000 | GME:0.2000000000 | HAR:0.2000000000,2013-09-17,470
2013,39,2013-09-23,2013-09-27,2013-09-24,,2013-09-23,1.0,0.0,5,BBY | CLF | FFIV | GME | HAR,BBY:0.2000000000 | CLF:0.2000000000 | FFIV:0.2000000000 | GME:0.2000000000 | HAR:0.2000000000,2013-09-27,471
2013,40,2013-09-30,2013-10-04,2013-10-01,,2013-09-30,1.0,0.0,5,BBY | CLF | FFIV | GME | NFLX,BBY:0.2000000000 | CLF:0.2000000000 | FFIV:0.2000000000 | GME:0.2000000000 | NFLX:0.2000000000,2013-09-30,471
2013,41,2013-10-07,2013-10-11,2013-10-08,,2013-10-07,1.0,0.0,5,BBY | CLF | CRM | FFIV | GT,BBY:0.2000000000 | CLF:0.2000000000 | CRM:0.2000000000 | FFIV:0.2000000000 | GT:0.2000000000,2013-10-10,471
2013,42,2013-10-14,2013-10-18,2013-10-15,,2013-10-14,1.0,0.0,5,BBY | CLF | GT | MOLX | PBI,BBY:0.2000000000 | CLF:0.2000000000 | GT:0.2000000000 | MOLX:0.2000000000 | PBI:0.2000000000,2013-10-18,471
2013,43,2013-10-21,2013-10-25,2013-10-22,,2013-10-21,1.0,0.0,5,BBY | GT | MOLX | NFLX | PBI,BBY:0.2000000000 | GT:0.2000000000 | MOLX:0.2000000000 | NFLX:0.2000000000 | PBI:0.2000000000,2013-10-18,471
2013,44,2013-10-28,2013-11-01,2013-10-29,,2013-10-28,1.0,0.0,5,BBY | GT | MOLX | MU | NFLX,BBY:0.2000000000 | GT:0.2000000000 | MOLX:0.2000000000 | MU:0.2000000000 | NFLX:0.2000000000,2013-11-01,471
2013,45,2013-11-04,2013-11-08,2013-11-05,,2013-11-04,1.0,0.0,5,BBY | GT | MOLX | MU | NFLX,BBY:0.2000000000 | GT:0.2000000000 | MOLX:0.2000000000 | MU:0.2000000000 | NFLX:0.2000000000,2013-11-07,471
2013,46,2013-11-11,2013-11-15,2013-11-12,,2013-11-11,1.0,0.0,5,BBY | DAL | GT | MOLX | NFLX,BBY:0.2000000000 | DAL:0.2000000000 | GT:0.2000000000 | MOLX:0.2000000000 | NFLX:0.2000000000,2013-11-14,471
2013,47,2013-11-18,2013-11-22,2013-11-19,,2013-11-18,1.0,0.0,5,BBY | DAL | MOLX | PXD | X,BBY:0.2000000000 | DAL:0.2000000000 | MOLX:0.2000000000 | PXD:0.2000000000 | X:0.2000000000,2013-11-19,471
2013,48,2013-11-25,2013-11-29,2013-11-26,,2013-11-25,1.0,0.0,5,DAL | FSLR | MOLX | SWY | X,DAL:0.2000000000 | FSLR:0.2000000000 | MOLX:0.2000000000 | SWY:0.2000000000 | X:0.2000000000,2013-11-27,472
2013,49,2013-12-02,2013-12-06,2013-12-04,,2013-12-03,1.0,0.0,5,DAL | FSLR | MOLX | SWY | X,DAL:0.2000000000 | FSLR:0.2000000000 | MOLX:0.2000000000 | SWY:0.2000000000 | X:0.2000000000,2013-12-03,473
2013,50,2013-12-09,2013-12-13,2013-12-11,2013-12-09,2013-12-10,1.0,0.0,5,DAL | FSLR | PBI | SWY | X,DAL:0.2000000000 | FSLR:0.2000000000 | PBI:0.2000000000 | SWY:0.2000000000 | X:0.2000000000,2013-12-12,473
2013,51,2013-12-16,2013-12-20,2013-12-18,,2013-12-17,1.0,0.0,5,CMG | DAL | FSLR | PBI | X,CMG:0.2000000000 | DAL:0.2000000000 | FSLR:0.2000000000 | PBI:0.2000000000 | X:0.2000000000,2013-12-18,473
2013,52,2013-12-23,2013-12-27,2013-12-26,,2013-12-24,1.0,0.0,5,CMG | DAL | FSLR | PBI | X,CMG:0.2000000000 | DAL:0.2000000000 | FSLR:0.2000000000 | PBI:0.2000000000 | X:0.2000000000,2013-12-24,474
2014,1,2014-01-02,2014-12-31,2014-01-03 | 2014-12-31,,2014-12-30,1.0,0.0,5,CFN | DAL | EW | MNST | TSCO,CFN:0.2000000000 | DAL:0.2000000000 | EW:0.2000000000 | MNST:0.2000000000 | TSCO:0.2000000000,2014-12-24,478
2014,2,2014-01-06,2014-01-10,2014-01-10,,2014-01-09,1.0,0.0,5,EXPE | FSLR | MPC | MU | X,EXPE:0.2000000000 | FSLR:0.2000000000 | MPC:0.2000000000 | MU:0.2000000000 | X:0.2000000000,2014-01-09,474
2014,3,2014-01-13,2014-01-17,2014-01-17,,2014-01-16,1.0,0.0,5,EXPE | FSLR | LSI | MPC | MU,EXPE:0.2000000000 | FSLR:0.2000000000 | LSI:0.2000000000 | MPC:0.2000000000 | MU:0.2000000000,2014-01-09,474
2014,4,2014-01-21,2014-01-24,,,2014-01-16,1.0,0.0,5,EXPE | FSLR | LSI | MPC | MU,EXPE:0.2000000000 | FSLR:0.2000000000 | LSI:0.2000000000 | MPC:0.2000000000 | MU:0.2000000000,2014-01-24,474
2014,5,2014-01-27,2014-01-31,2014-01-27,,2014-01-24,1.0,0.0,5,EXPE | LSI | MPC | MU | RHT,EXPE:0.2000000000 | LSI:0.2000000000 | MPC:0.2000000000 | MU:0.2000000000 | RHT:0.2000000000,2014-01-30,474
2014,6,2014-02-03,2014-02-07,2014-02-03,,2014-01-31,1.0,0.0,5,EXPE | LSI | MPC | MU | RHT,EXPE:0.2000000000 | LSI:0.2000000000 | MPC:0.2000000000 | MU:0.2000000000 | RHT:0.2000000000,2014-01-30,474
2014,7,2014-02-10,2014-02-14,2014-02-10,,2014-02-07,1.0,0.0,5,FRX | LSI | MPC | MU | RHT,FRX:0.2000000000 | LSI:0.2000000000 | MPC:0.2000000000 | MU:0.2000000000 | RHT:0.2000000000,2014-02-11,474
2014,8,2014-02-18,2014-02-21,2014-02-18,,2014-02-14,1.0,0.0,5,FRX | LSI | MU | RHT | VRTX,FRX:0.2000000000 | LSI:0.2000000000 | MU:0.2000000000 | RHT:0.2000000000 | VRTX:0.2000000000,2014-02-20,474
2014,9,2014-02-24,2014-02-28,2014-02-25,,2014-02-24,1.0,0.0,5,FRX | LSI | MU | RHT | VRTX,FRX:0.2000000000 | LSI:0.2000000000 | MU:0.2000000000 | RHT:0.2000000000 | VRTX:0.2000000000,2014-02-20,474
2014,10,2014-03-03,2014-03-07,2014-03-04,,2014-03-03,1.0,0.0,5,ALXN | FRX | LSI | RHT | VRTX,ALXN:0.2000000000 | FRX:0.2000000000 | LSI:0.2000000000 | RHT:0.2000000000 | VRTX:0.2000000000,2014-03-04,474
2014,11,2014-03-10,2014-03-14,2014-03-11,,2014-03-10,1.0,0.0,5,AKAM | ALXN | FB | HAR | LSI,AKAM:0.2000000000 | ALXN:0.2000000000 | FB:0.2000000000 | HAR:0.2000000000 | LSI:0.2000000000,2014-03-12,474
2014,12,2014-03-17,2014-03-21,2014-03-18,,2014-03-17,1.0,0.0,5,AKAM | ALXN | FB | HAR | LSI,AKAM:0.2000000000 | ALXN:0.2000000000 | FB:0.2000000000 | HAR:0.2000000000 | LSI:0.2000000000,2014-03-12,474
2014,13,2014-03-24,2014-03-28,2014-03-25,,2014-03-24,1.0,0.0,5,AKAM | ALXN | FB | FRX | HAR,AKAM:0.2000000000 | ALXN:0.2000000000 | FB:0.2000000000 | FRX:0.2000000000 | HAR:0.2000000000,2014-03-28,474
2014,14,2014-03-31,2014-04-04,2014-04-01,,2014-03-31,1.0,0.0,5,AKAM | ALXN | FB | FRX | HAR,AKAM:0.2000000000 | ALXN:0.2000000000 | FB:0.2000000000 | FRX:0.2000000000 | HAR:0.2000000000,2014-04-04,476
2014,15,2014-04-07,2014-04-11,2014-04-08,,2014-04-07,1.0,0.0,5,AKAM | ALXN | FRX | GMCR | HAR,AKAM:0.2000000000 | ALXN:0.2000000000 | FRX:0.2000000000 | GMCR:0.2000000000 | HAR:0.2000000000,2014-04-11,476
2014,16,2014-04-14,2014-04-17,2014-04-15,,2014-04-14,1.0,0.0,5,AKAM | ALXN | FRX | GMCR | NFLX,AKAM:0.2000000000 | ALXN:0.2000000000 | FRX:0.2000000000 | GMCR:0.2000000000 | NFLX:0.2000000000,2014-04-17,476
2014,17,2014-04-21,2014-04-25,2014-04-23,,2014-04-22,1.0,0.0,5,AKAM | FRX | FSLR | GMCR | NFLX,AKAM:0.2000000000 | FRX:0.2000000000 | FSLR:0.2000000000 | GMCR:0.2000000000 | NFLX:0.2000000000,2014-04-22,476
2014,18,2014-04-28,2014-05-02,2014-04-30,,2014-04-29,1.0,0.0,5,AKAM | FRX | FSLR | GMCR | NBR,AKAM:0.2000000000 | FRX:0.2000000000 | FSLR:0.2000000000 | GMCR:0.2000000000 | NBR:0.2000000000,2014-05-02,475
2014,19,2014-05-05,2014-05-09,2014-05-07,,2014-05-06,1.0,0.0,5,FRX | FSLR | GMCR | GME | NBR,FRX:0.2000000000 | FSLR:0.2000000000 | GMCR:0.2000000000 | GME:0.2000000000 | NBR:0.2000000000,2014-05-09,475
2014,20,2014-05-12,2014-05-16,2014-05-14,,2014-05-13,1.0,0.0,5,FRX | FSLR | GME | NBR | NFX,FRX:0.2000000000 | FSLR:0.2000000000 | GME:0.2000000000 | NBR:0.2000000000 | NFX:0.2000000000,2014-05-14,475
2014,21,2014-05-19,2014-05-23,2014-05-21,,2014-05-20,1.0,0.0,5,ATI | FSLR | GME | NBR | NFX,ATI:0.2000000000 | FSLR:0.2000000000 | GME:0.2000000000 | NBR:0.2000000000 | NFX:0.2000000000,2014-05-22,475
2014,22,2014-05-27,2014-05-30,2014-05-29,,2014-05-28,1.0,0.0,5,AGN | APC | ATI | FSLR | NFX,AGN:0.2000000000 | APC:0.2000000000 | ATI:0.2000000000 | FSLR:0.2000000000 | NFX:0.2000000000,2014-05-30,475
2014,23,2014-06-02,2014-06-06,2014-06-05,,2014-06-04,1.0,0.0,5,AGN | APC | ATI | FSLR | NFX,AGN:0.2000000000 | APC:0.2000000000 | ATI:0.2000000000 | FSLR:0.2000000000 | NFX:0.2000000000,2014-06-02,475
2014,24,2014-06-09,2014-06-13,2014-06-12,,2014-06-11,1.0,0.0,5,AGN | APC | ATI | FSLR | NFX,AGN:0.2000000000 | APC:0.2000000000 | ATI:0.2000000000 | FSLR:0.2000000000 | NFX:0.2000000000,2014-06-12,475
2014,25,2014-06-16,2014-06-20,2014-06-19,,2014-06-18,1.0,0.0,5,AGN | APC | ATI | NAVI | NFX,AGN:0.2000000000 | APC:0.2000000000 | ATI:0.2000000000 | NAVI:0.2000000000 | NFX:0.2000000000,2014-06-20,475
2014,26,2014-06-23,2014-06-27,2014-06-26,,2014-06-25,1.0,0.0,5,AGN | APC | MU | NAVI | NFX,AGN:0.2000000000 | APC:0.2000000000 | MU:0.2000000000 | NAVI:0.2000000000 | NFX:0.2000000000,2014-06-24,475
2014,27,2014-06-30,2014-07-03,2014-07-03,,2014-07-02,1.0,0.0,5,AGN | APC | EA | MU | NAVI,AGN:0.2000000000 | APC:0.2000000000 | EA:0.2000000000 | MU:0.2000000000 | NAVI:0.2000000000,2014-07-03,475
2014,28,2014-07-07,2014-07-11,2014-07-11,,2014-07-10,1.0,0.0,5,AGN | EA | MU | NAVI | NFLX,AGN:0.2000000000 | EA:0.2000000000 | MU:0.2000000000 | NAVI:0.2000000000 | NFLX:0.2000000000,2014-07-11,475
2014,29,2014-07-14,2014-07-18,2014-07-18,,2014-07-17,1.0,0.0,5,EA | MU | NAVI | NFLX | SNDK,EA:0.2000000000 | MU:0.2000000000 | NAVI:0.2000000000 | NFLX:0.2000000000 | SNDK:0.2000000000,2014-07-16,475
2014,30,2014-07-21,2014-07-25,2014-07-25,,2014-07-24,1.0,0.0,5,EA | MU | NAVI | NFLX | VRTX,EA:0.2000000000 | MU:0.2000000000 | NAVI:0.2000000000 | NFLX:0.2000000000 | VRTX:0.2000000000,2014-07-24,475
2014,31,2014-07-28,2014-08-01,2014-08-01,,2014-07-31,1.0,0.0,5,EA | GMCR | MU | NFLX | VRTX,EA:0.2000000000 | GMCR:0.2000000000 | MU:0.2000000000 | NFLX:0.2000000000 | VRTX:0.2000000000,2014-07-24,475
2014,32,2014-08-04,2014-08-08,2014-08-08,,2014-08-07,1.0,0.0,5,IRM | MU | NFLX | TRIP | VRTX,IRM:0.2000000000 | MU:0.2000000000 | NFLX:0.2000000000 | TRIP:0.2000000000 | VRTX:0.2000000000,2014-08-08,475
2014,33,2014-08-11,2014-08-15,2014-08-15,,2014-08-14,1.0,0.0,5,MU | NFLX | TRIP | VRTX | WMB,MU:0.2000000000 | NFLX:0.2000000000 | TRIP:0.2000000000 | VRTX:0.2000000000 | WMB:0.2000000000,2014-08-13,475
2014,34,2014-08-18,2014-08-22,2014-08-22,,2014-08-21,1.0,0.0,5,CMG | ISRG | MU | VRTX | WMB,CMG:0.2000000000 | ISRG:0.2000000000 | MU:0.2000000000 | VRTX:0.2000000000 | WMB:0.2000000000,2014-08-20,475
2014,35,2014-08-25,2014-08-29,2014-08-29,,2014-08-28,1.0,0.0,5,CMG | FDO | ISRG | VRTX | WMB,CMG:0.2000000000 | FDO:0.2000000000 | ISRG:0.2000000000 | VRTX:0.2000000000 | WMB:0.2000000000,2014-08-29,475
2014,36,2014-09-02,2014-09-05,,,2014-08-28,1.0,0.0,5,CMG | FDO | ISRG | VRTX | WMB,CMG:0.2000000000 | FDO:0.2000000000 | ISRG:0.2000000000 | VRTX:0.2000000000 | WMB:0.2000000000,2014-09-03,475
2014,37,2014-09-08,2014-09-12,2014-09-08,,2014-09-05,1.0,0.0,5,CMG | FDO | ISRG | VRTX | WMB,CMG:0.2000000000 | FDO:0.2000000000 | ISRG:0.2000000000 | VRTX:0.2000000000 | WMB:0.2000000000,2014-09-03,475
2014,38,2014-09-15,2014-09-19,2014-09-15,,2014-09-12,1.0,0.0,5,CMG | ISRG | THC | VRTX | WMB,CMG:0.2000000000 | ISRG:0.2000000000 | THC:0.2000000000 | VRTX:0.2000000000 | WMB:0.2000000000,2014-09-19,475
2014,39,2014-09-22,2014-09-26,2014-09-22,,2014-09-19,1.0,0.0,5,ISRG | MNST | PETM | THC | VRTX,ISRG:0.2000000000 | MNST:0.2000000000 | PETM:0.2000000000 | THC:0.2000000000 | VRTX:0.2000000000,2014-09-25,476
2014,40,2014-09-29,2014-10-03,2014-09-29,,2014-09-26,1.0,0.0,5,FDO | MNST | PETM | REGN | THC,FDO:0.2000000000 | MNST:0.2000000000 | PETM:0.2000000000 | REGN:0.2000000000 | THC:0.2000000000,2014-10-03,476
2014,41,2014-10-06,2014-10-10,2014-10-06,,2014-10-03,1.0,0.0,5,FB | FDO | ISRG | MNST | THC,FB:0.2000000000 | FDO:0.2000000000 | ISRG:0.2000000000 | MNST:0.2000000000 | THC:0.2000000000,2014-10-10,476
2014,42,2014-10-13,2014-10-17,2014-10-13,,2014-10-10,1.0,0.0,5,AVGO | FDO | ISRG | MNST | THC,AVGO:0.2000000000 | FDO:0.2000000000 | ISRG:0.2000000000 | MNST:0.2000000000 | THC:0.2000000000,2014-10-13,476
2014,43,2014-10-20,2014-10-24,2014-10-20,,2014-10-17,1.0,0.0,5,AVGO | FDO | ISRG | MNST | THC,AVGO:0.2000000000 | FDO:0.2000000000 | ISRG:0.2000000000 | MNST:0.2000000000 | THC:0.2000000000,2014-10-24,476
2014,44,2014-10-27,2014-10-31,2014-10-27,,2014-10-24,1.0,0.0,5,AVGO | MNST | SIAL | THC | VRTX,AVGO:0.2000000000 | MNST:0.2000000000 | SIAL:0.2000000000 | THC:0.2000000000 | VRTX:0.2000000000,2014-10-24,476
2014,45,2014-11-03,2014-11-07,2014-11-03,,2014-10-31,1.0,0.0,5,AVGO | MNK | MNST | SIAL | VRTX,AVGO:0.2000000000 | MNK:0.2000000000 | MNST:0.2000000000 | SIAL:0.2000000000 | VRTX:0.2000000000,2014-11-07,476
2014,46,2014-11-10,2014-11-14,2014-11-10,,2014-11-07,1.0,0.0,5,AVGO | MNK | MNST | SIAL | VRTX,AVGO:0.2000000000 | MNK:0.2000000000 | MNST:0.2000000000 | SIAL:0.2000000000 | VRTX:0.2000000000,2014-11-13,476
2014,47,2014-11-17,2014-11-21,2014-11-17,,2014-11-14,1.0,0.0,5,CFN | GMCR | MNK | SIAL | VRTX,CFN:0.2000000000 | GMCR:0.2000000000 | MNK:0.2000000000 | SIAL:0.2000000000 | VRTX:0.2000000000,2014-11-13,476
2014,48,2014-11-24,2014-11-28,2014-11-24,,2014-11-21,1.0,0.0,5,CFN | MNK | MNST | SIAL | VRTX,CFN:0.2000000000 | MNK:0.2000000000 | MNST:0.2000000000 | SIAL:0.2000000000 | VRTX:0.2000000000,2014-11-25,476
2014,49,2014-12-01,2014-12-05,2014-12-02,,2014-12-01,1.0,0.0,5,CFN | MNK | MNST | SIAL | VRTX,CFN:0.2000000000 | MNK:0.2000000000 | MNST:0.2000000000 | SIAL:0.2000000000 | VRTX:0.2000000000,2014-12-05,477
2014,50,2014-12-08,2014-12-12,2014-12-09,,2014-12-08,1.0,0.0,5,ALXN | CFN | GMCR | SIAL | VRTX,ALXN:0.2000000000 | CFN:0.2000000000 | GMCR:0.2000000000 | SIAL:0.2000000000 | VRTX:0.2000000000,2014-12-08,477
2014,51,2014-12-15,2014-12-19,2014-12-16,,2014-12-15,1.0,0.0,5,ALXN | CFN | MNST | SIAL | VRTX,ALXN:0.2000000000 | CFN:0.2000000000 | MNST:0.2000000000 | SIAL:0.2000000000 | VRTX:0.2000000000,2014-12-16,477
2014,52,2014-12-22,2014-12-26,2014-12-23,,2014-12-22,1.0,0.0,5,ALXN | CFN | EW | MNST | TSCO,ALXN:0.2000000000 | CFN:0.2000000000 | EW:0.2000000000 | MNST:0.2000000000 | TSCO:0.2000000000,2014-12-24,477
2015,1,2015-01-02,2015-01-02,,,2014-12-30,1.0,0.0,5,CFN | DAL | EW | MNST | TSCO,CFN:0.2000000000 | DAL:0.2000000000 | EW:0.2000000000 | MNST:0.2000000000 | TSCO:0.2000000000,2014-12-24,478
2015,2,2015-01-05,2015-01-09,2015-01-08,,2015-01-07,1.0,0.0,5,AVGO | DAL | EA | KMX | TSCO,AVGO:0.2000000000 | DAL:0.2000000000 | EA:0.2000000000 | KMX:0.2000000000 | TSCO:0.2000000000,2015-01-07,478
2015,3,2015-01-12,2015-01-16,2015-01-15,,2015-01-14,1.0,0.0,5,AVGO | DAL | EA | KMX | TSCO,AVGO:0.2000000000 | DAL:0.2000000000 | EA:0.2000000000 | KMX:0.2000000000 | TSCO:0.2000000000,2015-01-15,478
2015,4,2015-01-20,2015-01-23,2015-01-23,,2015-01-22,1.0,0.0,5,AVGO | DAL | EA | KMX | TSCO,AVGO:0.2000000000 | DAL:0.2000000000 | EA:0.2000000000 | KMX:0.2000000000 | TSCO:0.2000000000,2015-01-15,478
2015,5,2015-01-26,2015-01-30,2015-01-30,,2015-01-29,1.0,0.0,5,AVGO | DAL | EA | KMX | SPLS,AVGO:0.2000000000 | DAL:0.2000000000 | EA:0.2000000000 | KMX:0.2000000000 | SPLS:0.2000000000,2015-01-30,478
2015,6,2015-02-02,2015-02-06,2015-02-06,,2015-02-05,1.0,0.0,5,AVGO | EA | KMX | RCL | SPLS,AVGO:0.2000000000 | EA:0.2000000000 | KMX:0.2000000000 | RCL:0.2000000000 | SPLS:0.2000000000,2015-01-30,478
2015,7,2015-02-09,2015-02-13,2015-02-13,,2015-02-12,1.0,0.0,5,AVGO | EA | KMX | RCL | SPLS,AVGO:0.2000000000 | EA:0.2000000000 | KMX:0.2000000000 | RCL:0.2000000000 | SPLS:0.2000000000,2015-02-10,478
2015,8,2015-02-17,2015-02-20,,,2015-02-12,1.0,0.0,5,AVGO | EA | KMX | RCL | SPLS,AVGO:0.2000000000 | EA:0.2000000000 | KMX:0.2000000000 | RCL:0.2000000000 | SPLS:0.2000000000,2015-02-19,479
2015,9,2015-02-23,2015-02-27,2015-02-23,,2015-02-20,1.0,0.0,5,AVGO | KMX | NEM | RCL | SPLS,AVGO:0.2000000000 | KMX:0.2000000000 | NEM:0.2000000000 | RCL:0.2000000000 | SPLS:0.2000000000,2015-02-19,479
2015,10,2015-03-02,2015-03-06,2015-03-02,,2015-02-27,1.0,0.0,5,AVGO | NEM | NFLX | RCL | SPLS,AVGO:0.2000000000 | NEM:0.2000000000 | NFLX:0.2000000000 | RCL:0.2000000000 | SPLS:0.2000000000,2015-03-03,479
2015,11,2015-03-09,2015-03-13,2015-03-09,,2015-03-06,1.0,0.0,5,HAR | NEM | NFLX | NFX | SPLS,HAR:0.2000000000 | NEM:0.2000000000 | NFLX:0.2000000000 | NFX:0.2000000000 | SPLS:0.2000000000,2015-03-13,479
2015,12,2015-03-16,2015-03-20,2015-03-16,,2015-03-13,1.0,0.0,5,HAR | HSP | NEM | NFLX | NFX,HAR:0.2000000000 | HSP:0.2000000000 | NEM:0.2000000000 | NFLX:0.2000000000 | NFX:0.2000000000,2015-03-19,478
2015,13,2015-03-23,2015-03-27,2015-03-23,,2015-03-20,1.0,0.0,5,HAR | HSP | NEM | NFLX | NFX,HAR:0.2000000000 | HSP:0.2000000000 | NEM:0.2000000000 | NFLX:0.2000000000 | NFX:0.2000000000,2015-03-27,479
2015,14,2015-03-30,2015-04-02,2015-03-30,,2015-03-27,1.0,0.0,5,HAR | HSP | NEM | NFLX | NFX,HAR:0.2000000000 | HSP:0.2000000000 | NEM:0.2000000000 | NFLX:0.2000000000 | NFX:0.2000000000,2015-03-31,479
2015,15,2015-04-06,2015-04-10,2015-04-07,,2015-04-06,1.0,0.0,5,HAR | HSP | NEM | NFLX | NFX,HAR:0.2000000000 | HSP:0.2000000000 | NEM:0.2000000000 | NFLX:0.2000000000 | NFX:0.2000000000,2015-04-08,479
2015,16,2015-04-13,2015-04-17,2015-04-14,,2015-04-13,1.0,0.0,5,ES | HAR | HSP | NFLX | NFX,ES:0.2000000000 | HAR:0.2000000000 | HSP:0.2000000000 | NFLX:0.2000000000 | NFX:0.2000000000,2015-04-17,479
2015,17,2015-04-20,2015-04-24,2015-04-21,,2015-04-20,1.0,0.0,5,ES | HAR | HSP | NFLX | NFX,ES:0.2000000000 | HAR:0.2000000000 | HSP:0.2000000000 | NFLX:0.2000000000 | NFX:0.2000000000,2015-04-21,479
2015,18,2015-04-27,2015-05-01,2015-04-28,,2015-04-27,1.0,0.0,5,ES | FSLR | HAR | HSP | NFX,ES:0.2000000000 | FSLR:0.2000000000 | HAR:0.2000000000 | HSP:0.2000000000 | NFX:0.2000000000,2015-05-01,479
2015,19,2015-05-04,2015-05-08,2015-05-05,,2015-05-04,1.0,0.0,5,ES | FSLR | HSP | KRFT | NFX,ES:0.2000000000 | FSLR:0.2000000000 | HSP:0.2000000000 | KRFT:0.2000000000 | NFX:0.2000000000,2015-05-08,479
2015,20,2015-05-11,2015-05-15,2015-05-12,,2015-05-11,1.0,0.0,5,ALTR | ES | FSLR | KRFT | NFX,ALTR:0.2000000000 | ES:0.2000000000 | FSLR:0.2000000000 | KRFT:0.2000000000 | NFX:0.2000000000,2015-05-14,479
2015,21,2015-05-18,2015-05-22,2015-05-19,,2015-05-18,1.0,0.0,5,ALTR | ES | FSLR | KRFT | NFX,ALTR:0.2000000000 | ES:0.2000000000 | FSLR:0.2000000000 | KRFT:0.2000000000 | NFX:0.2000000000,2015-05-22,479
2015,22,2015-05-26,2015-05-29,2015-05-27,,2015-05-26,1.0,0.0,5,FSLR | KRFT | MYL | NFX | RRC,FSLR:0.2000000000 | KRFT:0.2000000000 | MYL:0.2000000000 | NFX:0.2000000000 | RRC:0.2000000000,2015-05-22,479
2015,23,2015-06-01,2015-06-05,2015-06-03,,2015-06-02,1.0,0.0,5,ALTR | KRFT | MYL | NFX | RRC,ALTR:0.2000000000 | KRFT:0.2000000000 | MYL:0.2000000000 | NFX:0.2000000000 | RRC:0.2000000000,2015-06-04,479
2015,24,2015-06-08,2015-06-12,2015-06-10,,2015-06-09,1.0,0.0,5,ALTR | KRFT | MYL | RIG | RRC,ALTR:0.2000000000 | KRFT:0.2000000000 | MYL:0.2000000000 | RIG:0.2000000000 | RRC:0.2000000000,2015-06-12,479
2015,25,2015-06-15,2015-06-19,2015-06-17,,2015-06-16,1.0,0.0,5,ALTR | KRFT | NFLX | RIG | RRC,ALTR:0.2000000000 | KRFT:0.2000000000 | NFLX:0.2000000000 | RIG:0.2000000000 | RRC:0.2000000000,2015-06-16,480
2015,26,2015-06-22,2015-06-26,2015-06-24,,2015-06-23,1.0,0.0,5,ALTR | KRFT | NE | NFLX | RIG,ALTR:0.2000000000 | KRFT:0.2000000000 | NE:0.2000000000 | NFLX:0.2000000000 | RIG:0.2000000000,2015-06-24,480
2015,27,2015-06-29,2015-07-02,2015-07-01,,2015-06-30,1.0,0.0,5,ALTR | BRCM | CVC | NFLX | RIG,ALTR:0.2000000000 | BRCM:0.2000000000 | CVC:0.2000000000 | NFLX:0.2000000000 | RIG:0.2000000000,2015-07-02,482
2015,28,2015-07-06,2015-07-10,2015-07-09,,2015-07-08,1.0,0.0,5,ALTR | BRCM | CVC | NFLX | RIG,ALTR:0.2000000000 | BRCM:0.2000000000 | CVC:0.2000000000 | NFLX:0.2000000000 | RIG:0.2000000000,2015-07-10,482
2015,29,2015-07-13,2015-07-17,2015-07-16,,2015-07-15,1.0,0.0,5,AGN | ALTR | BRCM | CVC | NFLX,AGN:0.2000000000 | ALTR:0.2000000000 | BRCM:0.2000000000 | CVC:0.2000000000 | NFLX:0.2000000000,2015-07-15,482
2015,30,2015-07-20,2015-07-24,2015-07-23,,2015-07-22,1.0,0.0,5,AGN | ALTR | BRCM | CVC | NFLX,AGN:0.2000000000 | ALTR:0.2000000000 | BRCM:0.2000000000 | CVC:0.2000000000 | NFLX:0.2000000000,2015-07-23,482
2015,31,2015-07-27,2015-07-31,2015-07-30,,2015-07-29,1.0,0.0,5,AGN | ALTR | BRCM | CVC | NFLX,AGN:0.2000000000 | ALTR:0.2000000000 | BRCM:0.2000000000 | CVC:0.2000000000 | NFLX:0.2000000000,2015-07-30,482
2015,32,2015-08-03,2015-08-07,2015-08-06,,2015-08-05,1.0,0.0,5,AGN | ALTR | CVC | NFLX | THC,AGN:0.2000000000 | ALTR:0.2000000000 | CVC:0.2000000000 | NFLX:0.2000000000 | THC:0.2000000000,2015-08-04,482
2015,33,2015-08-10,2015-08-14,2015-08-13,,2015-08-12,1.0,0.0,5,AGN | ALTR | CVC | NFLX | THC,AGN:0.2000000000 | ALTR:0.2000000000 | CVC:0.2000000000 | NFLX:0.2000000000 | THC:0.2000000000,2015-08-12,482
2015,34,2015-08-17,2015-08-21,2015-08-20,,2015-08-19,1.0,0.0,5,AGN | ALXN | CB | GOOGL | NFLX,AGN:0.2000000000 | ALXN:0.2000000000 | CB:0.2000000000 | GOOGL:0.2000000000 | NFLX:0.2000000000,2015-08-21,482
2015,35,2015-08-24,2015-08-28,2015-08-27,,2015-08-26,0.5,0.5,5,AGN | ALXN | CB | GOOGL | NFLX,AGN:0.1000000000 | ALXN:0.1000000000 | CB:0.1000000000 | GOOGL:0.1000000000 | NFLX:0.1000000000,2015-08-25,482
2015,36,2015-08-31,2015-09-04,2015-09-03,,2015-09-02,0.5,0.5,5,AGN | ALXN | CB | GOOGL | NFLX,AGN:0.1000000000 | ALXN:0.1000000000 | CB:0.1000000000 | GOOGL:0.1000000000 | NFLX:0.1000000000,2015-09-04,482
2015,37,2015-09-08,2015-09-11,2015-09-11,,2015-09-10,0.5,0.5,5,AGN | CB | GOOGL | NFLX | TE,AGN:0.1000000000 | CB:0.1000000000 | GOOGL:0.1000000000 | NFLX:0.1000000000 | TE:0.1000000000,2015-09-11,482
2015,38,2015-09-14,2015-09-18,2015-09-18,,2015-09-17,1.0,0.0,5,CB | GOOG | GOOGL | NFLX | TE,CB:0.2000000000 | GOOG:0.2000000000 | GOOGL:0.2000000000 | NFLX:0.2000000000 | TE:0.2000000000,2015-09-15,482
2015,39,2015-09-21,2015-09-25,2015-09-25,,2015-09-24,0.5,0.5,5,CB | GOOG | GOOGL | NFLX | TE,CB:0.1000000000 | GOOG:0.1000000000 | GOOGL:0.1000000000 | NFLX:0.1000000000 | TE:0.1000000000,2015-09-25,484
2015,40,2015-09-28,2015-10-02,2015-10-02,,2015-10-01,1.0,0.0,5,CAM | GOOG | GOOGL | NFLX | TE,CAM:0.2000000000 | GOOG:0.2000000000 | GOOGL:0.2000000000 | NFLX:0.2000000000 | TE:0.2000000000,2015-10-02,484
2015,41,2015-10-05,2015-10-09,2015-10-09,,2015-10-08,1.0,0.0,5,CAM | GAS | GOOG | GOOGL | TE,CAM:0.2000000000 | GAS:0.2000000000 | GOOG:0.2000000000 | GOOGL:0.2000000000 | TE:0.2000000000,2015-10-09,484
2015,42,2015-10-12,2015-10-16,2015-10-16,,2015-10-15,1.0,0.0,5,CAM | GAS | MAS | RIG | TE,CAM:0.2000000000 | GAS:0.2000000000 | MAS:0.2000000000 | RIG:0.2000000000 | TE:0.2000000000,2015-10-16,484
2015,43,2015-10-19,2015-10-23,2015-10-23,,2015-10-22,1.0,0.0,5,CAM | CVC | GAS | MAS | TE,CAM:0.2000000000 | CVC:0.2000000000 | GAS:0.2000000000 | MAS:0.2000000000 | TE:0.2000000000,2015-10-16,484
2015,44,2015-10-26,2015-10-30,2015-10-30,,2015-10-29,1.0,0.0,5,CAM | CVC | GAS | NVDA | TE,CAM:0.2000000000 | CVC:0.2000000000 | GAS:0.2000000000 | NVDA:0.2000000000 | TE:0.2000000000,2015-10-28,484
2015,45,2015-11-02,2015-11-06,2015-11-06,,2015-11-05,1.0,0.0,5,CAM | CVC | FCX | GAS | TE,CAM:0.2000000000 | CVC:0.2000000000 | FCX:0.2000000000 | GAS:0.2000000000 | TE:0.2000000000,2015-11-05,484
2015,46,2015-11-09,2015-11-13,2015-11-13,,2015-11-12,1.0,0.0,5,CAM | CVC | FCX | GAS | TE,CAM:0.2000000000 | CVC:0.2000000000 | FCX:0.2000000000 | GAS:0.2000000000 | TE:0.2000000000,2015-11-10,485
2015,47,2015-11-16,2015-11-20,2015-11-20,,2015-11-19,1.0,0.0,5,CAM | CVC | FCX | GAS | TE,CAM:0.2000000000 | CVC:0.2000000000 | FCX:0.2000000000 | GAS:0.2000000000 | TE:0.2000000000,2015-11-20,484
2015,48,2015-11-23,2015-11-27,,,2015-11-19,1.0,0.0,5,CAM | CVC | FCX | GAS | TE,CAM:0.2000000000 | CVC:0.2000000000 | FCX:0.2000000000 | GAS:0.2000000000 | TE:0.2000000000,2015-11-25,484
2015,49,2015-11-30,2015-12-04,2015-11-30,,2015-11-27,1.0,0.0,5,CVC | KLAC | NFX | SNDK | TE,CVC:0.2000000000 | KLAC:0.2000000000 | NFX:0.2000000000 | SNDK:0.2000000000 | TE:0.2000000000,2015-12-03,485
2015,50,2015-12-07,2015-12-11,2015-12-07,,2015-12-04,1.0,0.0,5,FCX | KLAC | RIG | SNDK | TE,FCX:0.2000000000 | KLAC:0.2000000000 | RIG:0.2000000000 | SNDK:0.2000000000 | TE:0.2000000000,2015-12-09,485
2015,51,2015-12-14,2015-12-18,2015-12-14,,2015-12-11,1.0,0.0,5,ADSK | APA | KLAC | NVDA | SNDK,ADSK:0.2000000000 | APA:0.2000000000 | KLAC:0.2000000000 | NVDA:0.2000000000 | SNDK:0.2000000000,2015-12-15,485
2015,52,2015-12-21,2015-12-24,2015-12-21,,2015-12-18,0.5,0.5,5,APA | ARG | KLAC | NVDA | SNDK,APA:0.1000000000 | ARG:0.1000000000 | KLAC:0.1000000000 | NVDA:0.1000000000 | SNDK:0.1000000000,2015-12-21,485
2015,53,2015-12-28,2015-12-31,2015-12-29,,2015-12-28,1.0,0.0,5,APA | ARG | FSLR | KLAC | SNDK,APA:0.2000000000 | ARG:0.2000000000 | FSLR:0.2000000000 | KLAC:0.2000000000 | SNDK:0.2000000000,2015-12-31,485
2016,1,2016-01-04,2016-01-08,2016-01-06,,2016-01-05,1.0,0.0,5,ARG | FSLR | KLAC | QRVO | SNDK,ARG:0.2000000000 | FSLR:0.2000000000 | KLAC:0.2000000000 | QRVO:0.2000000000 | SNDK:0.2000000000,2016-01-06,485
2016,2,2016-01-11,2016-01-15,2016-01-13,,2016-01-12,0.5,0.5,5,ARG | GMCR | KLAC | QRVO | SNDK,ARG:0.1000000000 | GMCR:0.1000000000 | KLAC:0.1000000000 | QRVO:0.1000000000 | SNDK:0.1000000000,2016-01-15,485
2016,3,2016-01-19,2016-01-22,2016-01-21,,2016-01-20,0.5,0.5,5,ARG | FSLR | GMCR | KLAC | NFLX,ARG:0.1000000000 | FSLR:0.1000000000 | GMCR:0.1000000000 | KLAC:0.1000000000 | NFLX:0.1000000000,2016-01-22,486
2016,4,2016-01-25,2016-01-29,2016-01-28,,2016-01-27,0.5,0.5,5,ARG | FSLR | GMCR | ILMN | MYL,ARG:0.1000000000 | FSLR:0.1000000000 | GMCR:0.1000000000 | ILMN:0.1000000000 | MYL:0.1000000000,2016-01-26,486
2016,5,2016-02-01,2016-02-05,2016-02-04,,2016-02-03,0.5,0.5,5,ARG | FSLR | GMCR | ILMN | MYL,ARG:0.1000000000 | FSLR:0.1000000000 | GMCR:0.1000000000 | ILMN:0.1000000000 | MYL:0.1000000000,2016-02-05,486
2016,6,2016-02-08,2016-02-12,2016-02-11,,2016-02-10,0.5,0.5,5,ARG | FSLR | GMCR | KSS | MYL,ARG:0.1000000000 | FSLR:0.1000000000 | GMCR:0.1000000000 | KSS:0.1000000000 | MYL:0.1000000000,2016-02-05,486
2016,7,2016-02-16,2016-02-19,2016-02-19,,2016-02-18,0.5,0.5,5,ARG | FSLR | GMCR | KSS | MNK,ARG:0.1000000000 | FSLR:0.1000000000 | GMCR:0.1000000000 | KSS:0.1000000000 | MNK:0.1000000000,2016-02-16,486
2016,8,2016-02-22,2016-02-26,2016-02-26,,2016-02-25,0.5,0.5,5,BXLT | FSLR | GMCR | MAT | WYNN,BXLT:0.1000000000 | FSLR:0.1000000000 | GMCR:0.1000000000 | MAT:0.1000000000 | WYNN:0.1000000000,2016-02-26,486
2016,9,2016-02-29,2016-03-04,2016-03-04,2016-03-03,2016-03-03,0.5,0.5,5,BXLT | COG | FSLR | KORS | MAT,BXLT:0.1000000000 | COG:0.1000000000 | FSLR:0.1000000000 | KORS:0.1000000000 | MAT:0.1000000000,2016-03-04,485
2016,10,2016-03-07,2016-03-11,2016-03-11,,2016-03-10,0.5,0.5,5,COG | FSLR | KORS | MAT | SWN,COG:0.1000000000 | FSLR:0.1000000000 | KORS:0.1000000000 | MAT:0.1000000000 | SWN:0.1000000000,2016-03-11,486
2016,11,2016-03-14,2016-03-18,2016-03-18,,2016-03-17,0.5,0.5,5,COG | KORS | NEM | RRC | SWN,COG:0.1000000000 | KORS:0.1000000000 | NEM:0.1000000000 | RRC:0.1000000000 | SWN:0.1000000000,2016-03-18,486
2016,12,2016-03-21,2016-03-24,,,2016-03-17,0.5,0.5,5,COG | KORS | NEM | RRC | SWN,COG:0.1000000000 | KORS:0.1000000000 | NEM:0.1000000000 | RRC:0.1000000000 | SWN:0.1000000000,2016-03-24,485
2016,13,2016-03-28,2016-04-01,2016-03-28,,2016-03-24,1.0,0.0,5,ADT | COG | KORS | NEM | SWN,ADT:0.2000000000 | COG:0.2000000000 | KORS:0.2000000000 | NEM:0.2000000000 | SWN:0.2000000000,2016-03-31,486
2016,14,2016-04-04,2016-04-08,2016-04-04,,2016-04-01,1.0,0.0,5,ADT | COG | FCX | KORS | NEM,ADT:0.2000000000 | COG:0.2000000000 | FCX:0.2000000000 | KORS:0.2000000000 | NEM:0.2000000000,2016-04-08,487
2016,15,2016-04-11,2016-04-15,2016-04-11,,2016-04-08,0.5,0.5,5,ADT | COG | FCX | KORS | NEM,ADT:0.1000000000 | COG:0.1000000000 | FCX:0.1000000000 | KORS:0.1000000000 | NEM:0.1000000000,2016-04-15,487
2016,16,2016-04-18,2016-04-22,2016-04-18,,2016-04-15,1.0,0.0,5,ADT | COG | FCX | KORS | NEM,ADT:0.2000000000 | COG:0.2000000000 | FCX:0.2000000000 | KORS:0.2000000000 | NEM:0.2000000000,2016-04-20,487
2016,17,2016-04-25,2016-04-29,2016-04-25,,2016-04-22,1.0,0.0,5,ADT | FCX | KORS | NEM | WYNN,ADT:0.2000000000 | FCX:0.2000000000 | KORS:0.2000000000 | NEM:0.2000000000 | WYNN:0.2000000000,2016-04-28,488
2016,18,2016-05-02,2016-05-06,2016-05-02,2016-05-02,2016-04-29,0.8,0.2,4,FCX | KORS | NEM | WYNN,FCX:0.2000000000 | KORS:0.2000000000 | NEM:0.2000000000 | WYNN:0.2000000000,2016-05-06,488
2016,19,2016-05-09,2016-05-13,2016-05-09,,2016-05-06,1.0,0.0,5,FCX | HES | MRO | NFX | WYNN,FCX:0.2000000000 | HES:0.2000000000 | MRO:0.2000000000 | NFX:0.2000000000 | WYNN:0.2000000000,2016-05-13,488
2016,20,2016-05-16,2016-05-20,2016-05-16,,2016-05-13,0.5,0.5,5,FCX | HES | MRO | NFX | WYNN,FCX:0.1000000000 | HES:0.1000000000 | MRO:0.1000000000 | NFX:0.1000000000 | WYNN:0.1000000000,2016-05-20,488
2016,21,2016-05-23,2016-05-27,2016-05-23,,2016-05-20,0.5,0.5,5,CHK | FCX | MRO | MUR | NFX,CHK:0.1000000000 | FCX:0.1000000000 | MRO:0.1000000000 | MUR:0.1000000000 | NFX:0.1000000000,2016-05-24,488
2016,22,2016-05-31,2016-06-03,2016-05-31,,2016-05-27,1.0,0.0,5,CHK | FCX | MRO | MUR | SWN,CHK:0.2000000000 | FCX:0.2000000000 | MRO:0.2000000000 | MUR:0.2000000000 | SWN:0.2000000000,2016-06-03,488
2016,23,2016-06-06,2016-06-10,2016-06-07,,2016-06-06,1.0,0.0,5,DVN | NEM | OKE | RRC | SWN,DVN:0.2000000000 | NEM:0.2000000000 | OKE:0.2000000000 | RRC:0.2000000000 | SWN:0.2000000000,2016-06-09,488
2016,24,2016-06-13,2016-06-17,2016-06-14,,2016-06-13,1.0,0.0,5,DVN | NEM | OKE | RRC | SWN,DVN:0.2000000000 | NEM:0.2000000000 | OKE:0.2000000000 | RRC:0.2000000000 | SWN:0.2000000000,2016-06-09,488
2016,25,2016-06-20,2016-06-24,2016-06-21,,2016-06-20,1.0,0.0,5,DVN | NEM | OKE | RRC | SWN,DVN:0.2000000000 | NEM:0.2000000000 | OKE:0.2000000000 | RRC:0.2000000000 | SWN:0.2000000000,2016-06-24,488
2016,26,2016-06-27,2016-07-01,2016-06-28,,2016-06-27,0.5,0.5,5,DVN | OKE | RRC | SWN | WMB,DVN:0.1000000000 | OKE:0.1000000000 | RRC:0.1000000000 | SWN:0.1000000000 | WMB:0.1000000000,2016-07-01,487
2016,27,2016-07-05,2016-07-08,2016-07-06,,2016-07-05,1.0,0.0,5,DVN | OKE | RRC | SWN | WMB,DVN:0.2000000000 | OKE:0.2000000000 | RRC:0.2000000000 | SWN:0.2000000000 | WMB:0.2000000000,2016-07-07,488
2016,28,2016-07-11,2016-07-15,2016-07-13,,2016-07-12,1.0,0.0,5,FMC | NOV | OKE | SWN | WMB,FMC:0.2000000000 | NOV:0.2000000000 | OKE:0.2000000000 | SWN:0.2000000000 | WMB:0.2000000000,2016-07-13,488
2016,29,2016-07-18,2016-07-22,2016-07-20,,2016-07-19,1.0,0.0,5,NOV | OKE | SWN | VIAB | WMB,NOV:0.2000000000 | OKE:0.2000000000 | SWN:0.2000000000 | VIAB:0.2000000000 | WMB:0.2000000000,2016-07-13,488
2016,30,2016-07-25,2016-07-29,2016-07-27,,2016-07-26,1.0,0.0,5,MU | NEM | NOV | OKE | QRVO,MU:0.2000000000 | NEM:0.2000000000 | NOV:0.2000000000 | OKE:0.2000000000 | QRVO:0.2000000000,2016-07-29,488
2016,31,2016-08-01,2016-08-05,2016-08-03,,2016-08-02,1.0,0.0,5,MRO | MU | OKE | QRVO | STX,MRO:0.2000000000 | MU:0.2000000000 | OKE:0.2000000000 | QRVO:0.2000000000 | STX:0.2000000000,2016-08-05,488
2016,32,2016-08-08,2016-08-12,2016-08-10,,2016-08-09,1.0,0.0,5,MRO | MU | QRVO | STX | WDC,MRO:0.2000000000 | MU:0.2000000000 | QRVO:0.2000000000 | STX:0.2000000000 | WDC:0.2000000000,2016-08-12,488
2016,33,2016-08-15,2016-08-19,2016-08-17,,2016-08-16,1.0,0.0,5,MU | QRVO | RIG | STX | WDC,MU:0.2000000000 | QRVO:0.2000000000 | RIG:0.2000000000 | STX:0.2000000000 | WDC:0.2000000000,2016-08-15,488
2016,34,2016-08-22,2016-08-26,2016-08-24,,2016-08-23,1.0,0.0,5,CHK | MU | RIG | STX | WDC,CHK:0.2000000000 | MU:0.2000000000 | RIG:0.2000000000 | STX:0.2000000000 | WDC:0.2000000000,2016-08-25,488
2016,35,2016-08-29,2016-09-02,2016-08-31,,2016-08-30,1.0,0.0,5,CHK | GPS | LLTC | NEM | STX,CHK:0.2000000000 | GPS:0.2000000000 | LLTC:0.2000000000 | NEM:0.2000000000 | STX:0.2000000000,2016-09-02,488
2016,36,2016-09-06,2016-09-09,2016-09-08,,2016-09-07,1.0,0.0,5,GPS | LLTC | MNK | NEM | STX,GPS:0.2000000000 | LLTC:0.2000000000 | MNK:0.2000000000 | NEM:0.2000000000 | STX:0.2000000000,2016-09-09,489
2016,37,2016-09-12,2016-09-16,2016-09-15,,2016-09-14,1.0,0.0,5,ENDP | GPS | JWN | MNK | STX,ENDP:0.2000000000 | GPS:0.2000000000 | JWN:0.2000000000 | MNK:0.2000000000 | STX:0.2000000000,2016-09-16,489
2016,38,2016-09-19,2016-09-23,2016-09-22,,2016-09-21,1.0,0.0,5,CHK | ENDP | JWN | MNK | STX,CHK:0.2000000000 | ENDP:0.2000000000 | JWN:0.2000000000 | MNK:0.2000000000 | STX:0.2000000000,2016-09-23,489
2016,39,2016-09-26,2016-09-30,2016-09-29,,2016-09-28,1.0,0.0,5,CHK | ENDP | JWN | STX | WMB,CHK:0.2000000000 | ENDP:0.2000000000 | JWN:0.2000000000 | STX:0.2000000000 | WMB:0.2000000000,2016-09-28,489
2016,40,2016-10-03,2016-10-07,2016-10-06,,2016-10-05,1.0,0.0,5,CHK | JWN | MU | STX | WMB,CHK:0.2000000000 | JWN:0.2000000000 | MU:0.2000000000 | STX:0.2000000000 | WMB:0.2000000000,2016-10-06,489
2016,41,2016-10-10,2016-10-14,2016-10-13,,2016-10-12,1.0,0.0,5,CHK | JWN | MU | STX | WMB,CHK:0.2000000000 | JWN:0.2000000000 | MU:0.2000000000 | STX:0.2000000000 | WMB:0.2000000000,2016-10-10,489
2016,42,2016-10-17,2016-10-21,2016-10-20,,2016-10-19,1.0,0.0,5,CHK | JWN | LLTC | MU | WMB,CHK:0.2000000000 | JWN:0.2000000000 | LLTC:0.2000000000 | MU:0.2000000000 | WMB:0.2000000000,2016-10-18,489
2016,43,2016-10-24,2016-10-28,2016-10-27,,2016-10-26,1.0,0.0,5,CHK | ENDP | JWN | MU | WMB,CHK:0.2000000000 | ENDP:0.2000000000 | JWN:0.2000000000 | MU:0.2000000000 | WMB:0.2000000000,2016-10-26,489
2016,44,2016-10-31,2016-11-04,2016-11-03,,2016-11-02,1.0,0.0,5,CHK | JWN | MU | WDC | WMB,CHK:0.2000000000 | JWN:0.2000000000 | MU:0.2000000000 | WDC:0.2000000000 | WMB:0.2000000000,2016-11-04,490
2016,45,2016-11-07,2016-11-11,2016-11-10,,2016-11-09,1.0,0.0,5,APA | CHK | MU | WDC | WMB,APA:0.2000000000 | CHK:0.2000000000 | MU:0.2000000000 | WDC:0.2000000000 | WMB:0.2000000000,2016-11-08,490
2016,46,2016-11-14,2016-11-18,2016-11-17,,2016-11-16,1.0,0.0,5,APA | BBY | MU | NFLX | WDC,APA:0.2000000000 | BBY:0.2000000000 | MU:0.2000000000 | NFLX:0.2000000000 | WDC:0.2000000000,2016-11-18,490
2016,47,2016-11-21,2016-11-25,2016-11-25,,2016-11-23,1.0,0.0,5,APA | NFLX | NVDA | UAL | WDC,APA:0.2000000000 | NFLX:0.2000000000 | NVDA:0.2000000000 | UAL:0.2000000000 | WDC:0.2000000000,2016-11-25,490
2016,48,2016-11-28,2016-12-02,2016-12-02,,2016-12-01,1.0,0.0,5,AKAM | APA | NFLX | UAL | WDC,AKAM:0.2000000000 | APA:0.2000000000 | NFLX:0.2000000000 | UAL:0.2000000000 | WDC:0.2000000000,2016-12-02,490
2016,49,2016-12-05,2016-12-09,2016-12-09,,2016-12-08,1.0,0.0,5,AKAM | FCX | NFLX | NVDA | RCL,AKAM:0.2000000000 | FCX:0.2000000000 | NFLX:0.2000000000 | NVDA:0.2000000000 | RCL:0.2000000000,2016-12-09,491
2016,50,2016-12-12,2016-12-16,2016-12-16,,2016-12-15,1.0,0.0,5,FCX | HAR | LNC | NVDA | RF,FCX:0.2000000000 | HAR:0.2000000000 | LNC:0.2000000000 | NVDA:0.2000000000 | RF:0.2000000000,2016-12-12,491
2016,51,2016-12-19,2016-12-23,2016-12-23,,2016-12-22,1.0,0.0,5,FCX | HAR | LNC | NVDA | RF,FCX:0.2000000000 | HAR:0.2000000000 | LNC:0.2000000000 | NVDA:0.2000000000 | RF:0.2000000000,2016-12-22,491
2016,52,2016-12-27,2016-12-30,,,2016-12-22,1.0,0.0,5,FCX | HAR | LNC | NVDA | RF,FCX:0.2000000000 | HAR:0.2000000000 | LNC:0.2000000000 | NVDA:0.2000000000 | RF:0.2000000000,2016-12-30,491
2017,1,2017-01-03,2017-01-06,2017-01-03,,2016-12-30,1.0,0.0,5,FCX | HAR | LNC | NVDA | RF,FCX:0.2000000000 | HAR:0.2000000000 | LNC:0.2000000000 | NVDA:0.2000000000 | RF:0.2000000000,2017-01-06,491
2017,2,2017-01-09,2017-01-13,2017-01-10,,2017-01-09,1.0,0.0,5,FCX | HAR | LNC | NVDA | RF,FCX:0.2000000000 | HAR:0.2000000000 | LNC:0.2000000000 | NVDA:0.2000000000 | RF:0.2000000000,2017-01-13,491
2017,3,2017-01-17,2017-01-20,2017-01-18,,2017-01-17,1.0,0.0,5,FCX | HAR | NVDA | RF | RIG,FCX:0.2000000000 | HAR:0.2000000000 | NVDA:0.2000000000 | RF:0.2000000000 | RIG:0.2000000000,2017-01-20,491
2017,4,2017-01-23,2017-01-27,2017-01-25,,2017-01-24,1.0,0.0,5,FCX | HAR | NVDA | RF | RIG,FCX:0.2000000000 | HAR:0.2000000000 | NVDA:0.2000000000 | RF:0.2000000000 | RIG:0.2000000000,2017-01-27,491
2017,5,2017-01-30,2017-02-03,2017-02-01,,2017-01-31,1.0,0.0,5,HAR | NVDA | RF | RIG | URI,HAR:0.2000000000 | NVDA:0.2000000000 | RF:0.2000000000 | RIG:0.2000000000 | URI:0.2000000000,2017-02-03,491
2017,6,2017-02-06,2017-02-10,2017-02-08,,2017-02-07,1.0,0.0,5,CF | HAR | NVDA | RIG | URI,CF:0.2000000000 | HAR:0.2000000000 | NVDA:0.2000000000 | RIG:0.2000000000 | URI:0.2000000000,2017-02-06,491
2017,7,2017-02-13,2017-02-17,2017-02-15,,2017-02-14,1.0,0.0,5,CF | CHK | HAR | NRG | RIG,CF:0.2000000000 | CHK:0.2000000000 | HAR:0.2000000000 | NRG:0.2000000000 | RIG:0.2000000000,2017-02-16,491
2017,8,2017-02-21,2017-02-24,2017-02-23,,2017-02-22,1.0,0.0,5,CF | CSX | ILMN | NRG | RIG,CF:0.2000000000 | CSX:0.2000000000 | ILMN:0.2000000000 | NRG:0.2000000000 | RIG:0.2000000000,2017-02-24,491
2017,9,2017-02-27,2017-03-03,2017-03-02,,2017-03-01,1.0,0.0,5,CF | CSX | ILMN | NRG | RIG,CF:0.2000000000 | CSX:0.2000000000 | ILMN:0.2000000000 | NRG:0.2000000000 | RIG:0.2000000000,2017-03-03,491
2017,10,2017-03-06,2017-03-10,2017-03-09,,2017-03-08,1.0,0.0,5,CF | CSX | ILMN | NRG | NVDA,CF:0.2000000000 | CSX:0.2000000000 | ILMN:0.2000000000 | NRG:0.2000000000 | NVDA:0.2000000000,2017-03-10,491
2017,11,2017-03-13,2017-03-17,2017-03-16,,2017-03-15,1.0,0.0,5,CF | CSX | ILMN | NRG | NVDA,CF:0.2000000000 | CSX:0.2000000000 | ILMN:0.2000000000 | NRG:0.2000000000 | NVDA:0.2000000000,2017-03-17,491
2017,12,2017-03-20,2017-03-24,2017-03-23,,2017-03-22,1.0,0.0,5,AMD | CNC | CSX | ILMN | NRG,AMD:0.2000000000 | CNC:0.2000000000 | CSX:0.2000000000 | ILMN:0.2000000000 | NRG:0.2000000000,2017-03-22,491
2017,13,2017-03-27,2017-03-31,2017-03-30,,2017-03-29,1.0,0.0,5,AMD | CSX | ILMN | INCY | NRG,AMD:0.2000000000 | CSX:0.2000000000 | ILMN:0.2000000000 | INCY:0.2000000000 | NRG:0.2000000000,2017-03-30,491
2017,14,2017-04-03,2017-04-07,2017-04-06,,2017-04-05,1.0,0.0,5,ATVI | CSX | ILMN | INCY | NRG,ATVI:0.2000000000 | CSX:0.2000000000 | ILMN:0.2000000000 | INCY:0.2000000000 | NRG:0.2000000000,2017-04-06,491
2017,15,2017-04-10,2017-04-13,2017-04-13,,2017-04-12,1.0,0.0,5,AMD | ATVI | CSX | INCY | NRG,AMD:0.2000000000 | ATVI:0.2000000000 | CSX:0.2000000000 | INCY:0.2000000000 | NRG:0.2000000000,2017-04-11,491
2017,16,2017-04-17,2017-04-21,2017-04-21,,2017-04-20,1.0,0.0,5,AMD | ATVI | INCY | NRG | WYNN,AMD:0.2000000000 | ATVI:0.2000000000 | INCY:0.2000000000 | NRG:0.2000000000 | WYNN:0.2000000000,2017-04-20,491
2017,17,2017-04-24,2017-04-28,2017-04-28,,2017-04-27,1.0,0.0,5,AMD | ATVI | INCY | MU | WYNN,AMD:0.2000000000 | ATVI:0.2000000000 | INCY:0.2000000000 | MU:0.2000000000 | WYNN:0.2000000000,2017-04-25,491
2017,18,2017-05-01,2017-05-05,2017-05-05,,2017-05-04,1.0,0.0,5,AMD | ATVI | INCY | MU | WYNN,AMD:0.2000000000 | ATVI:0.2000000000 | INCY:0.2000000000 | MU:0.2000000000 | WYNN:0.2000000000,2017-05-03,491
2017,19,2017-05-08,2017-05-12,2017-05-12,,2017-05-11,1.0,0.0,5,ATVI | INCY | MU | VRTX | WYNN,ATVI:0.2000000000 | INCY:0.2000000000 | MU:0.2000000000 | VRTX:0.2000000000 | WYNN:0.2000000000,2017-05-03,491
2017,20,2017-05-15,2017-05-19,2017-05-19,,2017-05-18,1.0,0.0,5,FMC | HRB | MU | VRTX | WYNN,FMC:0.2000000000 | HRB:0.2000000000 | MU:0.2000000000 | VRTX:0.2000000000 | WYNN:0.2000000000,2017-05-19,491
2017,21,2017-05-22,2017-05-26,2017-05-26,,2017-05-25,1.0,0.0,5,FMC | HRB | MU | VRTX | WYNN,FMC:0.2000000000 | HRB:0.2000000000 | MU:0.2000000000 | VRTX:0.2000000000 | WYNN:0.2000000000,2017-05-23,491
2017,22,2017-05-30,2017-06-02,,,2017-05-25,1.0,0.0,5,FMC | HRB | MU | VRTX | WYNN,FMC:0.2000000000 | HRB:0.2000000000 | MU:0.2000000000 | VRTX:0.2000000000 | WYNN:0.2000000000,2017-06-02,491
2017,23,2017-06-05,2017-06-09,2017-06-05,,2017-06-02,1.0,0.0,5,BCR | FMC | HRB | VRTX | WYNN,BCR:0.2000000000 | FMC:0.2000000000 | HRB:0.2000000000 | VRTX:0.2000000000 | WYNN:0.2000000000,2017-06-07,491
2017,24,2017-06-12,2017-06-16,2017-06-12,,2017-06-09,1.0,0.0,5,BCR | FMC | NVDA | VRTX | WYNN,BCR:0.2000000000 | FMC:0.2000000000 | NVDA:0.2000000000 | VRTX:0.2000000000 | WYNN:0.2000000000,2017-06-16,490
2017,25,2017-06-19,2017-06-23,2017-06-19,,2017-06-16,1.0,0.0,5,BCR | FMC | NVDA | VRTX | WFM,BCR:0.2000000000 | FMC:0.2000000000 | NVDA:0.2000000000 | VRTX:0.2000000000 | WFM:0.2000000000,2017-06-23,492
2017,26,2017-06-26,2017-06-30,2017-06-26,,2017-06-23,1.0,0.0,5,BCR | FMC | NVDA | VRTX | WFM,BCR:0.2000000000 | FMC:0.2000000000 | NVDA:0.2000000000 | VRTX:0.2000000000 | WFM:0.2000000000,2017-06-26,492
2017,27,2017-07-03,2017-07-07,2017-07-03,,2017-06-30,1.0,0.0,5,ADSK | BBY | BCR | NVDA | WFM,ADSK:0.2000000000 | BBY:0.2000000000 | BCR:0.2000000000 | NVDA:0.2000000000 | WFM:0.2000000000,2017-07-07,493
2017,28,2017-07-10,2017-07-14,2017-07-11,,2017-07-10,1.0,0.0,5,ADSK | BBY | BCR | NVDA | REGN,ADSK:0.2000000000 | BBY:0.2000000000 | BCR:0.2000000000 | NVDA:0.2000000000 | REGN:0.2000000000,2017-07-14,493
2017,29,2017-07-17,2017-07-21,2017-07-18,,2017-07-17,1.0,0.0,5,ADSK | BBY | BCR | NVDA | REGN,ADSK:0.2000000000 | BBY:0.2000000000 | BCR:0.2000000000 | NVDA:0.2000000000 | REGN:0.2000000000,2017-07-20,493
2017,30,2017-07-24,2017-07-28,2017-07-25,,2017-07-24,1.0,0.0,5,ATVI | HRB | MU | NVDA | REGN,ATVI:0.2000000000 | HRB:0.2000000000 | MU:0.2000000000 | NVDA:0.2000000000 | REGN:0.2000000000,2017-07-28,493
2017,31,2017-07-31,2017-08-04,2017-08-01,,2017-07-31,1.0,0.0,5,HRB | MU | NVDA | REGN | WFM,HRB:0.2000000000 | MU:0.2000000000 | NVDA:0.2000000000 | REGN:0.2000000000 | WFM:0.2000000000,2017-08-01,494
2017,32,2017-08-07,2017-08-11,2017-08-08,,2017-08-07,1.0,0.0,5,AMD | HRB | NVDA | REGN | WFM,AMD:0.2000000000 | HRB:0.2000000000 | NVDA:0.2000000000 | REGN:0.2000000000 | WFM:0.2000000000,2017-08-11,494
2017,33,2017-08-14,2017-08-18,2017-08-15,,2017-08-14,1.0,0.0,5,AMD | HRB | NRG | NVDA | WFM,AMD:0.2000000000 | HRB:0.2000000000 | NRG:0.2000000000 | NVDA:0.2000000000 | WFM:0.2000000000,2017-08-17,494
2017,34,2017-08-21,2017-08-25,2017-08-22,,2017-08-21,1.0,0.0,5,AMD | HRB | NRG | NVDA | WFM,AMD:0.2000000000 | HRB:0.2000000000 | NRG:0.2000000000 | NVDA:0.2000000000 | WFM:0.2000000000,2017-08-17,494
2017,35,2017-08-28,2017-09-01,2017-08-29,2017-08-28,2017-08-28,1.0,0.0,5,ALXN | AMD | NRG | SIG | VRTX,ALXN:0.2000000000 | AMD:0.2000000000 | NRG:0.2000000000 | SIG:0.2000000000 | VRTX:0.2000000000,2017-09-01,493
2017,36,2017-09-05,2017-09-08,2017-09-06,,2017-09-05,1.0,0.0,5,ALXN | CF | FCX | NRG | VRTX,ALXN:0.2000000000 | CF:0.2000000000 | FCX:0.2000000000 | NRG:0.2000000000 | VRTX:0.2000000000,2017-09-05,493
2017,37,2017-09-11,2017-09-15,2017-09-13,,2017-09-12,1.0,0.0,5,ALXN | FCX | KORS | NRG | VRTX,ALXN:0.2000000000 | FCX:0.2000000000 | KORS:0.2000000000 | NRG:0.2000000000 | VRTX:0.2000000000,2017-09-14,492
2017,38,2017-09-18,2017-09-22,2017-09-20,,2017-09-19,1.0,0.0,5,ALXN | FCX | KORS | NRG | VRTX,ALXN:0.2000000000 | FCX:0.2000000000 | KORS:0.2000000000 | NRG:0.2000000000 | VRTX:0.2000000000,2017-09-22,493
2017,39,2017-09-25,2017-09-29,2017-09-27,,2017-09-26,1.0,0.0,5,FCX | KORS | NRG | RL | VRTX,FCX:0.2000000000 | KORS:0.2000000000 | NRG:0.2000000000 | RL:0.2000000000 | VRTX:0.2000000000,2017-09-22,493
2017,40,2017-10-02,2017-10-06,2017-10-04,,2017-10-03,1.0,0.0,5,FCX | KORS | NRG | RL | VRTX,FCX:0.2000000000 | KORS:0.2000000000 | NRG:0.2000000000 | RL:0.2000000000 | VRTX:0.2000000000,2017-10-06,493
2017,41,2017-10-09,2017-10-13,2017-10-11,,2017-10-10,1.0,0.0,5,FCX | KORS | RL | TSCO | VRTX,FCX:0.2000000000 | KORS:0.2000000000 | RL:0.2000000000 | TSCO:0.2000000000 | VRTX:0.2000000000,2017-10-13,493
2017,42,2017-10-16,2017-10-20,2017-10-18,,2017-10-17,1.0,0.0,5,GPS | KORS | PRGO | RL | TSCO,GPS:0.2000000000 | KORS:0.2000000000 | PRGO:0.2000000000 | RL:0.2000000000 | TSCO:0.2000000000,2017-10-20,496
2017,43,2017-10-23,2017-10-27,2017-10-25,,2017-10-24,1.0,0.0,5,CF | GPS | KORS | RL | TSCO,CF:0.2000000000 | GPS:0.2000000000 | KORS:0.2000000000 | RL:0.2000000000 | TSCO:0.2000000000,2017-10-23,493
2017,44,2017-10-30,2017-11-03,2017-11-01,,2017-10-31,1.0,0.0,5,CF | GPS | KORS | MU | RL,CF:0.2000000000 | GPS:0.2000000000 | KORS:0.2000000000 | MU:0.2000000000 | RL:0.2000000000,2017-11-02,494
2017,45,2017-11-06,2017-11-10,2017-11-08,,2017-11-07,1.0,0.0,5,GPS | MU | MYL | PRGO | RRC,GPS:0.2000000000 | MU:0.2000000000 | MYL:0.2000000000 | PRGO:0.2000000000 | RRC:0.2000000000,2017-11-10,494
2017,46,2017-11-13,2017-11-17,2017-11-15,,2017-11-14,1.0,0.0,5,CF | GPS | MRO | MU | MYL,CF:0.2000000000 | GPS:0.2000000000 | MRO:0.2000000000 | MU:0.2000000000 | MYL:0.2000000000,2017-11-10,495
2017,47,2017-11-20,2017-11-24,2017-11-22,,2017-11-21,1.0,0.0,5,CF | MU | MYL | SIG | STX,CF:0.2000000000 | MU:0.2000000000 | MYL:0.2000000000 | SIG:0.2000000000 | STX:0.2000000000,2017-11-22,495
2017,48,2017-11-27,2017-12-01,2017-11-30,,2017-11-29,1.0,0.0,5,ALGN | CF | MRO | MU | MYL,ALGN:0.2000000000 | CF:0.2000000000 | MRO:0.2000000000 | MU:0.2000000000 | MYL:0.2000000000,2017-11-30,495
2017,49,2017-12-04,2017-12-08,2017-12-07,,2017-12-06,1.0,0.0,5,ALGN | KORS | LB | MRO | MU,ALGN:0.2000000000 | KORS:0.2000000000 | LB:0.2000000000 | MRO:0.2000000000 | MU:0.2000000000,2017-12-06,496
2017,50,2017-12-11,2017-12-15,2017-12-14,,2017-12-13,1.0,0.0,5,ALGN | KORS | LB | MRO | MU,ALGN:0.2000000000 | KORS:0.2000000000 | LB:0.2000000000 | MRO:0.2000000000 | MU:0.2000000000,2017-12-14,496
2017,51,2017-12-18,2017-12-22,2017-12-21,,2017-12-20,1.0,0.0,5,ALGN | KORS | LB | MAT | MU,ALGN:0.2000000000 | KORS:0.2000000000 | LB:0.2000000000 | MAT:0.2000000000 | MU:0.2000000000,2017-12-14,496
2017,52,2017-12-26,2017-12-29,2017-12-29,,2017-12-28,1.0,0.0,5,ALGN | KORS | LB | MAT | MU,ALGN:0.2000000000 | KORS:0.2000000000 | LB:0.2000000000 | MAT:0.2000000000 | MU:0.2000000000,2017-12-29,495
2018,1,2018-01-02,2018-12-31,,,2018-12-27,0.5,0.5,5,NWL | RHT | TRIP | TWTR | XLNX,NWL:0.1000000000 | RHT:0.1000000000 | TRIP:0.1000000000 | TWTR:0.1000000000 | XLNX:0.1000000000,2018-12-24,501
2018,2,2018-01-08,2018-01-12,2018-01-08,,2018-01-05,1.0,0.0,5,ALGN | FL | KORS | KR | LB,ALGN:0.2000000000 | FL:0.2000000000 | KORS:0.2000000000 | KR:0.2000000000 | LB:0.2000000000,2018-01-11,496
2018,3,2018-01-16,2018-01-19,2018-01-16,,2018-01-12,1.0,0.0,5,FL | KORS | KR | LB | M,FL:0.2000000000 | KORS:0.2000000000 | KR:0.2000000000 | LB:0.2000000000 | M:0.2000000000,2018-01-17,496
2018,4,2018-01-22,2018-01-26,2018-01-23,,2018-01-22,1.0,0.0,5,FL | KORS | KR | LB | M,FL:0.2000000000 | KORS:0.2000000000 | KR:0.2000000000 | LB:0.2000000000 | M:0.2000000000,2018-01-25,496
2018,5,2018-01-29,2018-02-02,2018-01-30,,2018-01-29,1.0,0.0,5,COTY | FL | KORS | KR | LB,COTY:0.2000000000 | FL:0.2000000000 | KORS:0.2000000000 | KR:0.2000000000 | LB:0.2000000000,2018-01-25,496
2018,6,2018-02-05,2018-02-09,2018-02-06,,2018-02-05,1.0,0.0,5,AAP | COTY | FL | KORS | UA,AAP:0.2000000000 | COTY:0.2000000000 | FL:0.2000000000 | KORS:0.2000000000 | UA:0.2000000000,2018-02-06,496
2018,7,2018-02-12,2018-02-16,2018-02-13,,2018-02-12,1.0,0.0,5,AAP | DVA | EVHC | FL | UA,AAP:0.2000000000 | DVA:0.2000000000 | EVHC:0.2000000000 | FL:0.2000000000 | UA:0.2000000000,2018-02-14,496
2018,8,2018-02-20,2018-02-23,2018-02-21,,2018-02-20,1.0,0.0,5,DVA | FCX | FL | KSS | VIAB,DVA:0.2000000000 | FCX:0.2000000000 | FL:0.2000000000 | KSS:0.2000000000 | VIAB:0.2000000000,2018-02-14,496
2018,9,2018-02-26,2018-03-02,2018-02-28,,2018-02-27,1.0,0.0,5,AAP | DVA | FCX | GWW | KSS,AAP:0.2000000000 | DVA:0.2000000000 | FCX:0.2000000000 | GWW:0.2000000000 | KSS:0.2000000000,2018-02-28,498
2018,10,2018-03-05,2018-03-09,2018-03-07,,2018-03-06,1.0,0.0,5,DVA | FCX | GWW | KSS | NFLX,DVA:0.2000000000 | FCX:0.2000000000 | GWW:0.2000000000 | KSS:0.2000000000 | NFLX:0.2000000000,2018-03-08,498
2018,11,2018-03-12,2018-03-16,2018-03-14,,2018-03-13,1.0,0.0,5,FCX | GWW | KSS | NFLX | NVDA,FCX:0.2000000000 | GWW:0.2000000000 | KSS:0.2000000000 | NFLX:0.2000000000 | NVDA:0.2000000000,2018-03-16,498
2018,12,2018-03-19,2018-03-23,2018-03-21,,2018-03-20,1.0,0.0,5,CSRA | KSS | NFLX | NKTR | NVDA,CSRA:0.2000000000 | KSS:0.2000000000 | NFLX:0.2000000000 | NKTR:0.2000000000 | NVDA:0.2000000000,2018-03-22,499
2018,13,2018-03-26,2018-03-29,2018-03-28,,2018-03-27,1.0,0.0,5,CSRA | KSS | NFLX | NKTR | NVDA,CSRA:0.2000000000 | KSS:0.2000000000 | NFLX:0.2000000000 | NKTR:0.2000000000 | NVDA:0.2000000000,2018-03-22,499
2018,14,2018-04-02,2018-04-06,2018-04-05,2018-04-04,2018-04-04,1.0,0.0,5,NFLX | NKTR | NVDA | TRIP | XL,NFLX:0.2000000000 | NKTR:0.2000000000 | NVDA:0.2000000000 | TRIP:0.2000000000 | XL:0.2000000000,2018-04-06,499
2018,15,2018-04-09,2018-04-13,2018-04-12,,2018-04-11,1.0,0.0,5,MU | NFLX | NKTR | TRIP | XL,MU:0.2000000000 | NFLX:0.2000000000 | NKTR:0.2000000000 | TRIP:0.2000000000 | XL:0.2000000000,2018-04-13,499
2018,16,2018-04-16,2018-04-20,2018-04-19,,2018-04-18,1.0,0.0,5,MU | NFLX | NKTR | TRIP | XL,MU:0.2000000000 | NFLX:0.2000000000 | NKTR:0.2000000000 | TRIP:0.2000000000 | XL:0.2000000000,2018-04-20,499
2018,17,2018-04-23,2018-04-27,2018-04-26,,2018-04-25,1.0,0.0,5,MU | NFLX | NKTR | TRIP | XL,MU:0.2000000000 | NFLX:0.2000000000 | NKTR:0.2000000000 | TRIP:0.2000000000 | XL:0.2000000000,2018-04-24,499
2018,18,2018-04-30,2018-05-04,2018-05-03,,2018-05-02,1.0,0.0,5,MU | NKTR | TRIP | UAA | XL,MU:0.2000000000 | NKTR:0.2000000000 | TRIP:0.2000000000 | UAA:0.2000000000 | XL:0.2000000000,2018-05-03,499
2018,19,2018-05-07,2018-05-11,2018-05-10,,2018-05-09,1.0,0.0,5,MU | NKTR | UA | UAA | XL,MU:0.2000000000 | NKTR:0.2000000000 | UA:0.2000000000 | UAA:0.2000000000 | XL:0.2000000000,2018-05-11,499
2018,20,2018-05-14,2018-05-18,2018-05-17,,2018-05-16,1.0,0.0,5,ADSK | HES | MU | NFLX | XL,ADSK:0.2000000000 | HES:0.2000000000 | MU:0.2000000000 | NFLX:0.2000000000 | XL:0.2000000000,2018-05-11,499
2018,21,2018-05-21,2018-05-25,2018-05-24,,2018-05-23,1.0,0.0,5,ANDV | BHGE | HES | NFX | XL,ANDV:0.2000000000 | BHGE:0.2000000000 | HES:0.2000000000 | NFX:0.2000000000 | XL:0.2000000000,2018-05-24,500
2018,22,2018-05-29,2018-06-01,2018-06-01,,2018-05-31,1.0,0.0,5,ANDV | BHGE | HES | NFX | XL,ANDV:0.2000000000 | BHGE:0.2000000000 | HES:0.2000000000 | NFX:0.2000000000 | XL:0.2000000000,2018-06-01,501
2018,23,2018-06-04,2018-06-08,2018-06-08,,2018-06-07,1.0,0.0,5,ANDV | BHGE | CMG | HES | NFX,ANDV:0.2000000000 | BHGE:0.2000000000 | CMG:0.2000000000 | HES:0.2000000000 | NFX:0.2000000000,2018-06-08,501
2018,24,2018-06-11,2018-06-15,2018-06-15,,2018-06-14,1.0,0.0,5,ANDV | CMG | HES | MRO | NFX,ANDV:0.2000000000 | CMG:0.2000000000 | HES:0.2000000000 | MRO:0.2000000000 | NFX:0.2000000000,2018-06-15,500
2018,25,2018-06-18,2018-06-22,2018-06-22,,2018-06-21,1.0,0.0,5,ANDV | CMG | HES | MRO | UA,ANDV:0.2000000000 | CMG:0.2000000000 | HES:0.2000000000 | MRO:0.2000000000 | UA:0.2000000000,2018-06-21,501
2018,26,2018-06-25,2018-06-29,2018-06-29,,2018-06-28,1.0,0.0,5,ANDV | CMG | JEF | MRO | UA,ANDV:0.2000000000 | CMG:0.2000000000 | JEF:0.2000000000 | MRO:0.2000000000 | UA:0.2000000000,2018-06-26,501
2018,27,2018-07-02,2018-07-06,,,2018-06-28,1.0,0.0,5,ANDV | CMG | JEF | MRO | UA,ANDV:0.2000000000 | CMG:0.2000000000 | JEF:0.2000000000 | MRO:0.2000000000 | UA:0.2000000000,2018-07-06,502
2018,28,2018-07-09,2018-07-13,2018-07-09,,2018-07-06,1.0,0.0,5,AMD | CMG | JEF | TWTR | UA,AMD:0.2000000000 | CMG:0.2000000000 | JEF:0.2000000000 | TWTR:0.2000000000 | UA:0.2000000000,2018-07-10,502
2018,29,2018-07-16,2018-07-20,2018-07-16,,2018-07-13,1.0,0.0,5,AMD | CMG | JEF | TWTR | UA,AMD:0.2000000000 | CMG:0.2000000000 | JEF:0.2000000000 | TWTR:0.2000000000 | UA:0.2000000000,2018-07-18,502
2018,30,2018-07-23,2018-07-27,2018-07-23,,2018-07-20,1.0,0.0,5,AMD | CMG | JEF | TWTR | UA,AMD:0.2000000000 | CMG:0.2000000000 | JEF:0.2000000000 | TWTR:0.2000000000 | UA:0.2000000000,2018-07-26,502
2018,31,2018-07-30,2018-08-03,2018-07-30,,2018-07-27,1.0,0.0,5,AMD | JEF | TRIP | TWTR | UA,AMD:0.2000000000 | JEF:0.2000000000 | TRIP:0.2000000000 | TWTR:0.2000000000 | UA:0.2000000000,2018-08-03,502
2018,32,2018-08-06,2018-08-10,2018-08-06,,2018-08-03,1.0,0.0,5,AMD | JEF | TRIP | TWTR | UA,AMD:0.2000000000 | JEF:0.2000000000 | TRIP:0.2000000000 | TWTR:0.2000000000 | UA:0.2000000000,2018-08-07,502
2018,33,2018-08-13,2018-08-17,2018-08-13,,2018-08-10,1.0,0.0,5,AMD | HBI | JEF | TRIP | TWTR,AMD:0.2000000000 | HBI:0.2000000000 | JEF:0.2000000000 | TRIP:0.2000000000 | TWTR:0.2000000000,2018-08-17,502
2018,34,2018-08-20,2018-08-24,2018-08-20,,2018-08-17,1.0,0.0,5,AMD | HBI | JEF | TRIP | TWTR,AMD:0.2000000000 | HBI:0.2000000000 | JEF:0.2000000000 | TRIP:0.2000000000 | TWTR:0.2000000000,2018-08-20,502
2018,35,2018-08-27,2018-08-31,2018-08-27,,2018-08-24,1.0,0.0,5,AMD | HBI | MNST | TRIP | TWTR,AMD:0.2000000000 | HBI:0.2000000000 | MNST:0.2000000000 | TRIP:0.2000000000 | TWTR:0.2000000000,2018-08-30,502
2018,36,2018-09-04,2018-09-07,2018-09-04,,2018-08-31,1.0,0.0,5,AMD | ARNC | CF | CPB | REGN,AMD:0.2000000000 | ARNC:0.2000000000 | CF:0.2000000000 | CPB:0.2000000000 | REGN:0.2000000000,2018-09-07,502
2018,37,2018-09-10,2018-09-14,2018-09-11,,2018-09-10,1.0,0.0,5,AMD | ARNC | CF | CPB | REGN,AMD:0.2000000000 | ARNC:0.2000000000 | CF:0.2000000000 | CPB:0.2000000000 | REGN:0.2000000000,2018-09-13,501
2018,38,2018-09-17,2018-09-21,2018-09-18,,2018-09-17,1.0,0.0,5,ARNC | BIIB | CTL | FLS | REGN,ARNC:0.2000000000 | BIIB:0.2000000000 | CTL:0.2000000000 | FLS:0.2000000000 | REGN:0.2000000000,2018-09-21,501
2018,39,2018-09-24,2018-09-28,2018-09-25,,2018-09-24,1.0,0.0,5,AMD | ARNC | BIIB | CTL | FLS,AMD:0.2000000000 | ARNC:0.2000000000 | BIIB:0.2000000000 | CTL:0.2000000000 | FLS:0.2000000000,2018-09-24,501
2018,40,2018-10-01,2018-10-05,2018-10-02,,2018-10-01,1.0,0.0,5,AMD | ARNC | BIIB | FLS | NKTR,AMD:0.2000000000 | ARNC:0.2000000000 | BIIB:0.2000000000 | FLS:0.2000000000 | NKTR:0.2000000000,2018-10-04,501
2018,41,2018-10-08,2018-10-12,2018-10-09,,2018-10-08,1.0,0.0,5,AMD | ARNC | FLS | JWN | NKTR,AMD:0.2000000000 | ARNC:0.2000000000 | FLS:0.2000000000 | JWN:0.2000000000 | NKTR:0.2000000000,2018-10-12,501
2018,42,2018-10-15,2018-10-19,2018-10-16,,2018-10-15,1.0,0.0,5,AMD | ARNC | FLS | JWN | NKTR,AMD:0.2000000000 | ARNC:0.2000000000 | FLS:0.2000000000 | JWN:0.2000000000 | NKTR:0.2000000000,2018-10-15,501
2018,43,2018-10-22,2018-10-26,2018-10-23,,2018-10-22,1.0,0.0,5,AMD | ARNC | FLS | FTNT | NKTR,AMD:0.2000000000 | ARNC:0.2000000000 | FLS:0.2000000000 | FTNT:0.2000000000 | NKTR:0.2000000000,2018-10-25,501
2018,44,2018-10-29,2018-11-02,2018-10-30,,2018-10-29,1.0,0.0,5,ABMD | AMD | FLS | FTNT | NKTR,ABMD:0.2000000000 | AMD:0.2000000000 | FLS:0.2000000000 | FTNT:0.2000000000 | NKTR:0.2000000000,2018-10-31,500
2018,45,2018-11-05,2018-11-09,2018-11-06,,2018-11-05,1.0,0.0,5,AMD | FLS | FTNT | JWN | NLSN,AMD:0.2000000000 | FLS:0.2000000000 | FTNT:0.2000000000 | JWN:0.2000000000 | NLSN:0.2000000000,2018-11-07,501
2018,46,2018-11-12,2018-11-16,2018-11-13,,2018-11-12,1.0,0.0,5,AMD | ATVI | AVGO | JWN | PCG,AMD:0.2000000000 | ATVI:0.2000000000 | AVGO:0.2000000000 | JWN:0.2000000000 | PCG:0.2000000000,2018-11-15,501
2018,47,2018-11-19,2018-11-23,2018-11-20,,2018-11-19,1.0,0.0,5,AMD | AVGO | MOS | PCG | XEC,AMD:0.2000000000 | AVGO:0.2000000000 | MOS:0.2000000000 | PCG:0.2000000000 | XEC:0.2000000000,2018-11-15,501
2018,48,2018-11-26,2018-11-30,2018-11-28,,2018-11-27,1.0,0.0,5,LB | PCG | SBUX | ULTA | XLNX,LB:0.2000000000 | PCG:0.2000000000 | SBUX:0.2000000000 | ULTA:0.2000000000 | XLNX:0.2000000000,2018-11-29,499
2018,49,2018-12-03,2018-12-07,2018-12-06,,2018-12-04,1.0,0.0,5,LB | RHT | SBUX | UAA | XLNX,LB:0.2000000000 | RHT:0.2000000000 | SBUX:0.2000000000 | UAA:0.2000000000 | XLNX:0.2000000000,2018-12-07,501
2018,50,2018-12-10,2018-12-14,2018-12-13,,2018-12-12,1.0,0.0,5,LB | RHT | TRIP | UAA | XLNX,LB:0.2000000000 | RHT:0.2000000000 | TRIP:0.2000000000 | UAA:0.2000000000 | XLNX:0.2000000000,2018-12-07,501
2018,51,2018-12-17,2018-12-21,2018-12-20,,2018-12-19,0.5,0.5,5,LB | RHT | TRIP | UAA | XLNX,LB:0.1000000000 | RHT:0.1000000000 | TRIP:0.1000000000 | UAA:0.1000000000 | XLNX:0.1000000000,2018-12-21,500
2018,52,2018-12-24,2018-12-28,2018-12-28,,2018-12-27,0.5,0.5,5,NWL | RHT | TRIP | TWTR | XLNX,NWL:0.1000000000 | RHT:0.1000000000 | TRIP:0.1000000000 | TWTR:0.1000000000 | XLNX:0.1000000000,2018-12-24,501
2019,1,2019-01-02,2019-12-31,,,2019-12-24,1.0,0.0,5,ALGN | AMD | PEAK | QRVO | TIF,ALGN:0.2000000000 | AMD:0.2000000000 | PEAK:0.2000000000 | QRVO:0.2000000000 | TIF:0.2000000000,2019-12-23,502
2019,2,2019-01-07,2019-01-11,2019-01-07,,2019-01-04,0.5,0.5,5,NWL | RHT | TRIP | TWTR | XLNX,NWL:0.1000000000 | RHT:0.1000000000 | TRIP:0.1000000000 | TWTR:0.1000000000 | XLNX:0.1000000000,2019-01-11,502
2019,3,2019-01-14,2019-01-18,2019-01-14,,2019-01-11,0.5,0.5,5,NWL | RHT | TRIP | TWTR | XLNX,NWL:0.1000000000 | RHT:0.1000000000 | TRIP:0.1000000000 | TWTR:0.1000000000 | XLNX:0.1000000000,2019-01-18,502
2019,4,2019-01-22,2019-01-25,2019-01-22,,2019-01-18,0.5,0.5,5,NWL | RHT | TRIP | TWTR | XLNX,NWL:0.1000000000 | RHT:0.1000000000 | TRIP:0.1000000000 | TWTR:0.1000000000 | XLNX:0.1000000000,2019-01-18,502
2019,5,2019-01-28,2019-02-01,2019-01-29,,2019-01-28,0.5,0.5,5,MCHP | NWL | RHT | TRIP | XLNX,MCHP:0.1000000000 | NWL:0.1000000000 | RHT:0.1000000000 | TRIP:0.1000000000 | XLNX:0.1000000000,2019-01-18,502
2019,6,2019-02-04,2019-02-08,2019-02-05,,2019-02-04,0.5,0.5,5,CELG | FL | NEM | NWL | XRAY,CELG:0.1000000000 | FL:0.1000000000 | NEM:0.1000000000 | NWL:0.1000000000 | XRAY:0.1000000000,2019-01-18,502
2019,7,2019-02-11,2019-02-15,2019-02-12,,2019-02-11,1.0,0.0,5,CELG | DLTR | FL | MCHP | NKTR,CELG:0.2000000000 | DLTR:0.2000000000 | FL:0.2000000000 | MCHP:0.2000000000 | NKTR:0.2000000000,2019-02-15,502
2019,8,2019-02-19,2019-02-22,2019-02-20,,2019-02-19,1.0,0.0,5,CELG | FL | INCY | NFLX | NKTR,CELG:0.2000000000 | FL:0.2000000000 | INCY:0.2000000000 | NFLX:0.2000000000 | NKTR:0.2000000000,2019-02-15,502
2019,9,2019-02-25,2019-03-01,2019-02-27,,2019-02-26,1.0,0.0,5,CELG | INCY | NFLX | NKTR | XLNX,CELG:0.2000000000 | INCY:0.2000000000 | NFLX:0.2000000000 | NKTR:0.2000000000 | XLNX:0.2000000000,2019-02-27,502
2019,10,2019-03-04,2019-03-08,2019-03-06,,2019-03-05,1.0,0.0,5,CELG | GE | INCY | NFLX | XLNX,CELG:0.2000000000 | GE:0.2000000000 | INCY:0.2000000000 | NFLX:0.2000000000 | XLNX:0.2000000000,2019-02-27,502
2019,11,2019-03-11,2019-03-15,2019-03-13,,2019-03-12,1.0,0.0,5,CELG | GE | INCY | NFLX | XLNX,CELG:0.2000000000 | GE:0.2000000000 | INCY:0.2000000000 | NFLX:0.2000000000 | XLNX:0.2000000000,2019-02-27,502
2019,12,2019-03-18,2019-03-22,2019-03-20,,2019-03-19,1.0,0.0,5,CELG | COTY | GE | NFLX | XLNX,CELG:0.2000000000 | COTY:0.2000000000 | GE:0.2000000000 | NFLX:0.2000000000 | XLNX:0.2000000000,2019-02-27,502
2019,13,2019-03-25,2019-03-29,2019-03-27,,2019-03-26,1.0,0.0,5,CELG | COTY | GE | NFLX | XLNX,CELG:0.2000000000 | COTY:0.2000000000 | GE:0.2000000000 | NFLX:0.2000000000 | XLNX:0.2000000000,2019-02-27,502
2019,14,2019-04-01,2019-04-05,2019-04-03,,2019-04-02,1.0,0.0,5,COTY | GE | MAT | WDC | XLNX,COTY:0.2000000000 | GE:0.2000000000 | MAT:0.2000000000 | WDC:0.2000000000 | XLNX:0.2000000000,2019-04-02,502
2019,15,2019-04-08,2019-04-12,2019-04-10,,2019-04-09,1.0,0.0,5,ALGN | ANET | COTY | WDC | XLNX,ALGN:0.2000000000 | ANET:0.2000000000 | COTY:0.2000000000 | WDC:0.2000000000 | XLNX:0.2000000000,2019-04-02,502
2019,16,2019-04-15,2019-04-18,2019-04-17,,2019-04-16,1.0,0.0,5,ALGN | ANET | COTY | WDC | XLNX,ALGN:0.2000000000 | ANET:0.2000000000 | COTY:0.2000000000 | WDC:0.2000000000 | XLNX:0.2000000000,2019-04-02,502
2019,17,2019-04-22,2019-04-26,2019-04-25,,2019-04-24,1.0,0.0,5,ALGN | ANET | COTY | WDC | XLNX,ALGN:0.2000000000 | ANET:0.2000000000 | COTY:0.2000000000 | WDC:0.2000000000 | XLNX:0.2000000000,2019-04-02,502
2019,18,2019-04-29,2019-05-03,2019-05-02,,2019-05-01,1.0,0.0,5,ALGN | ANET | CAG | COTY | NVDA,ALGN:0.2000000000 | ANET:0.2000000000 | CAG:0.2000000000 | COTY:0.2000000000 | NVDA:0.2000000000,2019-04-02,502
2019,19,2019-05-06,2019-05-10,2019-05-09,,2019-05-08,1.0,0.0,5,ALGN | ANET | CAG | COTY | NVDA,ALGN:0.2000000000 | ANET:0.2000000000 | CAG:0.2000000000 | COTY:0.2000000000 | NVDA:0.2000000000,2019-04-02,502
2019,20,2019-05-13,2019-05-17,2019-05-16,,2019-05-15,1.0,0.0,5,ANET | APC | CAG | DOW | NVDA,ANET:0.2000000000 | APC:0.2000000000 | CAG:0.2000000000 | DOW:0.2000000000 | NVDA:0.2000000000,2019-04-02,502
2019,21,2019-05-20,2019-05-24,2019-05-23,,2019-05-22,1.0,0.0,5,ANET | APC | CAG | DOW | NVDA,ANET:0.2000000000 | APC:0.2000000000 | CAG:0.2000000000 | DOW:0.2000000000 | NVDA:0.2000000000,2019-04-02,502
2019,22,2019-05-28,2019-05-31,2019-05-31,,2019-05-30,1.0,0.0,5,APC | CAG | DOW | NVDA | QCOM,APC:0.2000000000 | CAG:0.2000000000 | DOW:0.2000000000 | NVDA:0.2000000000 | QCOM:0.2000000000,2019-04-02,502
2019,23,2019-06-03,2019-06-07,2019-06-07,,2019-06-06,1.0,0.0,5,ALGN | APC | CAG | DOW | QCOM,ALGN:0.2000000000 | APC:0.2000000000 | CAG:0.2000000000 | DOW:0.2000000000 | QCOM:0.2000000000,2019-06-07,500
2019,24,2019-06-10,2019-06-14,2019-06-14,,2019-06-13,1.0,0.0,5,ALGN | APC | CAG | DOW | QCOM,ALGN:0.2000000000 | APC:0.2000000000 | CAG:0.2000000000 | DOW:0.2000000000 | QCOM:0.2000000000,2019-06-07,501
2019,25,2019-06-17,2019-06-21,2019-06-21,,2019-06-20,1.0,0.0,5,ALGN | APC | COTY | DOW | QCOM,ALGN:0.2000000000 | APC:0.2000000000 | COTY:0.2000000000 | DOW:0.2000000000 | QCOM:0.2000000000,2019-06-07,501
2019,26,2019-06-24,2019-06-28,2019-06-28,,2019-06-27,1.0,0.0,5,AMD | APC | ARNC | DOW | QCOM,AMD:0.2000000000 | APC:0.2000000000 | ARNC:0.2000000000 | DOW:0.2000000000 | QCOM:0.2000000000,2019-06-07,501
2019,27,2019-07-01,2019-07-05,,,2019-06-27,1.0,0.0,5,AMD | APC | ARNC | DOW | QCOM,AMD:0.2000000000 | APC:0.2000000000 | ARNC:0.2000000000 | DOW:0.2000000000 | QCOM:0.2000000000,2019-07-01,502
2019,28,2019-07-08,2019-07-12,2019-07-08,,2019-07-05,1.0,0.0,5,APC | ARNC | COTY | QCOM | TTWO,APC:0.2000000000 | ARNC:0.2000000000 | COTY:0.2000000000 | QCOM:0.2000000000 | TTWO:0.2000000000,2019-07-01,501
2019,29,2019-07-15,2019-07-19,2019-07-15,,2019-07-12,1.0,0.0,5,APC | COTY | QCOM | TTWO | UAA,APC:0.2000000000 | COTY:0.2000000000 | QCOM:0.2000000000 | TTWO:0.2000000000 | UAA:0.2000000000,2019-07-15,502
2019,30,2019-07-22,2019-07-26,2019-07-22,,2019-07-19,1.0,0.0,5,ANTM | COTY | RMD | TTWO | UAA,ANTM:0.2000000000 | COTY:0.2000000000 | RMD:0.2000000000 | TTWO:0.2000000000 | UAA:0.2000000000,2019-07-15,502
2019,31,2019-07-29,2019-08-02,2019-07-29,,2019-07-26,1.0,0.0,5,AGN | COTY | ILMN | INCY | TTWO,AGN:0.2000000000 | COTY:0.2000000000 | ILMN:0.2000000000 | INCY:0.2000000000 | TTWO:0.2000000000,2019-07-15,502
2019,32,2019-08-05,2019-08-09,2019-08-05,,2019-08-02,1.0,0.0,5,AGN | ILMN | MKTX | TTWO | UAA,AGN:0.2000000000 | ILMN:0.2000000000 | MKTX:0.2000000000 | TTWO:0.2000000000 | UAA:0.2000000000,2019-08-09,502
2019,33,2019-08-12,2019-08-16,2019-08-12,,2019-08-09,1.0,0.0,5,AGN | ILMN | MKTX | SYMC | UAA,AGN:0.2000000000 | ILMN:0.2000000000 | MKTX:0.2000000000 | SYMC:0.2000000000 | UAA:0.2000000000,2019-08-09,502
2019,34,2019-08-19,2019-08-23,2019-08-19,,2019-08-16,1.0,0.0,5,AMD | MKTX | MU | SYMC | WDC,AMD:0.2000000000 | MKTX:0.2000000000 | MU:0.2000000000 | SYMC:0.2000000000 | WDC:0.2000000000,2019-08-09,502
2019,35,2019-08-26,2019-08-30,2019-08-26,,2019-08-23,1.0,0.0,5,AMAT | AMD | MU | WDC | XLNX,AMAT:0.2000000000 | AMD:0.2000000000 | MU:0.2000000000 | WDC:0.2000000000 | XLNX:0.2000000000,2019-08-09,502
2019,36,2019-09-03,2019-09-06,2019-09-03,,2019-08-30,1.0,0.0,5,AGN | DVA | HFC | MU | WDC,AGN:0.2000000000 | DVA:0.2000000000 | HFC:0.2000000000 | MU:0.2000000000 | WDC:0.2000000000,2019-08-09,502
2019,37,2019-09-09,2019-09-13,2019-09-10,,2019-09-09,1.0,0.0,5,AGN | DVA | HFC | MU | WDC,AGN:0.2000000000 | DVA:0.2000000000 | HFC:0.2000000000 | MU:0.2000000000 | WDC:0.2000000000,2019-08-09,502
2019,38,2019-09-16,2019-09-20,2019-09-17,,2019-09-16,1.0,0.0,5,AGN | DVA | MU | SYMC | WDC,AGN:0.2000000000 | DVA:0.2000000000 | MU:0.2000000000 | SYMC:0.2000000000 | WDC:0.2000000000,2019-08-09,502
2019,39,2019-09-23,2019-09-27,2019-09-24,,2019-09-23,1.0,0.0,5,AGN | MU | TGT | TWTR | WDC,AGN:0.2000000000 | MU:0.2000000000 | TGT:0.2000000000 | TWTR:0.2000000000 | WDC:0.2000000000,2019-09-26,502
2019,40,2019-09-30,2019-10-04,2019-10-01,,2019-09-30,1.0,0.0,5,KLAC | MKTX | MU | TGT | TWTR,KLAC:0.2000000000 | MKTX:0.2000000000 | MU:0.2000000000 | TGT:0.2000000000 | TWTR:0.2000000000,2019-10-03,502
2019,41,2019-10-07,2019-10-11,2019-10-08,,2019-10-07,1.0,0.0,5,KLAC | MKTX | MU | TGT | TWTR,KLAC:0.2000000000 | MKTX:0.2000000000 | MU:0.2000000000 | TGT:0.2000000000 | TWTR:0.2000000000,2019-10-03,502
2019,42,2019-10-14,2019-10-18,2019-10-15,,2019-10-14,1.0,0.0,5,KLAC | MU | NWL | TGT | WDC,KLAC:0.2000000000 | MU:0.2000000000 | NWL:0.2000000000 | TGT:0.2000000000 | WDC:0.2000000000,2019-10-18,502
2019,43,2019-10-21,2019-10-25,2019-10-22,,2019-10-21,1.0,0.0,5,ATVI | LKQ | MYL | NWL | TGT,ATVI:0.2000000000 | LKQ:0.2000000000 | MYL:0.2000000000 | NWL:0.2000000000 | TGT:0.2000000000,2019-10-18,502
2019,44,2019-10-28,2019-11-01,2019-10-29,,2019-10-28,1.0,0.0,5,KLAC | LKQ | NWL | STX | TGT,KLAC:0.2000000000 | LKQ:0.2000000000 | NWL:0.2000000000 | STX:0.2000000000 | TGT:0.2000000000,2019-10-18,502
2019,45,2019-11-04,2019-11-08,2019-11-05,,2019-11-04,1.0,0.0,5,KLAC | LKQ | NWL | STX | TGT,KLAC:0.2000000000 | LKQ:0.2000000000 | NWL:0.2000000000 | STX:0.2000000000 | TGT:0.2000000000,2019-11-05,502
2019,46,2019-11-11,2019-11-15,2019-11-12,,2019-11-11,1.0,0.0,5,JWN | KLAC | LKQ | NWL | TGT,JWN:0.2000000000 | KLAC:0.2000000000 | LKQ:0.2000000000 | NWL:0.2000000000 | TGT:0.2000000000,2019-11-05,502
2019,47,2019-11-18,2019-11-22,2019-11-19,,2019-11-18,1.0,0.0,5,ALGN | JWN | NWL | TGT | TPR,ALGN:0.2000000000 | JWN:0.2000000000 | NWL:0.2000000000 | TGT:0.2000000000 | TPR:0.2000000000,2019-11-21,502
2019,48,2019-11-25,2019-11-29,2019-11-26,,2019-11-25,1.0,0.0,5,ALGN | COTY | JWN | PVH | TPR,ALGN:0.2000000000 | COTY:0.2000000000 | JWN:0.2000000000 | PVH:0.2000000000 | TPR:0.2000000000,2019-11-21,502
2019,49,2019-12-02,2019-12-06,2019-12-04,,2019-12-03,1.0,0.0,5,ALGN | BIIB | COTY | JWN | TIF,ALGN:0.2000000000 | BIIB:0.2000000000 | COTY:0.2000000000 | JWN:0.2000000000 | TIF:0.2000000000,2019-12-05,502
2019,50,2019-12-09,2019-12-13,2019-12-11,,2019-12-10,1.0,0.0,5,ALGN | BIIB | PEAK | QRVO | TIF,ALGN:0.2000000000 | BIIB:0.2000000000 | PEAK:0.2000000000 | QRVO:0.2000000000 | TIF:0.2000000000,2019-12-10,502
2019,51,2019-12-16,2019-12-20,2019-12-18,,2019-12-17,1.0,0.0,5,ALGN | AMD | PEAK | QRVO | TIF,ALGN:0.2000000000 | AMD:0.2000000000 | PEAK:0.2000000000 | QRVO:0.2000000000 | TIF:0.2000000000,2019-12-10,502
2019,52,2019-12-23,2019-12-27,2019-12-26,,2019-12-24,1.0,0.0,5,ALGN | AMD | PEAK | QRVO | TIF,ALGN:0.2000000000 | AMD:0.2000000000 | PEAK:0.2000000000 | QRVO:0.2000000000 | TIF:0.2000000000,2019-12-23,502
2020,1,2020-01-02,2020-01-03,2020-01-03,,2020-01-02,1.0,0.0,5,ALGN | AMD | PEAK | QRVO | TIF,ALGN:0.2000000000 | AMD:0.2000000000 | PEAK:0.2000000000 | QRVO:0.2000000000 | TIF:0.2000000000,2019-12-23,502
2020,2,2020-01-06,2020-01-10,2020-01-10,,2020-01-09,1.0,0.0,5,ALGN | AMD | PEAK | QRVO | TIF,ALGN:0.2000000000 | AMD:0.2000000000 | PEAK:0.2000000000 | QRVO:0.2000000000 | TIF:0.2000000000,2019-12-23,502
2020,3,2020-01-13,2020-01-17,2020-01-17,,2020-01-16,1.0,0.0,5,ALGN | AMD | PEAK | QRVO | TIF,ALGN:0.2000000000 | AMD:0.2000000000 | PEAK:0.2000000000 | QRVO:0.2000000000 | TIF:0.2000000000,2019-12-23,502
2020,4,2020-01-21,2020-01-24,,,2020-01-16,1.0,0.0,5,ALGN | AMD | PEAK | QRVO | TIF,ALGN:0.2000000000 | AMD:0.2000000000 | PEAK:0.2000000000 | QRVO:0.2000000000 | TIF:0.2000000000,2019-12-23,502
2020,5,2020-01-27,2020-01-31,2020-01-27,,2020-01-24,1.0,0.0,5,AMD | J | PEAK | QRVO | TIF,AMD:0.2000000000 | J:0.2000000000 | PEAK:0.2000000000 | QRVO:0.2000000000 | TIF:0.2000000000,2020-01-28,502
2020,6,2020-02-03,2020-02-07,2020-02-03,,2020-01-31,1.0,0.0,5,AMD | DXC | J | PEAK | QRVO,AMD:0.2000000000 | DXC:0.2000000000 | J:0.2000000000 | PEAK:0.2000000000 | QRVO:0.2000000000,2020-01-28,502
2020,7,2020-02-10,2020-02-14,2020-02-10,,2020-02-07,1.0,0.0,5,AMD | APA | DXC | J | WDC,AMD:0.2000000000 | APA:0.2000000000 | DXC:0.2000000000 | J:0.2000000000 | WDC:0.2000000000,2020-01-28,502
2020,8,2020-02-18,2020-02-21,2020-02-18,,2020-02-14,1.0,0.0,5,AMD | APA | J | PAYC | WDC,AMD:0.2000000000 | APA:0.2000000000 | J:0.2000000000 | PAYC:0.2000000000 | WDC:0.2000000000,2020-01-28,502
2020,9,2020-02-24,2020-02-28,2020-02-25,,2020-02-24,1.0,0.0,5,AMD | APA | J | LB | WDC,AMD:0.2000000000 | APA:0.2000000000 | J:0.2000000000 | LB:0.2000000000 | WDC:0.2000000000,2020-01-28,502
2020,10,2020-03-02,2020-03-06,2020-03-03,,2020-03-02,1.0,0.0,5,AMD | APA | J | LB | WDC,AMD:0.2000000000 | APA:0.2000000000 | J:0.2000000000 | LB:0.2000000000 | WDC:0.2000000000,2020-03-03,502
2020,11,2020-03-09,2020-03-13,2020-03-10,,2020-03-09,1.0,0.0,5,AMD | APA | J | LB | WDC,AMD:0.2000000000 | APA:0.2000000000 | J:0.2000000000 | LB:0.2000000000 | WDC:0.2000000000,2020-03-03,502
2020,12,2020-03-16,2020-03-20,2020-03-17,,2020-03-16,0.5,0.5,5,AMD | APA | LB | TWTR | WDC,AMD:0.1000000000 | APA:0.1000000000 | LB:0.1000000000 | TWTR:0.1000000000 | WDC:0.1000000000,2020-03-03,502
2020,13,2020-03-23,2020-03-27,2020-03-24,,2020-03-23,0.5,0.5,5,ALB | AMD | APA | LB | TWTR,ALB:0.1000000000 | AMD:0.1000000000 | APA:0.1000000000 | LB:0.1000000000 | TWTR:0.1000000000,2020-03-03,502
2020,14,2020-03-30,2020-04-03,2020-03-31,,2020-03-30,0.5,0.5,5,ALB | J | LB | LEN | NVDA,ALB:0.1000000000 | J:0.1000000000 | LB:0.1000000000 | LEN:0.1000000000 | NVDA:0.1000000000,2020-04-03,504
2020,15,2020-04-06,2020-04-09,2020-04-07,,2020-04-06,0.5,0.5,5,ALB | EVRG | LB | LEN | NVDA,ALB:0.1000000000 | EVRG:0.1000000000 | LB:0.1000000000 | LEN:0.1000000000 | NVDA:0.1000000000,2020-04-06,502
2020,16,2020-04-13,2020-04-17,2020-04-15,,2020-04-14,0.5,0.5,5,BIIB | CNC | COG | MSCI | WEC,BIIB:0.1000000000 | CNC:0.1000000000 | COG:0.1000000000 | MSCI:0.1000000000 | WEC:0.1000000000,2020-04-06,502
2020,17,2020-04-20,2020-04-24,2020-04-22,,2020-04-21,0.5,0.5,5,CLX | CTXS | GILD | KR | REGN,CLX:0.1000000000 | CTXS:0.1000000000 | GILD:0.1000000000 | KR:0.1000000000 | REGN:0.1000000000,2020-04-06,502
2020,18,2020-04-27,2020-05-01,2020-04-29,,2020-04-28,0.5,0.5,5,COG | CTXS | GILD | NVDA | REGN,COG:0.1000000000 | CTXS:0.1000000000 | GILD:0.1000000000 | NVDA:0.1000000000 | REGN:0.1000000000,2020-04-06,505
2020,19,2020-05-04,2020-05-08,2020-05-06,,2020-05-05,0.5,0.5,5,COG | CTXS | GILD | MKTX | REGN,COG:0.1000000000 | CTXS:0.1000000000 | GILD:0.1000000000 | MKTX:0.1000000000 | REGN:0.1000000000,2020-04-06,502
2020,20,2020-05-11,2020-05-15,2020-05-13,,2020-05-12,1.0,0.0,5,CNC | COG | DXCM | MKTX | REGN,CNC:0.2000000000 | COG:0.2000000000 | DXCM:0.2000000000 | MKTX:0.2000000000 | REGN:0.2000000000,2020-05-12,502
2020,21,2020-05-18,2020-05-22,2020-05-20,,2020-05-19,1.0,0.0,5,CNC | COG | DXCM | MKTX | REGN,CNC:0.2000000000 | COG:0.2000000000 | DXCM:0.2000000000 | MKTX:0.2000000000 | REGN:0.2000000000,2020-05-22,502
2020,22,2020-05-26,2020-05-29,2020-05-28,,2020-05-27,1.0,0.0,5,AMD | CNC | COG | DXCM | MKTX,AMD:0.2000000000 | CNC:0.2000000000 | COG:0.2000000000 | DXCM:0.2000000000 | MKTX:0.2000000000,2020-05-22,502
2020,23,2020-06-01,2020-06-05,2020-06-04,,2020-06-03,1.0,0.0,5,CMG | CNC | COG | DXCM | MKTX,CMG:0.2000000000 | CNC:0.2000000000 | COG:0.2000000000 | DXCM:0.2000000000 | MKTX:0.2000000000,2020-05-22,502
2020,24,2020-06-08,2020-06-12,2020-06-11,,2020-06-10,1.0,0.0,5,APA | DVN | DXCM | FANG | MRO,APA:0.2000000000 | DVN:0.2000000000 | DXCM:0.2000000000 | FANG:0.2000000000 | MRO:0.2000000000,2020-05-22,502
2020,25,2020-06-15,2020-06-19,2020-06-18,,2020-06-17,1.0,0.0,5,APA | DVN | FANG | HAL | NBL,APA:0.2000000000 | DVN:0.2000000000 | FANG:0.2000000000 | HAL:0.2000000000 | NBL:0.2000000000,2020-05-22,502
2020,26,2020-06-22,2020-06-26,2020-06-25,,2020-06-24,1.0,0.0,5,APA | DVN | FANG | HAL | NBL,APA:0.2000000000 | DVN:0.2000000000 | FANG:0.2000000000 | HAL:0.2000000000 | NBL:0.2000000000,2020-06-22,502
2020,27,2020-06-29,2020-07-02,2020-07-02,,2020-07-01,1.0,0.0,5,APA | DVN | FANG | HAL | RCL,APA:0.2000000000 | DVN:0.2000000000 | FANG:0.2000000000 | HAL:0.2000000000 | RCL:0.2000000000,2020-06-22,502
2020,28,2020-07-06,2020-07-10,2020-07-10,,2020-07-09,1.0,0.0,5,APA | CCL | HAL | NCLH | RCL,APA:0.2000000000 | CCL:0.2000000000 | HAL:0.2000000000 | NCLH:0.2000000000 | RCL:0.2000000000,2020-06-22,502
2020,29,2020-07-13,2020-07-17,2020-07-17,,2020-07-16,1.0,0.0,5,APA | CCL | HAL | NCLH | RCL,APA:0.2000000000 | CCL:0.2000000000 | HAL:0.2000000000 | NCLH:0.2000000000 | RCL:0.2000000000,2020-06-22,502
2020,30,2020-07-20,2020-07-24,2020-07-24,,2020-07-23,1.0,0.0,5,CCL | DFS | GPS | NCLH | RCL,CCL:0.2000000000 | DFS:0.2000000000 | GPS:0.2000000000 | NCLH:0.2000000000 | RCL:0.2000000000,2020-06-22,502
2020,31,2020-07-27,2020-07-31,2020-07-31,,2020-07-30,1.0,0.0,5,AMP | BA | FCX | GPS | VIAC,AMP:0.2000000000 | BA:0.2000000000 | FCX:0.2000000000 | GPS:0.2000000000 | VIAC:0.2000000000,2020-06-22,502
2020,32,2020-08-03,2020-08-07,2020-08-07,,2020-08-06,1.0,0.0,5,BA | FCX | GPS | UAL | VIAC,BA:0.2000000000 | FCX:0.2000000000 | GPS:0.2000000000 | UAL:0.2000000000 | VIAC:0.2000000000,2020-06-22,502
2020,33,2020-08-10,2020-08-14,2020-08-14,,2020-08-13,1.0,0.0,5,BA | FCX | GPS | NCLH | UAL,BA:0.2000000000 | FCX:0.2000000000 | GPS:0.2000000000 | NCLH:0.2000000000 | UAL:0.2000000000,2020-06-22,502
2020,34,2020-08-17,2020-08-21,2020-08-21,,2020-08-20,1.0,0.0,5,BA | FCX | GPS | IVZ | LB,BA:0.2000000000 | FCX:0.2000000000 | GPS:0.2000000000 | IVZ:0.2000000000 | LB:0.2000000000,2020-06-22,502
2020,35,2020-08-24,2020-08-28,2020-08-28,,2020-08-27,1.0,0.0,5,FCX | GPS | IVZ | LB | WY,FCX:0.2000000000 | GPS:0.2000000000 | IVZ:0.2000000000 | LB:0.2000000000 | WY:0.2000000000,2020-06-22,502
2020,36,2020-08-31,2020-09-04,2020-09-04,,2020-09-03,1.0,0.0,5,AMD | FCX | LB | WHR | WY,AMD:0.2000000000 | FCX:0.2000000000 | LB:0.2000000000 | WHR:0.2000000000 | WY:0.2000000000,2020-06-22,502
2020,37,2020-09-08,2020-09-11,,,2020-09-03,1.0,0.0,5,AMD | FCX | LB | WHR | WY,AMD:0.2000000000 | FCX:0.2000000000 | LB:0.2000000000 | WHR:0.2000000000 | WY:0.2000000000,2020-06-22,502
2020,38,2020-09-14,2020-09-18,2020-09-14,,2020-09-11,1.0,0.0,5,AMD | GPS | LB | WHR | WY,AMD:0.2000000000 | GPS:0.2000000000 | LB:0.2000000000 | WHR:0.2000000000 | WY:0.2000000000,2020-09-18,502
2020,39,2020-09-21,2020-09-25,2020-09-21,,2020-09-18,1.0,0.0,5,AMD | FCX | GPS | LB | WHR,AMD:0.2000000000 | FCX:0.2000000000 | GPS:0.2000000000 | LB:0.2000000000 | WHR:0.2000000000,2020-09-21,502
2020,40,2020-09-28,2020-10-02,2020-09-28,,2020-09-25,1.0,0.0,5,AMD | GPS | HBI | LB | MOS,AMD:0.2000000000 | GPS:0.2000000000 | HBI:0.2000000000 | LB:0.2000000000 | MOS:0.2000000000,2020-09-21,502
2020,41,2020-10-05,2020-10-09,2020-10-05,,2020-10-02,1.0,0.0,5,AMD | GPS | HBI | LB | MOS,AMD:0.2000000000 | GPS:0.2000000000 | HBI:0.2000000000 | LB:0.2000000000 | MOS:0.2000000000,2020-10-07,501
2020,42,2020-10-12,2020-10-16,2020-10-12,,2020-10-09,1.0,0.0,5,AMD | GPS | HBI | LB | MOS,AMD:0.2000000000 | GPS:0.2000000000 | HBI:0.2000000000 | LB:0.2000000000 | MOS:0.2000000000,2020-10-12,502
2020,43,2020-10-19,2020-10-23,2020-10-19,,2020-10-16,1.0,0.0,5,AMD | GPS | LB | MOS | PVH,AMD:0.2000000000 | GPS:0.2000000000 | LB:0.2000000000 | MOS:0.2000000000 | PVH:0.2000000000,2020-10-12,502
2020,44,2020-10-26,2020-10-30,2020-10-26,,2020-10-23,1.0,0.0,5,GPS | LB | MGM | MOS | PVH,GPS:0.2000000000 | LB:0.2000000000 | MGM:0.2000000000 | MOS:0.2000000000 | PVH:0.2000000000,2020-10-12,502
2020,45,2020-11-02,2020-11-06,2020-11-02,,2020-10-30,1.0,0.0,5,GPS | LB | MGM | MOS | PVH,GPS:0.2000000000 | LB:0.2000000000 | MGM:0.2000000000 | MOS:0.2000000000 | PVH:0.2000000000,2020-10-12,502
2020,46,2020-11-09,2020-11-13,2020-11-09,,2020-11-06,1.0,0.0,5,CRM | DRI | GPS | PVH | TWTR,CRM:0.2000000000 | DRI:0.2000000000 | GPS:0.2000000000 | PVH:0.2000000000 | TWTR:0.2000000000,2020-10-12,502
2020,47,2020-11-16,2020-11-20,2020-11-16,,2020-11-13,1.0,0.0,5,CRM | GPS | IVZ | TPR | TWTR,CRM:0.2000000000 | GPS:0.2000000000 | IVZ:0.2000000000 | TPR:0.2000000000 | TWTR:0.2000000000,2020-11-17,502
2020,48,2020-11-23,2020-11-27,2020-11-23,,2020-11-20,1.0,0.0,5,ALGN | GPS | IVZ | TPR | UAA,ALGN:0.2000000000 | GPS:0.2000000000 | IVZ:0.2000000000 | TPR:0.2000000000 | UAA:0.2000000000,2020-11-17,502
2020,49,2020-11-30,2020-12-04,2020-12-01,,2020-11-30,0.8,0.2,4,ALGN | IVZ | TPR | UAA,ALGN:0.2000000000 | IVZ:0.2000000000 | TPR:0.2000000000 | UAA:0.2000000000,2020-11-17,502
2020,50,2020-12-07,2020-12-11,2020-12-08,,2020-12-07,1.0,0.0,5,ALGN | IVZ | MHK | TPR | UAA,ALGN:0.2000000000 | IVZ:0.2000000000 | MHK:0.2000000000 | TPR:0.2000000000 | UAA:0.2000000000,2020-11-17,502
2020,51,2020-12-14,2020-12-18,2020-12-15,,2020-12-14,1.0,0.0,5,ALGN | GE | GPS | IVZ | TPR,ALGN:0.2000000000 | GE:0.2000000000 | GPS:0.2000000000 | IVZ:0.2000000000 | TPR:0.2000000000,2020-11-17,504
2020,52,2020-12-21,2020-12-24,2020-12-22,,2020-12-21,1.0,0.0,5,DVN | GE | GPS | IVZ | TPR,DVN:0.2000000000 | GE:0.2000000000 | GPS:0.2000000000 | IVZ:0.2000000000 | TPR:0.2000000000,2020-12-21,504
2020,53,2020-12-28,2020-12-31,2020-12-30,,2020-12-29,1.0,0.0,5,DVN | GE | LNC | OXY | TPR,DVN:0.2000000000 | GE:0.2000000000 | LNC:0.2000000000 | OXY:0.2000000000 | TPR:0.2000000000,2020-12-21,504
2021,1,2021-01-04,2021-01-08,2021-01-07,,2021-01-06,1.0,0.0,5,DVN | LNC | MRO | OXY | TPR,DVN:0.2000000000 | LNC:0.2000000000 | MRO:0.2000000000 | OXY:0.2000000000 | TPR:0.2000000000,2021-01-07,505
2021,2,2021-01-11,2021-01-15,2021-01-14,,2021-01-13,1.0,0.0,5,APA | DVN | MRO | NOV | OXY,APA:0.2000000000 | DVN:0.2000000000 | MRO:0.2000000000 | NOV:0.2000000000 | OXY:0.2000000000,2021-01-07,505
2021,3,2021-01-19,2021-01-22,2021-01-22,,2021-01-21,1.0,0.0,5,APA | DVN | MRO | NOV | OXY,APA:0.2000000000 | DVN:0.2000000000 | MRO:0.2000000000 | NOV:0.2000000000 | OXY:0.2000000000,2021-01-21,505
2021,4,2021-01-25,2021-01-29,2021-01-29,,2021-01-28,1.0,0.0,5,APA | DVN | MRO | NOV | OXY,APA:0.2000000000 | DVN:0.2000000000 | MRO:0.2000000000 | NOV:0.2000000000 | OXY:0.2000000000,2021-01-21,505
2021,5,2021-02-01,2021-02-05,2021-02-05,,2021-02-04,1.0,0.0,5,APA | DVN | MRO | NOV | OXY,APA:0.2000000000 | DVN:0.2000000000 | MRO:0.2000000000 | NOV:0.2000000000 | OXY:0.2000000000,2021-01-21,505
2021,6,2021-02-08,2021-02-12,2021-02-12,,2021-02-11,1.0,0.0,5,APA | DVN | MRO | OXY | TSLA,APA:0.2000000000 | DVN:0.2000000000 | MRO:0.2000000000 | OXY:0.2000000000 | TSLA:0.2000000000,2021-02-12,505
2021,7,2021-02-16,2021-02-19,,,2021-02-11,1.0,0.0,5,APA | DVN | MRO | OXY | TSLA,APA:0.2000000000 | DVN:0.2000000000 | MRO:0.2000000000 | OXY:0.2000000000 | TSLA:0.2000000000,2021-02-12,505
2021,8,2021-02-22,2021-02-26,2021-02-22,,2021-02-19,1.0,0.0,5,APA | DVN | MRO | OXY | TSLA,APA:0.2000000000 | DVN:0.2000000000 | MRO:0.2000000000 | OXY:0.2000000000 | TSLA:0.2000000000,2021-02-12,505
2021,9,2021-03-01,2021-03-05,2021-03-01,,2021-02-26,1.0,0.0,5,ENPH | ETSY | OXY | TSLA | VIAC,ENPH:0.2000000000 | ETSY:0.2000000000 | OXY:0.2000000000 | TSLA:0.2000000000 | VIAC:0.2000000000,2021-02-12,505
2021,10,2021-03-08,2021-03-12,2021-03-08,,2021-03-05,1.0,0.0,5,ENPH | ETSY | OXY | TSLA | VIAC,ENPH:0.2000000000 | ETSY:0.2000000000 | OXY:0.2000000000 | TSLA:0.2000000000 | VIAC:0.2000000000,2021-02-12,505
2021,11,2021-03-15,2021-03-19,2021-03-15,,2021-03-12,1.0,0.0,5,ENPH | ETSY | OXY | TSLA | VIAC,ENPH:0.2000000000 | ETSY:0.2000000000 | OXY:0.2000000000 | TSLA:0.2000000000 | VIAC:0.2000000000,2021-02-12,505
2021,12,2021-03-22,2021-03-26,2021-03-22,,2021-03-19,1.0,0.0,5,FANG | FCX | MRO | OXY | VIAC,FANG:0.2000000000 | FCX:0.2000000000 | MRO:0.2000000000 | OXY:0.2000000000 | VIAC:0.2000000000,2021-03-22,505
2021,13,2021-03-29,2021-04-01,2021-03-29,,2021-03-26,1.0,0.0,5,DISCA | FANG | MRO | OXY | VIAC,DISCA:0.2000000000 | FANG:0.2000000000 | MRO:0.2000000000 | OXY:0.2000000000 | VIAC:0.2000000000,2021-03-22,505
2021,14,2021-04-05,2021-04-09,2021-04-06,,2021-04-05,1.0,0.0,5,DISCA | FANG | MRO | OXY | VIAC,DISCA:0.2000000000 | FANG:0.2000000000 | MRO:0.2000000000 | OXY:0.2000000000 | VIAC:0.2000000000,2021-03-22,505
2021,15,2021-04-12,2021-04-16,2021-04-13,,2021-04-12,1.0,0.0,5,DISCA | FANG | MRO | OXY | VIAC,DISCA:0.2000000000 | FANG:0.2000000000 | MRO:0.2000000000 | OXY:0.2000000000 | VIAC:0.2000000000,2021-03-22,505
2021,16,2021-04-19,2021-04-23,2021-04-20,,2021-04-19,1.0,0.0,5,AAL | DISCA | DISCK | MRO | VIAC,AAL:0.2000000000 | DISCA:0.2000000000 | DISCK:0.2000000000 | MRO:0.2000000000 | VIAC:0.2000000000,2021-04-20,505
2021,17,2021-04-26,2021-04-30,2021-04-27,,2021-04-26,1.0,0.0,5,AAL | DISCA | DISCK | MRO | VIAC,AAL:0.2000000000 | DISCA:0.2000000000 | DISCK:0.2000000000 | MRO:0.2000000000 | VIAC:0.2000000000,2021-04-20,505
2021,18,2021-05-03,2021-05-07,2021-05-04,,2021-05-03,1.0,0.0,5,AAL | CCL | EOG | GPS | MRO,AAL:0.2000000000 | CCL:0.2000000000 | EOG:0.2000000000 | GPS:0.2000000000 | MRO:0.2000000000,2021-04-20,505
2021,19,2021-05-10,2021-05-14,2021-05-11,,2021-05-10,1.0,0.0,5,AAL | CCL | GPS | LB | UAL,AAL:0.2000000000 | CCL:0.2000000000 | GPS:0.2000000000 | LB:0.2000000000 | UAL:0.2000000000,2021-05-14,504
2021,20,2021-05-17,2021-05-21,2021-05-18,,2021-05-17,1.0,0.0,5,AAL | GPS | LB | NUE | UAL,AAL:0.2000000000 | GPS:0.2000000000 | LB:0.2000000000 | NUE:0.2000000000 | UAL:0.2000000000,2021-05-14,504
2021,21,2021-05-24,2021-05-28,2021-05-25,,2021-05-24,1.0,0.0,5,DISH | GPS | KSU | LB | NUE,DISH:0.2000000000 | GPS:0.2000000000 | KSU:0.2000000000 | LB:0.2000000000 | NUE:0.2000000000,2021-05-14,504
2021,22,2021-06-01,2021-06-04,2021-06-02,,2021-06-01,1.0,0.0,5,DISH | GPS | KSU | NUE | STX,DISH:0.2000000000 | GPS:0.2000000000 | KSU:0.2000000000 | NUE:0.2000000000 | STX:0.2000000000,2021-06-04,505
2021,23,2021-06-07,2021-06-11,2021-06-09,,2021-06-08,1.0,0.0,5,DISH | FCX | KSU | NUE | PHM,DISH:0.2000000000 | FCX:0.2000000000 | KSU:0.2000000000 | NUE:0.2000000000 | PHM:0.2000000000,2021-06-04,505
2021,24,2021-06-14,2021-06-18,2021-06-16,,2021-06-15,1.0,0.0,5,DXC | FCX | KSU | NUE | STX,DXC:0.2000000000 | FCX:0.2000000000 | KSU:0.2000000000 | NUE:0.2000000000 | STX:0.2000000000,2021-06-04,505
2021,25,2021-06-21,2021-06-25,2021-06-23,,2021-06-22,1.0,0.0,5,DXC | EFX | FCX | NUE | STX,DXC:0.2000000000 | EFX:0.2000000000 | FCX:0.2000000000 | NUE:0.2000000000 | STX:0.2000000000,2021-06-04,505
2021,26,2021-06-28,2021-07-02,2021-06-30,,2021-06-29,1.0,0.0,5,DXC | EFX | FCX | NUE | STX,DXC:0.2000000000 | EFX:0.2000000000 | FCX:0.2000000000 | NUE:0.2000000000 | STX:0.2000000000,2021-06-04,505
2021,27,2021-07-06,2021-07-09,2021-07-08,,2021-07-07,1.0,0.0,5,BIIB | DVN | DXC | NUE | STX,BIIB:0.2000000000 | DVN:0.2000000000 | DXC:0.2000000000 | NUE:0.2000000000 | STX:0.2000000000,2021-06-04,505
2021,28,2021-07-12,2021-07-16,2021-07-15,,2021-07-14,1.0,0.0,5,APA | BIIB | DVN | DXC | NUE,APA:0.2000000000 | BIIB:0.2000000000 | DVN:0.2000000000 | DXC:0.2000000000 | NUE:0.2000000000,2021-06-04,505
2021,29,2021-07-19,2021-07-23,2021-07-22,,2021-07-21,1.0,0.0,5,APA | BIIB | DVN | HES | MRO,APA:0.2000000000 | BIIB:0.2000000000 | DVN:0.2000000000 | HES:0.2000000000 | MRO:0.2000000000,2021-07-21,505
2021,30,2021-07-26,2021-07-30,2021-07-29,,2021-07-28,1.0,0.0,5,BIIB | DVN | ENPH | GNRC | NVDA,BIIB:0.2000000000 | DVN:0.2000000000 | ENPH:0.2000000000 | GNRC:0.2000000000 | NVDA:0.2000000000,2021-07-21,505
2021,31,2021-08-02,2021-08-06,2021-08-05,,2021-08-04,1.0,0.0,5,BIIB | ENPH | GNRC | MRNA | NVDA,BIIB:0.2000000000 | ENPH:0.2000000000 | GNRC:0.2000000000 | MRNA:0.2000000000 | NVDA:0.2000000000,2021-08-03,505
2021,32,2021-08-09,2021-08-13,2021-08-12,,2021-08-11,1.0,0.0,5,BIIB | ENPH | GNRC | MRNA | NVDA,BIIB:0.2000000000 | ENPH:0.2000000000 | GNRC:0.2000000000 | MRNA:0.2000000000 | NVDA:0.2000000000,2021-08-03,505
2021,33,2021-08-16,2021-08-20,2021-08-19,,2021-08-18,1.0,0.0,5,ENPH | GNRC | MRNA | NVDA | TWTR,ENPH:0.2000000000 | GNRC:0.2000000000 | MRNA:0.2000000000 | NVDA:0.2000000000 | TWTR:0.2000000000,2021-08-03,505
2021,34,2021-08-23,2021-08-27,2021-08-26,,2021-08-25,1.0,0.0,5,BIIB | ENPH | GNRC | MRNA | NVDA,BIIB:0.2000000000 | ENPH:0.2000000000 | GNRC:0.2000000000 | MRNA:0.2000000000 | NVDA:0.2000000000,2021-08-03,505
2021,35,2021-08-30,2021-09-03,2021-09-02,,2021-09-01,1.0,0.0,5,AMD | BIIB | ENPH | GNRC | MRNA,AMD:0.2000000000 | BIIB:0.2000000000 | ENPH:0.2000000000 | GNRC:0.2000000000 | MRNA:0.2000000000,2021-08-30,505
2021,36,2021-09-07,2021-09-10,2021-09-10,,2021-09-09,1.0,0.0,5,ALB | AMD | ENPH | GNRC | MRNA,ALB:0.2000000000 | AMD:0.2000000000 | ENPH:0.2000000000 | GNRC:0.2000000000 | MRNA:0.2000000000,2021-08-30,505
2021,37,2021-09-13,2021-09-17,2021-09-17,,2021-09-16,1.0,0.0,5,ALB | AMD | MRNA | NUE | PAYC,ALB:0.2000000000 | AMD:0.2000000000 | MRNA:0.2000000000 | NUE:0.2000000000 | PAYC:0.2000000000,2021-08-30,505
2021,38,2021-09-20,2021-09-24,2021-09-24,,2021-09-23,1.0,0.0,5,ALB | AMD | MRNA | NUE | PAYC,ALB:0.2000000000 | AMD:0.2000000000 | MRNA:0.2000000000 | NUE:0.2000000000 | PAYC:0.2000000000,2021-09-20,505
2021,39,2021-09-27,2021-10-01,2021-10-01,,2021-09-30,1.0,0.0,5,ALB | AMD | MRNA | NUE | PAYC,ALB:0.2000000000 | AMD:0.2000000000 | MRNA:0.2000000000 | NUE:0.2000000000 | PAYC:0.2000000000,2021-09-20,505
2021,40,2021-10-04,2021-10-08,2021-10-08,,2021-10-07,1.0,0.0,5,ALB | AMD | DXCM | MRNA | PAYC,ALB:0.2000000000 | AMD:0.2000000000 | DXCM:0.2000000000 | MRNA:0.2000000000 | PAYC:0.2000000000,2021-10-04,505
2021,41,2021-10-11,2021-10-15,2021-10-15,,2021-10-14,1.0,0.0,5,ALB | AMD | DXCM | MRNA | PAYC,ALB:0.2000000000 | AMD:0.2000000000 | DXCM:0.2000000000 | MRNA:0.2000000000 | PAYC:0.2000000000,2021-10-04,505
2021,42,2021-10-18,2021-10-22,2021-10-22,,2021-10-21,1.0,0.0,5,ALB | CZR | DXCM | MRNA | PAYC,ALB:0.2000000000 | CZR:0.2000000000 | DXCM:0.2000000000 | MRNA:0.2000000000 | PAYC:0.2000000000,2021-10-04,505
2021,43,2021-10-25,2021-10-29,2021-10-29,,2021-10-28,1.0,0.0,5,CZR | DVN | FANG | MRO | PAYC,CZR:0.2000000000 | DVN:0.2000000000 | FANG:0.2000000000 | MRO:0.2000000000 | PAYC:0.2000000000,2021-10-04,505
2021,44,2021-11-01,2021-11-05,2021-11-05,,2021-11-04,1.0,0.0,5,CTRA | CZR | DVN | FANG | MRO,CTRA:0.2000000000 | CZR:0.2000000000 | DVN:0.2000000000 | FANG:0.2000000000 | MRO:0.2000000000,2021-10-04,505
2021,45,2021-11-08,2021-11-12,2021-11-12,,2021-11-11,1.0,0.0,5,CTRA | CZR | DVN | FANG | MRO,CTRA:0.2000000000 | CZR:0.2000000000 | DVN:0.2000000000 | FANG:0.2000000000 | MRO:0.2000000000,2021-10-04,505
2021,46,2021-11-15,2021-11-19,2021-11-19,,2021-11-18,1.0,0.0,5,APA | CTRA | DVN | FANG | MRO,APA:0.2000000000 | CTRA:0.2000000000 | DVN:0.2000000000 | FANG:0.2000000000 | MRO:0.2000000000,2021-10-04,505
2021,47,2021-11-22,2021-11-26,,,2021-11-18,1.0,0.0,5,APA | CTRA | DVN | FANG | MRO,APA:0.2000000000 | CTRA:0.2000000000 | DVN:0.2000000000 | FANG:0.2000000000 | MRO:0.2000000000,2021-10-04,505
2021,48,2021-11-29,2021-12-03,2021-11-29,,2021-11-26,1.0,0.0,5,APA | CTRA | DVN | FANG | MRO,APA:0.2000000000 | CTRA:0.2000000000 | DVN:0.2000000000 | FANG:0.2000000000 | MRO:0.2000000000,2021-10-04,505
2021,49,2021-12-06,2021-12-10,2021-12-06,,2021-12-03,1.0,0.0,5,APA | CTRA | DVN | FANG | MRO,APA:0.2000000000 | CTRA:0.2000000000 | DVN:0.2000000000 | FANG:0.2000000000 | MRO:0.2000000000,2021-10-04,505
2021,50,2021-12-13,2021-12-17,2021-12-13,,2021-12-10,1.0,0.0,5,APA | CTRA | DVN | FANG | MRO,APA:0.2000000000 | CTRA:0.2000000000 | DVN:0.2000000000 | FANG:0.2000000000 | MRO:0.2000000000,2021-12-14,505
2021,51,2021-12-20,2021-12-23,2021-12-20,,2021-12-17,1.0,0.0,5,APA | CTRA | DVN | ENPH | MRO,APA:0.2000000000 | CTRA:0.2000000000 | DVN:0.2000000000 | ENPH:0.2000000000 | MRO:0.2000000000,2021-12-20,505
2021,52,2021-12-27,2021-12-31,2021-12-28,,2021-12-27,1.0,0.0,5,CTRA | DLTR | DVN | ENPH | NVDA,CTRA:0.2000000000 | DLTR:0.2000000000 | DVN:0.2000000000 | ENPH:0.2000000000 | NVDA:0.2000000000,2021-12-20,505
2022,1,2022-01-03,2022-01-07,2022-01-04,,2022-01-03,1.0,0.0,5,AMD | DLTR | ENPH | NVDA | TSLA,AMD:0.2000000000 | DLTR:0.2000000000 | ENPH:0.2000000000 | NVDA:0.2000000000 | TSLA:0.2000000000,2021-12-20,505
2022,2,2022-01-10,2022-01-14,2022-01-11,,2022-01-10,1.0,0.0,5,AMD | DLTR | ENPH | NVDA | TSLA,AMD:0.2000000000 | DLTR:0.2000000000 | ENPH:0.2000000000 | NVDA:0.2000000000 | TSLA:0.2000000000,2022-01-10,505
2022,3,2022-01-18,2022-01-21,2022-01-19,,2022-01-18,1.0,0.0,5,ANET | DLTR | F | NVDA | TER,ANET:0.2000000000 | DLTR:0.2000000000 | F:0.2000000000 | NVDA:0.2000000000 | TER:0.2000000000,2022-01-10,505
2022,4,2022-01-24,2022-01-28,2022-01-26,,2022-01-25,1.0,0.0,5,ANET | DLTR | F | NVDA | TER,ANET:0.2000000000 | DLTR:0.2000000000 | F:0.2000000000 | NVDA:0.2000000000 | TER:0.2000000000,2022-01-10,505
2022,5,2022-01-31,2022-02-04,2022-02-02,,2022-02-01,1.0,0.0,5,ANET | CF | DLTR | QCOM | TER,ANET:0.2000000000 | CF:0.2000000000 | DLTR:0.2000000000 | QCOM:0.2000000000 | TER:0.2000000000,2022-02-02,505
2022,6,2022-02-07,2022-02-11,2022-02-09,,2022-02-08,1.0,0.0,5,DISCK | DLTR | F | MU | WDC,DISCK:0.2000000000 | DLTR:0.2000000000 | F:0.2000000000 | MU:0.2000000000 | WDC:0.2000000000,2022-02-02,505
2022,7,2022-02-14,2022-02-18,2022-02-16,,2022-02-15,1.0,0.0,5,F | HAL | MRO | MU | WTW,F:0.2000000000 | HAL:0.2000000000 | MRO:0.2000000000 | MU:0.2000000000 | WTW:0.2000000000,2022-02-17,505
2022,8,2022-02-22,2022-02-25,2022-02-24,,2022-02-23,1.0,0.0,5,ATVI | DVN | HAL | MRO | WTW,ATVI:0.2000000000 | DVN:0.2000000000 | HAL:0.2000000000 | MRO:0.2000000000 | WTW:0.2000000000,2022-02-17,505
2022,9,2022-02-28,2022-03-04,2022-03-03,,2022-03-02,1.0,0.0,5,APA | ATVI | HAL | MRO | WTW,APA:0.2000000000 | ATVI:0.2000000000 | HAL:0.2000000000 | MRO:0.2000000000 | WTW:0.2000000000,2022-03-02,505
2022,10,2022-03-07,2022-03-11,2022-03-10,,2022-03-09,1.0,0.0,5,APA | ATVI | HAL | MRO | WTW,APA:0.2000000000 | ATVI:0.2000000000 | HAL:0.2000000000 | MRO:0.2000000000 | WTW:0.2000000000,2022-03-02,505
2022,11,2022-03-14,2022-03-18,2022-03-17,,2022-03-16,1.0,0.0,5,APA | ATVI | HAL | MRO | WTW,APA:0.2000000000 | ATVI:0.2000000000 | HAL:0.2000000000 | MRO:0.2000000000 | WTW:0.2000000000,2022-03-02,505
2022,12,2022-03-21,2022-03-25,2022-03-24,,2022-03-23,1.0,0.0,5,APA | ATVI | HAL | MRO | WTW,APA:0.2000000000 | ATVI:0.2000000000 | HAL:0.2000000000 | MRO:0.2000000000 | WTW:0.2000000000,2022-03-02,505
2022,13,2022-03-28,2022-04-01,2022-03-31,,2022-03-30,1.0,0.0,5,APA | HAL | MRO | OXY | WTW,APA:0.2000000000 | HAL:0.2000000000 | MRO:0.2000000000 | OXY:0.2000000000 | WTW:0.2000000000,2022-03-02,505
2022,14,2022-04-04,2022-04-08,2022-04-07,,2022-04-06,1.0,0.0,5,APA | HAL | MRO | OXY | WTW,APA:0.2000000000 | HAL:0.2000000000 | MRO:0.2000000000 | OXY:0.2000000000 | WTW:0.2000000000,2022-04-04,505
2022,15,2022-04-11,2022-04-14,2022-04-14,,2022-04-13,1.0,0.0,5,HAL | MOS | MRO | OXY | SEDG,HAL:0.2000000000 | MOS:0.2000000000 | MRO:0.2000000000 | OXY:0.2000000000 | SEDG:0.2000000000,2022-04-11,504
2022,16,2022-04-18,2022-04-22,2022-04-22,,2022-04-21,1.0,0.0,5,HAL | MOS | MRO | OXY | SEDG,HAL:0.2000000000 | MOS:0.2000000000 | MRO:0.2000000000 | OXY:0.2000000000 | SEDG:0.2000000000,2022-04-11,504
2022,17,2022-04-25,2022-04-29,2022-04-29,,2022-04-28,1.0,0.0,5,ENPH | MOS | NLSN | OXY | SEDG,ENPH:0.2000000000 | MOS:0.2000000000 | NLSN:0.2000000000 | OXY:0.2000000000 | SEDG:0.2000000000,2022-04-11,504
2022,18,2022-05-02,2022-05-06,2022-05-06,,2022-05-05,1.0,0.0,5,ENPH | MOS | NLSN | OXY | SEDG,ENPH:0.2000000000 | MOS:0.2000000000 | NLSN:0.2000000000 | OXY:0.2000000000 | SEDG:0.2000000000,2022-04-11,504
2022,19,2022-05-09,2022-05-13,2022-05-13,,2022-05-12,0.5,0.5,5,CEG | CF | MOS | NLSN | OXY,CEG:0.1000000000 | CF:0.1000000000 | MOS:0.1000000000 | NLSN:0.1000000000 | OXY:0.1000000000,2022-05-10,504
2022,20,2022-05-16,2022-05-20,2022-05-20,,2022-05-19,0.5,0.5,5,CEG | CF | MOS | NLSN | OXY,CEG:0.1000000000 | CF:0.1000000000 | MOS:0.1000000000 | NLSN:0.1000000000 | OXY:0.1000000000,2022-05-10,504
2022,21,2022-05-23,2022-05-27,2022-05-27,,2022-05-26,0.5,0.5,5,CEG | CF | MOS | NLSN | OXY,CEG:0.1000000000 | CF:0.1000000000 | MOS:0.1000000000 | NLSN:0.1000000000 | OXY:0.1000000000,2022-05-10,504
2022,22,2022-05-31,2022-06-03,,,2022-05-26,0.5,0.5,5,CEG | CF | MOS | NLSN | OXY,CEG:0.1000000000 | CF:0.1000000000 | MOS:0.1000000000 | NLSN:0.1000000000 | OXY:0.1000000000,2022-05-10,504
2022,23,2022-06-06,2022-06-10,2022-06-06,,2022-06-03,0.5,0.5,5,CEG | EPAM | NLSN | TWTR | UAL,CEG:0.1000000000 | EPAM:0.1000000000 | NLSN:0.1000000000 | TWTR:0.1000000000 | UAL:0.1000000000,2022-06-09,504
2022,24,2022-06-13,2022-06-17,2022-06-13,,2022-06-10,0.5,0.5,5,CEG | EPAM | NLSN | TWTR | UAL,CEG:0.1000000000 | EPAM:0.1000000000 | NLSN:0.1000000000 | TWTR:0.1000000000 | UAL:0.1000000000,2022-06-09,504
2022,25,2022-06-21,2022-06-24,2022-06-21,,2022-06-17,0.5,0.5,5,ALB | CEG | CTRA | DVN | MRO,ALB:0.1000000000 | CEG:0.1000000000 | CTRA:0.1000000000 | DVN:0.1000000000 | MRO:0.1000000000,2022-06-21,503
2022,26,2022-06-27,2022-07-01,2022-06-28,,2022-06-27,0.5,0.5,5,CTRA | DVN | EPAM | MRO | NLSN,CTRA:0.1000000000 | DVN:0.1000000000 | EPAM:0.1000000000 | MRO:0.1000000000 | NLSN:0.1000000000,2022-06-28,503
2022,27,2022-07-05,2022-07-08,2022-07-06,,2022-07-05,0.5,0.5,5,CTRA | DVN | EPAM | MRO | OXY,CTRA:0.1000000000 | DVN:0.1000000000 | EPAM:0.1000000000 | MRO:0.1000000000 | OXY:0.1000000000,2022-06-28,503
2022,28,2022-07-11,2022-07-15,2022-07-13,,2022-07-12,0.5,0.5,5,CTRA | DVN | META | MRO | ON,CTRA:0.1000000000 | DVN:0.1000000000 | META:0.1000000000 | MRO:0.1000000000 | ON:0.1000000000,2022-06-28,503
2022,29,2022-07-18,2022-07-22,2022-07-20,,2022-07-19,0.5,0.5,5,EPAM | FDX | META | PSX | VLO,EPAM:0.1000000000 | FDX:0.1000000000 | META:0.1000000000 | PSX:0.1000000000 | VLO:0.1000000000,2022-06-28,503
2022,30,2022-07-25,2022-07-29,2022-07-27,,2022-07-26,0.5,0.5,5,ENPH | EPAM | FDX | META | SEDG,ENPH:0.1000000000 | EPAM:0.1000000000 | FDX:0.1000000000 | META:0.1000000000 | SEDG:0.1000000000,2022-06-28,503
2022,31,2022-08-01,2022-08-05,2022-08-03,,2022-08-02,0.5,0.5,5,ELV | ENPH | FDX | META | SEDG,ELV:0.1000000000 | ENPH:0.1000000000 | FDX:0.1000000000 | META:0.1000000000 | SEDG:0.1000000000,2022-06-28,503
2022,32,2022-08-08,2022-08-12,2022-08-10,,2022-08-09,0.5,0.5,5,ELV | ENPH | META | MRNA | SEDG,ELV:0.1000000000 | ENPH:0.1000000000 | META:0.1000000000 | MRNA:0.1000000000 | SEDG:0.1000000000,2022-06-28,503
2022,33,2022-08-15,2022-08-19,2022-08-17,,2022-08-16,0.5,0.5,5,ELV | ENPH | META | MRNA | SEDG,ELV:0.1000000000 | ENPH:0.1000000000 | META:0.1000000000 | MRNA:0.1000000000 | SEDG:0.1000000000,2022-06-28,503
2022,34,2022-08-22,2022-08-26,2022-08-24,,2022-08-23,0.5,0.5,5,ELV | ENPH | META | MRNA | SEDG,ELV:0.1000000000 | ENPH:0.1000000000 | META:0.1000000000 | MRNA:0.1000000000 | SEDG:0.1000000000,2022-06-28,503
2022,35,2022-08-29,2022-09-02,2022-08-31,,2022-08-30,0.5,0.5,5,ELV | ENPH | ETSY | META | SEDG,ELV:0.1000000000 | ENPH:0.1000000000 | ETSY:0.1000000000 | META:0.1000000000 | SEDG:0.1000000000,2022-06-28,503
2022,36,2022-09-06,2022-09-09,2022-09-08,,2022-09-07,0.5,0.5,5,ELV | ENPH | ETSY | META | MRNA,ELV:0.1000000000 | ENPH:0.1000000000 | ETSY:0.1000000000 | META:0.1000000000 | MRNA:0.1000000000,2022-06-28,503
2022,37,2022-09-12,2022-09-16,2022-09-15,,2022-09-14,0.5,0.5,5,ELV | ENPH | EPAM | ETSY | MRNA,ELV:0.1000000000 | ENPH:0.1000000000 | EPAM:0.1000000000 | ETSY:0.1000000000 | MRNA:0.1000000000,2022-06-28,503
2022,38,2022-09-19,2022-09-23,2022-09-22,,2022-09-21,0.5,0.5,5,ELV | ENPH | EPAM | ETSY | ON,ELV:0.1000000000 | ENPH:0.1000000000 | EPAM:0.1000000000 | ETSY:0.1000000000 | ON:0.1000000000,2022-09-19,503
2022,39,2022-09-26,2022-09-30,2022-09-29,,2022-09-28,0.5,0.5,5,BBWI | ENPH | EPAM | ETSY | ON,BBWI:0.1000000000 | ENPH:0.1000000000 | EPAM:0.1000000000 | ETSY:0.1000000000 | ON:0.1000000000,2022-09-19,503
2022,40,2022-10-03,2022-10-07,2022-10-06,,2022-10-05,0.5,0.5,5,BBWI | ENPH | EPAM | EQT | ON,BBWI:0.1000000000 | ENPH:0.1000000000 | EPAM:0.1000000000 | EQT:0.1000000000 | ON:0.1000000000,2022-10-03,503
2022,41,2022-10-10,2022-10-14,2022-10-13,,2022-10-12,0.5,0.5,5,BBWI | ENPH | EPAM | EQT | RCL,BBWI:0.1000000000 | ENPH:0.1000000000 | EPAM:0.1000000000 | EQT:0.1000000000 | RCL:0.1000000000,2022-10-12,503
2022,42,2022-10-17,2022-10-21,2022-10-20,,2022-10-19,0.5,0.5,5,ALB | ENPH | EPAM | NCLH | RCL,ALB:0.1000000000 | ENPH:0.1000000000 | EPAM:0.1000000000 | NCLH:0.1000000000 | RCL:0.1000000000,2022-10-12,503
2022,43,2022-10-24,2022-10-28,2022-10-27,,2022-10-26,0.5,0.5,5,ALB | ENPH | EPAM | NCLH | RCL,ALB:0.1000000000 | ENPH:0.1000000000 | EPAM:0.1000000000 | NCLH:0.1000000000 | RCL:0.1000000000,2022-10-12,503
2022,44,2022-10-31,2022-11-04,2022-11-03,,2022-11-02,0.5,0.5,5,ALB | APA | CEG | DVN | MRO,ALB:0.1000000000 | APA:0.1000000000 | CEG:0.1000000000 | DVN:0.1000000000 | MRO:0.1000000000,2022-11-01,503
2022,45,2022-11-07,2022-11-11,2022-11-10,,2022-11-09,0.5,0.5,5,APA | BIIB | DVN | DXCM | MRO,APA:0.1000000000 | BIIB:0.1000000000 | DVN:0.1000000000 | DXCM:0.1000000000 | MRO:0.1000000000,2022-11-08,503
2022,46,2022-11-14,2022-11-18,2022-11-17,,2022-11-16,0.5,0.5,5,APA | BIIB | DXCM | MRO | RCL,APA:0.1000000000 | BIIB:0.1000000000 | DXCM:0.1000000000 | MRO:0.1000000000 | RCL:0.1000000000,2022-11-08,503
2022,47,2022-11-21,2022-11-25,2022-11-25,,2022-11-23,0.5,0.5,5,APA | BIIB | DXCM | MRO | RCL,APA:0.1000000000 | BIIB:0.1000000000 | DXCM:0.1000000000 | MRO:0.1000000000 | RCL:0.1000000000,2022-11-08,503
2022,48,2022-11-28,2022-12-02,2022-12-02,,2022-12-01,0.5,0.5,5,APA | BIIB | DXCM | MRO | RCL,APA:0.1000000000 | BIIB:0.1000000000 | DXCM:0.1000000000 | MRO:0.1000000000 | RCL:0.1000000000,2022-11-08,503
2022,49,2022-12-05,2022-12-09,2022-12-09,,2022-12-08,0.5,0.5,5,APA | BIIB | DXCM | GEN | MRO,APA:0.1000000000 | BIIB:0.1000000000 | DXCM:0.1000000000 | GEN:0.1000000000 | MRO:0.1000000000,2022-11-08,503
2022,50,2022-12-12,2022-12-16,2022-12-16,,2022-12-15,0.5,0.5,5,ABMD | BIIB | CPRT | GEN | MRNA,ABMD:0.1000000000 | BIIB:0.1000000000 | CPRT:0.1000000000 | GEN:0.1000000000 | MRNA:0.1000000000,2022-11-08,503
2022,51,2022-12-19,2022-12-23,2022-12-23,2022-12-22,2022-12-22,0.5,0.5,5,BIIB | CPRT | GEN | HAL | MRNA,BIIB:0.1000000000 | CPRT:0.1000000000 | GEN:0.1000000000 | HAL:0.1000000000 | MRNA:0.1000000000,2022-12-22,503
2022,52,2022-12-27,2022-12-30,,,2022-12-22,0.5,0.5,5,BIIB | CPRT | GEN | HAL | MRNA,BIIB:0.1000000000 | CPRT:0.1000000000 | GEN:0.1000000000 | HAL:0.1000000000 | MRNA:0.1000000000,2022-12-22,503
2023,1,2023-01-03,2023-01-06,2023-01-03,,2022-12-30,0.5,0.5,5,CPRT | GEN | HAL | MRNA | RCL,CPRT:0.1000000000 | GEN:0.1000000000 | HAL:0.1000000000 | MRNA:0.1000000000 | RCL:0.1000000000,2023-01-04,503
2023,2,2023-01-09,2023-01-13,2023-01-10,,2023-01-09,0.5,0.5,5,CPRT | GEN | MRNA | NFLX | SEDG,CPRT:0.1000000000 | GEN:0.1000000000 | MRNA:0.1000000000 | NFLX:0.1000000000 | SEDG:0.1000000000,2023-01-04,503
2023,3,2023-01-17,2023-01-20,2023-01-18,,2023-01-17,0.5,0.5,5,CPRT | GEN | MRNA | NVDA | SEDG,CPRT:0.1000000000 | GEN:0.1000000000 | MRNA:0.1000000000 | NVDA:0.1000000000 | SEDG:0.1000000000,2023-01-04,503
2023,4,2023-01-23,2023-01-27,2023-01-25,,2023-01-24,0.5,0.5,5,CPRT | GEN | MRNA | NVDA | SEDG,CPRT:0.1000000000 | GEN:0.1000000000 | MRNA:0.1000000000 | NVDA:0.1000000000 | SEDG:0.1000000000,2023-01-04,503
2023,5,2023-01-30,2023-02-03,2023-02-01,,2023-01-31,0.5,0.5,5,CPRT | ETSY | GEN | SEDG | WYNN,CPRT:0.1000000000 | ETSY:0.1000000000 | GEN:0.1000000000 | SEDG:0.1000000000 | WYNN:0.1000000000,2023-01-04,503
2023,6,2023-02-06,2023-02-10,2023-02-08,,2023-02-07,0.5,0.5,5,BBWI | GEN | META | SEDG | WYNN,BBWI:0.1000000000 | GEN:0.1000000000 | META:0.1000000000 | SEDG:0.1000000000 | WYNN:0.1000000000,2023-01-04,503
2023,7,2023-02-13,2023-02-17,2023-02-15,,2023-02-14,0.5,0.5,5,BBWI | FSLR | LVS | META | WYNN,BBWI:0.1000000000 | FSLR:0.1000000000 | LVS:0.1000000000 | META:0.1000000000 | WYNN:0.1000000000,2023-01-04,503
2023,8,2023-02-21,2023-02-24,2023-02-23,,2023-02-22,0.5,0.5,5,ALGN | LVS | META | SIVB | WYNN,ALGN:0.1000000000 | LVS:0.1000000000 | META:0.1000000000 | SIVB:0.1000000000 | WYNN:0.1000000000,2023-01-04,503
2023,9,2023-02-27,2023-03-03,2023-03-02,,2023-03-01,0.5,0.5,5,ALGN | LVS | META | SIVB | WYNN,ALGN:0.1000000000 | LVS:0.1000000000 | META:0.1000000000 | SIVB:0.1000000000 | WYNN:0.1000000000,2023-01-04,503
2023,10,2023-03-06,2023-03-10,2023-03-09,,2023-03-08,0.5,0.5,5,ALGN | CTLT | META | SIVB | WBD,ALGN:0.1000000000 | CTLT:0.1000000000 | META:0.1000000000 | SIVB:0.1000000000 | WBD:0.1000000000,2023-01-04,503
2023,11,2023-03-13,2023-03-17,2023-03-16,2023-03-15,2023-03-15,0.5,0.5,5,ALGN | CCL | CTLT | META | WBD,ALGN:0.1000000000 | CCL:0.1000000000 | CTLT:0.1000000000 | META:0.1000000000 | WBD:0.1000000000,2023-03-15,503
2023,12,2023-03-20,2023-03-24,2023-03-23,,2023-03-22,0.5,0.5,5,ALGN | CCL | CTLT | META | WBD,ALGN:0.1000000000 | CCL:0.1000000000 | CTLT:0.1000000000 | META:0.1000000000 | WBD:0.1000000000,2023-03-20,503
2023,13,2023-03-27,2023-03-31,2023-03-30,,2023-03-29,0.4,0.6,4,ALGN | CTLT | META | WBD,ALGN:0.1000000000 | CTLT:0.1000000000 | META:0.1000000000 | WBD:0.1000000000,2023-03-20,503
2023,14,2023-04-03,2023-04-06,2023-04-06,,2023-04-05,0.5,0.5,5,ALGN | CTLT | META | TSLA | WBD,ALGN:0.1000000000 | CTLT:0.1000000000 | META:0.1000000000 | TSLA:0.1000000000 | WBD:0.1000000000,2023-03-20,503
2023,15,2023-04-10,2023-04-14,2023-04-14,,2023-04-13,0.5,0.5,5,ALGN | CTLT | META | NVDA | TSLA,ALGN:0.1000000000 | CTLT:0.1000000000 | META:0.1000000000 | NVDA:0.1000000000 | TSLA:0.1000000000,2023-03-20,503
2023,16,2023-04-17,2023-04-21,2023-04-21,,2023-04-20,0.5,0.5,5,ALGN | CTLT | META | NVDA | TSLA,ALGN:0.1000000000 | CTLT:0.1000000000 | META:0.1000000000 | NVDA:0.1000000000 | TSLA:0.1000000000,2023-03-20,503
2023,17,2023-04-24,2023-04-28,2023-04-28,,2023-04-27,1.0,0.0,5,ALGN | CTLT | META | NVDA | TSLA,ALGN:0.2000000000 | CTLT:0.2000000000 | META:0.2000000000 | NVDA:0.2000000000 | TSLA:0.2000000000,2023-03-20,503
2023,18,2023-05-01,2023-05-05,2023-05-05,,2023-05-04,0.5,0.5,5,ANET | CTLT | FSLR | META | NVDA,ANET:0.1000000000 | CTLT:0.1000000000 | FSLR:0.1000000000 | META:0.1000000000 | NVDA:0.1000000000,2023-05-04,503
2023,19,2023-05-08,2023-05-12,2023-05-12,,2023-05-11,1.0,0.0,5,ANET | AXON | FSLR | META | NVDA,ANET:0.2000000000 | AXON:0.2000000000 | FSLR:0.2000000000 | META:0.2000000000 | NVDA:0.2000000000,2023-05-04,503
2023,20,2023-05-15,2023-05-19,2023-05-19,,2023-05-18,1.0,0.0,5,AXON | FSLR | GE | META | NVDA,AXON:0.2000000000 | FSLR:0.2000000000 | GE:0.2000000000 | META:0.2000000000 | NVDA:0.2000000000,2023-05-16,503
2023,21,2023-05-22,2023-05-26,2023-05-26,,2023-05-25,1.0,0.0,5,ALGN | FSLR | GE | META | NVDA,ALGN:0.2000000000 | FSLR:0.2000000000 | GE:0.2000000000 | META:0.2000000000 | NVDA:0.2000000000,2023-05-16,503
2023,22,2023-05-30,2023-06-02,,,2023-05-25,1.0,0.0,5,ALGN | FSLR | GE | META | NVDA,ALGN:0.2000000000 | FSLR:0.2000000000 | GE:0.2000000000 | META:0.2000000000 | NVDA:0.2000000000,2023-05-16,503
2023,23,2023-06-05,2023-06-09,2023-06-05,,2023-06-02,1.0,0.0,5,BAX | GE | INTC | META | NVDA,BAX:0.2000000000 | GE:0.2000000000 | INTC:0.2000000000 | META:0.2000000000 | NVDA:0.2000000000,2023-06-07,503
2023,24,2023-06-12,2023-06-16,2023-06-12,,2023-06-09,1.0,0.0,5,DVA | GOOGL | HAS | META | NVDA,DVA:0.2000000000 | GOOGL:0.2000000000 | HAS:0.2000000000 | META:0.2000000000 | NVDA:0.2000000000,2023-06-07,503
2023,25,2023-06-20,2023-06-23,2023-06-20,,2023-06-16,1.0,0.0,5,CCL | DVA | HAS | META | NVDA,CCL:0.2000000000 | DVA:0.2000000000 | HAS:0.2000000000 | META:0.2000000000 | NVDA:0.2000000000,2023-06-20,503
2023,26,2023-06-26,2023-06-30,2023-06-27,,2023-06-26,1.0,0.0,5,CCL | DVA | HAS | KMX | META,CCL:0.2000000000 | DVA:0.2000000000 | HAS:0.2000000000 | KMX:0.2000000000 | META:0.2000000000,2023-06-20,503
2023,27,2023-07-03,2023-07-07,2023-07-05,,2023-07-03,1.0,0.0,5,AMD | CCL | META | NVDA | RCL,AMD:0.2000000000 | CCL:0.2000000000 | META:0.2000000000 | NVDA:0.2000000000 | RCL:0.2000000000,2023-06-20,503
2023,28,2023-07-10,2023-07-14,2023-07-12,,2023-07-11,1.0,0.0,5,AMD | CCL | META | NVDA | RCL,AMD:0.2000000000 | CCL:0.2000000000 | META:0.2000000000 | NVDA:0.2000000000 | RCL:0.2000000000,2023-07-10,503
2023,29,2023-07-17,2023-07-21,2023-07-19,,2023-07-18,1.0,0.0,5,AMD | CCL | META | NVDA | RCL,AMD:0.2000000000 | CCL:0.2000000000 | META:0.2000000000 | NVDA:0.2000000000 | RCL:0.2000000000,2023-07-10,503
2023,30,2023-07-24,2023-07-28,2023-07-26,,2023-07-25,1.0,0.0,5,AMD | CCL | META | NVDA | RCL,AMD:0.2000000000 | CCL:0.2000000000 | META:0.2000000000 | NVDA:0.2000000000 | RCL:0.2000000000,2023-07-10,503
2023,31,2023-07-31,2023-08-04,2023-08-02,,2023-08-01,1.0,0.0,5,AMD | CCL | FI | NVDA | RCL,AMD:0.2000000000 | CCL:0.2000000000 | FI:0.2000000000 | NVDA:0.2000000000 | RCL:0.2000000000,2023-07-10,503
2023,32,2023-08-07,2023-08-11,2023-08-09,,2023-08-08,1.0,0.0,5,CCL | FI | NCLH | NVDA | TSLA,CCL:0.2000000000 | FI:0.2000000000 | NCLH:0.2000000000 | NVDA:0.2000000000 | TSLA:0.2000000000,2023-07-10,503
2023,33,2023-08-14,2023-08-18,2023-08-16,,2023-08-15,1.0,0.0,5,CCL | FI | NCLH | NVDA | TSLA,CCL:0.2000000000 | FI:0.2000000000 | NCLH:0.2000000000 | NVDA:0.2000000000 | TSLA:0.2000000000,2023-07-10,503
2023,34,2023-08-21,2023-08-25,2023-08-23,,2023-08-22,1.0,0.0,5,CCL | FI | NCLH | NVDA | TSLA,CCL:0.2000000000 | FI:0.2000000000 | NCLH:0.2000000000 | NVDA:0.2000000000 | TSLA:0.2000000000,2023-08-25,503
2023,35,2023-08-28,2023-09-01,2023-08-30,,2023-08-29,1.0,0.0,5,CCL | CMA | FI | NCLH | TSLA,CCL:0.2000000000 | CMA:0.2000000000 | FI:0.2000000000 | NCLH:0.2000000000 | TSLA:0.2000000000,2023-08-30,503
2023,36,2023-09-05,2023-09-08,2023-09-07,,2023-09-06,1.0,0.0,5,BXP | CCL | CMA | FI | URI,BXP:0.2000000000 | CCL:0.2000000000 | CMA:0.2000000000 | FI:0.2000000000 | URI:0.2000000000,2023-08-30,503
2023,37,2023-09-11,2023-09-15,2023-09-14,,2023-09-13,1.0,0.0,5,APA | BXP | NWL | ODFL | ZION,APA:0.2000000000 | BXP:0.2000000000 | NWL:0.2000000000 | ODFL:0.2000000000 | ZION:0.2000000000,2023-08-30,503
2023,38,2023-09-18,2023-09-22,2023-09-21,2023-09-18,2023-09-20,1.0,0.0,5,ANET | APA | BXP | ODFL | ZION,ANET:0.2000000000 | APA:0.2000000000 | BXP:0.2000000000 | ODFL:0.2000000000 | ZION:0.2000000000,2023-09-18,503
2023,39,2023-09-25,2023-09-29,2023-09-28,,2023-09-27,1.0,0.0,5,ANET | APA | CPRT | KEY | ZION,ANET:0.2000000000 | APA:0.2000000000 | CPRT:0.2000000000 | KEY:0.2000000000 | ZION:0.2000000000,2023-09-18,503
2023,40,2023-10-02,2023-10-06,2023-10-05,,2023-10-04,1.0,0.0,5,ANET | APA | CPRT | KEY | ZION,ANET:0.2000000000 | APA:0.2000000000 | CPRT:0.2000000000 | KEY:0.2000000000 | ZION:0.2000000000,2023-10-02,503
2023,41,2023-10-09,2023-10-13,2023-10-12,,2023-10-11,1.0,0.0,5,ANET | APA | CPRT | PGR | ZION,ANET:0.2000000000 | APA:0.2000000000 | CPRT:0.2000000000 | PGR:0.2000000000 | ZION:0.2000000000,2023-10-02,503
2023,42,2023-10-16,2023-10-20,2023-10-19,,2023-10-18,1.0,0.0,5,APA | CPRT | LLY | PGR | WDC,APA:0.2000000000 | CPRT:0.2000000000 | LLY:0.2000000000 | PGR:0.2000000000 | WDC:0.2000000000,2023-10-18,503
2023,43,2023-10-23,2023-10-27,2023-10-26,,2023-10-25,1.0,0.0,5,ANET | CPRT | EPAM | LLY | PGR,ANET:0.2000000000 | CPRT:0.2000000000 | EPAM:0.2000000000 | LLY:0.2000000000 | PGR:0.2000000000,2023-10-18,503
2023,44,2023-10-30,2023-11-03,2023-11-02,,2023-11-01,1.0,0.0,5,ANET | AXON | CPRT | LLY | PGR,ANET:0.2000000000 | AXON:0.2000000000 | CPRT:0.2000000000 | LLY:0.2000000000 | PGR:0.2000000000,2023-10-18,503
2023,45,2023-11-06,2023-11-10,2023-11-09,,2023-11-08,1.0,0.0,5,ANET | CPRT | LLY | PANW | PGR,ANET:0.2000000000 | CPRT:0.2000000000 | LLY:0.2000000000 | PANW:0.2000000000 | PGR:0.2000000000,2023-10-18,503
2023,46,2023-11-13,2023-11-17,2023-11-16,,2023-11-15,1.0,0.0,5,CPRT | LLY | PANW | PGR | TSLA,CPRT:0.2000000000 | LLY:0.2000000000 | PANW:0.2000000000 | PGR:0.2000000000 | TSLA:0.2000000000,2023-10-18,503
2023,47,2023-11-20,2023-11-24,2023-11-24,,2023-11-22,1.0,0.0,5,AXON | LULU | MRO | PANW | PGR,AXON:0.2000000000 | LULU:0.2000000000 | MRO:0.2000000000 | PANW:0.2000000000 | PGR:0.2000000000,2023-10-18,503
2023,48,2023-11-27,2023-12-01,2023-12-01,,2023-11-30,1.0,0.0,5,ALL | COR | HUM | PGR | WRK,ALL:0.2000000000 | COR:0.2000000000 | HUM:0.2000000000 | PGR:0.2000000000 | WRK:0.2000000000,2023-10-18,503
2023,49,2023-12-04,2023-12-08,2023-12-08,,2023-12-07,1.0,0.0,5,AIZ | ALL | COR | PGR | QCOM,AIZ:0.2000000000 | ALL:0.2000000000 | COR:0.2000000000 | PGR:0.2000000000 | QCOM:0.2000000000,2023-10-18,503
2023,50,2023-12-11,2023-12-15,2023-12-15,,2023-12-14,1.0,0.0,5,ALL | AMD | ANET | KLAC | MPWR,ALL:0.2000000000 | AMD:0.2000000000 | ANET:0.2000000000 | KLAC:0.2000000000 | MPWR:0.2000000000,2023-10-18,503
2023,51,2023-12-18,2023-12-22,2023-12-22,,2023-12-21,1.0,0.0,5,AMD | ANET | DXCM | EXPE | MPWR,AMD:0.2000000000 | ANET:0.2000000000 | DXCM:0.2000000000 | EXPE:0.2000000000 | MPWR:0.2000000000,2023-12-18,503
2023,52,2023-12-26,2023-12-29,,,2023-12-21,1.0,0.0,5,AMD | ANET | DXCM | EXPE | MPWR,AMD:0.2000000000 | ANET:0.2000000000 | DXCM:0.2000000000 | EXPE:0.2000000000 | MPWR:0.2000000000,2023-12-18,503
2024,1,2024-01-02,2024-12-31,2024-01-02 | 2024-12-30,,2024-12-27,1.0,0.0,5,GEV | PLTR | TPL | UAL | VST,GEV:0.2000000000 | PLTR:0.2000000000 | TPL:0.2000000000 | UAL:0.2000000000 | VST:0.2000000000,2024-12-23,503
2024,2,2024-01-08,2024-01-12,2024-01-09,,2024-01-08,1.0,0.0,5,AES | CCL | DXCM | EXPE | PODD,AES:0.2000000000 | CCL:0.2000000000 | DXCM:0.2000000000 | EXPE:0.2000000000 | PODD:0.2000000000,2023-12-18,503
2024,3,2024-01-16,2024-01-19,2024-01-17,,2024-01-16,1.0,0.0,5,AES | CCL | DXCM | EXPE | PODD,AES:0.2000000000 | CCL:0.2000000000 | DXCM:0.2000000000 | EXPE:0.2000000000 | PODD:0.2000000000,2023-12-18,503
2024,4,2024-01-22,2024-01-26,2024-01-24,,2024-01-23,1.0,0.0,5,BLDR | CCL | EXPE | NCLH | PODD,BLDR:0.2000000000 | CCL:0.2000000000 | EXPE:0.2000000000 | NCLH:0.2000000000 | PODD:0.2000000000,2023-12-18,503
2024,5,2024-01-29,2024-02-02,2024-01-31,,2024-01-30,1.0,0.0,5,BLDR | CCL | EXPE | NCLH | PODD,BLDR:0.2000000000 | CCL:0.2000000000 | EXPE:0.2000000000 | NCLH:0.2000000000 | PODD:0.2000000000,2024-02-01,503
2024,6,2024-02-05,2024-02-09,2024-02-07,,2024-02-06,1.0,0.0,5,ALGN | BBWI | CCL | ENPH | MRNA,ALGN:0.2000000000 | BBWI:0.2000000000 | CCL:0.2000000000 | ENPH:0.2000000000 | MRNA:0.2000000000,2024-02-01,503
2024,7,2024-02-12,2024-02-16,2024-02-14,,2024-02-13,1.0,0.0,5,ALGN | BBWI | CCL | ENPH | MRNA,ALGN:0.2000000000 | BBWI:0.2000000000 | CCL:0.2000000000 | ENPH:0.2000000000 | MRNA:0.2000000000,2024-02-01,503
2024,8,2024-02-20,2024-02-23,2024-02-22,,2024-02-21,1.0,0.0,5,ALGN | BBWI | ILMN | MRNA | PANW,ALGN:0.2000000000 | BBWI:0.2000000000 | ILMN:0.2000000000 | MRNA:0.2000000000 | PANW:0.2000000000,2024-02-01,503
2024,9,2024-02-26,2024-03-01,2024-02-29,,2024-02-28,1.0,0.0,5,AMD | BBWI | ILMN | MRNA | PANW,AMD:0.2000000000 | BBWI:0.2000000000 | ILMN:0.2000000000 | MRNA:0.2000000000 | PANW:0.2000000000,2024-02-01,503
2024,10,2024-03-04,2024-03-08,2024-03-07,,2024-03-06,1.0,0.0,5,AMD | CTLT | ILMN | META | NVDA,AMD:0.2000000000 | CTLT:0.2000000000 | ILMN:0.2000000000 | META:0.2000000000 | NVDA:0.2000000000,2024-03-04,503
2024,11,2024-03-11,2024-03-15,2024-03-14,,2024-03-13,1.0,0.0,5,ALGN | AMD | CTLT | META | NVDA,ALGN:0.2000000000 | AMD:0.2000000000 | CTLT:0.2000000000 | META:0.2000000000 | NVDA:0.2000000000,2024-03-04,503
2024,12,2024-03-18,2024-03-22,2024-03-21,,2024-03-20,1.0,0.0,5,ALGN | AMD | CTLT | META | NVDA,ALGN:0.2000000000 | AMD:0.2000000000 | CTLT:0.2000000000 | META:0.2000000000 | NVDA:0.2000000000,2024-03-18,503
2024,13,2024-03-25,2024-03-28,2024-03-28,,2024-03-27,1.0,0.0,5,AMD | CTLT | META | NVDA | SMCI,AMD:0.2000000000 | CTLT:0.2000000000 | META:0.2000000000 | NVDA:0.2000000000 | SMCI:0.2000000000,2024-03-25,503
2024,14,2024-04-01,2024-04-05,2024-04-05,,2024-04-04,1.0,0.0,5,AMD | CTLT | META | NVDA | SMCI,AMD:0.2000000000 | CTLT:0.2000000000 | META:0.2000000000 | NVDA:0.2000000000 | SMCI:0.2000000000,2024-04-02,503
2024,15,2024-04-08,2024-04-12,2024-04-12,,2024-04-11,1.0,0.0,5,AMD | DOC | META | NVDA | SMCI,AMD:0.2000000000 | DOC:0.2000000000 | META:0.2000000000 | NVDA:0.2000000000 | SMCI:0.2000000000,2024-04-02,503
2024,16,2024-04-15,2024-04-19,2024-04-19,,2024-04-18,1.0,0.0,5,DOC | GE | META | NVDA | SMCI,DOC:0.2000000000 | GE:0.2000000000 | META:0.2000000000 | NVDA:0.2000000000 | SMCI:0.2000000000,2024-04-02,503
2024,17,2024-04-22,2024-04-26,2024-04-26,,2024-04-25,1.0,0.0,5,DOC | GE | META | NVDA | SMCI,DOC:0.2000000000 | GE:0.2000000000 | META:0.2000000000 | NVDA:0.2000000000 | SMCI:0.2000000000,2024-04-02,503
2024,18,2024-04-29,2024-05-03,2024-05-03,,2024-05-02,1.0,0.0,5,DOC | META | MU | NVDA | SMCI,DOC:0.2000000000 | META:0.2000000000 | MU:0.2000000000 | NVDA:0.2000000000 | SMCI:0.2000000000,2024-04-02,503
2024,19,2024-05-06,2024-05-10,2024-05-10,,2024-05-09,1.0,0.0,5,DOC | MU | NVDA | SMCI | VST,DOC:0.2000000000 | MU:0.2000000000 | NVDA:0.2000000000 | SMCI:0.2000000000 | VST:0.2000000000,2024-05-08,503
2024,20,2024-05-13,2024-05-17,2024-05-17,,2024-05-16,1.0,0.0,5,CEG | DOC | MU | NVDA | VST,CEG:0.2000000000 | DOC:0.2000000000 | MU:0.2000000000 | NVDA:0.2000000000 | VST:0.2000000000,2024-05-08,503
2024,21,2024-05-20,2024-05-24,2024-05-24,,2024-05-23,1.0,0.0,5,CEG | DOC | FSLR | MU | VST,CEG:0.2000000000 | DOC:0.2000000000 | FSLR:0.2000000000 | MU:0.2000000000 | VST:0.2000000000,2024-05-08,503
2024,22,2024-05-28,2024-05-31,,,2024-05-23,1.0,0.0,5,CEG | DOC | FSLR | MU | VST,CEG:0.2000000000 | DOC:0.2000000000 | FSLR:0.2000000000 | MU:0.2000000000 | VST:0.2000000000,2024-05-08,503
2024,23,2024-06-03,2024-06-07,2024-06-03,,2024-05-31,1.0,0.0,5,DOC | FCX | MU | NEM | VST,DOC:0.2000000000 | FCX:0.2000000000 | MU:0.2000000000 | NEM:0.2000000000 | VST:0.2000000000,2024-05-08,503
2024,24,2024-06-10,2024-06-14,2024-06-10,,2024-06-07,1.0,0.0,5,FCX | MU | NEM | UAL | VST,FCX:0.2000000000 | MU:0.2000000000 | NEM:0.2000000000 | UAL:0.2000000000 | VST:0.2000000000,2024-05-08,503
2024,25,2024-06-17,2024-06-21,2024-06-17,,2024-06-14,1.0,0.0,5,FSLR | MU | NEM | UAL | VST,FSLR:0.2000000000 | MU:0.2000000000 | NEM:0.2000000000 | UAL:0.2000000000 | VST:0.2000000000,2024-05-08,503
2024,26,2024-06-24,2024-06-28,2024-06-25,,2024-06-24,1.0,0.0,5,FSLR | MRNA | NEM | TER | VST,FSLR:0.2000000000 | MRNA:0.2000000000 | NEM:0.2000000000 | TER:0.2000000000 | VST:0.2000000000,2024-06-24,503
2024,27,2024-07-01,2024-07-05,2024-07-02,,2024-07-01,1.0,0.0,5,FSLR | MRNA | NVDA | TER | VST,FSLR:0.2000000000 | MRNA:0.2000000000 | NVDA:0.2000000000 | TER:0.2000000000 | VST:0.2000000000,2024-06-24,503
2024,28,2024-07-08,2024-07-12,2024-07-10,,2024-07-09,1.0,0.0,5,FSLR | MRNA | NVDA | TER | VST,FSLR:0.2000000000 | MRNA:0.2000000000 | NVDA:0.2000000000 | TER:0.2000000000 | VST:0.2000000000,2024-07-08,503
2024,29,2024-07-15,2024-07-19,2024-07-17,,2024-07-16,1.0,0.0,5,FSLR | MRNA | NVDA | TER | VST,FSLR:0.2000000000 | MRNA:0.2000000000 | NVDA:0.2000000000 | TER:0.2000000000 | VST:0.2000000000,2024-07-08,503
2024,30,2024-07-22,2024-07-26,2024-07-24,,2024-07-23,1.0,0.0,5,FSLR | MPWR | NVDA | TER | VST,FSLR:0.2000000000 | MPWR:0.2000000000 | NVDA:0.2000000000 | TER:0.2000000000 | VST:0.2000000000,2024-07-08,503
2024,31,2024-07-29,2024-08-02,2024-07-31,,2024-07-30,1.0,0.0,5,CRWD | FSLR | MPWR | NVDA | TER,CRWD:0.2000000000 | FSLR:0.2000000000 | MPWR:0.2000000000 | NVDA:0.2000000000 | TER:0.2000000000,2024-07-08,503
2024,32,2024-08-05,2024-08-09,2024-08-07,,2024-08-06,1.0,0.0,5,CRWD | NVDA | SW | TER | TSLA,CRWD:0.2000000000 | NVDA:0.2000000000 | SW:0.2000000000 | TER:0.2000000000 | TSLA:0.2000000000,2024-07-08,503
2024,33,2024-08-12,2024-08-16,2024-08-14,,2024-08-13,1.0,0.0,5,AVGO | NVDA | SW | TER | TSLA,AVGO:0.2000000000 | NVDA:0.2000000000 | SW:0.2000000000 | TER:0.2000000000 | TSLA:0.2000000000,2024-07-08,503
2024,34,2024-08-19,2024-08-23,2024-08-21,,2024-08-20,1.0,0.0,5,NVDA | QRVO | SW | SWKS | TSLA,NVDA:0.2000000000 | QRVO:0.2000000000 | SW:0.2000000000 | SWKS:0.2000000000 | TSLA:0.2000000000,2024-07-08,503
2024,35,2024-08-26,2024-08-30,2024-08-28,,2024-08-27,1.0,0.0,5,MHK | QRVO | SW | SWKS | TSLA,MHK:0.2000000000 | QRVO:0.2000000000 | SW:0.2000000000 | SWKS:0.2000000000 | TSLA:0.2000000000,2024-07-08,503
2024,36,2024-09-03,2024-09-06,2024-09-05,,2024-09-04,1.0,0.0,5,CHTR | MHK | MMM | SW | TSLA,CHTR:0.2000000000 | MHK:0.2000000000 | MMM:0.2000000000 | SW:0.2000000000 | TSLA:0.2000000000,2024-07-08,503
2024,37,2024-09-09,2024-09-13,2024-09-12,,2024-09-11,1.0,0.0,5,CHTR | MHK | MMM | SW | TSLA,CHTR:0.2000000000 | MHK:0.2000000000 | MMM:0.2000000000 | SW:0.2000000000 | TSLA:0.2000000000,2024-07-08,503
2024,38,2024-09-16,2024-09-20,2024-09-19,,2024-09-18,1.0,0.0,5,CHTR | MHK | MMM | SW | TSLA,CHTR:0.2000000000 | MHK:0.2000000000 | MMM:0.2000000000 | SW:0.2000000000 | TSLA:0.2000000000,2024-07-08,503
2024,39,2024-09-23,2024-09-27,2024-09-26,,2024-09-25,1.0,0.0,5,BLDR | MHK | MMM | PLTR | SW,BLDR:0.2000000000 | MHK:0.2000000000 | MMM:0.2000000000 | PLTR:0.2000000000 | SW:0.2000000000,2024-09-23,503
2024,40,2024-09-30,2024-10-04,2024-10-03,,2024-10-02,1.0,0.0,5,BLDR | GL | MHK | MMM | SW,BLDR:0.2000000000 | GL:0.2000000000 | MHK:0.2000000000 | MMM:0.2000000000 | SW:0.2000000000,2024-10-01,503
2024,41,2024-10-07,2024-10-11,2024-10-10,,2024-10-09,1.0,0.0,5,FTNT | MHK | MMM | PLTR | SBUX,FTNT:0.2000000000 | MHK:0.2000000000 | MMM:0.2000000000 | PLTR:0.2000000000 | SBUX:0.2000000000,2024-10-01,503
2024,42,2024-10-14,2024-10-18,2024-10-17,,2024-10-16,1.0,0.0,5,FTNT | GEV | MMM | PLTR | SBUX,FTNT:0.2000000000 | GEV:0.2000000000 | MMM:0.2000000000 | PLTR:0.2000000000 | SBUX:0.2000000000,2024-10-01,503
2024,43,2024-10-21,2024-10-25,2024-10-24,,2024-10-23,1.0,0.0,5,FTNT | GEV | MMM | PLTR | SBUX,FTNT:0.2000000000 | GEV:0.2000000000 | MMM:0.2000000000 | PLTR:0.2000000000 | SBUX:0.2000000000,2024-10-01,503
2024,44,2024-10-28,2024-11-01,2024-10-31,,2024-10-30,1.0,0.0,5,FTNT | GEV | PLTR | SBUX | VST,FTNT:0.2000000000 | GEV:0.2000000000 | PLTR:0.2000000000 | SBUX:0.2000000000 | VST:0.2000000000,2024-10-01,503
2024,45,2024-11-04,2024-11-08,2024-11-07,,2024-11-06,1.0,0.0,5,CEG | GEV | PLTR | UAL | VST,CEG:0.2000000000 | GEV:0.2000000000 | PLTR:0.2000000000 | UAL:0.2000000000 | VST:0.2000000000,2024-10-01,503
2024,46,2024-11-11,2024-11-15,2024-11-14,,2024-11-13,1.0,0.0,5,CEG | GEV | PLTR | UAL | VST,CEG:0.2000000000 | GEV:0.2000000000 | PLTR:0.2000000000 | UAL:0.2000000000 | VST:0.2000000000,2024-10-01,503
2024,47,2024-11-18,2024-11-22,2024-11-21,,2024-11-20,1.0,0.0,5,CEG | GEV | PLTR | UAL | VST,CEG:0.2000000000 | GEV:0.2000000000 | PLTR:0.2000000000 | UAL:0.2000000000 | VST:0.2000000000,2024-10-01,503
2024,48,2024-11-25,2024-11-29,2024-11-29,,2024-11-27,1.0,0.0,5,CEG | GEV | PLTR | UAL | VST,CEG:0.2000000000 | GEV:0.2000000000 | PLTR:0.2000000000 | UAL:0.2000000000 | VST:0.2000000000,2024-11-26,503
2024,49,2024-12-02,2024-12-06,2024-12-06,,2024-12-05,1.0,0.0,5,CEG | GEV | PLTR | UAL | VST,CEG:0.2000000000 | GEV:0.2000000000 | PLTR:0.2000000000 | UAL:0.2000000000 | VST:0.2000000000,2024-11-26,503
2024,50,2024-12-09,2024-12-13,2024-12-13,,2024-12-12,1.0,0.0,5,GEV | PLTR | TPL | UAL | VST,GEV:0.2000000000 | PLTR:0.2000000000 | TPL:0.2000000000 | UAL:0.2000000000 | VST:0.2000000000,2024-11-26,503
2024,51,2024-12-16,2024-12-20,2024-12-20,,2024-12-19,1.0,0.0,5,GEV | PLTR | TPL | UAL | VST,GEV:0.2000000000 | PLTR:0.2000000000 | TPL:0.2000000000 | UAL:0.2000000000 | VST:0.2000000000,2024-11-26,503
2024,52,2024-12-23,2024-12-27,,,2024-12-19,1.0,0.0,5,GEV | PLTR | TPL | UAL | VST,GEV:0.2000000000 | PLTR:0.2000000000 | TPL:0.2000000000 | UAL:0.2000000000 | VST:0.2000000000,2024-12-23,503
2025,1,2025-01-02,2025-12-31,2025-12-30,,2025-12-29,1.0,0.0,5,ALB | MU | SNDK | TER | WDC,ALB:0.2000000000 | MU:0.2000000000 | SNDK:0.2000000000 | TER:0.2000000000 | WDC:0.2000000000,2025-12-22,503
2025,2,2025-01-06,2025-01-10,2025-01-07,,2025-01-06,1.0,0.0,5,AXON | PLTR | TPL | TSLA | UAL,AXON:0.2000000000 | PLTR:0.2000000000 | TPL:0.2000000000 | TSLA:0.2000000000 | UAL:0.2000000000,2024-12-23,503
2025,3,2025-01-13,2025-01-17,2025-01-15,,2025-01-14,1.0,0.0,5,AXON | PLTR | TSLA | UAL | WBD,AXON:0.2000000000 | PLTR:0.2000000000 | TSLA:0.2000000000 | UAL:0.2000000000 | WBD:0.2000000000,2024-12-23,503
2025,4,2025-01-21,2025-01-24,2025-01-23,,2025-01-22,1.0,0.0,5,AXON | PLTR | TSLA | UAL | WBD,AXON:0.2000000000 | PLTR:0.2000000000 | TSLA:0.2000000000 | UAL:0.2000000000 | WBD:0.2000000000,2024-12-23,503
2025,5,2025-01-27,2025-01-31,2025-01-30,,2025-01-29,1.0,0.0,5,AXON | PLTR | TSLA | UAL | WBD,AXON:0.2000000000 | PLTR:0.2000000000 | TSLA:0.2000000000 | UAL:0.2000000000 | WBD:0.2000000000,2024-12-23,503
2025,6,2025-02-03,2025-02-07,2025-02-06,,2025-02-05,1.0,0.0,5,AXON | PLTR | TSLA | VST | WBD,AXON:0.2000000000 | PLTR:0.2000000000 | TSLA:0.2000000000 | VST:0.2000000000 | WBD:0.2000000000,2024-12-23,503
2025,7,2025-02-10,2025-02-14,2025-02-13,,2025-02-12,1.0,0.0,5,AVGO | SMCI | TPR | TSLA | WBA,AVGO:0.2000000000 | SMCI:0.2000000000 | TPR:0.2000000000 | TSLA:0.2000000000 | WBA:0.2000000000,2024-12-23,503
2025,8,2025-02-18,2025-02-21,2025-02-21,,2025-02-20,1.0,0.0,5,AVGO | SMCI | TPR | TSLA | WBA,AVGO:0.2000000000 | SMCI:0.2000000000 | TPR:0.2000000000 | TSLA:0.2000000000 | WBA:0.2000000000,2024-12-23,503
2025,9,2025-02-24,2025-02-28,2025-02-28,,2025-02-27,1.0,0.0,5,AVGO | PLTR | TPR | TSLA | WBA,AVGO:0.2000000000 | PLTR:0.2000000000 | TPR:0.2000000000 | TSLA:0.2000000000 | WBA:0.2000000000,2024-12-23,503
2025,10,2025-03-03,2025-03-07,2025-03-07,,2025-03-06,1.0,0.0,5,AVGO | CEG | LULU | PLTR | TPR,AVGO:0.2000000000 | CEG:0.2000000000 | LULU:0.2000000000 | PLTR:0.2000000000 | TPR:0.2000000000,2024-12-23,503
2025,11,2025-03-10,2025-03-14,2025-03-14,,2025-03-13,1.0,0.0,5,AVGO | CEG | CRWD | PLTR | TPR,AVGO:0.2000000000 | CEG:0.2000000000 | CRWD:0.2000000000 | PLTR:0.2000000000 | TPR:0.2000000000,2024-12-23,503
2025,12,2025-03-17,2025-03-21,2025-03-21,,2025-03-20,1.0,0.0,5,CEG | CVS | PLTR | SMCI | TPR,CEG:0.2000000000 | CVS:0.2000000000 | PLTR:0.2000000000 | SMCI:0.2000000000 | TPR:0.2000000000,2024-12-23,503
2025,13,2025-03-24,2025-03-28,2025-03-28,,2025-03-27,1.0,0.0,5,CEG | CVS | NRG | SMCI | TPR,CEG:0.2000000000 | CVS:0.2000000000 | NRG:0.2000000000 | SMCI:0.2000000000 | TPR:0.2000000000,2025-03-24,503
2025,14,2025-03-31,2025-04-04,2025-04-04,,2025-04-03,1.0,0.0,5,CVS | SMCI | TPL | TPR | UBER,CVS:0.2000000000 | SMCI:0.2000000000 | TPL:0.2000000000 | TPR:0.2000000000 | UBER:0.2000000000,2025-03-24,503
2025,15,2025-04-07,2025-04-11,2025-04-11,,2025-04-10,1.0,0.0,5,BAX | CVS | PLTR | SMCI | WBA,BAX:0.2000000000 | CVS:0.2000000000 | PLTR:0.2000000000 | SMCI:0.2000000000 | WBA:0.2000000000,2025-03-24,503
2025,16,2025-04-14,2025-04-17,,,2025-04-10,1.0,0.0,5,BAX | CVS | PLTR | SMCI | WBA,BAX:0.2000000000 | CVS:0.2000000000 | PLTR:0.2000000000 | SMCI:0.2000000000 | WBA:0.2000000000,2025-03-24,503
2025,17,2025-04-21,2025-04-25,2025-04-21,,2025-04-17,1.0,0.0,5,CVS | INTC | PLTR | SMCI | WBD,CVS:0.2000000000 | INTC:0.2000000000 | PLTR:0.2000000000 | SMCI:0.2000000000 | WBD:0.2000000000,2025-03-24,503
2025,18,2025-04-28,2025-05-02,2025-04-28,,2025-04-25,1.0,0.0,5,CVS | EA | INTC | PLTR | SMCI,CVS:0.2000000000 | EA:0.2000000000 | INTC:0.2000000000 | PLTR:0.2000000000 | SMCI:0.2000000000,2025-03-24,503
2025,19,2025-05-05,2025-05-09,2025-05-05,,2025-05-02,1.0,0.0,5,CVS | DG | EA | INTC | SMCI,CVS:0.2000000000 | DG:0.2000000000 | EA:0.2000000000 | INTC:0.2000000000 | SMCI:0.2000000000,2025-03-24,503
2025,20,2025-05-12,2025-05-16,2025-05-12,,2025-05-09,1.0,0.0,5,CVS | DG | HII | INTC | MOH,CVS:0.2000000000 | DG:0.2000000000 | HII:0.2000000000 | INTC:0.2000000000 | MOH:0.2000000000,2025-03-24,503
2025,21,2025-05-19,2025-05-23,2025-05-19,,2025-05-16,1.0,0.0,5,DG | HII | MOH | UNH | WBA,DG:0.2000000000 | HII:0.2000000000 | MOH:0.2000000000 | UNH:0.2000000000 | WBA:0.2000000000,2025-05-19,503
2025,22,2025-05-27,2025-05-30,2025-05-27,,2025-05-23,1.0,0.0,5,AXON | DG | GEV | HII | PLTR,AXON:0.2000000000 | DG:0.2000000000 | GEV:0.2000000000 | HII:0.2000000000 | PLTR:0.2000000000,2025-05-19,503
2025,23,2025-06-02,2025-06-06,2025-06-03,,2025-06-02,1.0,0.0,5,AXON | GEV | HII | PLTR | PWR,AXON:0.2000000000 | GEV:0.2000000000 | HII:0.2000000000 | PLTR:0.2000000000 | PWR:0.2000000000,2025-05-19,503
2025,24,2025-06-09,2025-06-13,2025-06-10,,2025-06-09,1.0,0.0,5,AXON | GEV | NRG | PLTR | PWR,AXON:0.2000000000 | GEV:0.2000000000 | NRG:0.2000000000 | PLTR:0.2000000000 | PWR:0.2000000000,2025-05-19,503
2025,25,2025-06-16,2025-06-20,2025-06-17,,2025-06-16,1.0,0.0,5,AXON | GEV | NRG | PLTR | TSLA,AXON:0.2000000000 | GEV:0.2000000000 | NRG:0.2000000000 | PLTR:0.2000000000 | TSLA:0.2000000000,2025-05-19,503
2025,26,2025-06-23,2025-06-27,2025-06-25,,2025-06-24,1.0,0.0,5,AXON | GEV | NRG | PLTR | TSLA,AXON:0.2000000000 | GEV:0.2000000000 | NRG:0.2000000000 | PLTR:0.2000000000 | TSLA:0.2000000000,2025-05-19,503
2025,27,2025-06-30,2025-07-03,2025-07-02,,2025-07-01,1.0,0.0,5,AXON | GEV | NRG | PLTR | TSLA,AXON:0.2000000000 | GEV:0.2000000000 | NRG:0.2000000000 | PLTR:0.2000000000 | TSLA:0.2000000000,2025-05-19,503
2025,28,2025-07-07,2025-07-11,2025-07-10,,2025-07-09,1.0,0.0,5,GEV | MCHP | NRG | PLTR | VST,GEV:0.2000000000 | MCHP:0.2000000000 | NRG:0.2000000000 | PLTR:0.2000000000 | VST:0.2000000000,2025-07-09,503
2025,29,2025-07-14,2025-07-18,2025-07-17,,2025-07-16,1.0,0.0,5,GEV | MCHP | NRG | PLTR | VST,GEV:0.2000000000 | MCHP:0.2000000000 | NRG:0.2000000000 | PLTR:0.2000000000 | VST:0.2000000000,2025-07-18,503
2025,30,2025-07-21,2025-07-25,2025-07-24,,2025-07-23,1.0,0.0,5,GEV | MCHP | MU | NRG | VST,GEV:0.2000000000 | MCHP:0.2000000000 | MU:0.2000000000 | NRG:0.2000000000 | VST:0.2000000000,2025-07-23,503
2025,31,2025-07-28,2025-08-01,2025-07-31,,2025-07-30,1.0,0.0,5,COIN | MCHP | MU | NRG | VST,COIN:0.2000000000 | MCHP:0.2000000000 | MU:0.2000000000 | NRG:0.2000000000 | VST:0.2000000000,2025-07-23,503
2025,32,2025-08-04,2025-08-08,2025-08-07,,2025-08-06,1.0,0.0,5,COIN | MCHP | MU | ON | SMCI,COIN:0.2000000000 | MCHP:0.2000000000 | MU:0.2000000000 | ON:0.2000000000 | SMCI:0.2000000000,2025-08-08,503
2025,33,2025-08-11,2025-08-15,2025-08-14,,2025-08-13,1.0,0.0,5,AMD | COIN | ON | SMCI | WDC,AMD:0.2000000000 | COIN:0.2000000000 | ON:0.2000000000 | SMCI:0.2000000000 | WDC:0.2000000000,2025-08-08,503
2025,34,2025-08-18,2025-08-22,2025-08-21,,2025-08-20,1.0,0.0,5,ALB | AMD | COIN | ON | WDC,ALB:0.2000000000 | AMD:0.2000000000 | COIN:0.2000000000 | ON:0.2000000000 | WDC:0.2000000000,2025-08-08,503
2025,35,2025-08-25,2025-08-29,2025-08-28,,2025-08-27,1.0,0.0,5,AMD | COIN | ON | SMCI | WDC,AMD:0.2000000000 | COIN:0.2000000000 | ON:0.2000000000 | SMCI:0.2000000000 | WDC:0.2000000000,2025-08-28,503
2025,36,2025-09-02,2025-09-05,2025-09-05,,2025-09-04,1.0,0.0,5,AMD | NCLH | PLTR | SMCI | WDC,AMD:0.2000000000 | NCLH:0.2000000000 | PLTR:0.2000000000 | SMCI:0.2000000000 | WDC:0.2000000000,2025-08-28,503
2025,37,2025-09-08,2025-09-12,2025-09-12,,2025-09-11,1.0,0.0,5,AMD | ANET | ORCL | PLTR | WDC,AMD:0.2000000000 | ANET:0.2000000000 | ORCL:0.2000000000 | PLTR:0.2000000000 | WDC:0.2000000000,2025-08-28,503
2025,38,2025-09-15,2025-09-19,2025-09-19,,2025-09-18,1.0,0.0,5,ALB | AMD | ANET | FSLR | UAL,ALB:0.2000000000 | AMD:0.2000000000 | ANET:0.2000000000 | FSLR:0.2000000000 | UAL:0.2000000000,2025-08-28,503
2025,39,2025-09-22,2025-09-26,2025-09-26,,2025-09-25,1.0,0.0,5,ALB | ANET | APP | FSLR | UAL,ALB:0.2000000000 | ANET:0.2000000000 | APP:0.2000000000 | FSLR:0.2000000000 | UAL:0.2000000000,2025-09-22,503
2025,40,2025-09-29,2025-10-03,2025-10-03,,2025-10-02,1.0,0.0,5,ALB | ANET | APP | UAL | WDC,ALB:0.2000000000 | ANET:0.2000000000 | APP:0.2000000000 | UAL:0.2000000000 | WDC:0.2000000000,2025-09-22,503
2025,41,2025-10-06,2025-10-10,2025-10-10,,2025-10-09,1.0,0.0,5,ANET | APP | ORCL | UAL | WDC,ANET:0.2000000000 | APP:0.2000000000 | ORCL:0.2000000000 | UAL:0.2000000000 | WDC:0.2000000000,2025-09-22,503
2025,42,2025-10-13,2025-10-17,2025-10-17,,2025-10-16,1.0,0.0,5,ANET | APP | ORCL | WBD | WDC,ANET:0.2000000000 | APP:0.2000000000 | ORCL:0.2000000000 | WBD:0.2000000000 | WDC:0.2000000000,2025-09-22,503
2025,43,2025-10-20,2025-10-24,2025-10-24,,2025-10-23,1.0,0.0,5,APP | INTC | ORCL | WBD | WDC,APP:0.2000000000 | INTC:0.2000000000 | ORCL:0.2000000000 | WBD:0.2000000000 | WDC:0.2000000000,2025-09-22,503
2025,44,2025-10-27,2025-10-31,2025-10-31,,2025-10-30,0.8,0.2,4,APP | INTC | WBD | WDC,APP:0.2000000000 | INTC:0.2000000000 | WBD:0.2000000000 | WDC:0.2000000000,2025-10-31,503
2025,45,2025-11-03,2025-11-07,2025-11-07,,2025-11-06,1.0,0.0,5,APP | CNC | INTC | WBD | WDC,APP:0.2000000000 | CNC:0.2000000000 | INTC:0.2000000000 | WBD:0.2000000000 | WDC:0.2000000000,2025-11-04,503
2025,46,2025-11-10,2025-11-14,2025-11-14,,2025-11-13,1.0,0.0,5,APP | INTC | MU | WBD | WDC,APP:0.2000000000 | INTC:0.2000000000 | MU:0.2000000000 | WBD:0.2000000000 | WDC:0.2000000000,2025-11-11,503
2025,47,2025-11-17,2025-11-21,2025-11-21,,2025-11-20,1.0,0.0,5,APP | INTC | MU | WBD | WDC,APP:0.2000000000 | INTC:0.2000000000 | MU:0.2000000000 | WBD:0.2000000000 | WDC:0.2000000000,2025-11-11,503
2025,48,2025-11-24,2025-11-28,,,2025-11-20,1.0,0.0,5,APP | INTC | MU | WBD | WDC,APP:0.2000000000 | INTC:0.2000000000 | MU:0.2000000000 | WBD:0.2000000000 | WDC:0.2000000000,2025-11-28,503
2025,49,2025-12-01,2025-12-05,2025-12-01,,2025-11-28,1.0,0.0,5,INTC | MU | SNDK | WBD | WDC,INTC:0.2000000000 | MU:0.2000000000 | SNDK:0.2000000000 | WBD:0.2000000000 | WDC:0.2000000000,2025-11-28,503
2025,50,2025-12-08,2025-12-12,2025-12-08,,2025-12-05,1.0,0.0,5,INTC | MU | SNDK | WBD | WDC,INTC:0.2000000000 | MU:0.2000000000 | SNDK:0.2000000000 | WBD:0.2000000000 | WDC:0.2000000000,2025-12-11,503
2025,51,2025-12-15,2025-12-19,2025-12-15,,2025-12-12,1.0,0.0,5,INTC | MU | SNDK | SOLS | WDC,INTC:0.2000000000 | MU:0.2000000000 | SNDK:0.2000000000 | SOLS:0.2000000000 | WDC:0.2000000000,2025-12-11,503
2025,52,2025-12-22,2025-12-26,2025-12-22,2025-12-22,2025-12-19,0.8,0.2,4,INTC | MU | SNDK | WDC,INTC:0.2000000000 | MU:0.2000000000 | SNDK:0.2000000000 | WDC:0.2000000000,2025-12-22,503
2026,1,2026-01-02,2026-01-02,,,2025-12-29,1.0,0.0,5,ALB | MU | SNDK | TER | WDC,ALB:0.2000000000 | MU:0.2000000000 | SNDK:0.2000000000 | TER:0.2000000000 | WDC:0.2000000000,2025-12-22,503
2026,2,2026-01-05,2026-01-09,2026-01-07,,2026-01-06,1.0,0.0,5,ALB | SNDK | TER | WBD | WDC,ALB:0.2000000000 | SNDK:0.2000000000 | TER:0.2000000000 | WBD:0.2000000000 | WDC:0.2000000000,2025-12-22,503
2026,3,2026-01-12,2026-01-16,2026-01-14,,2026-01-13,1.0,0.0,5,ALB | SNDK | TER | WBD | WDC,ALB:0.2000000000 | SNDK:0.2000000000 | TER:0.2000000000 | WBD:0.2000000000 | WDC:0.2000000000,2026-01-14,503
2026,4,2026-01-20,2026-01-23,2026-01-22,,2026-01-21,1.0,0.0,5,ALB | SNDK | TER | WBD | WDC,ALB:0.2000000000 | SNDK:0.2000000000 | TER:0.2000000000 | WBD:0.2000000000 | WDC:0.2000000000,2026-01-14,503
2026,5,2026-01-26,2026-01-30,2026-01-29,,2026-01-28,1.0,0.0,5,ALB | SNDK | TER | WBD | WDC,ALB:0.2000000000 | SNDK:0.2000000000 | TER:0.2000000000 | WBD:0.2000000000 | WDC:0.2000000000,2026-01-14,503
2026,6,2026-02-02,2026-02-06,2026-02-05,,2026-02-04,1.0,0.0,5,ALB | DECK | EXPE | MU | SNDK,ALB:0.2000000000 | DECK:0.2000000000 | EXPE:0.2000000000 | MU:0.2000000000 | SNDK:0.2000000000,2026-01-14,503
2026,7,2026-02-09,2026-02-13,2026-02-12,,2026-02-11,1.0,0.0,5,ALB | CVNA | MRNA | MU | SNDK,ALB:0.2000000000 | CVNA:0.2000000000 | MRNA:0.2000000000 | MU:0.2000000000 | SNDK:0.2000000000,2026-02-09,503
2026,8,2026-02-17,2026-02-20,2026-02-20,,2026-02-19,1.0,0.0,5,ALB | CVNA | MRNA | MU | SNDK,ALB:0.2000000000 | CVNA:0.2000000000 | MRNA:0.2000000000 | MU:0.2000000000 | SNDK:0.2000000000,2026-02-09,503
2026,9,2026-02-23,2026-02-27,2026-02-27,,2026-02-26,1.0,0.0,5,ALB | CVNA | MRNA | MU | SNDK,ALB:0.2000000000 | CVNA:0.2000000000 | MRNA:0.2000000000 | MU:0.2000000000 | SNDK:0.2000000000,2026-02-09,503
2026,10,2026-03-02,2026-03-06,2026-03-06,,2026-03-05,1.0,0.0,5,MRNA | MU | SNDK | STX | WDC,MRNA:0.2000000000 | MU:0.2000000000 | SNDK:0.2000000000 | STX:0.2000000000 | WDC:0.2000000000,2026-02-09,503
2026,11,2026-03-09,2026-03-13,2026-03-13,,2026-03-12,1.0,0.0,5,MRNA | MU | SNDK | STX | WDC,MRNA:0.2000000000 | MU:0.2000000000 | SNDK:0.2000000000 | STX:0.2000000000 | WDC:0.2000000000,2026-02-09,503
2026,12,2026-03-16,2026-03-20,2026-03-20,,2026-03-19,1.0,0.0,5,MRNA | MU | SNDK | STX | WDC,MRNA:0.2000000000 | MU:0.2000000000 | SNDK:0.2000000000 | STX:0.2000000000 | WDC:0.2000000000,2026-02-09,503
2026,13,2026-03-23,2026-03-27,2026-03-27,,2026-03-26,1.0,0.0,5,MRNA | MU | SNDK | STX | WDC,MRNA:0.2000000000 | MU:0.2000000000 | SNDK:0.2000000000 | STX:0.2000000000 | WDC:0.2000000000,2026-03-23,503
2026,14,2026-03-30,2026-04-02,,,2026-03-26,1.0,0.0,5,MRNA | MU | SNDK | STX | WDC,MRNA:0.2000000000 | MU:0.2000000000 | SNDK:0.2000000000 | STX:0.2000000000 | WDC:0.2000000000,2026-03-23,503
2026,15,2026-04-06,2026-04-10,2026-04-06,,2026-04-02,1.0,0.0,5,GLW | LITE | MRNA | SNDK | WDC,GLW:0.2000000000 | LITE:0.2000000000 | MRNA:0.2000000000 | SNDK:0.2000000000 | WDC:0.2000000000,2026-04-09,499
2026,16,2026-04-13,2026-04-17,2026-04-13,,2026-04-10,1.0,0.0,5,GLW | LITE | MRNA | SNDK | WDC,GLW:0.2000000000 | LITE:0.2000000000 | MRNA:0.2000000000 | SNDK:0.2000000000 | WDC:0.2000000000,2026-04-09,499
2026,17,2026-04-20,2026-04-24,2026-04-20,,2026-04-17,1.0,0.0,5,GLW | LITE | MRNA | SNDK | WDC,GLW:0.2000000000 | LITE:0.2000000000 | MRNA:0.2000000000 | SNDK:0.2000000000 | WDC:0.2000000000,2026-04-09,499
2026,18,2026-04-27,2026-05-01,2026-04-27,,2026-04-24,1.0,0.0,5,CIEN | DELL | GLW | LITE | SNDK,CIEN:0.2000000000 | DELL:0.2000000000 | GLW:0.2000000000 | LITE:0.2000000000 | SNDK:0.2000000000,2026-04-09,499
2026,19,2026-05-04,2026-05-08,2026-05-04,,2026-05-01,1.0,0.0,5,CIEN | DELL | GLW | LITE | VRT,CIEN:0.2000000000 | DELL:0.2000000000 | GLW:0.2000000000 | LITE:0.2000000000 | VRT:0.2000000000,2026-05-07,500
2026,20,2026-05-11,2026-05-15,2026-05-11,,2026-05-08,1.0,0.0,5,CIEN | DELL | GLW | LITE | VRT,CIEN:0.2000000000 | DELL:0.2000000000 | GLW:0.2000000000 | LITE:0.2000000000 | VRT:0.2000000000,2026-05-07,500
2026,21,2026-05-18,2026-05-22,2026-05-18,,2026-05-15,1.0,0.0,5,CIEN | COHR | DELL | LITE | SNDK,CIEN:0.2000000000 | COHR:0.2000000000 | DELL:0.2000000000 | LITE:0.2000000000 | SNDK:0.2000000000,2026-05-21,501
2026,22,2026-05-26,2026-05-29,2026-05-26,,2026-05-22,1.0,0.0,5,CIEN | COHR | DELL | INTC | SNDK,CIEN:0.2000000000 | COHR:0.2000000000 | DELL:0.2000000000 | INTC:0.2000000000 | SNDK:0.2000000000,2026-05-21,501
2026,23,2026-06-01,2026-06-05,2026-06-02,,2026-06-01,1.0,0.0,5,AMD | CIEN | DELL | INTC | SNDK,AMD:0.2000000000 | CIEN:0.2000000000 | DELL:0.2000000000 | INTC:0.2000000000 | SNDK:0.2000000000,2026-06-02,501
2026,24,2026-06-08,2026-06-12,2026-06-09,,2026-06-08,1.0,0.0,5,AMD | CIEN | DELL | INTC | SNDK,AMD:0.2000000000 | CIEN:0.2000000000 | DELL:0.2000000000 | INTC:0.2000000000 | SNDK:0.2000000000,2026-06-02,501
2026,25,2026-06-15,2026-06-18,2026-06-16,,2026-06-15,1.0,0.0,5,AMD | CIEN | INTC | SNDK | STX,AMD:0.2000000000 | CIEN:0.2000000000 | INTC:0.2000000000 | SNDK:0.2000000000 | STX:0.2000000000,2026-06-02,501
2026,26,2026-06-22,2026-06-26,2026-06-24,,2026-06-23,1.0,0.0,5,AMD | INTC | MRVL | SNDK | STX,AMD:0.2000000000 | INTC:0.2000000000 | MRVL:0.2000000000 | SNDK:0.2000000000 | STX:0.2000000000,2026-06-24,502
2026,27,2026-06-29,2026-07-02,2026-07-01,,2026-06-30,1.0,0.0,5,AMD | INTC | MRVL | SNDK | STX,AMD:0.2000000000 | INTC:0.2000000000 | MRVL:0.2000000000 | SNDK:0.2000000000 | STX:0.2000000000,2026-06-30,502
2026,28,2026-07-06,2026-07-10,2026-07-09,,2026-07-08,1.0,0.0,5,AMD | INTC | MRVL | MU | SNDK,AMD:0.2000000000 | INTC:0.2000000000 | MRVL:0.2000000000 | MU:0.2000000000 | SNDK:0.2000000000,2026-06-30,502
2026,29,2026-07-13,2026-07-17,2026-07-16,,2026-07-15,1.0,0.0,5,AMD | INTC | MRVL | MU | SNDK,AMD:0.2000000000 | INTC:0.2000000000 | MRVL:0.2000000000 | MU:0.2000000000 | SNDK:0.2000000000,2026-06-30,503
2026,30,2026-07-20,2026-07-24,2026-07-23,,2026-07-22,1.0,0.0,5,AMD | INTC | MRVL | MU | SNDK,AMD:0.2000000000 | INTC:0.2000000000 | MRVL:0.2000000000 | MU:0.2000000000 | SNDK:0.2000000000,2026-06-30,502
2026,31,2026-07-27,2026-07-31,2026-07-30,,2026-07-29,1.0,0.0,5,AMD | DELL | MRVL | MU | SNDK,AMD:0.2000000000 | DELL:0.2000000000 | MRVL:0.2000000000 | MU:0.2000000000 | SNDK:0.2000000000,2026-06-30,502
2026,32,2026-08-03,2026-08-07,2026-08-06,,2026-08-05,1.0,0.0,5,AMD | DDOG | DELL | MRVL | MU,AMD:0.2000000000 | DDOG:0.2000000000 | DELL:0.2000000000 | MRVL:0.2000000000 | MU:0.2000000000,2026-08-05,503
2026,33,2026-08-10,2026-08-14,2026-08-13,,2026-08-12,1.0,0.0,5,CRWD | DELL | HOOD | HPE | MRVL,CRWD:0.2000000000 | DELL:0.2000000000 | HOOD:0.2000000000 | HPE:0.2000000000 | MRVL:0.2000000000,2026-08-05,503
2026,34,2026-08-17,2026-08-21,2026-08-20,,2026-08-19,1.0,0.0,5,DELL | HOOD | HPE | MU | TECH,DELL:0.2000000000 | HOOD:0.2000000000 | HPE:0.2000000000 | MU:0.2000000000 | TECH:0.2000000000,2026-08-18,503
2026,35,2026-08-24,2026-08-26,,,2026-08-19,1.0,0.0,5,DELL | HOOD | HPE | MU | TECH,DELL:0.2000000000 | HOOD:0.2000000000 | HPE:0.2000000000 | MU:0.2000000000 | TECH:0.2000000000,2026-08-18,503
