effective_session,source_signal_date,rebalance_at_open,forced_universe_exit_at_open,buy,sell,held_during_session,target_weights,gross_target,cash_target
2000-01-03,1999-12-28,False,False,CTXS | GTW | NTAP | ORCL | QCOM,,CTXS | GTW | NTAP | ORCL | QCOM,CTXS:0.2000000000 | GTW:0.2000000000 | NTAP:0.2000000000 | ORCL:0.2000000000 | QCOM:0.2000000000,1.0,0.0
2000-01-05,2000-01-04,True,False,FBF,GTW,CTXS | FBF | NTAP | ORCL | QCOM,CTXS:0.2000000000 | FBF:0.2000000000 | NTAP:0.2000000000 | ORCL:0.2000000000 | QCOM:0.2000000000,1.0,0.0
2000-02-10,2000-02-09,True,False,NOVL,CTXS,FBF | NOVL | NTAP | ORCL | QCOM,FBF:0.2000000000 | NOVL:0.2000000000 | NTAP:0.2000000000 | ORCL:0.2000000000 | QCOM:0.2000000000,1.0,0.0
2000-02-25,2000-02-24,True,False,LB | MS,FBF | ORCL,LB | MS | NOVL | NTAP | QCOM,LB:0.2000000000 | MS:0.2000000000 | NOVL:0.2000000000 | NTAP:0.2000000000 | QCOM:0.2000000000,1.0,0.0
2000-03-10,2000-03-09,True,False,QTRN,QCOM,LB | MS | NOVL | NTAP | QTRN,LB:0.2000000000 | MS:0.2000000000 | NOVL:0.2000000000 | NTAP:0.2000000000 | QTRN:0.2000000000,1.0,0.0
2000-03-17,2000-03-16,True,False,CNXT,QTRN,CNXT | LB | MS | NOVL | NTAP,CNXT:0.2000000000 | LB:0.2000000000 | MS:0.2000000000 | NOVL:0.2000000000 | NTAP:0.2000000000,1.0,0.0
2000-03-24,2000-03-23,True,False,ADI,NOVL,ADI | CNXT | LB | MS | NTAP,ADI:0.2000000000 | CNXT:0.2000000000 | LB:0.2000000000 | MS:0.2000000000 | NTAP:0.2000000000,1.0,0.0
2000-03-31,2000-03-30,True,False,COMS | LSI,CNXT | LB,ADI | COMS | LSI | MS | NTAP,ADI:0.2000000000 | COMS:0.2000000000 | LSI:0.2000000000 | MS:0.2000000000 | NTAP:0.2000000000,1.0,0.0
2000-04-07,2000-04-06,True,False,SFA,COMS,ADI | LSI | MS | NTAP | SFA,ADI:0.2000000000 | LSI:0.2000000000 | MS:0.2000000000 | NTAP:0.2000000000 | SFA:0.2000000000,1.0,0.0
2000-04-14,2000-04-13,True,False,ADSK,ADI,ADSK | LSI | MS | NTAP | SFA,ADSK:0.2000000000 | LSI:0.2000000000 | MS:0.2000000000 | NTAP:0.2000000000 | SFA:0.2000000000,1.0,0.0
2000-05-01,2000-04-28,True,False,MU,ADSK,LSI | MS | MU | NTAP | SFA,LSI:0.2000000000 | MS:0.2000000000 | MU:0.2000000000 | NTAP:0.2000000000 | SFA:0.2000000000,1.0,0.0
2000-05-08,2000-05-05,True,False,AMD | MSI | TMC,MS | NTAP | SFA,AMD | LSI | MSI | MU | TMC,AMD:0.2000000000 | LSI:0.2000000000 | MSI:0.2000000000 | MU:0.2000000000 | TMC:0.2000000000,1.0,0.0
2000-05-15,2000-05-12,True,False,MIR | NGH,LSI | MSI,AMD | MIR | MU | NGH | TMC,AMD:0.2000000000 | MIR:0.2000000000 | MU:0.2000000000 | NGH:0.2000000000 | TMC:0.2000000000,1.0,0.0
2000-05-22,2000-05-19,True,False,RBK,NGH,AMD | MIR | MU | RBK | TMC,AMD:0.2000000000 | MIR:0.2000000000 | MU:0.2000000000 | RBK:0.2000000000 | TMC:0.2000000000,1.0,0.0
2000-05-30,2000-05-26,True,False,BBY,MIR,AMD | BBY | MU | RBK | TMC,AMD:0.2000000000 | BBY:0.2000000000 | MU:0.2000000000 | RBK:0.2000000000 | TMC:0.2000000000,1.0,0.0
2000-06-06,2000-06-05,True,False,NGH | UPR,BBY | MU,AMD | NGH | RBK | TMC | UPR,AMD:0.2000000000 | NGH:0.2000000000 | RBK:0.2000000000 | TMC:0.2000000000 | UPR:0.2000000000,1.0,0.0
2000-06-13,2000-06-12,True,False,BBBY,TMC,AMD | BBBY | NGH | RBK | UPR,AMD:0.2000000000 | BBBY:0.2000000000 | NGH:0.2000000000 | RBK:0.2000000000 | UPR:0.2000000000,1.0,0.0
2000-06-20,2000-06-19,True,False,UNM,BBBY,AMD | NGH | RBK | UNM | UPR,AMD:0.2000000000 | NGH:0.2000000000 | RBK:0.2000000000 | UNM:0.2000000000 | UPR:0.2000000000,1.0,0.0
2000-06-27,2000-06-26,True,False,AW,AMD,AW | NGH | RBK | UNM | UPR,AW:0.2000000000 | NGH:0.2000000000 | RBK:0.2000000000 | UNM:0.2000000000 | UPR:0.2000000000,1.0,0.0
2000-07-05,2000-07-03,True,False,BEAM,UPR,AW | BEAM | NGH | RBK | UNM,AW:0.2000000000 | BEAM:0.2000000000 | NGH:0.2000000000 | RBK:0.2000000000 | UNM:0.2000000000,1.0,0.0
2000-07-12,2000-07-11,True,False,ADCT | MS,RBK | UNM,ADCT | AW | BEAM | MS | NGH,ADCT:0.2000000000 | AW:0.2000000000 | BEAM:0.2000000000 | MS:0.2000000000 | NGH:0.2000000000,1.0,0.0
2000-07-19,2000-07-18,True,False,SAPE,AW,ADCT | BEAM | MS | NGH | SAPE,ADCT:0.2000000000 | BEAM:0.2000000000 | MS:0.2000000000 | NGH:0.2000000000 | SAPE:0.2000000000,1.0,0.0
2000-08-09,2000-08-08,True,False,CNC | MU | SANM,ADCT | NGH | SAPE,BEAM | CNC | MS | MU | SANM,BEAM:0.2000000000 | CNC:0.2000000000 | MS:0.2000000000 | MU:0.2000000000 | SANM:0.2000000000,1.0,0.0
2000-08-16,2000-08-15,True,False,BRCM,MS,BEAM | BRCM | CNC | MU | SANM,BEAM:0.2000000000 | BRCM:0.2000000000 | CNC:0.2000000000 | MU:0.2000000000 | SANM:0.2000000000,1.0,0.0
2000-08-23,2000-08-22,True,False,MS,MU,BEAM | BRCM | CNC | MS | SANM,BEAM:0.2000000000 | BRCM:0.2000000000 | CNC:0.2000000000 | MS:0.2000000000 | SANM:0.2000000000,1.0,0.0
2000-08-30,2000-08-29,True,False,PALM | PSFT,BEAM | CNC,BRCM | MS | PALM | PSFT | SANM,BRCM:0.2000000000 | MS:0.2000000000 | PALM:0.2000000000 | PSFT:0.2000000000 | SANM:0.2000000000,1.0,0.0
2000-09-07,2000-09-06,True,False,HCR,MS,BRCM | HCR | PALM | PSFT | SANM,BRCM:0.2000000000 | HCR:0.2000000000 | PALM:0.2000000000 | PSFT:0.2000000000 | SANM:0.2000000000,1.0,0.0
2000-09-28,2000-09-27,True,False,LB,SANM,BRCM | HCR | LB | PALM | PSFT,BRCM:0.2000000000 | HCR:0.2000000000 | LB:0.2000000000 | PALM:0.2000000000 | PSFT:0.2000000000,1.0,0.0
2000-10-05,2000-10-04,True,False,NTAP | PWJ,BRCM | PALM,HCR | LB | NTAP | PSFT | PWJ,HCR:0.2000000000 | LB:0.2000000000 | NTAP:0.2000000000 | PSFT:0.2000000000 | PWJ:0.2000000000,1.0,0.0
2000-10-12,2000-10-11,True,False,BSC | PALM,NTAP | PWJ,BSC | HCR | LB | PALM | PSFT,BSC:0.2000000000 | HCR:0.2000000000 | LB:0.2000000000 | PALM:0.2000000000 | PSFT:0.2000000000,1.0,0.0
2000-10-19,2000-10-18,True,False,UIS,PSFT,BSC | HCR | LB | PALM | UIS,BSC:0.2000000000 | HCR:0.2000000000 | LB:0.2000000000 | PALM:0.2000000000 | UIS:0.2000000000,1.0,0.0
2000-10-26,2000-10-25,True,False,MERQ | SEBL | VRTS,BSC | LB | UIS,HCR | MERQ | PALM | SEBL | VRTS,HCR:0.2000000000 | MERQ:0.2000000000 | PALM:0.2000000000 | SEBL:0.2000000000 | VRTS:0.2000000000,1.0,0.0
2000-11-02,2000-11-01,True,False,ADI | HUM | MDR | NTAP,HCR | PALM | SEBL | VRTS,ADI | HUM | MDR | MERQ | NTAP,ADI:0.2000000000 | HUM:0.2000000000 | MDR:0.2000000000 | MERQ:0.2000000000 | NTAP:0.2000000000,1.0,0.0
2000-11-09,2000-11-08,True,False,PSFT | VRTS,ADI | MERQ,HUM | MDR | NTAP | PSFT | VRTS,HUM:0.2000000000 | MDR:0.2000000000 | NTAP:0.2000000000 | PSFT:0.2000000000 | VRTS:0.2000000000,1.0,0.0
2000-11-16,2000-11-15,True,False,PALM,HUM,MDR | NTAP | PALM | PSFT | VRTS,MDR:0.1000000000 | NTAP:0.1000000000 | PALM:0.1000000000 | PSFT:0.1000000000 | VRTS:0.1000000000,0.5,0.5
2000-11-24,2000-11-22,True,False,BBBY | HUM,MDR | VRTS,BBBY | HUM | NTAP | PALM | PSFT,BBBY:0.1000000000 | HUM:0.1000000000 | NTAP:0.1000000000 | PALM:0.1000000000 | PSFT:0.1000000000,0.5,0.5
2000-12-01,2000-11-30,True,False,HON | KG,NTAP | PALM,BBBY | HON | HUM | KG | PSFT,BBBY:0.1000000000 | HON:0.1000000000 | HUM:0.1000000000 | KG:0.1000000000 | PSFT:0.1000000000,0.5,0.5
2000-12-08,2000-12-07,True,False,PALM,BBBY,HON | HUM | KG | PALM | PSFT,HON:0.1000000000 | HUM:0.1000000000 | KG:0.1000000000 | PALM:0.1000000000 | PSFT:0.1000000000,0.5,0.5
2000-12-15,2000-12-14,True,False,ABI | WLL,PALM | PSFT,ABI | HON | HUM | KG | WLL,ABI:0.1000000000 | HON:0.1000000000 | HUM:0.1000000000 | KG:0.1000000000 | WLL:0.1000000000,0.5,0.5
2000-12-22,2000-12-21,True,False,CTXS,HUM,ABI | CTXS | HON | KG | WLL,ABI:0.1000000000 | CTXS:0.1000000000 | HON:0.1000000000 | KG:0.1000000000 | WLL:0.1000000000,0.5,0.5
2001-01-02,2000-12-29,True,False,AW | PSFT,ABI | CTXS,AW | HON | KG | PSFT | WLL,AW:0.1000000000 | HON:0.1000000000 | KG:0.1000000000 | PSFT:0.1000000000 | WLL:0.1000000000,0.5,0.5
2001-01-09,2001-01-08,True,False,ABI | ADP,KG | PSFT,ABI | ADP | AW | HON | WLL,ABI:0.1000000000 | ADP:0.1000000000 | AW:0.1000000000 | HON:0.1000000000 | WLL:0.1000000000,0.5,0.5
2001-01-24,2001-01-23,True,False,CNC,HON,ABI | ADP | AW | CNC | WLL,ABI:0.1000000000 | ADP:0.1000000000 | AW:0.1000000000 | CNC:0.1000000000 | WLL:0.1000000000,0.5,0.5
2001-01-31,2001-01-30,True,False,QTRN,WLL,ABI | ADP | AW | CNC | QTRN,ABI:0.1000000000 | ADP:0.1000000000 | AW:0.1000000000 | CNC:0.1000000000 | QTRN:0.1000000000,0.5,0.5
2001-02-07,2001-02-06,True,False,LPX,QTRN,ABI | ADP | AW | CNC | LPX,ABI:0.1000000000 | ADP:0.1000000000 | AW:0.1000000000 | CNC:0.1000000000 | LPX:0.1000000000,0.5,0.5
2001-02-14,2001-02-13,True,False,KLAC | NVLS,AW | LPX,ABI | ADP | CNC | KLAC | NVLS,ABI:0.1000000000 | ADP:0.1000000000 | CNC:0.1000000000 | KLAC:0.1000000000 | NVLS:0.1000000000,0.5,0.5
2001-03-01,2001-02-28,True,False,AMCC | BBY,KLAC | NVLS,ABI | ADP | AMCC | BBY | CNC,ABI:0.1000000000 | ADP:0.1000000000 | AMCC:0.1000000000 | BBY:0.1000000000 | CNC:0.1000000000,0.5,0.5
2001-03-08,2001-03-07,True,False,MDR | OMX | XRX,ABI | ADP | AMCC,BBY | CNC | MDR | OMX | XRX,BBY:0.1000000000 | CNC:0.1000000000 | MDR:0.1000000000 | OMX:0.1000000000 | XRX:0.1000000000,0.5,0.5
2001-03-15,2001-03-14,True,False,CPWR,XRX,BBY | CNC | CPWR | MDR | OMX,BBY:0.1000000000 | CNC:0.1000000000 | CPWR:0.1000000000 | MDR:0.1000000000 | OMX:0.1000000000,0.5,0.5
2001-03-22,2001-03-21,True,False,CMI,OMX,BBY | CMI | CNC | CPWR | MDR,BBY:0.1000000000 | CMI:0.1000000000 | CNC:0.1000000000 | CPWR:0.1000000000 | MDR:0.1000000000,0.5,0.5
2001-03-29,2001-03-28,True,False,AMD | CA | JCP,CMI | CNC | MDR,AMD | BBY | CA | CPWR | JCP,AMD:0.1000000000 | BBY:0.1000000000 | CA:0.1000000000 | CPWR:0.1000000000 | JCP:0.1000000000,0.5,0.5
2001-04-05,2001-04-04,True,False,AM | SBL | SFA,BBY | CA | JCP,AM | AMD | CPWR | SBL | SFA,AM:0.1000000000 | AMD:0.1000000000 | CPWR:0.1000000000 | SBL:0.1000000000 | SFA:0.1000000000,0.5,0.5
2001-04-12,2001-04-11,True,False,EIX | HM | JCP,AM | CPWR | SFA,AMD | EIX | HM | JCP | SBL,AMD:0.1000000000 | EIX:0.1000000000 | HM:0.1000000000 | JCP:0.1000000000 | SBL:0.1000000000,0.5,0.5
2001-04-20,2001-04-19,True,False,LOW | PCG,AMD | HM,EIX | JCP | LOW | PCG | SBL,EIX:0.1000000000 | JCP:0.1000000000 | LOW:0.1000000000 | PCG:0.1000000000 | SBL:0.1000000000,0.5,0.5
2001-04-27,2001-04-26,True,False,AMD | DDS,PCG | SBL,AMD | DDS | EIX | JCP | LOW,AMD:0.1000000000 | DDS:0.1000000000 | EIX:0.1000000000 | JCP:0.1000000000 | LOW:0.1000000000,0.5,0.5
2001-05-04,2001-05-03,True,False,FLR | LDG | MIR | SRE,AMD | EIX | JCP | LOW,DDS | FLR | LDG | MIR | SRE,DDS:0.1000000000 | FLR:0.1000000000 | LDG:0.1000000000 | MIR:0.1000000000 | SRE:0.1000000000,0.5,0.5
2001-05-11,2001-05-10,True,False,ADBE | BBY | HM,FLR | LDG | SRE,ADBE | BBY | DDS | HM | MIR,ADBE:0.1000000000 | BBY:0.1000000000 | DDS:0.1000000000 | HM:0.1000000000 | MIR:0.1000000000,0.5,0.5
2001-05-18,2001-05-17,True,False,BMC,DDS,ADBE | BBY | BMC | HM | MIR,ADBE:0.1000000000 | BBY:0.1000000000 | BMC:0.1000000000 | HM:0.1000000000 | MIR:0.1000000000,0.5,0.5
2001-05-25,2001-05-24,True,False,CNC | PHM | XRX,BMC | HM | MIR,ADBE | BBY | CNC | PHM | XRX,ADBE:0.1000000000 | BBY:0.1000000000 | CNC:0.1000000000 | PHM:0.1000000000 | XRX:0.1000000000,0.5,0.5
2001-06-04,2001-06-01,True,False,JBL,PHM,ADBE | BBY | CNC | JBL | XRX,ADBE:0.1000000000 | BBY:0.1000000000 | CNC:0.1000000000 | JBL:0.1000000000 | XRX:0.1000000000,0.5,0.5
2001-06-11,2001-06-08,True,False,MERQ | QLGC,BBY | CNC,ADBE | JBL | MERQ | QLGC | XRX,ADBE:0.1000000000 | JBL:0.1000000000 | MERQ:0.1000000000 | QLGC:0.1000000000 | XRX:0.1000000000,0.5,0.5
2001-06-25,2001-06-22,True,False,SEBL,ADBE,JBL | MERQ | QLGC | SEBL | XRX,JBL:0.1000000000 | MERQ:0.1000000000 | QLGC:0.1000000000 | SEBL:0.1000000000 | XRX:0.1000000000,0.5,0.5
2001-07-02,2001-06-29,True,False,PSFT,JBL,MERQ | PSFT | QLGC | SEBL | XRX,MERQ:0.1000000000 | PSFT:0.1000000000 | QLGC:0.1000000000 | SEBL:0.1000000000 | XRX:0.1000000000,0.5,0.5
2001-07-17,2001-07-16,True,False,CMI | PTC,MERQ | SEBL,CMI | PSFT | PTC | QLGC | XRX,CMI:0.1000000000 | PSFT:0.1000000000 | PTC:0.1000000000 | QLGC:0.1000000000 | XRX:0.1000000000,0.5,0.5
2001-07-24,2001-07-23,True,False,LB,XRX,CMI | LB | PSFT | PTC | QLGC,CMI:0.1000000000 | LB:0.1000000000 | PSFT:0.1000000000 | PTC:0.1000000000 | QLGC:0.1000000000,0.5,0.5
2001-08-07,2001-08-06,True,False,EIX | PCG,PSFT | QLGC,CMI | EIX | LB | PCG | PTC,CMI:0.1000000000 | EIX:0.1000000000 | LB:0.1000000000 | PCG:0.1000000000 | PTC:0.1000000000,0.5,0.5
2001-08-14,2001-08-13,True,False,MS | QLGC,LB | PCG | PTC,CMI | EIX | MS | QLGC,CMI:0.1000000000 | EIX:0.1000000000 | MS:0.1000000000 | QLGC:0.1000000000,0.4,0.6
2001-08-21,2001-08-20,True,False,JCP | PCG,QLGC,CMI | EIX | JCP | MS | PCG,CMI:0.1000000000 | EIX:0.1000000000 | JCP:0.1000000000 | MS:0.1000000000 | PCG:0.1000000000,0.5,0.5
2001-08-28,2001-08-27,True,False,CTXS,JCP,CMI | CTXS | EIX | MS | PCG,CMI:0.1000000000 | CTXS:0.1000000000 | EIX:0.1000000000 | MS:0.1000000000 | PCG:0.1000000000,0.5,0.5
2001-09-18,2001-09-17,True,False,CBE,CTXS,CBE | CMI | EIX | MS | PCG,CBE:0.1000000000 | CMI:0.1000000000 | EIX:0.1000000000 | MS:0.1000000000 | PCG:0.1000000000,0.5,0.5
2001-09-25,2001-09-24,True,False,MSI,EIX,CBE | CMI | MS | MSI | PCG,CBE:0.1000000000 | CMI:0.1000000000 | MS:0.1000000000 | MSI:0.1000000000 | PCG:0.1000000000,0.5,0.5
2001-10-02,2001-10-01,True,False,CNXT,MS,CBE | CMI | CNXT | MSI | PCG,CBE:0.1000000000 | CMI:0.1000000000 | CNXT:0.1000000000 | MSI:0.1000000000 | PCG:0.1000000000,0.5,0.5
2001-10-09,2001-10-08,True,False,OMX,CMI,CBE | CNXT | MSI | OMX | PCG,CBE:0.1000000000 | CNXT:0.1000000000 | MSI:0.1000000000 | OMX:0.1000000000 | PCG:0.1000000000,0.5,0.5
2001-10-23,2001-10-22,True,False,HM | IMNX | PDG,CBE | MSI | OMX,CNXT | HM | IMNX | PCG | PDG,CNXT:0.1000000000 | HM:0.1000000000 | IMNX:0.1000000000 | PCG:0.1000000000 | PDG:0.1000000000,0.5,0.5
2001-10-30,2001-10-29,True,False,GDT | HUM,CNXT | PCG,GDT | HM | HUM | IMNX | PDG,GDT:0.1000000000 | HM:0.1000000000 | HUM:0.1000000000 | IMNX:0.1000000000 | PDG:0.1000000000,0.5,0.5
2001-11-06,2001-11-05,True,False,NEM,HUM,GDT | HM | IMNX | NEM | PDG,GDT:0.1000000000 | HM:0.1000000000 | IMNX:0.1000000000 | NEM:0.1000000000 | PDG:0.1000000000,0.5,0.5
2001-11-13,2001-11-12,True,False,FLR | LB,HM | NEM,FLR | GDT | IMNX | LB | PDG,FLR:0.1000000000 | GDT:0.1000000000 | IMNX:0.1000000000 | LB:0.1000000000 | PDG:0.1000000000,0.5,0.5
2001-11-20,2001-11-19,True,False,INTU,PDG,FLR | GDT | IMNX | INTU | LB,FLR:0.1000000000 | GDT:0.1000000000 | IMNX:0.1000000000 | INTU:0.1000000000 | LB:0.1000000000,0.5,0.5
2001-11-28,2001-11-27,True,False,ADCT | BMET | QLGC,FLR | GDT | INTU,ADCT | BMET | IMNX | LB | QLGC,ADCT:0.1000000000 | BMET:0.1000000000 | IMNX:0.1000000000 | LB:0.1000000000 | QLGC:0.1000000000,0.5,0.5
2001-12-05,2001-12-04,True,False,EQR,ADCT,BMET | EQR | IMNX | LB | QLGC,BMET:0.1000000000 | EQR:0.1000000000 | IMNX:0.1000000000 | LB:0.1000000000 | QLGC:0.1000000000,0.5,0.5
2001-12-12,2001-12-11,True,False,BRCM | NTAP | VRTS,BMET | IMNX | LB,BRCM | EQR | NTAP | QLGC | VRTS,BRCM:0.1000000000 | EQR:0.1000000000 | NTAP:0.1000000000 | QLGC:0.1000000000 | VRTS:0.1000000000,0.5,0.5
2001-12-27,2001-12-26,True,False,PALM,EQR,BRCM | NTAP | PALM | QLGC | VRTS,BRCM:0.1000000000 | NTAP:0.1000000000 | PALM:0.1000000000 | QLGC:0.1000000000 | VRTS:0.1000000000,0.5,0.5
2002-01-04,2002-01-03,True,False,EQR,VRTS,BRCM | EQR | NTAP | PALM | QLGC,BRCM:0.1000000000 | EQR:0.1000000000 | NTAP:0.1000000000 | PALM:0.1000000000 | QLGC:0.1000000000,0.5,0.5
2002-01-18,2002-01-17,True,False,CNXT | NVDA,EQR | PALM,BRCM | CNXT | NTAP | NVDA | QLGC,BRCM:0.1000000000 | CNXT:0.1000000000 | NTAP:0.1000000000 | NVDA:0.1000000000 | QLGC:0.1000000000,0.5,0.5
2002-01-28,2002-01-25,True,False,PALM | SAPE | SEBL,BRCM | CNXT | QLGC,NTAP | NVDA | PALM | SAPE | SEBL,NTAP:0.1000000000 | NVDA:0.1000000000 | PALM:0.1000000000 | SAPE:0.1000000000 | SEBL:0.1000000000,0.5,0.5
2002-02-11,2002-02-08,True,False,ADCT,SAPE,ADCT | NTAP | NVDA | PALM | SEBL,ADCT:0.1000000000 | NTAP:0.1000000000 | NVDA:0.1000000000 | PALM:0.1000000000 | SEBL:0.1000000000,0.5,0.5
2002-02-19,2002-02-15,True,False,NOVL | OMX | TSG,ADCT | NTAP | NVDA,NOVL | OMX | PALM | SEBL | TSG,NOVL:0.1000000000 | OMX:0.1000000000 | PALM:0.1000000000 | SEBL:0.1000000000 | TSG:0.1000000000,0.5,0.5
2002-02-26,2002-02-25,True,False,NVDA | RATL,PALM | TSG,NOVL | NVDA | OMX | RATL | SEBL,NOVL:0.1000000000 | NVDA:0.1000000000 | OMX:0.1000000000 | RATL:0.1000000000 | SEBL:0.1000000000,0.5,0.5
2002-03-05,2002-03-04,True,False,PVN,RATL,NOVL | NVDA | OMX | PVN | SEBL,NOVL:0.1000000000 | NVDA:0.1000000000 | OMX:0.1000000000 | PVN:0.1000000000 | SEBL:0.1000000000,0.5,0.5
2002-03-12,2002-03-11,True,False,PTC | TSG | XRX,NOVL | NVDA | PVN,OMX | PTC | SEBL | TSG | XRX,OMX:0.1000000000 | PTC:0.1000000000 | SEBL:0.1000000000 | TSG:0.1000000000 | XRX:0.1000000000,0.5,0.5
2002-03-19,2002-03-18,True,False,MU | PVN,PTC | XRX,MU | OMX | PVN | SEBL | TSG,MU:0.2000000000 | OMX:0.2000000000 | PVN:0.2000000000 | SEBL:0.2000000000 | TSG:0.2000000000,1.0,0.0
2002-03-26,2002-03-25,True,False,HAL | LB | MDR | TRV,MU | OMX | SEBL | TSG,HAL | LB | MDR | PVN | TRV,HAL:0.1000000000 | LB:0.1000000000 | MDR:0.1000000000 | PVN:0.1000000000 | TRV:0.1000000000,0.5,0.5
2002-04-03,2002-04-02,True,False,KLAC | PTC | TRW,MDR | PVN | TRV,HAL | KLAC | LB | PTC | TRW,HAL:0.1000000000 | KLAC:0.1000000000 | LB:0.1000000000 | PTC:0.1000000000 | TRW:0.1000000000,0.5,0.5
2002-04-10,2002-04-09,True,False,PVN,LB,HAL | KLAC | PTC | PVN | TRW,HAL:0.1000000000 | KLAC:0.1000000000 | PTC:0.1000000000 | PVN:0.1000000000 | TRW:0.1000000000,0.5,0.5
2002-04-17,2002-04-16,True,False,LPX | OMX,KLAC | PTC,HAL | LPX | OMX | PVN | TRW,HAL:0.2000000000 | LPX:0.2000000000 | OMX:0.2000000000 | PVN:0.2000000000 | TRW:0.2000000000,1.0,0.0
2002-04-24,2002-04-23,True,False,NBR | TER,LPX | TRW,HAL | NBR | OMX | PVN | TER,HAL:0.1000000000 | NBR:0.1000000000 | OMX:0.1000000000 | PVN:0.1000000000 | TER:0.1000000000,0.5,0.5
2002-05-01,2002-04-30,True,False,MIR,HAL,MIR | NBR | OMX | PVN | TER,MIR:0.1000000000 | NBR:0.1000000000 | OMX:0.1000000000 | PVN:0.1000000000 | TER:0.1000000000,0.5,0.5
2002-05-08,2002-05-07,True,False,MSI | WMB,NBR | TER,MIR | MSI | OMX | PVN | WMB,MIR:0.1000000000 | MSI:0.1000000000 | OMX:0.1000000000 | PVN:0.1000000000 | WMB:0.1000000000,0.5,0.5
2002-05-15,2002-05-14,True,False,CNC | MS,MIR | MSI,CNC | MS | OMX | PVN | WMB,CNC:0.1000000000 | MS:0.1000000000 | OMX:0.1000000000 | PVN:0.1000000000 | WMB:0.1000000000,0.5,0.5
2002-05-22,2002-05-21,True,False,AES | MIR,CNC | MS,AES | MIR | OMX | PVN | WMB,AES:0.1000000000 | MIR:0.1000000000 | OMX:0.1000000000 | PVN:0.1000000000 | WMB:0.1000000000,0.5,0.5
2002-05-30,2002-05-29,True,False,MS,WMB,AES | MIR | MS | OMX | PVN,AES:0.1000000000 | MIR:0.1000000000 | MS:0.1000000000 | OMX:0.1000000000 | PVN:0.1000000000,0.5,0.5
2002-06-06,2002-06-05,True,False,AM | PTC,MIR | OMX,AES | AM | MS | PTC | PVN,AES:0.1000000000 | AM:0.1000000000 | MS:0.1000000000 | PTC:0.1000000000 | PVN:0.1000000000,0.5,0.5
2002-06-13,2002-06-12,True,False,MSI,AES,AM | MS | MSI | PTC | PVN,AM:0.1000000000 | MS:0.1000000000 | MSI:0.1000000000 | PTC:0.1000000000 | PVN:0.1000000000,0.5,0.5
2002-06-27,2002-06-26,True,False,DDS | OMX | SLR,MS | MSI | PVN,AM | DDS | OMX | PTC | SLR,AM:0.1000000000 | DDS:0.1000000000 | OMX:0.1000000000 | PTC:0.1000000000 | SLR:0.1000000000,0.5,0.5
2002-07-05,2002-07-03,True,False,MSI,SLR,AM | DDS | MSI | OMX | PTC,AM:0.1000000000 | DDS:0.1000000000 | MSI:0.1000000000 | OMX:0.1000000000 | PTC:0.1000000000,0.5,0.5
2002-07-12,2002-07-11,True,False,PBG | TRV,OMX | PTC,AM | DDS | MSI | PBG | TRV,AM:0.1000000000 | DDS:0.1000000000 | MSI:0.1000000000 | PBG:0.1000000000 | TRV:0.1000000000,0.5,0.5
2002-07-19,2002-07-18,True,False,INTU,AM,DDS | INTU | MSI | PBG | TRV,DDS:0.1000000000 | INTU:0.1000000000 | MSI:0.1000000000 | PBG:0.1000000000 | TRV:0.1000000000,0.5,0.5
2002-07-26,2002-07-25,True,False,BMC | BSX | EBAY,DDS | MSI | PBG,BMC | BSX | EBAY | INTU | TRV,BMC:0.1000000000 | BSX:0.1000000000 | EBAY:0.1000000000 | INTU:0.1000000000 | TRV:0.1000000000,0.5,0.5
2002-08-02,2002-08-01,True,False,PTC,BMC,BSX | EBAY | INTU | PTC | TRV,BSX:0.1000000000 | EBAY:0.1000000000 | INTU:0.1000000000 | PTC:0.1000000000 | TRV:0.1000000000,0.5,0.5
2002-08-16,2002-08-15,True,False,NXTL,TRV,BSX | EBAY | INTU | NXTL | PTC,BSX:0.1000000000 | EBAY:0.1000000000 | INTU:0.1000000000 | NXTL:0.1000000000 | PTC:0.1000000000,0.5,0.5
2002-08-23,2002-08-22,True,False,APOL | ORCL,BSX | EBAY,APOL | INTU | NXTL | ORCL | PTC,APOL:0.1000000000 | INTU:0.1000000000 | NXTL:0.1000000000 | ORCL:0.1000000000 | PTC:0.1000000000,0.5,0.5
2002-08-30,2002-08-29,True,False,EMC | SBL,INTU | PTC,APOL | EMC | NXTL | ORCL | SBL,APOL:0.1000000000 | EMC:0.1000000000 | NXTL:0.1000000000 | ORCL:0.1000000000 | SBL:0.1000000000,0.5,0.5
2002-09-09,2002-09-06,True,False,AMGN,EMC,AMGN | APOL | NXTL | ORCL | SBL,AMGN:0.1000000000 | APOL:0.1000000000 | NXTL:0.1000000000 | ORCL:0.1000000000 | SBL:0.1000000000,0.5,0.5
2002-09-16,2002-09-13,True,False,CHIR,SBL,AMGN | APOL | CHIR | NXTL | ORCL,AMGN:0.1000000000 | APOL:0.1000000000 | CHIR:0.1000000000 | NXTL:0.1000000000 | ORCL:0.1000000000,0.5,0.5
2002-09-23,2002-09-20,True,False,AMD | GENZ,APOL | CHIR,AMD | AMGN | GENZ | NXTL | ORCL,AMD:0.1000000000 | AMGN:0.1000000000 | GENZ:0.1000000000 | NXTL:0.1000000000 | ORCL:0.1000000000,0.5,0.5
2002-09-30,2002-09-27,True,False,OMC | PSFT | Q,AMD | AMGN | ORCL,GENZ | NXTL | OMC | PSFT | Q,GENZ:0.1000000000 | NXTL:0.1000000000 | OMC:0.1000000000 | PSFT:0.1000000000 | Q:0.1000000000,0.5,0.5
2002-10-07,2002-10-04,True,False,COP | EDS,GENZ | PSFT,COP | EDS | NXTL | OMC | Q,COP:0.1000000000 | EDS:0.1000000000 | NXTL:0.1000000000 | OMC:0.1000000000 | Q:0.1000000000,0.5,0.5
2002-10-14,2002-10-11,True,False,PVN,EDS,COP | NXTL | OMC | PVN | Q,COP:0.1000000000 | NXTL:0.1000000000 | OMC:0.1000000000 | PVN:0.1000000000 | Q:0.1000000000,0.5,0.5
2002-10-21,2002-10-18,True,False,APOL | KRB,NXTL | OMC,APOL | COP | KRB | PVN | Q,APOL:0.1000000000 | COP:0.1000000000 | KRB:0.1000000000 | PVN:0.1000000000 | Q:0.1000000000,0.5,0.5
2002-10-28,2002-10-25,True,False,NXTL | XEL,APOL | KRB,COP | NXTL | PVN | Q | XEL,COP:0.1000000000 | NXTL:0.1000000000 | PVN:0.1000000000 | Q:0.1000000000 | XEL:0.1000000000,0.5,0.5
2002-11-11,2002-11-08,True,False,CCU | NOVL,PVN | XEL,CCU | COP | NOVL | NXTL | Q,CCU:0.1000000000 | COP:0.1000000000 | NOVL:0.1000000000 | NXTL:0.1000000000 | Q:0.1000000000,0.5,0.5
2002-11-25,2002-11-22,True,False,CA | CPWR,CCU | NOVL,CA | COP | CPWR | NXTL | Q,CA:0.1000000000 | COP:0.1000000000 | CPWR:0.1000000000 | NXTL:0.1000000000 | Q:0.1000000000,0.5,0.5
2002-12-03,2002-12-02,True,False,AWE | TLAB,COP | Q,AWE | CA | CPWR | NXTL | TLAB,AWE:0.1000000000 | CA:0.1000000000 | CPWR:0.1000000000 | NXTL:0.1000000000 | TLAB:0.1000000000,0.5,0.5
2002-12-10,2002-12-09,True,False,ADCT | Q,CA | CPWR,ADCT | AWE | NXTL | Q | TLAB,ADCT:0.1000000000 | AWE:0.1000000000 | NXTL:0.1000000000 | Q:0.1000000000 | TLAB:0.1000000000,0.5,0.5
2002-12-17,2002-12-16,True,False,GLW | PWER,AWE | Q,ADCT | GLW | NXTL | PWER | TLAB,ADCT:0.1000000000 | GLW:0.1000000000 | NXTL:0.1000000000 | PWER:0.1000000000 | TLAB:0.1000000000,0.5,0.5
2002-12-24,2002-12-23,True,False,PCS | T,ADCT | TLAB,GLW | NXTL | PCS | PWER | T,GLW:0.1000000000 | NXTL:0.1000000000 | PCS:0.1000000000 | PWER:0.1000000000 | T:0.1000000000,0.5,0.5
2003-01-02,2002-12-31,True,False,LU,NXTL,GLW | LU | PCS | PWER | T,GLW:0.1000000000 | LU:0.1000000000 | PCS:0.1000000000 | PWER:0.1000000000 | T:0.1000000000,0.5,0.5
2003-01-16,2003-01-15,True,False,AES,PWER,AES | GLW | LU | PCS | T,AES:0.1000000000 | GLW:0.1000000000 | LU:0.1000000000 | PCS:0.1000000000 | T:0.1000000000,0.5,0.5
2003-01-24,2003-01-23,True,False,SEE,PCS,AES | GLW | LU | SEE | T,AES:0.1000000000 | GLW:0.1000000000 | LU:0.1000000000 | SEE:0.1000000000 | T:0.1000000000,0.5,0.5
2003-01-31,2003-01-30,True,False,SANM,LU,AES | GLW | SANM | SEE | T,AES:0.1000000000 | GLW:0.1000000000 | SANM:0.1000000000 | SEE:0.1000000000 | T:0.1000000000,0.5,0.5
2003-02-24,2003-02-21,True,False,DYN | JNS | MDR,GLW | SANM | T,AES | DYN | JNS | MDR | SEE,AES:0.1000000000 | DYN:0.1000000000 | JNS:0.1000000000 | MDR:0.1000000000 | SEE:0.1000000000,0.5,0.5
2003-03-10,2003-03-07,True,False,AYE | WMB,AES | SEE,AYE | DYN | JNS | MDR | WMB,AYE:0.1000000000 | DYN:0.1000000000 | JNS:0.1000000000 | MDR:0.1000000000 | WMB:0.1000000000,0.5,0.5
2003-03-17,2003-03-14,True,False,MSI,AYE,DYN | JNS | MDR | MSI | WMB,DYN:0.1000000000 | JNS:0.1000000000 | MDR:0.1000000000 | MSI:0.1000000000 | WMB:0.1000000000,0.5,0.5
2003-03-24,2003-03-21,True,False,GLW,MDR,DYN | GLW | JNS | MSI | WMB,DYN:0.1000000000 | GLW:0.1000000000 | JNS:0.1000000000 | MSI:0.1000000000 | WMB:0.1000000000,0.5,0.5
2003-04-07,2003-04-04,True,False,SBL,JNS,DYN | GLW | MSI | SBL | WMB,DYN:0.1000000000 | GLW:0.1000000000 | MSI:0.1000000000 | SBL:0.1000000000 | WMB:0.1000000000,0.5,0.5
2003-04-22,2003-04-21,True,False,LLTC | NSM | NVDA,DYN | SBL | WMB,GLW | LLTC | MSI | NSM | NVDA,GLW:0.1000000000 | LLTC:0.1000000000 | MSI:0.1000000000 | NSM:0.1000000000 | NVDA:0.1000000000,0.5,0.5
2003-05-06,2003-05-05,True,False,DYN,LLTC,DYN | GLW | MSI | NSM | NVDA,DYN:0.1000000000 | GLW:0.1000000000 | MSI:0.1000000000 | NSM:0.1000000000 | NVDA:0.1000000000,0.5,0.5
2003-05-13,2003-05-12,True,False,WMB,GLW,DYN | MSI | NSM | NVDA | WMB,DYN:0.1000000000 | MSI:0.1000000000 | NSM:0.1000000000 | NVDA:0.1000000000 | WMB:0.1000000000,0.5,0.5
2003-05-20,2003-05-19,True,False,AES | EP,NSM | NVDA,AES | DYN | EP | MSI | WMB,AES:0.1000000000 | DYN:0.1000000000 | EP:0.1000000000 | MSI:0.1000000000 | WMB:0.1000000000,0.5,0.5
2003-05-28,2003-05-27,True,False,MIR,MSI,AES | DYN | EP | MIR | WMB,AES:0.1000000000 | DYN:0.1000000000 | EP:0.1000000000 | MIR:0.1000000000 | WMB:0.1000000000,0.5,0.5
2003-06-11,2003-06-10,True,False,AV,EP,AES | AV | DYN | MIR | WMB,AES:0.1000000000 | AV:0.1000000000 | DYN:0.1000000000 | MIR:0.1000000000 | WMB:0.1000000000,0.5,0.5
2003-06-25,2003-06-24,True,False,,,AES | AV | DYN | MIR | WMB,AES:0.2000000000 | AV:0.2000000000 | DYN:0.2000000000 | MIR:0.2000000000 | WMB:0.2000000000,1.0,0.0
2003-07-02,2003-07-01,True,False,ATI,WMB,AES | ATI | AV | DYN | MIR,AES:0.2000000000 | ATI:0.2000000000 | AV:0.2000000000 | DYN:0.2000000000 | MIR:0.2000000000,1.0,0.0
2003-07-10,2003-07-09,True,False,MDR,MIR,AES | ATI | AV | DYN | MDR,AES:0.2000000000 | ATI:0.2000000000 | AV:0.2000000000 | DYN:0.2000000000 | MDR:0.2000000000,1.0,0.0
2003-07-17,2003-07-16,True,False,BRCM,DYN,AES | ATI | AV | BRCM | MDR,AES:0.2000000000 | ATI:0.2000000000 | AV:0.2000000000 | BRCM:0.2000000000 | MDR:0.2000000000,1.0,0.0
2003-07-24,2003-07-23,True,False,NVDA | PMCS,AES | BRCM,ATI | AV | MDR | NVDA | PMCS,ATI:0.2000000000 | AV:0.2000000000 | MDR:0.2000000000 | NVDA:0.2000000000 | PMCS:0.2000000000,1.0,0.0
2003-08-07,2003-08-06,True,False,BRCM,ATI,AV | BRCM | MDR | NVDA | PMCS,AV:0.2000000000 | BRCM:0.2000000000 | MDR:0.2000000000 | NVDA:0.2000000000 | PMCS:0.2000000000,1.0,0.0
2003-08-14,2003-08-13,True,False,ATI | PCS | SLR,AV | MDR | NVDA,ATI | BRCM | PCS | PMCS | SLR,ATI:0.2000000000 | BRCM:0.2000000000 | PCS:0.2000000000 | PMCS:0.2000000000 | SLR:0.2000000000,1.0,0.0
2003-08-21,2003-08-20,True,False,LSI | OMX | PWER,ATI | BRCM | PMCS,LSI | OMX | PCS | PWER | SLR,LSI:0.2000000000 | OMX:0.2000000000 | PCS:0.2000000000 | PWER:0.2000000000 | SLR:0.2000000000,1.0,0.0
2003-09-05,2003-09-04,True,False,GTW,PCS,GTW | LSI | OMX | PWER | SLR,GTW:0.2000000000 | LSI:0.2000000000 | OMX:0.2000000000 | PWER:0.2000000000 | SLR:0.2000000000,1.0,0.0
2003-09-12,2003-09-11,True,False,AV,SLR,AV | GTW | LSI | OMX | PWER,AV:0.2000000000 | GTW:0.2000000000 | LSI:0.2000000000 | OMX:0.2000000000 | PWER:0.2000000000,1.0,0.0
2003-10-03,2003-10-02,True,False,SLR,OMX,AV | GTW | LSI | PWER | SLR,AV:0.2000000000 | GTW:0.2000000000 | LSI:0.2000000000 | PWER:0.2000000000 | SLR:0.2000000000,1.0,0.0
2003-10-10,2003-10-09,True,False,GT | MS,LSI | PWER,AV | GT | GTW | MS | SLR,AV:0.2000000000 | GT:0.2000000000 | GTW:0.2000000000 | MS:0.2000000000 | SLR:0.2000000000,1.0,0.0
2003-10-17,2003-10-16,True,False,NSM,SLR,AV | GT | GTW | MS | NSM,AV:0.2000000000 | GT:0.2000000000 | GTW:0.2000000000 | MS:0.2000000000 | NSM:0.2000000000,1.0,0.0
2003-10-24,2003-10-23,True,False,NEM,AV,GT | GTW | MS | NEM | NSM,GT:0.2000000000 | GTW:0.2000000000 | MS:0.2000000000 | NEM:0.2000000000 | NSM:0.2000000000,1.0,0.0
2003-10-31,2003-10-30,True,False,AMD | MSI | NOVL,GT | GTW | NEM,AMD | MS | MSI | NOVL | NSM,AMD:0.2000000000 | MS:0.2000000000 | MSI:0.2000000000 | NOVL:0.2000000000 | NSM:0.2000000000,1.0,0.0
2003-11-07,2003-11-06,True,False,PMCS,MSI,AMD | MS | NOVL | NSM | PMCS,AMD:0.2000000000 | MS:0.2000000000 | NOVL:0.2000000000 | NSM:0.2000000000 | PMCS:0.2000000000,1.0,0.0
2003-12-01,2003-11-28,True,False,LU,NOVL,AMD | LU | MS | NSM | PMCS,AMD:0.2000000000 | LU:0.2000000000 | MS:0.2000000000 | NSM:0.2000000000 | PMCS:0.2000000000,1.0,0.0
2003-12-15,2003-12-12,True,False,FBF | NOVL,MS | NSM,AMD | FBF | LU | NOVL | PMCS,AMD:0.2000000000 | FBF:0.2000000000 | LU:0.2000000000 | NOVL:0.2000000000 | PMCS:0.2000000000,1.0,0.0
2004-01-07,2004-01-06,True,False,ALTR | MS,FBF | PMCS,ALTR | AMD | LU | MS | NOVL,ALTR:0.2000000000 | AMD:0.2000000000 | LU:0.2000000000 | MS:0.2000000000 | NOVL:0.2000000000,1.0,0.0
2004-01-14,2004-01-13,True,False,ATI | CMI | SBL,ALTR | AMD | MS,ATI | CMI | LU | NOVL | SBL,ATI:0.2000000000 | CMI:0.2000000000 | LU:0.2000000000 | NOVL:0.2000000000 | SBL:0.2000000000,1.0,0.0
2004-01-22,2004-01-21,True,False,X,LU,ATI | CMI | NOVL | SBL | X,ATI:0.2000000000 | CMI:0.2000000000 | NOVL:0.2000000000 | SBL:0.2000000000 | X:0.2000000000,1.0,0.0
2004-02-12,2004-02-11,True,False,ADCT,SBL,ADCT | ATI | CMI | NOVL | X,ADCT:0.2000000000 | ATI:0.2000000000 | CMI:0.2000000000 | NOVL:0.2000000000 | X:0.2000000000,1.0,0.0
2004-02-20,2004-02-19,True,False,MS | PCS,NOVL | X,ADCT | ATI | CMI | MS | PCS,ADCT:0.2000000000 | ATI:0.2000000000 | CMI:0.2000000000 | MS:0.2000000000 | PCS:0.2000000000,1.0,0.0
2004-02-27,2004-02-26,True,False,PWER,ATI,ADCT | CMI | MS | PCS | PWER,ADCT:0.2000000000 | CMI:0.2000000000 | MS:0.2000000000 | PCS:0.2000000000 | PWER:0.2000000000,1.0,0.0
2004-03-12,2004-03-11,True,False,ANDW,ADCT,ANDW | CMI | MS | PCS | PWER,ANDW:0.2000000000 | CMI:0.2000000000 | MS:0.2000000000 | PCS:0.2000000000 | PWER:0.2000000000,1.0,0.0
2004-03-19,2004-03-18,True,False,AV,CMI,ANDW | AV | MS | PCS | PWER,ANDW:0.2000000000 | AV:0.2000000000 | MS:0.2000000000 | PCS:0.2000000000 | PWER:0.2000000000,1.0,0.0
2004-03-26,2004-03-25,True,False,AWE,PWER,ANDW | AV | AWE | MS | PCS,ANDW:0.2000000000 | AV:0.2000000000 | AWE:0.2000000000 | MS:0.2000000000 | PCS:0.2000000000,1.0,0.0
2004-04-12,2004-04-08,True,False,CFC | TOY,ANDW | AV,AWE | CFC | MS | PCS | TOY,AWE:0.2000000000 | CFC:0.2000000000 | MS:0.2000000000 | PCS:0.2000000000 | TOY:0.2000000000,1.0,0.0
2004-04-19,2004-04-16,True,False,GTW | PHM,MS | TOY,AWE | CFC | GTW | PCS | PHM,AWE:0.2000000000 | CFC:0.2000000000 | GTW:0.2000000000 | PCS:0.2000000000 | PHM:0.2000000000,1.0,0.0
2004-04-23,2004-04-16,False,True,,PCS,AWE | CFC | GTW | PHM,AWE:0.2000000000 | CFC:0.2000000000 | GTW:0.2000000000 | PHM:0.2000000000,0.8,0.2
2004-04-26,2004-04-23,True,False,CMX | LB,CFC,AWE | CMX | GTW | LB | PHM,AWE:0.2000000000 | CMX:0.2000000000 | GTW:0.2000000000 | LB:0.2000000000 | PHM:0.2000000000,1.0,0.0
2004-05-03,2004-04-30,True,False,ATI | LPX,CMX | GTW,ATI | AWE | LB | LPX | PHM,ATI:0.2000000000 | AWE:0.2000000000 | LB:0.2000000000 | LPX:0.2000000000 | PHM:0.2000000000,1.0,0.0
2004-05-10,2004-05-07,True,False,CMI | GTW,LPX | PHM,ATI | AWE | CMI | GTW | LB,ATI:0.2000000000 | AWE:0.2000000000 | CMI:0.2000000000 | GTW:0.2000000000 | LB:0.2000000000,1.0,0.0
2004-05-17,2004-05-14,True,False,AAPL | ANDW,ATI | AWE,AAPL | ANDW | CMI | GTW | LB,AAPL:0.2000000000 | ANDW:0.2000000000 | CMI:0.2000000000 | GTW:0.2000000000 | LB:0.2000000000,1.0,0.0
2004-06-01,2004-05-28,True,False,ACV | TXU,ANDW | GTW,AAPL | ACV | CMI | LB | TXU,AAPL:0.2000000000 | ACV:0.2000000000 | CMI:0.2000000000 | LB:0.2000000000 | TXU:0.2000000000,1.0,0.0
2004-06-08,2004-06-07,True,False,ADBE | DELL | HSP,AAPL | ACV | LB,ADBE | CMI | DELL | HSP | TXU,ADBE:0.2000000000 | CMI:0.2000000000 | DELL:0.2000000000 | HSP:0.2000000000 | TXU:0.2000000000,1.0,0.0
2004-06-16,2004-06-15,True,False,CF | THC,CMI | DELL,ADBE | CF | HSP | THC | TXU,ADBE:0.2000000000 | CF:0.2000000000 | HSP:0.2000000000 | THC:0.2000000000 | TXU:0.2000000000,1.0,0.0
2004-06-23,2004-06-22,True,False,BIIB | RHI,ADBE | THC,BIIB | CF | HSP | RHI | TXU,BIIB:0.2000000000 | CF:0.2000000000 | HSP:0.2000000000 | RHI:0.2000000000 | TXU:0.2000000000,1.0,0.0
2004-06-30,2004-06-29,True,False,TSG,BIIB,CF | HSP | RHI | TSG | TXU,CF:0.2000000000 | HSP:0.2000000000 | RHI:0.2000000000 | TSG:0.2000000000 | TXU:0.2000000000,1.0,0.0
2004-07-08,2004-07-07,True,False,THC,TSG,CF | HSP | RHI | THC | TXU,CF:0.2000000000 | HSP:0.2000000000 | RHI:0.2000000000 | THC:0.2000000000 | TXU:0.2000000000,1.0,0.0
2004-07-22,2004-07-21,True,False,ATI,RHI,ATI | CF | HSP | THC | TXU,ATI:0.2000000000 | CF:0.2000000000 | HSP:0.2000000000 | THC:0.2000000000 | TXU:0.2000000000,1.0,0.0
2004-07-29,2004-07-28,True,False,CFC | DDS,THC | TXU,ATI | CF | CFC | DDS | HSP,ATI:0.2000000000 | CF:0.2000000000 | CFC:0.2000000000 | DDS:0.2000000000 | HSP:0.2000000000,1.0,0.0
2004-08-05,2004-08-04,True,False,SLR,HSP,ATI | CF | CFC | DDS | SLR,ATI:0.2000000000 | CF:0.2000000000 | CFC:0.2000000000 | DDS:0.2000000000 | SLR:0.2000000000,1.0,0.0
2004-08-12,2004-08-11,True,False,AES | X,CF | SLR,AES | ATI | CFC | DDS | X,AES:0.2000000000 | ATI:0.2000000000 | CFC:0.2000000000 | DDS:0.2000000000 | X:0.2000000000,1.0,0.0
2004-08-26,2004-08-25,True,False,MS,AES,ATI | CFC | DDS | MS | X,ATI:0.2000000000 | CFC:0.2000000000 | DDS:0.2000000000 | MS:0.2000000000 | X:0.2000000000,1.0,0.0
2004-09-02,2004-09-01,True,False,GT | NUE,DDS | MS,ATI | CFC | GT | NUE | X,ATI:0.2000000000 | CFC:0.2000000000 | GT:0.2000000000 | NUE:0.2000000000 | X:0.2000000000,1.0,0.0
2004-09-10,2004-09-09,True,False,PD,CFC,ATI | GT | NUE | PD | X,ATI:0.2000000000 | GT:0.2000000000 | NUE:0.2000000000 | PD:0.2000000000 | X:0.2000000000,1.0,0.0
2004-09-24,2004-09-23,True,False,GENZ | HUM | LB | LPX,GT | NUE | PD | X,ATI | GENZ | HUM | LB | LPX,ATI:0.2000000000 | GENZ:0.2000000000 | HUM:0.2000000000 | LB:0.2000000000 | LPX:0.2000000000,1.0,0.0
2004-10-01,2004-09-30,True,False,FCX | GT,ATI | LPX,FCX | GENZ | GT | HUM | LB,FCX:0.2000000000 | GENZ:0.2000000000 | GT:0.2000000000 | HUM:0.2000000000 | LB:0.2000000000,1.0,0.0
2004-10-08,2004-10-07,True,False,PHM | TLAB,FCX | LB,GENZ | GT | HUM | PHM | TLAB,GENZ:0.2000000000 | GT:0.2000000000 | HUM:0.2000000000 | PHM:0.2000000000 | TLAB:0.2000000000,1.0,0.0
2004-10-15,2004-10-14,True,False,ADSK | NTAP | QLGC,GENZ | GT | HUM,ADSK | NTAP | PHM | QLGC | TLAB,ADSK:0.2000000000 | NTAP:0.2000000000 | PHM:0.2000000000 | QLGC:0.2000000000 | TLAB:0.2000000000,1.0,0.0
2004-10-22,2004-10-21,True,False,KBH,TLAB,ADSK | KBH | NTAP | PHM | QLGC,ADSK:0.2000000000 | KBH:0.2000000000 | NTAP:0.2000000000 | PHM:0.2000000000 | QLGC:0.2000000000,1.0,0.0
2004-10-29,2004-10-28,True,False,HSP,PHM,ADSK | HSP | KBH | NTAP | QLGC,ADSK:0.2000000000 | HSP:0.2000000000 | KBH:0.2000000000 | NTAP:0.2000000000 | QLGC:0.2000000000,1.0,0.0
2004-11-05,2004-11-04,True,False,ANDW | NVDA,HSP | KBH,ADSK | ANDW | NTAP | NVDA | QLGC,ADSK:0.2000000000 | ANDW:0.2000000000 | NTAP:0.2000000000 | NVDA:0.2000000000 | QLGC:0.2000000000,1.0,0.0
2004-11-19,2004-11-18,True,False,AAPL | AMD | GTW | Q,ADSK | ANDW | NVDA | QLGC,AAPL | AMD | GTW | NTAP | Q,AAPL:0.2000000000 | AMD:0.2000000000 | GTW:0.2000000000 | NTAP:0.2000000000 | Q:0.2000000000,1.0,0.0
2004-11-29,2004-11-26,True,False,CIEN | CTXS | VRTS,GTW | NTAP | Q,AAPL | AMD | CIEN | CTXS | VRTS,AAPL:0.2000000000 | AMD:0.2000000000 | CIEN:0.2000000000 | CTXS:0.2000000000 | VRTS:0.2000000000,1.0,0.0
2004-12-13,2004-12-10,True,False,ANDW | NVDA,CIEN | VRTS,AAPL | AMD | ANDW | CTXS | NVDA,AAPL:0.2000000000 | AMD:0.2000000000 | ANDW:0.2000000000 | CTXS:0.2000000000 | NVDA:0.2000000000,1.0,0.0
2004-12-20,2004-12-17,True,False,CIEN | VRTS,ANDW | NVDA,AAPL | AMD | CIEN | CTXS | VRTS,AAPL:0.2000000000 | AMD:0.2000000000 | CIEN:0.2000000000 | CTXS:0.2000000000 | VRTS:0.2000000000,1.0,0.0
2005-01-04,2005-01-03,True,False,GTW | LB | PWER,CIEN | CTXS | VRTS,AAPL | AMD | GTW | LB | PWER,AAPL:0.2000000000 | AMD:0.2000000000 | GTW:0.2000000000 | LB:0.2000000000 | PWER:0.2000000000,1.0,0.0
2005-01-11,2005-01-10,True,False,NVDA,GTW,AAPL | AMD | LB | NVDA | PWER,AAPL:0.2000000000 | AMD:0.2000000000 | LB:0.2000000000 | NVDA:0.2000000000 | PWER:0.2000000000,1.0,0.0
2005-01-19,2005-01-18,True,False,ATI,AAPL,AMD | ATI | LB | NVDA | PWER,AMD:0.2000000000 | ATI:0.2000000000 | LB:0.2000000000 | NVDA:0.2000000000 | PWER:0.2000000000,1.0,0.0
2005-01-26,2005-01-25,True,False,GT | S,ATI | PWER,AMD | GT | LB | NVDA | S,AMD:0.2000000000 | GT:0.2000000000 | LB:0.2000000000 | NVDA:0.2000000000 | S:0.2000000000,1.0,0.0
2005-02-02,2005-02-01,True,False,CIEN,AMD,CIEN | GT | LB | NVDA | S,CIEN:0.2000000000 | GT:0.2000000000 | LB:0.2000000000 | NVDA:0.2000000000 | S:0.2000000000,1.0,0.0
2005-02-09,2005-02-08,True,False,AAPL,S,AAPL | CIEN | GT | LB | NVDA,AAPL:0.2000000000 | CIEN:0.2000000000 | GT:0.2000000000 | LB:0.2000000000 | NVDA:0.2000000000,1.0,0.0
2005-02-16,2005-02-15,True,False,NTAP,CIEN,AAPL | GT | LB | NTAP | NVDA,AAPL:0.2000000000 | GT:0.2000000000 | LB:0.2000000000 | NTAP:0.2000000000 | NVDA:0.2000000000,1.0,0.0
2005-02-24,2005-02-23,True,False,CFC | HUM | MS,LB | NTAP | NVDA,AAPL | CFC | GT | HUM | MS,AAPL:0.2000000000 | CFC:0.2000000000 | GT:0.2000000000 | HUM:0.2000000000 | MS:0.2000000000,1.0,0.0
2005-03-03,2005-03-02,True,False,MAY | NVDA,AAPL | CFC,GT | HUM | MAY | MS | NVDA,GT:0.2000000000 | HUM:0.2000000000 | MAY:0.2000000000 | MS:0.2000000000 | NVDA:0.2000000000,1.0,0.0
2005-03-10,2005-03-09,True,False,CPWR | PHM | VLO,GT | MAY | NVDA,CPWR | HUM | MS | PHM | VLO,CPWR:0.2000000000 | HUM:0.2000000000 | MS:0.2000000000 | PHM:0.2000000000 | VLO:0.2000000000,1.0,0.0
2005-03-17,2005-03-16,True,False,AAPL | LSI,HUM | PHM,AAPL | CPWR | LSI | MS | VLO,AAPL:0.2000000000 | CPWR:0.2000000000 | LSI:0.2000000000 | MS:0.2000000000 | VLO:0.2000000000,1.0,0.0
2005-03-24,2005-03-23,True,False,NVDA,CPWR,AAPL | LSI | MS | NVDA | VLO,AAPL:0.2000000000 | LSI:0.2000000000 | MS:0.2000000000 | NVDA:0.2000000000 | VLO:0.2000000000,1.0,0.0
2005-04-01,2005-03-31,True,False,XTO,LSI,AAPL | MS | NVDA | VLO | XTO,AAPL:0.2000000000 | MS:0.2000000000 | NVDA:0.2000000000 | VLO:0.2000000000 | XTO:0.2000000000,1.0,0.0
2005-04-08,2005-04-07,True,False,UCL,NVDA,AAPL | MS | UCL | VLO | XTO,AAPL:0.2000000000 | MS:0.2000000000 | UCL:0.2000000000 | VLO:0.2000000000 | XTO:0.2000000000,1.0,0.0
2005-04-22,2005-04-21,True,False,CPWR | NOV,AAPL | XTO,CPWR | MS | NOV | UCL | VLO,CPWR:0.2000000000 | MS:0.2000000000 | NOV:0.2000000000 | UCL:0.2000000000 | VLO:0.2000000000,1.0,0.0
2005-04-29,2005-04-28,True,False,SDS,CPWR,MS | NOV | SDS | UCL | VLO,MS:0.2000000000 | NOV:0.2000000000 | SDS:0.2000000000 | UCL:0.2000000000 | VLO:0.2000000000,1.0,0.0
2005-05-06,2005-05-05,True,False,LB,UCL,LB | MS | NOV | SDS | VLO,LB:0.2000000000 | MS:0.2000000000 | NOV:0.2000000000 | SDS:0.2000000000 | VLO:0.2000000000,1.0,0.0
2005-05-13,2005-05-12,True,False,PTC,MS,LB | NOV | PTC | SDS | VLO,LB:0.2000000000 | NOV:0.2000000000 | PTC:0.2000000000 | SDS:0.2000000000 | VLO:0.2000000000,1.0,0.0
2005-05-27,2005-05-26,True,False,GLW,VLO,GLW | LB | NOV | PTC | SDS,GLW:0.2000000000 | LB:0.2000000000 | NOV:0.2000000000 | PTC:0.2000000000 | SDS:0.2000000000,1.0,0.0
2005-06-20,2005-06-17,True,False,ADSK,NOV,ADSK | GLW | LB | PTC | SDS,ADSK:0.2000000000 | GLW:0.2000000000 | LB:0.2000000000 | PTC:0.2000000000 | SDS:0.2000000000,1.0,0.0
2005-06-27,2005-06-24,True,False,CIEN | DYN,LB | SDS,ADSK | CIEN | DYN | GLW | PTC,ADSK:0.2000000000 | CIEN:0.2000000000 | DYN:0.2000000000 | GLW:0.2000000000 | PTC:0.2000000000,1.0,0.0
2005-07-05,2005-07-01,True,False,LSI,DYN,ADSK | CIEN | GLW | LSI | PTC,ADSK:0.2000000000 | CIEN:0.2000000000 | GLW:0.2000000000 | LSI:0.2000000000 | PTC:0.2000000000,1.0,0.0
2005-07-12,2005-07-11,True,False,ADCT,ADSK,ADCT | CIEN | GLW | LSI | PTC,ADCT:0.2000000000 | CIEN:0.2000000000 | GLW:0.2000000000 | LSI:0.2000000000 | PTC:0.2000000000,1.0,0.0
2005-07-26,2005-07-25,True,False,MYG,CIEN,ADCT | GLW | LSI | MYG | PTC,ADCT:0.2000000000 | GLW:0.2000000000 | LSI:0.2000000000 | MYG:0.2000000000 | PTC:0.2000000000,1.0,0.0
2005-08-02,2005-08-01,True,False,DYN,GLW,ADCT | DYN | LSI | MYG | PTC,ADCT:0.2000000000 | DYN:0.2000000000 | LSI:0.2000000000 | MYG:0.2000000000 | PTC:0.2000000000,1.0,0.0
2005-08-09,2005-08-08,True,False,SANM,DYN,ADCT | LSI | MYG | PTC | SANM,ADCT:0.2000000000 | LSI:0.2000000000 | MYG:0.2000000000 | PTC:0.2000000000 | SANM:0.2000000000,1.0,0.0
2005-08-16,2005-08-15,True,False,LB,SANM,ADCT | LB | LSI | MYG | PTC,ADCT:0.2000000000 | LB:0.2000000000 | LSI:0.2000000000 | MYG:0.2000000000 | PTC:0.2000000000,1.0,0.0
2005-08-23,2005-08-22,True,False,ATI,MYG,ADCT | ATI | LB | LSI | PTC,ADCT:0.2000000000 | ATI:0.2000000000 | LB:0.2000000000 | LSI:0.2000000000 | PTC:0.2000000000,1.0,0.0
2005-08-30,2005-08-29,True,False,BBY,PTC,ADCT | ATI | BBY | LB | LSI,ADCT:0.2000000000 | ATI:0.2000000000 | BBY:0.2000000000 | LB:0.2000000000 | LSI:0.2000000000,1.0,0.0
2005-09-07,2005-09-06,True,False,RBK,BBY,ADCT | ATI | LB | LSI | RBK,ADCT:0.2000000000 | ATI:0.2000000000 | LB:0.2000000000 | LSI:0.2000000000 | RBK:0.2000000000,1.0,0.0
2005-09-14,2005-09-13,True,False,KG | RHI | VLO,ADCT | LB | LSI,ATI | KG | RBK | RHI | VLO,ATI:0.2000000000 | KG:0.2000000000 | RBK:0.2000000000 | RHI:0.2000000000 | VLO:0.2000000000,1.0,0.0
2005-09-21,2005-09-20,True,False,AV,VLO,ATI | AV | KG | RBK | RHI,ATI:0.2000000000 | AV:0.2000000000 | KG:0.2000000000 | RBK:0.2000000000 | RHI:0.2000000000,1.0,0.0
2005-10-05,2005-10-04,True,False,TER,ATI,AV | KG | RBK | RHI | TER,AV:0.2000000000 | KG:0.2000000000 | RBK:0.2000000000 | RHI:0.2000000000 | TER:0.2000000000,1.0,0.0
2005-10-12,2005-10-11,True,False,AAPL | VLO,AV | RHI,AAPL | KG | RBK | TER | VLO,AAPL:0.2000000000 | KG:0.2000000000 | RBK:0.2000000000 | TER:0.2000000000 | VLO:0.2000000000,1.0,0.0
2005-10-19,2005-10-18,True,False,BR | NOV,AAPL | TER,BR | KG | NOV | RBK | VLO,BR:0.2000000000 | KG:0.2000000000 | NOV:0.2000000000 | RBK:0.2000000000 | VLO:0.2000000000,1.0,0.0
2005-11-02,2005-11-01,True,False,EOG | TXU,NOV | RBK,BR | EOG | KG | TXU | VLO,BR:0.2000000000 | EOG:0.2000000000 | KG:0.2000000000 | TXU:0.2000000000 | VLO:0.2000000000,1.0,0.0
2005-11-09,2005-11-08,True,False,CIEN | CVH | NOVL,BR | EOG | TXU,CIEN | CVH | KG | NOVL | VLO,CIEN:0.2000000000 | CVH:0.2000000000 | KG:0.2000000000 | NOVL:0.2000000000 | VLO:0.2000000000,1.0,0.0
2005-11-16,2005-11-15,True,False,SUN,KG,CIEN | CVH | NOVL | SUN | VLO,CIEN:0.2000000000 | CVH:0.2000000000 | NOVL:0.2000000000 | SUN:0.2000000000 | VLO:0.2000000000,1.0,0.0
2005-11-23,2005-11-22,True,False,AAPL | CHIR | PD,CVH | SUN | VLO,AAPL | CHIR | CIEN | NOVL | PD,AAPL:0.2000000000 | CHIR:0.2000000000 | CIEN:0.2000000000 | NOVL:0.2000000000 | PD:0.2000000000,1.0,0.0
2005-12-01,2005-11-30,True,False,ABS | ADBE | ESRX,CIEN | NOVL | PD,AAPL | ABS | ADBE | CHIR | ESRX,AAPL:0.2000000000 | ABS:0.2000000000 | ADBE:0.2000000000 | CHIR:0.2000000000 | ESRX:0.2000000000,1.0,0.0
2005-12-08,2005-12-07,True,False,CIEN | GTW,ABS | CHIR,AAPL | ADBE | CIEN | ESRX | GTW,AAPL:0.2000000000 | ADBE:0.2000000000 | CIEN:0.2000000000 | ESRX:0.2000000000 | GTW:0.2000000000,1.0,0.0
2005-12-22,2005-12-21,True,False,AV | PTC,ADBE | GTW,AAPL | AV | CIEN | ESRX | PTC,AAPL:0.2000000000 | AV:0.2000000000 | CIEN:0.2000000000 | ESRX:0.2000000000 | PTC:0.2000000000,1.0,0.0
2005-12-30,2005-12-29,True,False,NTAP,CIEN,AAPL | AV | ESRX | NTAP | PTC,AAPL:0.2000000000 | AV:0.2000000000 | ESRX:0.2000000000 | NTAP:0.2000000000 | PTC:0.2000000000,1.0,0.0
2006-01-09,2006-01-06,True,False,SBL | X,AV | NTAP,AAPL | ESRX | PTC | SBL | X,AAPL:0.2000000000 | ESRX:0.2000000000 | PTC:0.2000000000 | SBL:0.2000000000 | X:0.2000000000,1.0,0.0
2006-01-24,2006-01-23,True,False,AMD,AAPL,AMD | ESRX | PTC | SBL | X,AMD:0.2000000000 | ESRX:0.2000000000 | PTC:0.2000000000 | SBL:0.2000000000 | X:0.2000000000,1.0,0.0
2006-01-31,2006-01-30,True,False,ADCT,ESRX,ADCT | AMD | PTC | SBL | X,ADCT:0.2000000000 | AMD:0.2000000000 | PTC:0.2000000000 | SBL:0.2000000000 | X:0.2000000000,1.0,0.0
2006-02-07,2006-02-06,True,False,ATI,PTC,ADCT | AMD | ATI | SBL | X,ADCT:0.2000000000 | AMD:0.2000000000 | ATI:0.2000000000 | SBL:0.2000000000 | X:0.2000000000,1.0,0.0
2006-02-22,2006-02-21,True,False,MS,SBL,ADCT | AMD | ATI | MS | X,ADCT:0.2000000000 | AMD:0.2000000000 | ATI:0.2000000000 | MS:0.2000000000 | X:0.2000000000,1.0,0.0
2006-03-01,2006-02-28,True,False,BRCM,ADCT,AMD | ATI | BRCM | MS | X,AMD:0.2000000000 | ATI:0.2000000000 | BRCM:0.2000000000 | MS:0.2000000000 | X:0.2000000000,1.0,0.0
2006-03-08,2006-03-07,True,False,CIEN,X,AMD | ATI | BRCM | CIEN | MS,AMD:0.2000000000 | ATI:0.2000000000 | BRCM:0.2000000000 | CIEN:0.2000000000 | MS:0.2000000000,1.0,0.0
2006-03-29,2006-03-28,True,False,TLAB,BRCM,AMD | ATI | CIEN | MS | TLAB,AMD:0.2000000000 | ATI:0.2000000000 | CIEN:0.2000000000 | MS:0.2000000000 | TLAB:0.2000000000,1.0,0.0
2006-04-05,2006-04-04,True,False,PMCS,TLAB,AMD | ATI | CIEN | MS | PMCS,AMD:0.2000000000 | ATI:0.2000000000 | CIEN:0.2000000000 | MS:0.2000000000 | PMCS:0.2000000000,1.0,0.0
2006-04-12,2006-04-11,True,False,AMCC,AMD,AMCC | ATI | CIEN | MS | PMCS,AMCC:0.2000000000 | ATI:0.2000000000 | CIEN:0.2000000000 | MS:0.2000000000 | PMCS:0.2000000000,1.0,0.0
2006-04-20,2006-04-19,True,False,TLAB,MS,AMCC | ATI | CIEN | PMCS | TLAB,AMCC:0.2000000000 | ATI:0.2000000000 | CIEN:0.2000000000 | PMCS:0.2000000000 | TLAB:0.2000000000,1.0,0.0
2006-05-11,2006-05-10,True,False,MSI | NUE | THC,AMCC | CIEN | TLAB,ATI | MSI | NUE | PMCS | THC,ATI:0.2000000000 | MSI:0.2000000000 | NUE:0.2000000000 | PMCS:0.2000000000 | THC:0.2000000000,1.0,0.0
2006-05-18,2006-05-17,True,False,FCX,MSI,ATI | FCX | NUE | PMCS | THC,ATI:0.2000000000 | FCX:0.2000000000 | NUE:0.2000000000 | PMCS:0.2000000000 | THC:0.2000000000,1.0,0.0
2006-05-25,2006-05-24,True,False,NVDA,THC,ATI | FCX | NUE | NVDA | PMCS,ATI:0.2000000000 | FCX:0.2000000000 | NUE:0.2000000000 | NVDA:0.2000000000 | PMCS:0.2000000000,1.0,0.0
2006-06-02,2006-06-01,True,False,SANM,PMCS,ATI | FCX | NUE | NVDA | SANM,ATI:0.2000000000 | FCX:0.2000000000 | NUE:0.2000000000 | NVDA:0.2000000000 | SANM:0.2000000000,1.0,0.0
2006-06-09,2006-06-08,True,False,OMX,NVDA,ATI | FCX | NUE | OMX | SANM,ATI:0.2000000000 | FCX:0.2000000000 | NUE:0.2000000000 | OMX:0.2000000000 | SANM:0.2000000000,1.0,0.0
2006-06-23,2006-06-22,True,False,ADM | PD | WFT,FCX | NUE | SANM,ADM | ATI | OMX | PD | WFT,ADM:0.2000000000 | ATI:0.2000000000 | OMX:0.2000000000 | PD:0.2000000000 | WFT:0.2000000000,1.0,0.0
2006-06-30,2006-06-29,True,False,CNX | SANM,ATI | PD,ADM | CNX | OMX | SANM | WFT,ADM:0.2000000000 | CNX:0.2000000000 | OMX:0.2000000000 | SANM:0.2000000000 | WFT:0.2000000000,1.0,0.0
2006-07-10,2006-07-07,True,False,SHLD | TXU,CNX | WFT,ADM | OMX | SANM | SHLD | TXU,ADM:0.2000000000 | OMX:0.2000000000 | SANM:0.2000000000 | SHLD:0.2000000000 | TXU:0.2000000000,1.0,0.0
2006-07-17,2006-07-14,True,False,EP,ADM,EP | OMX | SANM | SHLD | TXU,EP:0.2000000000 | OMX:0.2000000000 | SANM:0.2000000000 | SHLD:0.2000000000 | TXU:0.2000000000,1.0,0.0
2006-07-31,2006-07-28,True,False,ADM | KMG,OMX | SANM,ADM | EP | KMG | SHLD | TXU,ADM:0.2000000000 | EP:0.2000000000 | KMG:0.2000000000 | SHLD:0.2000000000 | TXU:0.2000000000,1.0,0.0
2006-08-07,2006-08-04,True,False,BOL | CIEN | HUM | Q,ADM | EP | SHLD | TXU,BOL | CIEN | HUM | KMG | Q,BOL:0.2000000000 | CIEN:0.2000000000 | HUM:0.2000000000 | KMG:0.2000000000 | Q:0.2000000000,1.0,0.0
2006-08-11,2006-08-04,False,True,,KMG,BOL | CIEN | HUM | Q,BOL:0.2000000000 | CIEN:0.2000000000 | HUM:0.2000000000 | Q:0.2000000000,0.8,0.2
2006-08-14,2006-08-11,True,False,CI | GENZ,CIEN,BOL | CI | GENZ | HUM | Q,BOL:0.2000000000 | CI:0.2000000000 | GENZ:0.2000000000 | HUM:0.2000000000 | Q:0.2000000000,1.0,0.0
2006-08-21,2006-08-18,True,False,KMI | TXU | WIN,BOL | CI | GENZ,HUM | KMI | Q | TXU | WIN,HUM:0.2000000000 | KMI:0.2000000000 | Q:0.2000000000 | TXU:0.2000000000 | WIN:0.2000000000,1.0,0.0
2006-08-28,2006-08-25,True,False,FRX | MRO,HUM | TXU,FRX | KMI | MRO | Q | WIN,FRX:0.2000000000 | KMI:0.2000000000 | MRO:0.2000000000 | Q:0.2000000000 | WIN:0.2000000000,1.0,0.0
2006-09-05,2006-09-01,True,False,AAPL | XTO,KMI | MRO,AAPL | FRX | Q | WIN | XTO,AAPL:0.2000000000 | FRX:0.2000000000 | Q:0.2000000000 | WIN:0.2000000000 | XTO:0.2000000000,1.0,0.0
2006-09-12,2006-09-11,True,False,DVN | NVDA,AAPL | Q,DVN | FRX | NVDA | WIN | XTO,DVN:0.2000000000 | FRX:0.2000000000 | NVDA:0.2000000000 | WIN:0.2000000000 | XTO:0.2000000000,1.0,0.0
2006-09-19,2006-09-18,True,False,F | SUN,DVN | XTO,F | FRX | NVDA | SUN | WIN,F:0.2000000000 | FRX:0.2000000000 | NVDA:0.2000000000 | SUN:0.2000000000 | WIN:0.2000000000,1.0,0.0
2006-10-03,2006-10-02,True,False,AAPL,SUN,AAPL | F | FRX | NVDA | WIN,AAPL:0.2000000000 | F:0.2000000000 | FRX:0.2000000000 | NVDA:0.2000000000 | WIN:0.2000000000,1.0,0.0
2006-10-17,2006-10-16,True,False,FSL | SNDK,FRX | WIN,AAPL | F | FSL | NVDA | SNDK,AAPL:0.2000000000 | F:0.2000000000 | FSL:0.2000000000 | NVDA:0.2000000000 | SNDK:0.2000000000,1.0,0.0
2006-10-24,2006-10-23,True,False,AMD | SBL | THC,AAPL | F | SNDK,AMD | FSL | NVDA | SBL | THC,AMD:0.2000000000 | FSL:0.2000000000 | NVDA:0.2000000000 | SBL:0.2000000000 | THC:0.2000000000,1.0,0.0
2006-11-07,2006-11-06,True,False,GLW,AMD,FSL | GLW | NVDA | SBL | THC,FSL:0.2000000000 | GLW:0.2000000000 | NVDA:0.2000000000 | SBL:0.2000000000 | THC:0.2000000000,1.0,0.0
2006-11-14,2006-11-13,True,False,APCC,THC,APCC | FSL | GLW | NVDA | SBL,APCC:0.2000000000 | FSL:0.2000000000 | GLW:0.2000000000 | NVDA:0.2000000000 | SBL:0.2000000000,1.0,0.0
2006-11-21,2006-11-20,True,False,ATI,GLW,APCC | ATI | FSL | NVDA | SBL,APCC:0.2000000000 | ATI:0.2000000000 | FSL:0.2000000000 | NVDA:0.2000000000 | SBL:0.2000000000,1.0,0.0
2006-11-29,2006-11-28,True,False,AMZN | CIEN,NVDA | SBL,AMZN | APCC | ATI | CIEN | FSL,AMZN:0.2000000000 | APCC:0.2000000000 | ATI:0.2000000000 | CIEN:0.2000000000 | FSL:0.2000000000,1.0,0.0
2006-12-04,2006-11-28,False,True,,FSL,AMZN | APCC | ATI | CIEN,AMZN:0.2000000000 | APCC:0.2000000000 | ATI:0.2000000000 | CIEN:0.2000000000,0.8,0.2
2006-12-06,2006-12-05,True,False,LB,,AMZN | APCC | ATI | CIEN | LB,AMZN:0.2000000000 | APCC:0.2000000000 | ATI:0.2000000000 | CIEN:0.2000000000 | LB:0.2000000000,1.0,0.0
2007-01-08,2007-01-05,True,False,MSI | PD,AMZN | LB,APCC | ATI | CIEN | MSI | PD,APCC:0.2000000000 | ATI:0.2000000000 | CIEN:0.2000000000 | MSI:0.2000000000 | PD:0.2000000000,1.0,0.0
2007-01-23,2007-01-22,True,False,GT,ATI,APCC | CIEN | GT | MSI | PD,APCC:0.2000000000 | CIEN:0.2000000000 | GT:0.2000000000 | MSI:0.2000000000 | PD:0.2000000000,1.0,0.0
2007-02-06,2007-02-05,True,False,H,APCC,CIEN | GT | H | MSI | PD,CIEN:0.2000000000 | GT:0.2000000000 | H:0.2000000000 | MSI:0.2000000000 | PD:0.2000000000,1.0,0.0
2007-02-13,2007-02-12,True,False,DG,H,CIEN | DG | GT | MSI | PD,CIEN:0.2000000000 | DG:0.2000000000 | GT:0.2000000000 | MSI:0.2000000000 | PD:0.2000000000,1.0,0.0
2007-02-28,2007-02-27,True,False,ATI | CMX | MHS,CIEN | DG | PD,ATI | CMX | GT | MHS | MSI,ATI:0.2000000000 | CMX:0.2000000000 | GT:0.2000000000 | MHS:0.2000000000 | MSI:0.2000000000,1.0,0.0
2007-03-07,2007-03-06,True,False,CHRW,ATI,CHRW | CMX | GT | MHS | MSI,CHRW:0.2000000000 | CMX:0.2000000000 | GT:0.2000000000 | MHS:0.2000000000 | MSI:0.2000000000,1.0,0.0
2007-03-14,2007-03-13,True,False,APOL,MHS,APOL | CHRW | CMX | GT | MSI,APOL:0.2000000000 | CHRW:0.2000000000 | CMX:0.2000000000 | GT:0.2000000000 | MSI:0.2000000000,1.0,0.0
2007-03-23,2007-03-20,False,True,,CMX,APOL | CHRW | GT | MSI,APOL:0.2000000000 | CHRW:0.2000000000 | GT:0.2000000000 | MSI:0.2000000000,0.8,0.2
2007-03-28,2007-03-27,True,False,X,,APOL | CHRW | GT | MSI | X,APOL:0.2000000000 | CHRW:0.2000000000 | GT:0.2000000000 | MSI:0.2000000000 | X:0.2000000000,1.0,0.0
2007-04-12,2007-04-11,True,False,DG | DYN | NOV,APOL | CHRW | GT,DG | DYN | MSI | NOV | X,DG:0.2000000000 | DYN:0.2000000000 | MSI:0.2000000000 | NOV:0.2000000000 | X:0.2000000000,1.0,0.0
2007-04-19,2007-04-18,True,False,BIG,MSI,BIG | DG | DYN | NOV | X,BIG:0.2000000000 | DG:0.2000000000 | DYN:0.2000000000 | NOV:0.2000000000 | X:0.2000000000,1.0,0.0
2007-05-10,2007-05-09,True,False,GT,X,BIG | DG | DYN | GT | NOV,BIG:0.2000000000 | DG:0.2000000000 | DYN:0.2000000000 | GT:0.2000000000 | NOV:0.2000000000,1.0,0.0
2007-05-17,2007-05-16,True,False,MEDI,NOV,BIG | DG | DYN | GT | MEDI,BIG:0.2000000000 | DG:0.2000000000 | DYN:0.2000000000 | GT:0.2000000000 | MEDI:0.2000000000,1.0,0.0
2007-06-01,2007-05-31,True,True,AMZN,DYN | MEDI,AMZN | BIG | DG | GT,AMZN:0.2000000000 | BIG:0.2000000000 | DG:0.2000000000 | GT:0.2000000000,0.8,0.2
2007-06-08,2007-06-07,True,False,DJ | FDC,GT,AMZN | BIG | DG | DJ | FDC,AMZN:0.2000000000 | BIG:0.2000000000 | DG:0.2000000000 | DJ:0.2000000000 | FDC:0.2000000000,1.0,0.0
2007-06-15,2007-06-14,True,False,CMI | SLM,BIG | DG,AMZN | CMI | DJ | FDC | SLM,AMZN:0.2000000000 | CMI:0.2000000000 | DJ:0.2000000000 | FDC:0.2000000000 | SLM:0.2000000000,1.0,0.0
2007-06-22,2007-06-21,True,False,JNPR,CMI,AMZN | DJ | FDC | JNPR | SLM,AMZN:0.2000000000 | DJ:0.2000000000 | FDC:0.2000000000 | JNPR:0.2000000000 | SLM:0.2000000000,1.0,0.0
2007-06-29,2007-06-28,True,False,AV | CNX,FDC | JNPR,AMZN | AV | CNX | DJ | SLM,AMZN:0.2000000000 | AV:0.2000000000 | CNX:0.2000000000 | DJ:0.2000000000 | SLM:0.2000000000,1.0,0.0
2007-07-09,2007-07-06,True,False,BOL,CNX,AMZN | AV | BOL | DJ | SLM,AMZN:0.2000000000 | AV:0.2000000000 | BOL:0.2000000000 | DJ:0.2000000000 | SLM:0.2000000000,1.0,0.0
2007-07-23,2007-07-20,True,False,CMI,SLM,AMZN | AV | BOL | CMI | DJ,AMZN:0.2000000000 | AV:0.2000000000 | BOL:0.2000000000 | CMI:0.2000000000 | DJ:0.2000000000,1.0,0.0
2007-07-30,2007-07-27,True,False,CPWR | NVDA,AMZN | CMI,AV | BOL | CPWR | DJ | NVDA,AV:0.2000000000 | BOL:0.2000000000 | CPWR:0.2000000000 | DJ:0.2000000000 | NVDA:0.2000000000,1.0,0.0
2007-08-06,2007-08-03,True,False,COV | DFS | HLT,AV | CPWR | DJ,BOL | COV | DFS | HLT | NVDA,BOL:0.2000000000 | COV:0.2000000000 | DFS:0.2000000000 | HLT:0.2000000000 | NVDA:0.2000000000,1.0,0.0
2007-08-13,2007-08-10,True,False,MSI,BOL,COV | DFS | HLT | MSI | NVDA,COV:0.2000000000 | DFS:0.2000000000 | HLT:0.2000000000 | MSI:0.2000000000 | NVDA:0.2000000000,1.0,0.0
2007-08-27,2007-08-24,True,False,CMI,MSI,CMI | COV | DFS | HLT | NVDA,CMI:0.2000000000 | COV:0.2000000000 | DFS:0.2000000000 | HLT:0.2000000000 | NVDA:0.2000000000,1.0,0.0
2007-10-02,2007-10-01,True,False,HCR | JNPR,COV | DFS,CMI | HCR | HLT | JNPR | NVDA,CMI:0.2000000000 | HCR:0.2000000000 | HLT:0.2000000000 | JNPR:0.2000000000 | NVDA:0.2000000000,1.0,0.0
2007-10-09,2007-10-08,True,False,AMZN | NOV | WFT,CMI | HCR | HLT,AMZN | JNPR | NOV | NVDA | WFT,AMZN:0.2000000000 | JNPR:0.2000000000 | NOV:0.2000000000 | NVDA:0.2000000000 | WFT:0.2000000000,1.0,0.0
2007-10-16,2007-10-15,True,False,BIIB,NVDA,AMZN | BIIB | JNPR | NOV | WFT,AMZN:0.2000000000 | BIIB:0.2000000000 | JNPR:0.2000000000 | NOV:0.2000000000 | WFT:0.2000000000,1.0,0.0
2007-10-30,2007-10-29,True,False,CI,BIIB,AMZN | CI | JNPR | NOV | WFT,AMZN:0.2000000000 | CI:0.2000000000 | JNPR:0.2000000000 | NOV:0.2000000000 | WFT:0.2000000000,1.0,0.0
2007-11-06,2007-11-05,True,False,CIEN | FCX | LSI | NVDA,AMZN | CI | JNPR | WFT,CIEN | FCX | LSI | NOV | NVDA,CIEN:0.2000000000 | FCX:0.2000000000 | LSI:0.2000000000 | NOV:0.2000000000 | NVDA:0.2000000000,1.0,0.0
2007-11-13,2007-11-12,True,False,AAPL | GS | MBI,CIEN | LSI | NVDA,AAPL | FCX | GS | MBI | NOV,AAPL:0.2000000000 | FCX:0.2000000000 | GS:0.2000000000 | MBI:0.2000000000 | NOV:0.2000000000,1.0,0.0
2007-11-20,2007-11-19,True,False,BIIB | JEC,GS | MBI,AAPL | BIIB | FCX | JEC | NOV,AAPL:0.2000000000 | BIIB:0.2000000000 | FCX:0.2000000000 | JEC:0.2000000000 | NOV:0.2000000000,1.0,0.0
2007-11-28,2007-11-27,True,False,CNX | CPWR,BIIB | NOV,AAPL | CNX | CPWR | FCX | JEC,AAPL:0.2000000000 | CNX:0.2000000000 | CPWR:0.2000000000 | FCX:0.2000000000 | JEC:0.2000000000,1.0,0.0
2007-12-05,2007-12-04,True,False,APOL,JEC,AAPL | APOL | CNX | CPWR | FCX,AAPL:0.2000000000 | APOL:0.2000000000 | CNX:0.2000000000 | CPWR:0.2000000000 | FCX:0.2000000000,1.0,0.0
2007-12-12,2007-12-11,True,False,JNS,CPWR,AAPL | APOL | CNX | FCX | JNS,AAPL:0.2000000000 | APOL:0.2000000000 | CNX:0.2000000000 | FCX:0.2000000000 | JNS:0.2000000000,1.0,0.0
2007-12-19,2007-12-18,True,False,ICE | THC,CNX | FCX,AAPL | APOL | ICE | JNS | THC,AAPL:0.2000000000 | APOL:0.2000000000 | ICE:0.2000000000 | JNS:0.2000000000 | THC:0.2000000000,1.0,0.0
2007-12-27,2007-12-26,True,False,AKAM | CNX,ICE | JNS,AAPL | AKAM | APOL | CNX | THC,AAPL:0.2000000000 | AKAM:0.2000000000 | APOL:0.2000000000 | CNX:0.2000000000 | THC:0.2000000000,1.0,0.0
2008-01-04,2008-01-03,True,False,TT,AAPL,AKAM | APOL | CNX | THC | TT,AKAM:0.2000000000 | APOL:0.2000000000 | CNX:0.2000000000 | THC:0.2000000000 | TT:0.2000000000,1.0,0.0
2008-01-11,2008-01-10,True,False,MON,AKAM,APOL | CNX | MON | THC | TT,APOL:0.2000000000 | CNX:0.2000000000 | MON:0.2000000000 | THC:0.2000000000 | TT:0.2000000000,1.0,0.0
2008-01-18,2008-01-17,True,False,,,APOL | CNX | MON | THC | TT,APOL:0.1000000000 | CNX:0.1000000000 | MON:0.1000000000 | THC:0.1000000000 | TT:0.1000000000,0.5,0.5
2008-01-28,2008-01-25,True,False,HES,APOL,CNX | HES | MON | THC | TT,CNX:0.1000000000 | HES:0.1000000000 | MON:0.1000000000 | THC:0.1000000000 | TT:0.1000000000,0.5,0.5
2008-03-04,2008-03-03,True,False,JAVA | PHM,MON | THC,CNX | HES | JAVA | PHM | TT,CNX:0.1000000000 | HES:0.1000000000 | JAVA:0.1000000000 | PHM:0.1000000000 | TT:0.1000000000,0.5,0.5
2008-03-18,2008-03-17,True,False,ETFC | RRC,HES | JAVA,CNX | ETFC | PHM | RRC | TT,CNX:0.1000000000 | ETFC:0.1000000000 | PHM:0.1000000000 | RRC:0.1000000000 | TT:0.1000000000,0.5,0.5
2008-03-26,2008-03-25,True,False,DHI | WM,CNX | TT,DHI | ETFC | PHM | RRC | WM,DHI:0.1000000000 | ETFC:0.1000000000 | PHM:0.1000000000 | RRC:0.1000000000 | WM:0.1000000000,0.5,0.5
2008-04-02,2008-04-01,True,False,KBH,DHI,ETFC | KBH | PHM | RRC | WM,ETFC:0.1000000000 | KBH:0.1000000000 | PHM:0.1000000000 | RRC:0.1000000000 | WM:0.1000000000,0.5,0.5
2008-04-09,2008-04-08,True,False,BIG | DHI,RRC | WM,BIG | DHI | ETFC | KBH | PHM,BIG:0.1000000000 | DHI:0.1000000000 | ETFC:0.1000000000 | KBH:0.1000000000 | PHM:0.1000000000,0.5,0.5
2008-04-16,2008-04-15,True,False,DRI,ETFC,BIG | DHI | DRI | KBH | PHM,BIG:0.1000000000 | DHI:0.1000000000 | DRI:0.1000000000 | KBH:0.1000000000 | PHM:0.1000000000,0.5,0.5
2008-04-30,2008-04-29,True,False,RRC | THC | X,DHI | KBH | PHM,BIG | DRI | RRC | THC | X,BIG:0.1000000000 | DRI:0.1000000000 | RRC:0.1000000000 | THC:0.1000000000 | X:0.1000000000,0.5,0.5
2008-05-07,2008-05-06,True,False,CIEN,THC,BIG | CIEN | DRI | RRC | X,BIG:0.1000000000 | CIEN:0.1000000000 | DRI:0.1000000000 | RRC:0.1000000000 | X:0.1000000000,0.5,0.5
2008-05-14,2008-05-13,True,False,FLR | THC,DRI | RRC,BIG | CIEN | FLR | THC | X,BIG:0.1000000000 | CIEN:0.1000000000 | FLR:0.1000000000 | THC:0.1000000000 | X:0.1000000000,0.5,0.5
2008-05-29,2008-05-28,True,False,SAF,FLR,BIG | CIEN | SAF | THC | X,BIG:0.1000000000 | CIEN:0.1000000000 | SAF:0.1000000000 | THC:0.1000000000 | X:0.1000000000,0.5,0.5
2008-06-05,2008-06-04,True,False,BRCM | CMI,CIEN | THC,BIG | BRCM | CMI | SAF | X,BIG:0.1000000000 | BRCM:0.1000000000 | CMI:0.1000000000 | SAF:0.1000000000 | X:0.1000000000,0.5,0.5
2008-06-12,2008-06-11,True,False,S,CMI,BIG | BRCM | S | SAF | X,BIG:0.1000000000 | BRCM:0.1000000000 | S:0.1000000000 | SAF:0.1000000000 | X:0.1000000000,0.5,0.5
2008-06-19,2008-06-18,True,False,CNX,BIG,BRCM | CNX | S | SAF | X,BRCM:0.1000000000 | CNX:0.1000000000 | S:0.1000000000 | SAF:0.1000000000 | X:0.1000000000,0.5,0.5
2008-06-26,2008-06-25,True,False,MEE | SLM,S | X,BRCM | CNX | MEE | SAF | SLM,BRCM:0.1000000000 | CNX:0.1000000000 | MEE:0.1000000000 | SAF:0.1000000000 | SLM:0.1000000000,0.5,0.5
2008-07-03,2008-07-02,True,False,S,SLM,BRCM | CNX | MEE | S | SAF,BRCM:0.1000000000 | CNX:0.1000000000 | MEE:0.1000000000 | S:0.1000000000 | SAF:0.1000000000,0.5,0.5
2008-07-11,2008-07-10,True,False,BIG,BRCM,BIG | CNX | MEE | S | SAF,BIG:0.1000000000 | CNX:0.1000000000 | MEE:0.1000000000 | S:0.1000000000 | SAF:0.1000000000,0.5,0.5
2008-07-25,2008-07-24,True,False,JBL | L,S | SAF,BIG | CNX | JBL | L | MEE,BIG:0.1000000000 | CNX:0.1000000000 | JBL:0.1000000000 | L:0.1000000000 | MEE:0.1000000000,0.5,0.5
2008-08-01,2008-07-31,True,False,NOV,BIG,CNX | JBL | L | MEE | NOV,CNX:0.1000000000 | JBL:0.1000000000 | L:0.1000000000 | MEE:0.1000000000 | NOV:0.1000000000,0.5,0.5
2008-08-08,2008-08-07,True,False,APOL | BIG,CNX | NOV,APOL | BIG | JBL | L | MEE,APOL:0.1000000000 | BIG:0.1000000000 | JBL:0.1000000000 | L:0.1000000000 | MEE:0.1000000000,0.5,0.5
2008-08-15,2008-08-14,True,False,ROH,BIG,APOL | JBL | L | MEE | ROH,APOL:0.1000000000 | JBL:0.1000000000 | L:0.1000000000 | MEE:0.1000000000 | ROH:0.1000000000,0.5,0.5
2008-08-22,2008-08-21,True,False,BRL,MEE,APOL | BRL | JBL | L | ROH,APOL:0.1000000000 | BRL:0.1000000000 | JBL:0.1000000000 | L:0.1000000000 | ROH:0.1000000000,0.5,0.5
2008-09-22,2008-09-19,True,False,FTR,JBL,APOL | BRL | FTR | L | ROH,APOL:0.1000000000 | BRL:0.1000000000 | FTR:0.1000000000 | L:0.1000000000 | ROH:0.1000000000,0.5,0.5
2008-09-29,2008-09-26,True,False,MBI,L,APOL | BRL | FTR | MBI | ROH,APOL:0.1000000000 | BRL:0.1000000000 | FTR:0.1000000000 | MBI:0.1000000000 | ROH:0.1000000000,0.5,0.5
2008-10-06,2008-10-03,True,False,FHN | MTG,APOL | BRL,FHN | FTR | MBI | MTG | ROH,FHN:0.1000000000 | FTR:0.1000000000 | MBI:0.1000000000 | MTG:0.1000000000 | ROH:0.1000000000,0.5,0.5
2008-10-13,2008-10-10,True,False,HBAN,ROH,FHN | FTR | HBAN | MBI | MTG,FHN:0.1000000000 | FTR:0.1000000000 | HBAN:0.1000000000 | MBI:0.1000000000 | MTG:0.1000000000,0.5,0.5
2008-10-31,2008-10-24,False,True,,MTG,FHN | FTR | HBAN | MBI,FHN:0.1000000000 | FTR:0.1000000000 | HBAN:0.1000000000 | MBI:0.1000000000,0.4,0.6
2008-11-03,2008-10-31,True,False,SNDK | ZION,FTR,FHN | HBAN | MBI | SNDK | ZION,FHN:0.1000000000 | HBAN:0.1000000000 | MBI:0.1000000000 | SNDK:0.1000000000 | ZION:0.1000000000,0.5,0.5
2008-11-10,2008-11-07,True,False,CME | UST,FHN | HBAN | MBI | SNDK | ZION,CME | UST,CME:0.1000000000 | UST:0.1000000000,0.2,0.8
2008-11-17,2008-11-14,True,False,HBAN | MI | RF | ZION,UST,CME | HBAN | MI | RF | ZION,CME:0.1000000000 | HBAN:0.1000000000 | MI:0.1000000000 | RF:0.1000000000 | ZION:0.1000000000,0.5,0.5
2008-11-24,2008-11-21,True,False,FHN,CME,FHN | HBAN | MI | RF | ZION,FHN:0.1000000000 | HBAN:0.1000000000 | MI:0.1000000000 | RF:0.1000000000 | ZION:0.1000000000,0.5,0.5
2008-12-02,2008-12-01,True,False,BBT | MU,FHN | RF,BBT | HBAN | MI | MU | ZION,BBT:0.1000000000 | HBAN:0.1000000000 | MI:0.1000000000 | MU:0.1000000000 | ZION:0.1000000000,0.5,0.5
2008-12-09,2008-12-08,True,False,APOL | SWN,BBT | MI | MU,APOL | HBAN | SWN | ZION,APOL:0.1000000000 | HBAN:0.1000000000 | SWN:0.1000000000 | ZION:0.1000000000,0.4,0.6
2008-12-16,2008-12-15,True,False,ADM | FDO | ROH,HBAN | ZION,ADM | APOL | FDO | ROH | SWN,ADM:0.1000000000 | APOL:0.1000000000 | FDO:0.1000000000 | ROH:0.1000000000 | SWN:0.1000000000,0.5,0.5
2008-12-23,2008-12-22,True,False,UST,ADM | FDO | ROH | SWN,APOL | UST,APOL:0.1000000000 | UST:0.1000000000,0.2,0.8
2008-12-31,2008-12-30,True,False,FHN | NCC | RF | SWN | WB,APOL | UST,FHN | NCC | RF | SWN | WB,FHN:0.1000000000 | NCC:0.1000000000 | RF:0.1000000000 | SWN:0.1000000000 | WB:0.1000000000,0.5,0.5
2009-01-02,2008-12-30,False,True,,NCC | WB,FHN | RF | SWN,FHN:0.1000000000 | RF:0.1000000000 | SWN:0.1000000000,0.3,0.7
2009-01-08,2009-01-07,True,False,ADM | BK | NUE | SUN,RF | SWN,ADM | BK | FHN | NUE | SUN,ADM:0.1000000000 | BK:0.1000000000 | FHN:0.1000000000 | NUE:0.1000000000 | SUN:0.1000000000,0.5,0.5
2009-01-15,2009-01-14,True,False,F | STR,BK | FHN,ADM | F | NUE | STR | SUN,ADM:0.1000000000 | F:0.1000000000 | NUE:0.1000000000 | STR:0.1000000000 | SUN:0.1000000000,0.5,0.5
2009-01-23,2009-01-22,True,False,AN,STR,ADM | AN | F | NUE | SUN,ADM:0.1000000000 | AN:0.1000000000 | F:0.1000000000 | NUE:0.1000000000 | SUN:0.1000000000,0.5,0.5
2009-01-30,2009-01-29,True,False,LEN | LM | ODP,ADM | F | NUE,AN | LEN | LM | ODP | SUN,AN:0.1000000000 | LEN:0.1000000000 | LM:0.1000000000 | ODP:0.1000000000 | SUN:0.1000000000,0.5,0.5
2009-02-13,2009-02-12,True,False,GNW | PLD | SLM,LEN | LM | SUN,AN | GNW | ODP | PLD | SLM,AN:0.1000000000 | GNW:0.1000000000 | ODP:0.1000000000 | PLD:0.1000000000 | SLM:0.1000000000,0.5,0.5
2009-02-23,2009-02-20,True,False,HIG | SNDK,AN | ODP,GNW | HIG | PLD | SLM | SNDK,GNW:0.1000000000 | HIG:0.1000000000 | PLD:0.1000000000 | SLM:0.1000000000 | SNDK:0.1000000000,0.5,0.5
2009-03-02,2009-02-27,True,False,LNC,SLM,GNW | HIG | LNC | PLD | SNDK,GNW:0.1000000000 | HIG:0.1000000000 | LNC:0.1000000000 | PLD:0.1000000000 | SNDK:0.1000000000,0.5,0.5
2009-03-09,2009-03-06,True,False,MS | MU,LNC | SNDK,GNW | HIG | MS | MU | PLD,GNW:0.1000000000 | HIG:0.1000000000 | MS:0.1000000000 | MU:0.1000000000 | PLD:0.1000000000,0.5,0.5
2009-03-16,2009-03-13,True,False,CI | CVH | GS,GNW | HIG | PLD,CI | CVH | GS | MS | MU,CI:0.1000000000 | CVH:0.1000000000 | GS:0.1000000000 | MS:0.1000000000 | MU:0.1000000000,0.5,0.5
2009-03-23,2009-03-20,True,False,S,GS,CI | CVH | MS | MU | S,CI:0.1000000000 | CVH:0.1000000000 | MS:0.1000000000 | MU:0.1000000000 | S:0.1000000000,0.5,0.5
2009-03-30,2009-03-27,True,False,CF | FCX,CI | CVH,CF | FCX | MS | MU | S,CF:0.1000000000 | FCX:0.1000000000 | MS:0.1000000000 | MU:0.1000000000 | S:0.1000000000,0.5,0.5
2009-04-14,2009-04-13,True,False,DNR,MU,CF | DNR | FCX | MS | S,CF:0.1000000000 | DNR:0.1000000000 | FCX:0.1000000000 | MS:0.1000000000 | S:0.1000000000,0.5,0.5
2009-04-21,2009-04-20,True,False,JAVA,CF,DNR | FCX | JAVA | MS | S,DNR:0.1000000000 | FCX:0.1000000000 | JAVA:0.1000000000 | MS:0.1000000000 | S:0.1000000000,0.5,0.5
2009-04-28,2009-04-27,True,False,DHI | XL,DNR | MS,DHI | FCX | JAVA | S | XL,DHI:0.1000000000 | FCX:0.1000000000 | JAVA:0.1000000000 | S:0.1000000000 | XL:0.1000000000,0.5,0.5
2009-05-12,2009-05-11,True,False,TWX | TXT,DHI | JAVA,FCX | S | TWX | TXT | XL,FCX:0.1000000000 | S:0.1000000000 | TWX:0.1000000000 | TXT:0.1000000000 | XL:0.1000000000,0.5,0.5
2009-05-19,2009-05-18,True,False,FITB | HBAN | STI,FCX | S | TXT,FITB | HBAN | STI | TWX | XL,FITB:0.1000000000 | HBAN:0.1000000000 | STI:0.1000000000 | TWX:0.1000000000 | XL:0.1000000000,0.5,0.5
2009-05-27,2009-05-26,True,False,AIG,STI,AIG | FITB | HBAN | TWX | XL,AIG:0.1000000000 | FITB:0.1000000000 | HBAN:0.1000000000 | TWX:0.1000000000 | XL:0.1000000000,0.5,0.5
2009-06-03,2009-06-02,True,False,GNW | ODP,FITB | HBAN,AIG | GNW | ODP | TWX | XL,AIG:0.1000000000 | GNW:0.1000000000 | ODP:0.1000000000 | TWX:0.1000000000 | XL:0.1000000000,0.5,0.5
2009-06-10,2009-06-09,True,False,FITB,TWX,AIG | FITB | GNW | ODP | XL,AIG:0.1000000000 | FITB:0.1000000000 | GNW:0.1000000000 | ODP:0.1000000000 | XL:0.1000000000,0.5,0.5
2009-06-17,2009-06-16,True,False,HBAN,AIG,FITB | GNW | HBAN | ODP | XL,FITB:0.1000000000 | GNW:0.1000000000 | HBAN:0.1000000000 | ODP:0.1000000000 | XL:0.1000000000,0.5,0.5
2009-07-01,2009-06-30,True,False,LNC,XL,FITB | GNW | HBAN | LNC | ODP,FITB:0.1000000000 | GNW:0.1000000000 | HBAN:0.1000000000 | LNC:0.1000000000 | ODP:0.1000000000,0.5,0.5
2009-07-16,2009-07-15,True,False,THC,HBAN,FITB | GNW | LNC | ODP | THC,FITB:0.1000000000 | GNW:0.1000000000 | LNC:0.1000000000 | ODP:0.1000000000 | THC:0.1000000000,0.5,0.5
2009-07-23,2009-07-22,True,False,SLM,THC,FITB | GNW | LNC | ODP | SLM,FITB:0.1000000000 | GNW:0.1000000000 | LNC:0.1000000000 | ODP:0.1000000000 | SLM:0.1000000000,0.5,0.5
2009-08-06,2009-08-05,True,False,AIG,LNC,AIG | FITB | GNW | ODP | SLM,AIG:0.1000000000 | FITB:0.1000000000 | GNW:0.1000000000 | ODP:0.1000000000 | SLM:0.1000000000,0.5,0.5
2009-08-13,2009-08-12,True,False,AKS,FITB,AIG | AKS | GNW | ODP | SLM,AIG:0.1000000000 | AKS:0.1000000000 | GNW:0.1000000000 | ODP:0.1000000000 | SLM:0.1000000000,0.5,0.5
2009-08-20,2009-08-19,True,False,AES | LM,GNW | ODP,AES | AIG | AKS | LM | SLM,AES:0.1000000000 | AIG:0.1000000000 | AKS:0.1000000000 | LM:0.1000000000 | SLM:0.1000000000,0.5,0.5
2009-08-27,2009-08-26,True,False,XL,AES,AIG | AKS | LM | SLM | XL,AIG:0.1000000000 | AKS:0.1000000000 | LM:0.1000000000 | SLM:0.1000000000 | XL:0.1000000000,0.5,0.5
2009-09-03,2009-09-02,True,False,FITB | WYNN,AKS | LM,AIG | FITB | SLM | WYNN | XL,AIG:0.1000000000 | FITB:0.1000000000 | SLM:0.1000000000 | WYNN:0.1000000000 | XL:0.1000000000,0.5,0.5
2009-09-11,2009-09-10,True,False,LEN | MAS | WM,FITB | SLM | XL,AIG | LEN | MAS | WM | WYNN,AIG:0.1000000000 | LEN:0.1000000000 | MAS:0.1000000000 | WM:0.1000000000 | WYNN:0.1000000000,0.5,0.5
2009-09-25,2009-09-24,True,False,HIG,MAS,AIG | HIG | LEN | WM | WYNN,AIG:0.1000000000 | HIG:0.1000000000 | LEN:0.1000000000 | WM:0.1000000000 | WYNN:0.1000000000,0.5,0.5
2009-10-09,2009-10-08,True,False,,,AIG | HIG | LEN | WM | WYNN,AIG:0.2000000000 | HIG:0.2000000000 | LEN:0.2000000000 | WM:0.2000000000 | WYNN:0.2000000000,1.0,0.0
2009-10-16,2009-10-15,True,False,GNW,LEN,AIG | GNW | HIG | WM | WYNN,AIG:0.2000000000 | GNW:0.2000000000 | HIG:0.2000000000 | WM:0.2000000000 | WYNN:0.2000000000,1.0,0.0
2009-10-23,2009-10-22,True,False,MI,WYNN,AIG | GNW | HIG | MI | WM,AIG:0.2000000000 | GNW:0.2000000000 | HIG:0.2000000000 | MI:0.2000000000 | WM:0.2000000000,1.0,0.0
2009-10-30,2009-10-29,True,False,MBI,MI,AIG | GNW | HIG | MBI | WM,AIG:0.2000000000 | GNW:0.2000000000 | HIG:0.2000000000 | MBI:0.2000000000 | WM:0.2000000000,1.0,0.0
2009-11-06,2009-11-05,True,False,AMD | THC,MBI | WM,AIG | AMD | GNW | HIG | THC,AIG:0.2000000000 | AMD:0.2000000000 | GNW:0.2000000000 | HIG:0.2000000000 | THC:0.2000000000,1.0,0.0
2009-11-13,2009-11-12,True,False,ODP,THC,AIG | AMD | GNW | HIG | ODP,AIG:0.2000000000 | AMD:0.2000000000 | GNW:0.2000000000 | HIG:0.2000000000 | ODP:0.2000000000,1.0,0.0
2009-11-20,2009-11-19,True,False,LXK,AIG,AMD | GNW | HIG | LXK | ODP,AMD:0.2000000000 | GNW:0.2000000000 | HIG:0.2000000000 | LXK:0.2000000000 | ODP:0.2000000000,1.0,0.0
2009-11-30,2009-11-27,True,False,AMZN | FSLR | JBL | PXD,AMD | GNW | HIG | ODP,AMZN | FSLR | JBL | LXK | PXD,AMZN:0.2000000000 | FSLR:0.2000000000 | JBL:0.2000000000 | LXK:0.2000000000 | PXD:0.2000000000,1.0,0.0
2009-12-07,2009-12-04,True,False,HAR,FSLR,AMZN | HAR | JBL | LXK | PXD,AMZN:0.2000000000 | HAR:0.2000000000 | JBL:0.2000000000 | LXK:0.2000000000 | PXD:0.2000000000,1.0,0.0
2009-12-21,2009-12-18,True,False,AMD | RX | SLM,HAR | JBL | PXD,AMD | AMZN | LXK | RX | SLM,AMD:0.2000000000 | AMZN:0.2000000000 | LXK:0.2000000000 | RX:0.2000000000 | SLM:0.2000000000,1.0,0.0
2009-12-29,2009-12-28,True,False,CLF | MEE,AMD | LXK,AMZN | CLF | MEE | RX | SLM,AMZN:0.2000000000 | CLF:0.2000000000 | MEE:0.2000000000 | RX:0.2000000000 | SLM:0.2000000000,1.0,0.0
2010-01-13,2010-01-12,True,False,AMD,MEE,AMD | AMZN | CLF | RX | SLM,AMD:0.2000000000 | AMZN:0.2000000000 | CLF:0.2000000000 | RX:0.2000000000 | SLM:0.2000000000,1.0,0.0
2010-01-21,2010-01-20,True,False,BDK | CVH,CLF | RX,AMD | AMZN | BDK | CVH | SLM,AMD:0.2000000000 | AMZN:0.2000000000 | BDK:0.2000000000 | CVH:0.2000000000 | SLM:0.2000000000,1.0,0.0
2010-01-28,2010-01-27,True,False,ATI | MEE | X,AMZN | CVH | SLM,AMD | ATI | BDK | MEE | X,AMD:0.2000000000 | ATI:0.2000000000 | BDK:0.2000000000 | MEE:0.2000000000 | X:0.2000000000,1.0,0.0
2010-02-04,2010-02-03,True,False,NYT,BDK,AMD | ATI | MEE | NYT | X,AMD:0.2000000000 | ATI:0.2000000000 | MEE:0.2000000000 | NYT:0.2000000000 | X:0.2000000000,1.0,0.0
2010-02-19,2010-02-18,True,False,SNDK,MEE,AMD | ATI | NYT | SNDK | X,AMD:0.2000000000 | ATI:0.2000000000 | NYT:0.2000000000 | SNDK:0.2000000000 | X:0.2000000000,1.0,0.0
2010-02-26,2010-02-25,True,False,MU | ZION,AMD | X,ATI | MU | NYT | SNDK | ZION,ATI:0.2000000000 | MU:0.2000000000 | NYT:0.2000000000 | SNDK:0.2000000000 | ZION:0.2000000000,1.0,0.0
2010-03-05,2010-03-04,True,False,GNW,MU,ATI | GNW | NYT | SNDK | ZION,ATI:0.2000000000 | GNW:0.2000000000 | NYT:0.2000000000 | SNDK:0.2000000000 | ZION:0.2000000000,1.0,0.0
2010-03-12,2010-03-11,True,False,ARG | LEN,ATI | SNDK,ARG | GNW | LEN | NYT | ZION,ARG:0.2000000000 | GNW:0.2000000000 | LEN:0.2000000000 | NYT:0.2000000000 | ZION:0.2000000000,1.0,0.0
2010-03-19,2010-03-18,True,False,DHI,NYT,ARG | DHI | GNW | LEN | ZION,ARG:0.2000000000 | DHI:0.2000000000 | GNW:0.2000000000 | LEN:0.2000000000 | ZION:0.2000000000,1.0,0.0
2010-03-26,2010-03-25,True,False,SII,DHI,ARG | GNW | LEN | SII | ZION,ARG:0.2000000000 | GNW:0.2000000000 | LEN:0.2000000000 | SII:0.2000000000 | ZION:0.2000000000,1.0,0.0
2010-04-12,2010-04-09,True,False,AIG,LEN,AIG | ARG | GNW | SII | ZION,AIG:0.2000000000 | ARG:0.2000000000 | GNW:0.2000000000 | SII:0.2000000000 | ZION:0.2000000000,1.0,0.0
2010-04-19,2010-04-16,True,False,ANF | HBAN,AIG | GNW,ANF | ARG | HBAN | SII | ZION,ANF:0.2000000000 | ARG:0.2000000000 | HBAN:0.2000000000 | SII:0.2000000000 | ZION:0.2000000000,1.0,0.0
2010-04-26,2010-04-23,True,False,CLF,HBAN,ANF | ARG | CLF | SII | ZION,ANF:0.2000000000 | ARG:0.2000000000 | CLF:0.2000000000 | SII:0.2000000000 | ZION:0.2000000000,1.0,0.0
2010-05-03,2010-04-30,True,False,X,ZION,ANF | ARG | CLF | SII | X,ANF:0.2000000000 | ARG:0.2000000000 | CLF:0.2000000000 | SII:0.2000000000 | X:0.2000000000,1.0,0.0
2010-05-10,2010-05-07,True,False,AIG,ARG,AIG | ANF | CLF | SII | X,AIG:0.2000000000 | ANF:0.2000000000 | CLF:0.2000000000 | SII:0.2000000000 | X:0.2000000000,1.0,0.0
2010-05-17,2010-05-14,True,False,TIE | ZION,SII | X,AIG | ANF | CLF | TIE | ZION,AIG:0.2000000000 | ANF:0.2000000000 | CLF:0.2000000000 | TIE:0.2000000000 | ZION:0.2000000000,1.0,0.0
2010-05-24,2010-05-21,True,False,MI | SNDK,ANF | CLF,AIG | MI | SNDK | TIE | ZION,AIG:0.2000000000 | MI:0.2000000000 | SNDK:0.2000000000 | TIE:0.2000000000 | ZION:0.2000000000,1.0,0.0
2010-06-01,2010-05-28,True,False,FSLR | HBAN,SNDK | TIE,AIG | FSLR | HBAN | MI | ZION,AIG:0.2000000000 | FSLR:0.2000000000 | HBAN:0.2000000000 | MI:0.2000000000 | ZION:0.2000000000,1.0,0.0
2010-06-08,2010-06-07,True,False,AKAM | S,FSLR | MI,AIG | AKAM | HBAN | S | ZION,AIG:0.2000000000 | AKAM:0.2000000000 | HBAN:0.2000000000 | S:0.2000000000 | ZION:0.2000000000,1.0,0.0
2010-06-15,2010-06-14,True,False,SNDK,AIG,AKAM | HBAN | S | SNDK | ZION,AKAM:0.2000000000 | HBAN:0.2000000000 | S:0.2000000000 | SNDK:0.2000000000 | ZION:0.2000000000,1.0,0.0
2010-06-22,2010-06-21,True,False,TLAB,ZION,AKAM | HBAN | S | SNDK | TLAB,AKAM:0.2000000000 | HBAN:0.2000000000 | S:0.2000000000 | SNDK:0.2000000000 | TLAB:0.2000000000,1.0,0.0
2010-07-07,2010-07-06,True,False,CRM | NTAP,HBAN | TLAB,AKAM | CRM | NTAP | S | SNDK,AKAM:0.2000000000 | CRM:0.2000000000 | NTAP:0.2000000000 | S:0.2000000000 | SNDK:0.2000000000,1.0,0.0
2010-08-04,2010-08-03,True,False,ETFC | TIE,CRM | SNDK,AKAM | ETFC | NTAP | S | TIE,AKAM:0.2000000000 | ETFC:0.2000000000 | NTAP:0.2000000000 | S:0.2000000000 | TIE:0.2000000000,1.0,0.0
2010-08-18,2010-08-17,True,False,DF | FSLR,AKAM | S,DF | ETFC | FSLR | NTAP | TIE,DF:0.2000000000 | ETFC:0.2000000000 | FSLR:0.2000000000 | NTAP:0.2000000000 | TIE:0.2000000000,1.0,0.0
2010-08-25,2010-08-24,True,False,JBL,DF,ETFC | FSLR | JBL | NTAP | TIE,ETFC:0.2000000000 | FSLR:0.2000000000 | JBL:0.2000000000 | NTAP:0.2000000000 | TIE:0.2000000000,1.0,0.0
2010-09-01,2010-08-31,True,False,APC | FTI | HAL,FSLR | JBL | NTAP,APC | ETFC | FTI | HAL | TIE,APC:0.2000000000 | ETFC:0.2000000000 | FTI:0.2000000000 | HAL:0.2000000000 | TIE:0.2000000000,1.0,0.0
2010-09-09,2010-09-08,True,False,FSLR,TIE,APC | ETFC | FSLR | FTI | HAL,APC:0.2000000000 | ETFC:0.2000000000 | FSLR:0.2000000000 | FTI:0.2000000000 | HAL:0.2000000000,1.0,0.0
2010-09-16,2010-09-15,True,False,CF | CTXS,FSLR | HAL,APC | CF | CTXS | ETFC | FTI,APC:0.2000000000 | CF:0.2000000000 | CTXS:0.2000000000 | ETFC:0.2000000000 | FTI:0.2000000000,1.0,0.0
2010-09-30,2010-09-29,True,False,MFE,ETFC,APC | CF | CTXS | FTI | MFE,APC:0.2000000000 | CF:0.2000000000 | CTXS:0.2000000000 | FTI:0.2000000000 | MFE:0.2000000000,1.0,0.0
2010-10-07,2010-10-06,True,False,CLF | CRM,APC | FTI,CF | CLF | CRM | CTXS | MFE,CF:0.2000000000 | CLF:0.2000000000 | CRM:0.2000000000 | CTXS:0.2000000000 | MFE:0.2000000000,1.0,0.0
2010-10-21,2010-10-20,True,False,EXPE,CLF,CF | CRM | CTXS | EXPE | MFE,CF:0.2000000000 | CRM:0.2000000000 | CTXS:0.2000000000 | EXPE:0.2000000000 | MFE:0.2000000000,1.0,0.0
2010-10-28,2010-10-27,True,False,NVDA,CRM,CF | CTXS | EXPE | MFE | NVDA,CF:0.2000000000 | CTXS:0.2000000000 | EXPE:0.2000000000 | MFE:0.2000000000 | NVDA:0.2000000000,1.0,0.0
2010-11-04,2010-11-03,True,False,FCX | JCP,CF | EXPE,CTXS | FCX | JCP | MFE | NVDA,CTXS:0.2000000000 | FCX:0.2000000000 | JCP:0.2000000000 | MFE:0.2000000000 | NVDA:0.2000000000,1.0,0.0
2010-11-11,2010-11-10,True,False,CF | KG,CTXS | NVDA,CF | FCX | JCP | KG | MFE,CF:0.2000000000 | FCX:0.2000000000 | JCP:0.2000000000 | KG:0.2000000000 | MFE:0.2000000000,1.0,0.0
2010-11-18,2010-11-17,True,False,LB,MFE,CF | FCX | JCP | KG | LB,CF:0.2000000000 | FCX:0.2000000000 | JCP:0.2000000000 | KG:0.2000000000 | LB:0.2000000000,1.0,0.0
2010-11-26,2010-11-24,True,False,MEE,LB,CF | FCX | JCP | KG | MEE,CF:0.2000000000 | FCX:0.2000000000 | JCP:0.2000000000 | KG:0.2000000000 | MEE:0.2000000000,1.0,0.0
2010-12-03,2010-12-02,True,False,MWW,FCX,CF | JCP | KG | MEE | MWW,CF:0.2000000000 | JCP:0.2000000000 | KG:0.2000000000 | MEE:0.2000000000 | MWW:0.2000000000,1.0,0.0
2010-12-17,2010-12-16,True,False,ANF,CF,ANF | JCP | KG | MEE | MWW,ANF:0.2000000000 | JCP:0.2000000000 | KG:0.2000000000 | MEE:0.2000000000 | MWW:0.2000000000,1.0,0.0
2010-12-20,2010-12-16,False,True,,KG,ANF | JCP | MEE | MWW,ANF:0.2000000000 | JCP:0.2000000000 | MEE:0.2000000000 | MWW:0.2000000000,0.8,0.2
2010-12-27,2010-12-23,True,False,FFIV,,ANF | FFIV | JCP | MEE | MWW,ANF:0.2000000000 | FFIV:0.2000000000 | JCP:0.2000000000 | MEE:0.2000000000 | MWW:0.2000000000,1.0,0.0
2011-01-03,2010-12-31,True,False,HAR,JCP,ANF | FFIV | HAR | MEE | MWW,ANF:0.2000000000 | FFIV:0.2000000000 | HAR:0.2000000000 | MEE:0.2000000000 | MWW:0.2000000000,1.0,0.0
2011-01-18,2011-01-14,True,False,THC,ANF,FFIV | HAR | MEE | MWW | THC,FFIV:0.2000000000 | HAR:0.2000000000 | MEE:0.2000000000 | MWW:0.2000000000 | THC:0.2000000000,1.0,0.0
2011-02-01,2011-01-31,True,False,AIG | X,FFIV | MEE,AIG | HAR | MWW | THC | X,AIG:0.2000000000 | HAR:0.2000000000 | MWW:0.2000000000 | THC:0.2000000000 | X:0.2000000000,1.0,0.0
2011-02-08,2011-02-07,True,False,MMI | NVDA,HAR | X,AIG | MMI | MWW | NVDA | THC,AIG:0.2000000000 | MMI:0.2000000000 | MWW:0.2000000000 | NVDA:0.2000000000 | THC:0.2000000000,1.0,0.0
2011-02-15,2011-02-14,True,False,DF,MWW,AIG | DF | MMI | NVDA | THC,AIG:0.2000000000 | DF:0.2000000000 | MMI:0.2000000000 | NVDA:0.2000000000 | THC:0.2000000000,1.0,0.0
2011-02-23,2011-02-22,True,False,MI,AIG,DF | MI | MMI | NVDA | THC,DF:0.2000000000 | MI:0.2000000000 | MMI:0.2000000000 | NVDA:0.2000000000 | THC:0.2000000000,1.0,0.0
2011-03-16,2011-03-15,True,False,BIG | ISRG | MU,DF | MI | THC,BIG | ISRG | MMI | MU | NVDA,BIG:0.2000000000 | ISRG:0.2000000000 | MMI:0.2000000000 | MU:0.2000000000 | NVDA:0.2000000000,1.0,0.0
2011-03-23,2011-03-22,True,False,TER,ISRG,BIG | MMI | MU | NVDA | TER,BIG:0.2000000000 | MMI:0.2000000000 | MU:0.2000000000 | NVDA:0.2000000000 | TER:0.2000000000,1.0,0.0
2011-04-06,2011-04-05,True,False,NVLS,MMI,BIG | MU | NVDA | NVLS | TER,BIG:0.2000000000 | MU:0.2000000000 | NVDA:0.2000000000 | NVLS:0.2000000000 | TER:0.2000000000,1.0,0.0
2011-04-13,2011-04-12,True,False,CHK | HRB,NVDA | NVLS,BIG | CHK | HRB | MU | TER,BIG:0.2000000000 | CHK:0.2000000000 | HRB:0.2000000000 | MU:0.2000000000 | TER:0.2000000000,1.0,0.0
2011-04-20,2011-04-19,True,False,ES | GT,CHK | MU,BIG | ES | GT | HRB | TER,BIG:0.2000000000 | ES:0.2000000000 | GT:0.2000000000 | HRB:0.2000000000 | TER:0.2000000000,1.0,0.0
2011-04-28,2011-04-27,True,False,NFLX | SVU,ES | GT,BIG | HRB | NFLX | SVU | TER,BIG:0.2000000000 | HRB:0.2000000000 | NFLX:0.2000000000 | SVU:0.2000000000 | TER:0.2000000000,1.0,0.0
2011-05-05,2011-05-04,True,False,CEPH | LB,NFLX | TER,BIG | CEPH | HRB | LB | SVU,BIG:0.2000000000 | CEPH:0.2000000000 | HRB:0.2000000000 | LB:0.2000000000 | SVU:0.2000000000,1.0,0.0
2011-05-12,2011-05-11,True,False,NSM,BIG,CEPH | HRB | LB | NSM | SVU,CEPH:0.2000000000 | HRB:0.2000000000 | LB:0.2000000000 | NSM:0.2000000000 | SVU:0.2000000000,1.0,0.0
2011-05-26,2011-05-25,True,False,WDC,HRB,CEPH | LB | NSM | SVU | WDC,CEPH:0.2000000000 | LB:0.2000000000 | NSM:0.2000000000 | SVU:0.2000000000 | WDC:0.2000000000,1.0,0.0
2011-06-03,2011-06-02,True,False,GT,LB,CEPH | GT | NSM | SVU | WDC,CEPH:0.2000000000 | GT:0.2000000000 | NSM:0.2000000000 | SVU:0.2000000000 | WDC:0.2000000000,1.0,0.0
2011-06-10,2011-06-09,True,False,ANF,WDC,ANF | CEPH | GT | NSM | SVU,ANF:0.2000000000 | CEPH:0.2000000000 | GT:0.2000000000 | NSM:0.2000000000 | SVU:0.2000000000,1.0,0.0
2011-06-17,2011-06-16,True,False,DF,GT,ANF | CEPH | DF | NSM | SVU,ANF:0.2000000000 | CEPH:0.2000000000 | DF:0.2000000000 | NSM:0.2000000000 | SVU:0.2000000000,1.0,0.0
2011-07-01,2011-06-30,True,False,EXPE | S,CEPH | SVU,ANF | DF | EXPE | NSM | S,ANF:0.2000000000 | DF:0.2000000000 | EXPE:0.2000000000 | NSM:0.2000000000 | S:0.2000000000,1.0,0.0
2011-07-11,2011-07-08,True,False,FFIV | PLD,ANF | NSM,DF | EXPE | FFIV | PLD | S,DF:0.2000000000 | EXPE:0.2000000000 | FFIV:0.2000000000 | PLD:0.2000000000 | S:0.2000000000,1.0,0.0
2011-07-18,2011-07-15,True,False,CF | COG,FFIV | S,CF | COG | DF | EXPE | PLD,CF:0.2000000000 | COG:0.2000000000 | DF:0.2000000000 | EXPE:0.2000000000 | PLD:0.2000000000,1.0,0.0
2011-07-25,2011-07-22,True,False,M,CF,COG | DF | EXPE | M | PLD,COG:0.2000000000 | DF:0.2000000000 | EXPE:0.2000000000 | M:0.2000000000 | PLD:0.2000000000,1.0,0.0
2011-08-01,2011-07-29,True,False,MA,DF,COG | EXPE | M | MA | PLD,COG:0.2000000000 | EXPE:0.2000000000 | M:0.2000000000 | MA:0.2000000000 | PLD:0.2000000000,1.0,0.0
2011-08-08,2011-08-05,True,False,NFLX,M,COG | EXPE | MA | NFLX | PLD,COG:0.2000000000 | EXPE:0.2000000000 | MA:0.2000000000 | NFLX:0.2000000000 | PLD:0.2000000000,1.0,0.0
2011-08-22,2011-08-19,True,False,HAL | HP | NOV,EXPE | MA | NFLX,COG | HAL | HP | NOV | PLD,COG:0.2000000000 | HAL:0.2000000000 | HP:0.2000000000 | NOV:0.2000000000 | PLD:0.2000000000,1.0,0.0
2011-08-29,2011-08-26,True,False,RRC,HAL,COG | HP | NOV | PLD | RRC,COG:0.2000000000 | HP:0.2000000000 | NOV:0.2000000000 | PLD:0.2000000000 | RRC:0.2000000000,1.0,0.0
2011-09-06,2011-09-02,True,False,CAM | LXK | MA,HP | NOV | PLD,CAM | COG | LXK | MA | RRC,CAM:0.2000000000 | COG:0.2000000000 | LXK:0.2000000000 | MA:0.2000000000 | RRC:0.2000000000,1.0,0.0
2011-09-20,2011-09-19,True,False,MMI,CAM,COG | LXK | MA | MMI | RRC,COG:0.2000000000 | LXK:0.2000000000 | MA:0.2000000000 | MMI:0.2000000000 | RRC:0.2000000000,1.0,0.0
2011-10-04,2011-10-03,True,False,,,COG | LXK | MA | MMI | RRC,COG:0.1000000000 | LXK:0.1000000000 | MA:0.1000000000 | MMI:0.1000000000 | RRC:0.1000000000,0.5,0.5
2011-10-11,2011-10-10,True,False,,,COG | LXK | MA | MMI | RRC,COG:0.2000000000 | LXK:0.2000000000 | MA:0.2000000000 | MMI:0.2000000000 | RRC:0.2000000000,1.0,0.0
2011-10-18,2011-10-17,True,False,AMD | CF,COG | RRC,AMD | CF | LXK | MA | MMI,AMD:0.2000000000 | CF:0.2000000000 | LXK:0.2000000000 | MA:0.2000000000 | MMI:0.2000000000,1.0,0.0
2011-10-25,2011-10-24,True,False,CERN | GR | RL,AMD | CF | LXK,CERN | GR | MA | MMI | RL,CERN:0.2000000000 | GR:0.2000000000 | MA:0.2000000000 | MMI:0.2000000000 | RL:0.2000000000,1.0,0.0
2011-11-01,2011-10-31,True,False,TLAB,RL,CERN | GR | MA | MMI | TLAB,CERN:0.2000000000 | GR:0.2000000000 | MA:0.2000000000 | MMI:0.2000000000 | TLAB:0.2000000000,1.0,0.0
2011-11-08,2011-11-07,True,False,JBL | JWN | RL,CERN | MA | TLAB,GR | JBL | JWN | MMI | RL,GR:0.2000000000 | JBL:0.2000000000 | JWN:0.2000000000 | MMI:0.2000000000 | RL:0.2000000000,1.0,0.0
2011-11-15,2011-11-14,True,False,NVDA | SNDK,MMI | RL,GR | JBL | JWN | NVDA | SNDK,GR:0.2000000000 | JBL:0.2000000000 | JWN:0.2000000000 | NVDA:0.2000000000 | SNDK:0.2000000000,1.0,0.0
2011-11-22,2011-11-21,True,False,HAR | PHM | SHLD,GR | JWN | NVDA,HAR | JBL | PHM | SHLD | SNDK,HAR:0.2000000000 | JBL:0.2000000000 | PHM:0.2000000000 | SHLD:0.2000000000 | SNDK:0.2000000000,1.0,0.0
2011-11-30,2011-11-29,True,False,FFIV,PHM,FFIV | HAR | JBL | SHLD | SNDK,FFIV:0.2000000000 | HAR:0.2000000000 | JBL:0.2000000000 | SHLD:0.2000000000 | SNDK:0.2000000000,1.0,0.0
2011-12-07,2011-12-06,True,False,AKAM,JBL,AKAM | FFIV | HAR | SHLD | SNDK,AKAM:0.2000000000 | FFIV:0.2000000000 | HAR:0.2000000000 | SHLD:0.2000000000 | SNDK:0.2000000000,1.0,0.0
2011-12-14,2011-12-13,True,False,PHM,SNDK,AKAM | FFIV | HAR | PHM | SHLD,AKAM:0.2000000000 | FFIV:0.2000000000 | HAR:0.2000000000 | PHM:0.2000000000 | SHLD:0.2000000000,1.0,0.0
2011-12-21,2011-12-20,True,False,GT,SHLD,AKAM | FFIV | GT | HAR | PHM,AKAM:0.2000000000 | FFIV:0.2000000000 | GT:0.2000000000 | HAR:0.2000000000 | PHM:0.2000000000,1.0,0.0
2012-01-06,2012-01-05,True,False,DNR,AKAM,DNR | FFIV | GT | HAR | PHM,DNR:0.2000000000 | FFIV:0.2000000000 | GT:0.2000000000 | HAR:0.2000000000 | PHM:0.2000000000,1.0,0.0
2012-01-13,2012-01-12,True,False,HP | PXD,DNR | HAR,FFIV | GT | HP | PHM | PXD,FFIV:0.2000000000 | GT:0.2000000000 | HP:0.2000000000 | PHM:0.2000000000 | PXD:0.2000000000,1.0,0.0
2012-01-23,2012-01-20,True,False,VMC | WDC,GT | PXD,FFIV | HP | PHM | VMC | WDC,FFIV:0.2000000000 | HP:0.2000000000 | PHM:0.2000000000 | VMC:0.2000000000 | WDC:0.2000000000,1.0,0.0
2012-01-30,2012-01-27,True,False,AKAM | TRIP | X,FFIV | HP | WDC,AKAM | PHM | TRIP | VMC | X,AKAM:0.2000000000 | PHM:0.2000000000 | TRIP:0.2000000000 | VMC:0.2000000000 | X:0.2000000000,1.0,0.0
2012-02-06,2012-02-03,True,False,MU,X,AKAM | MU | PHM | TRIP | VMC,AKAM:0.2000000000 | MU:0.2000000000 | PHM:0.2000000000 | TRIP:0.2000000000 | VMC:0.2000000000,1.0,0.0
2012-02-13,2012-02-10,True,False,JEF,AKAM,JEF | MU | PHM | TRIP | VMC,JEF:0.2000000000 | MU:0.2000000000 | PHM:0.2000000000 | TRIP:0.2000000000 | VMC:0.2000000000,1.0,0.0
2012-02-21,2012-02-17,True,False,MAS,MU,JEF | MAS | PHM | TRIP | VMC,JEF:0.2000000000 | MAS:0.2000000000 | PHM:0.2000000000 | TRIP:0.2000000000 | VMC:0.2000000000,1.0,0.0
2012-02-28,2012-02-27,True,False,NFLX,VMC,JEF | MAS | NFLX | PHM | TRIP,JEF:0.2000000000 | MAS:0.2000000000 | NFLX:0.2000000000 | PHM:0.2000000000 | TRIP:0.2000000000,1.0,0.0
2012-03-06,2012-03-05,True,False,MS,PHM,JEF | MAS | MS | NFLX | TRIP,JEF:0.2000000000 | MAS:0.2000000000 | MS:0.2000000000 | NFLX:0.2000000000 | TRIP:0.2000000000,1.0,0.0
2012-03-13,2012-03-12,True,False,BAC | PHM,JEF | MS,BAC | MAS | NFLX | PHM | TRIP,BAC:0.2000000000 | MAS:0.2000000000 | NFLX:0.2000000000 | PHM:0.2000000000 | TRIP:0.2000000000,1.0,0.0
2012-03-20,2012-03-19,True,False,ES,MAS,BAC | ES | NFLX | PHM | TRIP,BAC:0.2000000000 | ES:0.2000000000 | NFLX:0.2000000000 | PHM:0.2000000000 | TRIP:0.2000000000,1.0,0.0
2012-03-27,2012-03-26,True,False,SHLD,TRIP,BAC | ES | NFLX | PHM | SHLD,BAC:0.2000000000 | ES:0.2000000000 | NFLX:0.2000000000 | PHM:0.2000000000 | SHLD:0.2000000000,1.0,0.0
2012-04-03,2012-04-02,True,False,RF | WHR,ES | PHM,BAC | NFLX | RF | SHLD | WHR,BAC:0.2000000000 | NFLX:0.2000000000 | RF:0.2000000000 | SHLD:0.2000000000 | WHR:0.2000000000,1.0,0.0
2012-04-11,2012-04-10,True,False,FOSL | GNW | VLO,BAC | NFLX | RF,FOSL | GNW | SHLD | VLO | WHR,FOSL:0.2000000000 | GNW:0.2000000000 | SHLD:0.2000000000 | VLO:0.2000000000 | WHR:0.2000000000,1.0,0.0
2012-04-18,2012-04-17,True,False,BAC | ES,GNW | VLO,BAC | ES | FOSL | SHLD | WHR,BAC:0.2000000000 | ES:0.2000000000 | FOSL:0.2000000000 | SHLD:0.2000000000 | WHR:0.2000000000,1.0,0.0
2012-05-09,2012-05-08,True,False,CRM | RHT,ES | WHR,BAC | CRM | FOSL | RHT | SHLD,BAC:0.2000000000 | CRM:0.2000000000 | FOSL:0.2000000000 | RHT:0.2000000000 | SHLD:0.2000000000,1.0,0.0
2012-05-16,2012-05-15,True,False,AVP | TRIP,BAC | FOSL,AVP | CRM | RHT | SHLD | TRIP,AVP:0.2000000000 | CRM:0.2000000000 | RHT:0.2000000000 | SHLD:0.2000000000 | TRIP:0.2000000000,1.0,0.0
2012-05-23,2012-05-22,True,False,GILD,SHLD,AVP | CRM | GILD | RHT | TRIP,AVP:0.2000000000 | CRM:0.2000000000 | GILD:0.2000000000 | RHT:0.2000000000 | TRIP:0.2000000000,1.0,0.0
2012-05-31,2012-05-30,True,False,AMZN | EXPE,CRM | GILD,AMZN | AVP | EXPE | RHT | TRIP,AMZN:0.1000000000 | AVP:0.1000000000 | EXPE:0.1000000000 | RHT:0.1000000000 | TRIP:0.1000000000,0.5,0.5
2012-06-07,2012-06-06,True,False,MAS,AVP,AMZN | EXPE | MAS | RHT | TRIP,AMZN:0.2000000000 | EXPE:0.2000000000 | MAS:0.2000000000 | RHT:0.2000000000 | TRIP:0.2000000000,1.0,0.0
2012-06-14,2012-06-13,True,False,SUN,MAS,AMZN | EXPE | RHT | SUN | TRIP,AMZN:0.2000000000 | EXPE:0.2000000000 | RHT:0.2000000000 | SUN:0.2000000000 | TRIP:0.2000000000,1.0,0.0
2012-06-28,2012-06-27,True,False,CBE | EW,AMZN | RHT,CBE | EW | EXPE | SUN | TRIP,CBE:0.2000000000 | EW:0.2000000000 | EXPE:0.2000000000 | SUN:0.2000000000 | TRIP:0.2000000000,1.0,0.0
2012-07-20,2012-07-19,True,False,S,CBE,EW | EXPE | S | SUN | TRIP,EW:0.2000000000 | EXPE:0.2000000000 | S:0.2000000000 | SUN:0.2000000000 | TRIP:0.2000000000,1.0,0.0
2012-08-03,2012-08-02,True,False,STZ,SUN,EW | EXPE | S | STZ | TRIP,EW:0.2000000000 | EXPE:0.2000000000 | S:0.2000000000 | STZ:0.2000000000 | TRIP:0.2000000000,1.0,0.0
2012-08-10,2012-08-09,True,False,FTR,TRIP,EW | EXPE | FTR | S | STZ,EW:0.2000000000 | EXPE:0.2000000000 | FTR:0.2000000000 | S:0.2000000000 | STZ:0.2000000000,1.0,0.0
2012-08-17,2012-08-16,True,False,CF | CHK | PHM,EW | EXPE | FTR,CF | CHK | PHM | S | STZ,CF:0.2000000000 | CHK:0.2000000000 | PHM:0.2000000000 | S:0.2000000000 | STZ:0.2000000000,1.0,0.0
2012-08-24,2012-08-23,True,False,CVC | SNDK,CHK | PHM,CF | CVC | S | SNDK | STZ,CF:0.2000000000 | CVC:0.2000000000 | S:0.2000000000 | SNDK:0.2000000000 | STZ:0.2000000000,1.0,0.0
2012-08-31,2012-08-30,True,False,PHM | STX,CF | CVC,PHM | S | SNDK | STX | STZ,PHM:0.2000000000 | S:0.2000000000 | SNDK:0.2000000000 | STX:0.2000000000 | STZ:0.2000000000,1.0,0.0
2012-09-10,2012-09-07,True,False,FSLR,SNDK,FSLR | PHM | S | STX | STZ,FSLR:0.2000000000 | PHM:0.2000000000 | S:0.2000000000 | STX:0.2000000000 | STZ:0.2000000000,1.0,0.0
2012-10-08,2012-10-05,True,False,ES | WDC,STX | STZ,ES | FSLR | PHM | S | WDC,ES:0.2000000000 | FSLR:0.2000000000 | PHM:0.2000000000 | S:0.2000000000 | WDC:0.2000000000,1.0,0.0
2012-10-22,2012-10-19,True,False,AKAM,WDC,AKAM | ES | FSLR | PHM | S,AKAM:0.2000000000 | ES:0.2000000000 | FSLR:0.2000000000 | PHM:0.2000000000 | S:0.2000000000,1.0,0.0
2012-10-31,2012-10-26,True,False,DF,AKAM,DF | ES | FSLR | PHM | S,DF:0.2000000000 | ES:0.2000000000 | FSLR:0.2000000000 | PHM:0.2000000000 | S:0.2000000000,1.0,0.0
2012-11-07,2012-11-06,True,False,FOSL | THC,FSLR | S,DF | ES | FOSL | PHM | THC,DF:0.2000000000 | ES:0.2000000000 | FOSL:0.2000000000 | PHM:0.2000000000 | THC:0.2000000000,1.0,0.0
2012-11-14,2012-11-13,True,False,CVH | GME | WPX,DF | FOSL | THC,CVH | ES | GME | PHM | WPX,CVH:0.2000000000 | ES:0.2000000000 | GME:0.2000000000 | PHM:0.2000000000 | WPX:0.2000000000,1.0,0.0
2012-11-21,2012-11-20,True,False,C | SEE,CVH | GME,C | ES | PHM | SEE | WPX,C:0.2000000000 | ES:0.2000000000 | PHM:0.2000000000 | SEE:0.2000000000 | WPX:0.2000000000,1.0,0.0
2012-11-29,2012-11-28,True,False,GME | WHR,ES | WPX,C | GME | PHM | SEE | WHR,C:0.2000000000 | GME:0.2000000000 | PHM:0.2000000000 | SEE:0.2000000000 | WHR:0.2000000000,1.0,0.0
2012-12-06,2012-12-05,True,False,FSLR | NFLX,GME | SEE,C | FSLR | NFLX | PHM | WHR,C:0.2000000000 | FSLR:0.2000000000 | NFLX:0.2000000000 | PHM:0.2000000000 | WHR:0.2000000000,1.0,0.0
2012-12-13,2012-12-12,True,False,ES,C,ES | FSLR | NFLX | PHM | WHR,ES:0.2000000000 | FSLR:0.2000000000 | NFLX:0.2000000000 | PHM:0.2000000000 | WHR:0.2000000000,1.0,0.0
2012-12-20,2012-12-19,True,False,ANF | THC | TIE,ES | FSLR | PHM,ANF | NFLX | THC | TIE | WHR,ANF:0.2000000000 | NFLX:0.2000000000 | THC:0.2000000000 | TIE:0.2000000000 | WHR:0.2000000000,1.0,0.0
2012-12-24,2012-12-19,False,True,,TIE,ANF | NFLX | THC | WHR,ANF:0.2000000000 | NFLX:0.2000000000 | THC:0.2000000000 | WHR:0.2000000000,0.8,0.2
2012-12-28,2012-12-27,True,False,ES | FSLR,WHR,ANF | ES | FSLR | NFLX | THC,ANF:0.2000000000 | ES:0.2000000000 | FSLR:0.2000000000 | NFLX:0.2000000000 | THC:0.2000000000,1.0,0.0
2013-01-07,2013-01-04,True,False,JEF,THC,ANF | ES | FSLR | JEF | NFLX,ANF:0.2000000000 | ES:0.2000000000 | FSLR:0.2000000000 | JEF:0.2000000000 | NFLX:0.2000000000,1.0,0.0
2013-01-14,2013-01-11,True,False,GNW,ES,ANF | FSLR | GNW | JEF | NFLX,ANF:0.2000000000 | FSLR:0.2000000000 | GNW:0.2000000000 | JEF:0.2000000000 | NFLX:0.2000000000,1.0,0.0
2013-02-20,2013-02-19,True,False,AMD | NYX | THC,ANF | JEF | NFLX,AMD | FSLR | GNW | NYX | THC,AMD:0.2000000000 | FSLR:0.2000000000 | GNW:0.2000000000 | NYX:0.2000000000 | THC:0.2000000000,1.0,0.0
2013-02-27,2013-02-26,True,False,NFLX,FSLR,AMD | GNW | NFLX | NYX | THC,AMD:0.2000000000 | GNW:0.2000000000 | NFLX:0.2000000000 | NYX:0.2000000000 | THC:0.2000000000,1.0,0.0
2013-03-06,2013-03-05,True,False,DELL,AMD,DELL | GNW | NFLX | NYX | THC,DELL:0.2000000000 | GNW:0.2000000000 | NFLX:0.2000000000 | NYX:0.2000000000 | THC:0.2000000000,1.0,0.0
2013-03-27,2013-03-26,True,False,AVP | BBY | HPQ,GNW | NYX | THC,AVP | BBY | DELL | HPQ | NFLX,AVP:0.2000000000 | BBY:0.2000000000 | DELL:0.2000000000 | HPQ:0.2000000000 | NFLX:0.2000000000,1.0,0.0
2013-04-18,2013-04-17,True,False,PBI,DELL,AVP | BBY | HPQ | NFLX | PBI,AVP:0.2000000000 | BBY:0.2000000000 | HPQ:0.2000000000 | NFLX:0.2000000000 | PBI:0.2000000000,1.0,0.0
2013-04-25,2013-04-24,True,False,MU,AVP,BBY | HPQ | MU | NFLX | PBI,BBY:0.2000000000 | HPQ:0.2000000000 | MU:0.2000000000 | NFLX:0.2000000000 | PBI:0.2000000000,1.0,0.0
2013-05-02,2013-05-01,True,False,SWY,NFLX,BBY | HPQ | MU | PBI | SWY,BBY:0.2000000000 | HPQ:0.2000000000 | MU:0.2000000000 | PBI:0.2000000000 | SWY:0.2000000000,1.0,0.0
2013-05-09,2013-05-08,True,False,STZ,PBI,BBY | HPQ | MU | STZ | SWY,BBY:0.2000000000 | HPQ:0.2000000000 | MU:0.2000000000 | STZ:0.2000000000 | SWY:0.2000000000,1.0,0.0
2013-05-23,2013-05-22,True,False,GME | REGN,HPQ | STZ,BBY | GME | MU | REGN | SWY,BBY:0.2000000000 | GME:0.2000000000 | MU:0.2000000000 | REGN:0.2000000000 | SWY:0.2000000000,1.0,0.0
2013-05-31,2013-05-30,True,False,FSLR | MCO,MU | SWY,BBY | FSLR | GME | MCO | REGN,BBY:0.2000000000 | FSLR:0.2000000000 | GME:0.2000000000 | MCO:0.2000000000 | REGN:0.2000000000,1.0,0.0
2013-06-21,2013-06-20,True,False,AMD,BBY,AMD | FSLR | GME | MCO | REGN,AMD:0.2000000000 | FSLR:0.2000000000 | GME:0.2000000000 | MCO:0.2000000000 | REGN:0.2000000000,1.0,0.0
2013-06-28,2013-06-27,True,False,AKAM,GME,AKAM | AMD | FSLR | MCO | REGN,AKAM:0.2000000000 | AMD:0.2000000000 | FSLR:0.2000000000 | MCO:0.2000000000 | REGN:0.2000000000,1.0,0.0
2013-07-15,2013-07-12,True,False,JCP | MU,MCO | REGN,AKAM | AMD | FSLR | JCP | MU,AKAM:0.2000000000 | AMD:0.2000000000 | FSLR:0.2000000000 | JCP:0.2000000000 | MU:0.2000000000,1.0,0.0
2013-07-22,2013-07-19,True,False,EA | NFLX,FSLR | JCP,AKAM | AMD | EA | MU | NFLX,AKAM:0.2000000000 | AMD:0.2000000000 | EA:0.2000000000 | MU:0.2000000000 | NFLX:0.2000000000,1.0,0.0
2013-07-29,2013-07-26,True,False,SPLS | WPX,AKAM | NFLX,AMD | EA | MU | SPLS | WPX,AMD:0.2000000000 | EA:0.2000000000 | MU:0.2000000000 | SPLS:0.2000000000 | WPX:0.2000000000,1.0,0.0
2013-08-05,2013-08-02,True,False,GT | HPQ,AMD | WPX,EA | GT | HPQ | MU | SPLS,EA:0.2000000000 | GT:0.2000000000 | HPQ:0.2000000000 | MU:0.2000000000 | SPLS:0.2000000000,1.0,0.0
2013-08-12,2013-08-09,True,False,CVC,EA,CVC | GT | HPQ | MU | SPLS,CVC:0.2000000000 | GT:0.2000000000 | HPQ:0.2000000000 | MU:0.2000000000 | SPLS:0.2000000000,1.0,0.0
2013-08-19,2013-08-16,True,False,GNW,SPLS,CVC | GNW | GT | HPQ | MU,CVC:0.2000000000 | GNW:0.2000000000 | GT:0.2000000000 | HPQ:0.2000000000 | MU:0.2000000000,1.0,0.0
2013-08-26,2013-08-23,True,False,ETFC | GME | JNPR,GT | HPQ | MU,CVC | ETFC | GME | GNW | JNPR,CVC:0.2000000000 | ETFC:0.2000000000 | GME:0.2000000000 | GNW:0.2000000000 | JNPR:0.2000000000,1.0,0.0
2013-09-03,2013-08-30,True,False,PXD,GNW,CVC | ETFC | GME | JNPR | PXD,CVC:0.2000000000 | ETFC:0.2000000000 | GME:0.2000000000 | JNPR:0.2000000000 | PXD:0.2000000000,1.0,0.0
2013-09-10,2013-09-09,True,False,CLF,JNPR,CLF | CVC | ETFC | GME | PXD,CLF:0.2000000000 | CVC:0.2000000000 | ETFC:0.2000000000 | GME:0.2000000000 | PXD:0.2000000000,1.0,0.0
2013-09-17,2013-09-16,True,False,HAR,PXD,CLF | CVC | ETFC | GME | HAR,CLF:0.2000000000 | CVC:0.2000000000 | ETFC:0.2000000000 | GME:0.2000000000 | HAR:0.2000000000,1.0,0.0
2013-09-24,2013-09-23,True,False,BBY | FFIV,CVC | ETFC,BBY | CLF | FFIV | GME | HAR,BBY:0.2000000000 | CLF:0.2000000000 | FFIV:0.2000000000 | GME:0.2000000000 | HAR:0.2000000000,1.0,0.0
2013-10-01,2013-09-30,True,False,NFLX,HAR,BBY | CLF | FFIV | GME | NFLX,BBY:0.2000000000 | CLF:0.2000000000 | FFIV:0.2000000000 | GME:0.2000000000 | NFLX:0.2000000000,1.0,0.0
2013-10-08,2013-10-07,True,False,CRM | GT,GME | NFLX,BBY | CLF | CRM | FFIV | GT,BBY:0.2000000000 | CLF:0.2000000000 | CRM:0.2000000000 | FFIV:0.2000000000 | GT:0.2000000000,1.0,0.0
2013-10-15,2013-10-14,True,False,MOLX | PBI,CRM | FFIV,BBY | CLF | GT | MOLX | PBI,BBY:0.2000000000 | CLF:0.2000000000 | GT:0.2000000000 | MOLX:0.2000000000 | PBI:0.2000000000,1.0,0.0
2013-10-22,2013-10-21,True,False,NFLX,CLF,BBY | GT | MOLX | NFLX | PBI,BBY:0.2000000000 | GT:0.2000000000 | MOLX:0.2000000000 | NFLX:0.2000000000 | PBI:0.2000000000,1.0,0.0
2013-10-29,2013-10-28,True,False,MU,PBI,BBY | GT | MOLX | MU | NFLX,BBY:0.2000000000 | GT:0.2000000000 | MOLX:0.2000000000 | MU:0.2000000000 | NFLX:0.2000000000,1.0,0.0
2013-11-12,2013-11-11,True,False,DAL,MU,BBY | DAL | GT | MOLX | NFLX,BBY:0.2000000000 | DAL:0.2000000000 | GT:0.2000000000 | MOLX:0.2000000000 | NFLX:0.2000000000,1.0,0.0
2013-11-19,2013-11-18,True,False,PXD | X,GT | NFLX,BBY | DAL | MOLX | PXD | X,BBY:0.2000000000 | DAL:0.2000000000 | MOLX:0.2000000000 | PXD:0.2000000000 | X:0.2000000000,1.0,0.0
2013-11-26,2013-11-25,True,False,FSLR | SWY,BBY | PXD,DAL | FSLR | MOLX | SWY | X,DAL:0.2000000000 | FSLR:0.2000000000 | MOLX:0.2000000000 | SWY:0.2000000000 | X:0.2000000000,1.0,0.0
2013-12-09,2013-12-03,False,True,,MOLX,DAL | FSLR | SWY | X,DAL:0.2000000000 | FSLR:0.2000000000 | SWY:0.2000000000 | X:0.2000000000,0.8,0.2
2013-12-11,2013-12-10,True,False,PBI,,DAL | FSLR | PBI | SWY | X,DAL:0.2000000000 | FSLR:0.2000000000 | PBI:0.2000000000 | SWY:0.2000000000 | X:0.2000000000,1.0,0.0
2013-12-18,2013-12-17,True,False,CMG,SWY,CMG | DAL | FSLR | PBI | X,CMG:0.2000000000 | DAL:0.2000000000 | FSLR:0.2000000000 | PBI:0.2000000000 | X:0.2000000000,1.0,0.0
2014-01-03,2014-01-02,True,False,HPQ,DAL,CMG | FSLR | HPQ | PBI | X,CMG:0.2000000000 | FSLR:0.2000000000 | HPQ:0.2000000000 | PBI:0.2000000000 | X:0.2000000000,1.0,0.0
2014-01-10,2014-01-09,True,False,EXPE | MPC | MU,CMG | HPQ | PBI,EXPE | FSLR | MPC | MU | X,EXPE:0.2000000000 | FSLR:0.2000000000 | MPC:0.2000000000 | MU:0.2000000000 | X:0.2000000000,1.0,0.0
2014-01-17,2014-01-16,True,False,LSI,X,EXPE | FSLR | LSI | MPC | MU,EXPE:0.2000000000 | FSLR:0.2000000000 | LSI:0.2000000000 | MPC:0.2000000000 | MU:0.2000000000,1.0,0.0
2014-01-27,2014-01-24,True,False,RHT,FSLR,EXPE | LSI | MPC | MU | RHT,EXPE:0.2000000000 | LSI:0.2000000000 | MPC:0.2000000000 | MU:0.2000000000 | RHT:0.2000000000,1.0,0.0
2014-02-10,2014-02-07,True,False,FRX,EXPE,FRX | LSI | MPC | MU | RHT,FRX:0.2000000000 | LSI:0.2000000000 | MPC:0.2000000000 | MU:0.2000000000 | RHT:0.2000000000,1.0,0.0
2014-02-18,2014-02-14,True,False,VRTX,MPC,FRX | LSI | MU | RHT | VRTX,FRX:0.2000000000 | LSI:0.2000000000 | MU:0.2000000000 | RHT:0.2000000000 | VRTX:0.2000000000,1.0,0.0
2014-03-04,2014-03-03,True,False,ALXN,MU,ALXN | FRX | LSI | RHT | VRTX,ALXN:0.2000000000 | FRX:0.2000000000 | LSI:0.2000000000 | RHT:0.2000000000 | VRTX:0.2000000000,1.0,0.0
2014-03-11,2014-03-10,True,False,AKAM | FB | HAR,FRX | RHT | VRTX,AKAM | ALXN | FB | HAR | LSI,AKAM:0.2000000000 | ALXN:0.2000000000 | FB:0.2000000000 | HAR:0.2000000000 | LSI:0.2000000000,1.0,0.0
2014-03-25,2014-03-24,True,False,FRX,LSI,AKAM | ALXN | FB | FRX | HAR,AKAM:0.2000000000 | ALXN:0.2000000000 | FB:0.2000000000 | FRX:0.2000000000 | HAR:0.2000000000,1.0,0.0
2014-04-08,2014-04-07,True,False,GMCR,FB,AKAM | ALXN | FRX | GMCR | HAR,AKAM:0.2000000000 | ALXN:0.2000000000 | FRX:0.2000000000 | GMCR:0.2000000000 | HAR:0.2000000000,1.0,0.0
2014-04-15,2014-04-14,True,False,NFLX,HAR,AKAM | ALXN | FRX | GMCR | NFLX,AKAM:0.2000000000 | ALXN:0.2000000000 | FRX:0.2000000000 | GMCR:0.2000000000 | NFLX:0.2000000000,1.0,0.0
2014-04-23,2014-04-22,True,False,FSLR,ALXN,AKAM | FRX | FSLR | GMCR | NFLX,AKAM:0.2000000000 | FRX:0.2000000000 | FSLR:0.2000000000 | GMCR:0.2000000000 | NFLX:0.2000000000,1.0,0.0
2014-04-30,2014-04-29,True,False,NBR,NFLX,AKAM | FRX | FSLR | GMCR | NBR,AKAM:0.2000000000 | FRX:0.2000000000 | FSLR:0.2000000000 | GMCR:0.2000000000 | NBR:0.2000000000,1.0,0.0
2014-05-07,2014-05-06,True,False,GME,AKAM,FRX | FSLR | GMCR | GME | NBR,FRX:0.2000000000 | FSLR:0.2000000000 | GMCR:0.2000000000 | GME:0.2000000000 | NBR:0.2000000000,1.0,0.0
2014-05-14,2014-05-13,True,False,NFX,GMCR,FRX | FSLR | GME | NBR | NFX,FRX:0.2000000000 | FSLR:0.2000000000 | GME:0.2000000000 | NBR:0.2000000000 | NFX:0.2000000000,1.0,0.0
2014-05-21,2014-05-20,True,False,ATI,FRX,ATI | FSLR | GME | NBR | NFX,ATI:0.2000000000 | FSLR:0.2000000000 | GME:0.2000000000 | NBR:0.2000000000 | NFX:0.2000000000,1.0,0.0
2014-05-29,2014-05-28,True,False,AGN | APC,GME | NBR,AGN | APC | ATI | FSLR | NFX,AGN:0.2000000000 | APC:0.2000000000 | ATI:0.2000000000 | FSLR:0.2000000000 | NFX:0.2000000000,1.0,0.0
2014-06-19,2014-06-18,True,False,NAVI,FSLR,AGN | APC | ATI | NAVI | NFX,AGN:0.2000000000 | APC:0.2000000000 | ATI:0.2000000000 | NAVI:0.2000000000 | NFX:0.2000000000,1.0,0.0
2014-06-26,2014-06-25,True,False,MU,ATI,AGN | APC | MU | NAVI | NFX,AGN:0.2000000000 | APC:0.2000000000 | MU:0.2000000000 | NAVI:0.2000000000 | NFX:0.2000000000,1.0,0.0
2014-07-03,2014-07-02,True,False,EA,NFX,AGN | APC | EA | MU | NAVI,AGN:0.2000000000 | APC:0.2000000000 | EA:0.2000000000 | MU:0.2000000000 | NAVI:0.2000000000,1.0,0.0
2014-07-11,2014-07-10,True,False,NFLX,APC,AGN | EA | MU | NAVI | NFLX,AGN:0.2000000000 | EA:0.2000000000 | MU:0.2000000000 | NAVI:0.2000000000 | NFLX:0.2000000000,1.0,0.0
2014-07-18,2014-07-17,True,False,SNDK,AGN,EA | MU | NAVI | NFLX | SNDK,EA:0.2000000000 | MU:0.2000000000 | NAVI:0.2000000000 | NFLX:0.2000000000 | SNDK:0.2000000000,1.0,0.0
2014-07-25,2014-07-24,True,False,VRTX,SNDK,EA | MU | NAVI | NFLX | VRTX,EA:0.2000000000 | MU:0.2000000000 | NAVI:0.2000000000 | NFLX:0.2000000000 | VRTX:0.2000000000,1.0,0.0
2014-08-01,2014-07-31,True,False,GMCR,NAVI,EA | GMCR | MU | NFLX | VRTX,EA:0.2000000000 | GMCR:0.2000000000 | MU:0.2000000000 | NFLX:0.2000000000 | VRTX:0.2000000000,1.0,0.0
2014-08-08,2014-08-07,True,False,IRM | TRIP,EA | GMCR,IRM | MU | NFLX | TRIP | VRTX,IRM:0.2000000000 | MU:0.2000000000 | NFLX:0.2000000000 | TRIP:0.2000000000 | VRTX:0.2000000000,1.0,0.0
2014-08-15,2014-08-14,True,False,WMB,IRM,MU | NFLX | TRIP | VRTX | WMB,MU:0.2000000000 | NFLX:0.2000000000 | TRIP:0.2000000000 | VRTX:0.2000000000 | WMB:0.2000000000,1.0,0.0
2014-08-22,2014-08-21,True,False,CMG | ISRG,NFLX | TRIP,CMG | ISRG | MU | VRTX | WMB,CMG:0.2000000000 | ISRG:0.2000000000 | MU:0.2000000000 | VRTX:0.2000000000 | WMB:0.2000000000,1.0,0.0
2014-08-29,2014-08-28,True,False,FDO,MU,CMG | FDO | ISRG | VRTX | WMB,CMG:0.2000000000 | FDO:0.2000000000 | ISRG:0.2000000000 | VRTX:0.2000000000 | WMB:0.2000000000,1.0,0.0
2014-09-15,2014-09-12,True,False,THC,FDO,CMG | ISRG | THC | VRTX | WMB,CMG:0.2000000000 | ISRG:0.2000000000 | THC:0.2000000000 | VRTX:0.2000000000 | WMB:0.2000000000,1.0,0.0
2014-09-22,2014-09-19,True,False,MNST | PETM,CMG | WMB,ISRG | MNST | PETM | THC | VRTX,ISRG:0.2000000000 | MNST:0.2000000000 | PETM:0.2000000000 | THC:0.2000000000 | VRTX:0.2000000000,1.0,0.0
2014-09-29,2014-09-26,True,False,FDO | REGN,ISRG | VRTX,FDO | MNST | PETM | REGN | THC,FDO:0.2000000000 | MNST:0.2000000000 | PETM:0.2000000000 | REGN:0.2000000000 | THC:0.2000000000,1.0,0.0
2014-10-06,2014-10-03,True,False,FB | ISRG,PETM | REGN,FB | FDO | ISRG | MNST | THC,FB:0.2000000000 | FDO:0.2000000000 | ISRG:0.2000000000 | MNST:0.2000000000 | THC:0.2000000000,1.0,0.0
2014-10-13,2014-10-10,True,False,AVGO,FB,AVGO | FDO | ISRG | MNST | THC,AVGO:0.2000000000 | FDO:0.2000000000 | ISRG:0.2000000000 | MNST:0.2000000000 | THC:0.2000000000,1.0,0.0
2014-10-27,2014-10-24,True,False,SIAL | VRTX,FDO | ISRG,AVGO | MNST | SIAL | THC | VRTX,AVGO:0.2000000000 | MNST:0.2000000000 | SIAL:0.2000000000 | THC:0.2000000000 | VRTX:0.2000000000,1.0,0.0
2014-11-03,2014-10-31,True,False,MNK,THC,AVGO | MNK | MNST | SIAL | VRTX,AVGO:0.2000000000 | MNK:0.2000000000 | MNST:0.2000000000 | SIAL:0.2000000000 | VRTX:0.2000000000,1.0,0.0
2014-11-17,2014-11-14,True,False,CFN | GMCR,AVGO | MNST,CFN | GMCR | MNK | SIAL | VRTX,CFN:0.2000000000 | GMCR:0.2000000000 | MNK:0.2000000000 | SIAL:0.2000000000 | VRTX:0.2000000000,1.0,0.0
2014-11-24,2014-11-21,True,False,MNST,GMCR,CFN | MNK | MNST | SIAL | VRTX,CFN:0.2000000000 | MNK:0.2000000000 | MNST:0.2000000000 | SIAL:0.2000000000 | VRTX:0.2000000000,1.0,0.0
2014-12-09,2014-12-08,True,False,ALXN | GMCR,MNK | MNST,ALXN | CFN | GMCR | SIAL | VRTX,ALXN:0.2000000000 | CFN:0.2000000000 | GMCR:0.2000000000 | SIAL:0.2000000000 | VRTX:0.2000000000,1.0,0.0
2014-12-16,2014-12-15,True,False,MNST,GMCR,ALXN | CFN | MNST | SIAL | VRTX,ALXN:0.2000000000 | CFN:0.2000000000 | MNST:0.2000000000 | SIAL:0.2000000000 | VRTX:0.2000000000,1.0,0.0
2014-12-23,2014-12-22,True,False,EW | TSCO,SIAL | VRTX,ALXN | CFN | EW | MNST | TSCO,ALXN:0.2000000000 | CFN:0.2000000000 | EW:0.2000000000 | MNST:0.2000000000 | TSCO:0.2000000000,1.0,0.0
2014-12-31,2014-12-30,True,False,DAL,ALXN,CFN | DAL | EW | MNST | TSCO,CFN:0.2000000000 | DAL:0.2000000000 | EW:0.2000000000 | MNST:0.2000000000 | TSCO:0.2000000000,1.0,0.0
2015-01-08,2015-01-07,True,False,AVGO | EA | KMX,CFN | EW | MNST,AVGO | DAL | EA | KMX | TSCO,AVGO:0.2000000000 | DAL:0.2000000000 | EA:0.2000000000 | KMX:0.2000000000 | TSCO:0.2000000000,1.0,0.0
2015-01-30,2015-01-29,True,False,SPLS,TSCO,AVGO | DAL | EA | KMX | SPLS,AVGO:0.2000000000 | DAL:0.2000000000 | EA:0.2000000000 | KMX:0.2000000000 | SPLS:0.2000000000,1.0,0.0
2015-02-06,2015-02-05,True,False,RCL,DAL,AVGO | EA | KMX | RCL | SPLS,AVGO:0.2000000000 | EA:0.2000000000 | KMX:0.2000000000 | RCL:0.2000000000 | SPLS:0.2000000000,1.0,0.0
2015-02-23,2015-02-20,True,False,NEM,EA,AVGO | KMX | NEM | RCL | SPLS,AVGO:0.2000000000 | KMX:0.2000000000 | NEM:0.2000000000 | RCL:0.2000000000 | SPLS:0.2000000000,1.0,0.0
2015-03-02,2015-02-27,True,False,NFLX,KMX,AVGO | NEM | NFLX | RCL | SPLS,AVGO:0.2000000000 | NEM:0.2000000000 | NFLX:0.2000000000 | RCL:0.2000000000 | SPLS:0.2000000000,1.0,0.0
2015-03-09,2015-03-06,True,False,HAR | NFX,AVGO | RCL,HAR | NEM | NFLX | NFX | SPLS,HAR:0.2000000000 | NEM:0.2000000000 | NFLX:0.2000000000 | NFX:0.2000000000 | SPLS:0.2000000000,1.0,0.0
2015-03-16,2015-03-13,True,False,HSP,SPLS,HAR | HSP | NEM | NFLX | NFX,HAR:0.2000000000 | HSP:0.2000000000 | NEM:0.2000000000 | NFLX:0.2000000000 | NFX:0.2000000000,1.0,0.0
2015-04-14,2015-04-13,True,False,ES,NEM,ES | HAR | HSP | NFLX | NFX,ES:0.2000000000 | HAR:0.2000000000 | HSP:0.2000000000 | NFLX:0.2000000000 | NFX:0.2000000000,1.0,0.0
2015-04-28,2015-04-27,True,False,FSLR,NFLX,ES | FSLR | HAR | HSP | NFX,ES:0.2000000000 | FSLR:0.2000000000 | HAR:0.2000000000 | HSP:0.2000000000 | NFX:0.2000000000,1.0,0.0
2015-05-05,2015-05-04,True,False,KRFT,HAR,ES | FSLR | HSP | KRFT | NFX,ES:0.2000000000 | FSLR:0.2000000000 | HSP:0.2000000000 | KRFT:0.2000000000 | NFX:0.2000000000,1.0,0.0
2015-05-12,2015-05-11,True,False,ALTR,HSP,ALTR | ES | FSLR | KRFT | NFX,ALTR:0.2000000000 | ES:0.2000000000 | FSLR:0.2000000000 | KRFT:0.2000000000 | NFX:0.2000000000,1.0,0.0
2015-05-27,2015-05-26,True,False,MYL | RRC,ALTR | ES,FSLR | KRFT | MYL | NFX | RRC,FSLR:0.2000000000 | KRFT:0.2000000000 | MYL:0.2000000000 | NFX:0.2000000000 | RRC:0.2000000000,1.0,0.0
2015-06-03,2015-06-02,True,False,ALTR,FSLR,ALTR | KRFT | MYL | NFX | RRC,ALTR:0.2000000000 | KRFT:0.2000000000 | MYL:0.2000000000 | NFX:0.2000000000 | RRC:0.2000000000,1.0,0.0
2015-06-10,2015-06-09,True,False,RIG,NFX,ALTR | KRFT | MYL | RIG | RRC,ALTR:0.2000000000 | KRFT:0.2000000000 | MYL:0.2000000000 | RIG:0.2000000000 | RRC:0.2000000000,1.0,0.0
2015-06-17,2015-06-16,True,False,NFLX,MYL,ALTR | KRFT | NFLX | RIG | RRC,ALTR:0.2000000000 | KRFT:0.2000000000 | NFLX:0.2000000000 | RIG:0.2000000000 | RRC:0.2000000000,1.0,0.0
2015-06-24,2015-06-23,True,False,NE,RRC,ALTR | KRFT | NE | NFLX | RIG,ALTR:0.2000000000 | KRFT:0.2000000000 | NE:0.2000000000 | NFLX:0.2000000000 | RIG:0.2000000000,1.0,0.0
2015-07-01,2015-06-30,True,False,BRCM | CVC,KRFT | NE,ALTR | BRCM | CVC | NFLX | RIG,ALTR:0.2000000000 | BRCM:0.2000000000 | CVC:0.2000000000 | NFLX:0.2000000000 | RIG:0.2000000000,1.0,0.0
2015-07-16,2015-07-15,True,False,AGN,RIG,AGN | ALTR | BRCM | CVC | NFLX,AGN:0.2000000000 | ALTR:0.2000000000 | BRCM:0.2000000000 | CVC:0.2000000000 | NFLX:0.2000000000,1.0,0.0
2015-08-06,2015-08-05,True,False,THC,BRCM,AGN | ALTR | CVC | NFLX | THC,AGN:0.2000000000 | ALTR:0.2000000000 | CVC:0.2000000000 | NFLX:0.2000000000 | THC:0.2000000000,1.0,0.0
2015-08-20,2015-08-19,True,False,ALXN | CB | GOOGL,ALTR | CVC | THC,AGN | ALXN | CB | GOOGL | NFLX,AGN:0.2000000000 | ALXN:0.2000000000 | CB:0.2000000000 | GOOGL:0.2000000000 | NFLX:0.2000000000,1.0,0.0
2015-08-27,2015-08-26,True,False,,,AGN | ALXN | CB | GOOGL | NFLX,AGN:0.1000000000 | ALXN:0.1000000000 | CB:0.1000000000 | GOOGL:0.1000000000 | NFLX:0.1000000000,0.5,0.5
2015-09-11,2015-09-10,True,False,TE,ALXN,AGN | CB | GOOGL | NFLX | TE,AGN:0.1000000000 | CB:0.1000000000 | GOOGL:0.1000000000 | NFLX:0.1000000000 | TE:0.1000000000,0.5,0.5
2015-09-18,2015-09-17,True,False,GOOG,AGN,CB | GOOG | GOOGL | NFLX | TE,CB:0.2000000000 | GOOG:0.2000000000 | GOOGL:0.2000000000 | NFLX:0.2000000000 | TE:0.2000000000,1.0,0.0
2015-09-25,2015-09-24,True,False,,,CB | GOOG | GOOGL | NFLX | TE,CB:0.1000000000 | GOOG:0.1000000000 | GOOGL:0.1000000000 | NFLX:0.1000000000 | TE:0.1000000000,0.5,0.5
2015-10-02,2015-10-01,True,False,CAM,CB,CAM | GOOG | GOOGL | NFLX | TE,CAM:0.2000000000 | GOOG:0.2000000000 | GOOGL:0.2000000000 | NFLX:0.2000000000 | TE:0.2000000000,1.0,0.0
2015-10-09,2015-10-08,True,False,GAS,NFLX,CAM | GAS | GOOG | GOOGL | TE,CAM:0.2000000000 | GAS:0.2000000000 | GOOG:0.2000000000 | GOOGL:0.2000000000 | TE:0.2000000000,1.0,0.0
2015-10-16,2015-10-15,True,False,MAS | RIG,GOOG | GOOGL,CAM | GAS | MAS | RIG | TE,CAM:0.2000000000 | GAS:0.2000000000 | MAS:0.2000000000 | RIG:0.2000000000 | TE:0.2000000000,1.0,0.0
2015-10-23,2015-10-22,True,False,CVC,RIG,CAM | CVC | GAS | MAS | TE,CAM:0.2000000000 | CVC:0.2000000000 | GAS:0.2000000000 | MAS:0.2000000000 | TE:0.2000000000,1.0,0.0
2015-10-30,2015-10-29,True,False,NVDA,MAS,CAM | CVC | GAS | NVDA | TE,CAM:0.2000000000 | CVC:0.2000000000 | GAS:0.2000000000 | NVDA:0.2000000000 | TE:0.2000000000,1.0,0.0
2015-11-06,2015-11-05,True,False,FCX,NVDA,CAM | CVC | FCX | GAS | TE,CAM:0.2000000000 | CVC:0.2000000000 | FCX:0.2000000000 | GAS:0.2000000000 | TE:0.2000000000,1.0,0.0
2015-11-30,2015-11-27,True,False,KLAC | NFX | SNDK,CAM | FCX | GAS,CVC | KLAC | NFX | SNDK | TE,CVC:0.2000000000 | KLAC:0.2000000000 | NFX:0.2000000000 | SNDK:0.2000000000 | TE:0.2000000000,1.0,0.0
2015-12-07,2015-12-04,True,False,FCX | RIG,CVC | NFX,FCX | KLAC | RIG | SNDK | TE,FCX:0.2000000000 | KLAC:0.2000000000 | RIG:0.2000000000 | SNDK:0.2000000000 | TE:0.2000000000,1.0,0.0
2015-12-14,2015-12-11,True,False,ADSK | APA | NVDA,FCX | RIG | TE,ADSK | APA | KLAC | NVDA | SNDK,ADSK:0.2000000000 | APA:0.2000000000 | KLAC:0.2000000000 | NVDA:0.2000000000 | SNDK:0.2000000000,1.0,0.0
2015-12-21,2015-12-18,True,False,ARG,ADSK,APA | ARG | KLAC | NVDA | SNDK,APA:0.1000000000 | ARG:0.1000000000 | KLAC:0.1000000000 | NVDA:0.1000000000 | SNDK:0.1000000000,0.5,0.5
2015-12-29,2015-12-28,True,False,FSLR,NVDA,APA | ARG | FSLR | KLAC | SNDK,APA:0.2000000000 | ARG:0.2000000000 | FSLR:0.2000000000 | KLAC:0.2000000000 | SNDK:0.2000000000,1.0,0.0
2016-01-06,2016-01-05,True,False,QRVO,APA,ARG | FSLR | KLAC | QRVO | SNDK,ARG:0.2000000000 | FSLR:0.2000000000 | KLAC:0.2000000000 | QRVO:0.2000000000 | SNDK:0.2000000000,1.0,0.0
2016-01-13,2016-01-12,True,False,GMCR,FSLR,ARG | GMCR | KLAC | QRVO | SNDK,ARG:0.1000000000 | GMCR:0.1000000000 | KLAC:0.1000000000 | QRVO:0.1000000000 | SNDK:0.1000000000,0.5,0.5
2016-01-21,2016-01-20,True,False,FSLR | NFLX,QRVO | SNDK,ARG | FSLR | GMCR | KLAC | NFLX,ARG:0.1000000000 | FSLR:0.1000000000 | GMCR:0.1000000000 | KLAC:0.1000000000 | NFLX:0.1000000000,0.5,0.5
2016-01-28,2016-01-27,True,False,ILMN | MYL,KLAC | NFLX,ARG | FSLR | GMCR | ILMN | MYL,ARG:0.1000000000 | FSLR:0.1000000000 | GMCR:0.1000000000 | ILMN:0.1000000000 | MYL:0.1000000000,0.5,0.5
2016-02-11,2016-02-10,True,False,KSS,ILMN,ARG | FSLR | GMCR | KSS | MYL,ARG:0.1000000000 | FSLR:0.1000000000 | GMCR:0.1000000000 | KSS:0.1000000000 | MYL:0.1000000000,0.5,0.5
2016-02-19,2016-02-18,True,False,MNK,MYL,ARG | FSLR | GMCR | KSS | MNK,ARG:0.1000000000 | FSLR:0.1000000000 | GMCR:0.1000000000 | KSS:0.1000000000 | MNK:0.1000000000,0.5,0.5
2016-02-26,2016-02-25,True,False,BXLT | MAT | WYNN,ARG | KSS | MNK,BXLT | FSLR | GMCR | MAT | WYNN,BXLT:0.1000000000 | FSLR:0.1000000000 | GMCR:0.1000000000 | MAT:0.1000000000 | WYNN:0.1000000000,0.5,0.5
2016-03-03,2016-02-25,False,True,,GMCR,BXLT | FSLR | MAT | WYNN,BXLT:0.1000000000 | FSLR:0.1000000000 | MAT:0.1000000000 | WYNN:0.1000000000,0.4,0.6
2016-03-04,2016-03-03,True,False,COG | KORS,WYNN,BXLT | COG | FSLR | KORS | MAT,BXLT:0.1000000000 | COG:0.1000000000 | FSLR:0.1000000000 | KORS:0.1000000000 | MAT:0.1000000000,0.5,0.5
2016-03-11,2016-03-10,True,False,SWN,BXLT,COG | FSLR | KORS | MAT | SWN,COG:0.1000000000 | FSLR:0.1000000000 | KORS:0.1000000000 | MAT:0.1000000000 | SWN:0.1000000000,0.5,0.5
2016-03-18,2016-03-17,True,False,NEM | RRC,FSLR | MAT,COG | KORS | NEM | RRC | SWN,COG:0.1000000000 | KORS:0.1000000000 | NEM:0.1000000000 | RRC:0.1000000000 | SWN:0.1000000000,0.5,0.5
2016-03-28,2016-03-24,True,False,ADT,RRC,ADT | COG | KORS | NEM | SWN,ADT:0.2000000000 | COG:0.2000000000 | KORS:0.2000000000 | NEM:0.2000000000 | SWN:0.2000000000,1.0,0.0
2016-04-04,2016-04-01,True,False,FCX,SWN,ADT | COG | FCX | KORS | NEM,ADT:0.2000000000 | COG:0.2000000000 | FCX:0.2000000000 | KORS:0.2000000000 | NEM:0.2000000000,1.0,0.0
2016-04-11,2016-04-08,True,False,,,ADT | COG | FCX | KORS | NEM,ADT:0.1000000000 | COG:0.1000000000 | FCX:0.1000000000 | KORS:0.1000000000 | NEM:0.1000000000,0.5,0.5
2016-04-18,2016-04-15,True,False,,,ADT | COG | FCX | KORS | NEM,ADT:0.2000000000 | COG:0.2000000000 | FCX:0.2000000000 | KORS:0.2000000000 | NEM:0.2000000000,1.0,0.0
2016-04-25,2016-04-22,True,False,WYNN,COG,ADT | FCX | KORS | NEM | WYNN,ADT:0.2000000000 | FCX:0.2000000000 | KORS:0.2000000000 | NEM:0.2000000000 | WYNN:0.2000000000,1.0,0.0
2016-05-02,2016-04-29,True,True,,ADT,FCX | KORS | NEM | WYNN,FCX:0.2000000000 | KORS:0.2000000000 | NEM:0.2000000000 | WYNN:0.2000000000,0.8,0.2
2016-05-09,2016-05-06,True,False,HES | MRO | NFX,KORS | NEM,FCX | HES | MRO | NFX | WYNN,FCX:0.2000000000 | HES:0.2000000000 | MRO:0.2000000000 | NFX:0.2000000000 | WYNN:0.2000000000,1.0,0.0
2016-05-16,2016-05-13,True,False,,,FCX | HES | MRO | NFX | WYNN,FCX:0.1000000000 | HES:0.1000000000 | MRO:0.1000000000 | NFX:0.1000000000 | WYNN:0.1000000000,0.5,0.5
2016-05-23,2016-05-20,True,False,CHK | MUR,HES | WYNN,CHK | FCX | MRO | MUR | NFX,CHK:0.1000000000 | FCX:0.1000000000 | MRO:0.1000000000 | MUR:0.1000000000 | NFX:0.1000000000,0.5,0.5
2016-05-31,2016-05-27,True,False,SWN,NFX,CHK | FCX | MRO | MUR | SWN,CHK:0.2000000000 | FCX:0.2000000000 | MRO:0.2000000000 | MUR:0.2000000000 | SWN:0.2000000000,1.0,0.0
2016-06-07,2016-06-06,True,False,DVN | NEM | OKE | RRC,CHK | FCX | MRO | MUR,DVN | NEM | OKE | RRC | SWN,DVN:0.2000000000 | NEM:0.2000000000 | OKE:0.2000000000 | RRC:0.2000000000 | SWN:0.2000000000,1.0,0.0
2016-06-28,2016-06-27,True,False,WMB,NEM,DVN | OKE | RRC | SWN | WMB,DVN:0.1000000000 | OKE:0.1000000000 | RRC:0.1000000000 | SWN:0.1000000000 | WMB:0.1000000000,0.5,0.5
2016-07-06,2016-07-05,True,False,,,DVN | OKE | RRC | SWN | WMB,DVN:0.2000000000 | OKE:0.2000000000 | RRC:0.2000000000 | SWN:0.2000000000 | WMB:0.2000000000,1.0,0.0
2016-07-13,2016-07-12,True,False,FMC | NOV,DVN | RRC,FMC | NOV | OKE | SWN | WMB,FMC:0.2000000000 | NOV:0.2000000000 | OKE:0.2000000000 | SWN:0.2000000000 | WMB:0.2000000000,1.0,0.0
2016-07-20,2016-07-19,True,False,VIAB,FMC,NOV | OKE | SWN | VIAB | WMB,NOV:0.2000000000 | OKE:0.2000000000 | SWN:0.2000000000 | VIAB:0.2000000000 | WMB:0.2000000000,1.0,0.0
2016-07-27,2016-07-26,True,False,MU | NEM | QRVO,SWN | VIAB | WMB,MU | NEM | NOV | OKE | QRVO,MU:0.2000000000 | NEM:0.2000000000 | NOV:0.2000000000 | OKE:0.2000000000 | QRVO:0.2000000000,1.0,0.0
2016-08-03,2016-08-02,True,False,MRO | STX,NEM | NOV,MRO | MU | OKE | QRVO | STX,MRO:0.2000000000 | MU:0.2000000000 | OKE:0.2000000000 | QRVO:0.2000000000 | STX:0.2000000000,1.0,0.0
2016-08-10,2016-08-09,True,False,WDC,OKE,MRO | MU | QRVO | STX | WDC,MRO:0.2000000000 | MU:0.2000000000 | QRVO:0.2000000000 | STX:0.2000000000 | WDC:0.2000000000,1.0,0.0
2016-08-17,2016-08-16,True,False,RIG,MRO,MU | QRVO | RIG | STX | WDC,MU:0.2000000000 | QRVO:0.2000000000 | RIG:0.2000000000 | STX:0.2000000000 | WDC:0.2000000000,1.0,0.0
2016-08-24,2016-08-23,True,False,CHK,QRVO,CHK | MU | RIG | STX | WDC,CHK:0.2000000000 | MU:0.2000000000 | RIG:0.2000000000 | STX:0.2000000000 | WDC:0.2000000000,1.0,0.0
2016-08-31,2016-08-30,True,False,GPS | LLTC | NEM,MU | RIG | WDC,CHK | GPS | LLTC | NEM | STX,CHK:0.2000000000 | GPS:0.2000000000 | LLTC:0.2000000000 | NEM:0.2000000000 | STX:0.2000000000,1.0,0.0
2016-09-08,2016-09-07,True,False,MNK,CHK,GPS | LLTC | MNK | NEM | STX,GPS:0.2000000000 | LLTC:0.2000000000 | MNK:0.2000000000 | NEM:0.2000000000 | STX:0.2000000000,1.0,0.0
2016-09-15,2016-09-14,True,False,ENDP | JWN,LLTC | NEM,ENDP | GPS | JWN | MNK | STX,ENDP:0.2000000000 | GPS:0.2000000000 | JWN:0.2000000000 | MNK:0.2000000000 | STX:0.2000000000,1.0,0.0
2016-09-22,2016-09-21,True,False,CHK,GPS,CHK | ENDP | JWN | MNK | STX,CHK:0.2000000000 | ENDP:0.2000000000 | JWN:0.2000000000 | MNK:0.2000000000 | STX:0.2000000000,1.0,0.0
2016-09-29,2016-09-28,True,False,WMB,MNK,CHK | ENDP | JWN | STX | WMB,CHK:0.2000000000 | ENDP:0.2000000000 | JWN:0.2000000000 | STX:0.2000000000 | WMB:0.2000000000,1.0,0.0
2016-10-06,2016-10-05,True,False,MU,ENDP,CHK | JWN | MU | STX | WMB,CHK:0.2000000000 | JWN:0.2000000000 | MU:0.2000000000 | STX:0.2000000000 | WMB:0.2000000000,1.0,0.0
2016-10-20,2016-10-19,True,False,LLTC,STX,CHK | JWN | LLTC | MU | WMB,CHK:0.2000000000 | JWN:0.2000000000 | LLTC:0.2000000000 | MU:0.2000000000 | WMB:0.2000000000,1.0,0.0
2016-10-27,2016-10-26,True,False,ENDP,LLTC,CHK | ENDP | JWN | MU | WMB,CHK:0.2000000000 | ENDP:0.2000000000 | JWN:0.2000000000 | MU:0.2000000000 | WMB:0.2000000000,1.0,0.0
2016-11-03,2016-11-02,True,False,WDC,ENDP,CHK | JWN | MU | WDC | WMB,CHK:0.2000000000 | JWN:0.2000000000 | MU:0.2000000000 | WDC:0.2000000000 | WMB:0.2000000000,1.0,0.0
2016-11-10,2016-11-09,True,False,APA,JWN,APA | CHK | MU | WDC | WMB,APA:0.2000000000 | CHK:0.2000000000 | MU:0.2000000000 | WDC:0.2000000000 | WMB:0.2000000000,1.0,0.0
2016-11-17,2016-11-16,True,False,BBY | NFLX,CHK | WMB,APA | BBY | MU | NFLX | WDC,APA:0.2000000000 | BBY:0.2000000000 | MU:0.2000000000 | NFLX:0.2000000000 | WDC:0.2000000000,1.0,0.0
2016-11-25,2016-11-23,True,False,NVDA | UAL,BBY | MU,APA | NFLX | NVDA | UAL | WDC,APA:0.2000000000 | NFLX:0.2000000000 | NVDA:0.2000000000 | UAL:0.2000000000 | WDC:0.2000000000,1.0,0.0
2016-12-02,2016-12-01,True,False,AKAM,NVDA,AKAM | APA | NFLX | UAL | WDC,AKAM:0.2000000000 | APA:0.2000000000 | NFLX:0.2000000000 | UAL:0.2000000000 | WDC:0.2000000000,1.0,0.0
2016-12-09,2016-12-08,True,False,FCX | NVDA | RCL,APA | UAL | WDC,AKAM | FCX | NFLX | NVDA | RCL,AKAM:0.2000000000 | FCX:0.2000000000 | NFLX:0.2000000000 | NVDA:0.2000000000 | RCL:0.2000000000,1.0,0.0
2016-12-16,2016-12-15,True,False,HAR | LNC | RF,AKAM | NFLX | RCL,FCX | HAR | LNC | NVDA | RF,FCX:0.2000000000 | HAR:0.2000000000 | LNC:0.2000000000 | NVDA:0.2000000000 | RF:0.2000000000,1.0,0.0
2017-01-18,2017-01-17,True,False,RIG,LNC,FCX | HAR | NVDA | RF | RIG,FCX:0.2000000000 | HAR:0.2000000000 | NVDA:0.2000000000 | RF:0.2000000000 | RIG:0.2000000000,1.0,0.0
2017-02-01,2017-01-31,True,False,URI,FCX,HAR | NVDA | RF | RIG | URI,HAR:0.2000000000 | NVDA:0.2000000000 | RF:0.2000000000 | RIG:0.2000000000 | URI:0.2000000000,1.0,0.0
2017-02-08,2017-02-07,True,False,CF,RF,CF | HAR | NVDA | RIG | URI,CF:0.2000000000 | HAR:0.2000000000 | NVDA:0.2000000000 | RIG:0.2000000000 | URI:0.2000000000,1.0,0.0
2017-02-15,2017-02-14,True,False,CHK | NRG,NVDA | URI,CF | CHK | HAR | NRG | RIG,CF:0.2000000000 | CHK:0.2000000000 | HAR:0.2000000000 | NRG:0.2000000000 | RIG:0.2000000000,1.0,0.0
2017-02-23,2017-02-22,True,False,CSX | ILMN,CHK | HAR,CF | CSX | ILMN | NRG | RIG,CF:0.2000000000 | CSX:0.2000000000 | ILMN:0.2000000000 | NRG:0.2000000000 | RIG:0.2000000000,1.0,0.0
2017-03-09,2017-03-08,True,False,NVDA,RIG,CF | CSX | ILMN | NRG | NVDA,CF:0.2000000000 | CSX:0.2000000000 | ILMN:0.2000000000 | NRG:0.2000000000 | NVDA:0.2000000000,1.0,0.0
2017-03-23,2017-03-22,True,False,AMD | CNC,CF | NVDA,AMD | CNC | CSX | ILMN | NRG,AMD:0.2000000000 | CNC:0.2000000000 | CSX:0.2000000000 | ILMN:0.2000000000 | NRG:0.2000000000,1.0,0.0
2017-03-30,2017-03-29,True,False,INCY,CNC,AMD | CSX | ILMN | INCY | NRG,AMD:0.2000000000 | CSX:0.2000000000 | ILMN:0.2000000000 | INCY:0.2000000000 | NRG:0.2000000000,1.0,0.0
2017-04-06,2017-04-05,True,False,ATVI,AMD,ATVI | CSX | ILMN | INCY | NRG,ATVI:0.2000000000 | CSX:0.2000000000 | ILMN:0.2000000000 | INCY:0.2000000000 | NRG:0.2000000000,1.0,0.0
2017-04-13,2017-04-12,True,False,AMD,ILMN,AMD | ATVI | CSX | INCY | NRG,AMD:0.2000000000 | ATVI:0.2000000000 | CSX:0.2000000000 | INCY:0.2000000000 | NRG:0.2000000000,1.0,0.0
2017-04-21,2017-04-20,True,False,WYNN,CSX,AMD | ATVI | INCY | NRG | WYNN,AMD:0.2000000000 | ATVI:0.2000000000 | INCY:0.2000000000 | NRG:0.2000000000 | WYNN:0.2000000000,1.0,0.0
2017-04-28,2017-04-27,True,False,MU,NRG,AMD | ATVI | INCY | MU | WYNN,AMD:0.2000000000 | ATVI:0.2000000000 | INCY:0.2000000000 | MU:0.2000000000 | WYNN:0.2000000000,1.0,0.0
2017-05-12,2017-05-11,True,False,VRTX,AMD,ATVI | INCY | MU | VRTX | WYNN,ATVI:0.2000000000 | INCY:0.2000000000 | MU:0.2000000000 | VRTX:0.2000000000 | WYNN:0.2000000000,1.0,0.0
2017-05-19,2017-05-18,True,False,FMC | HRB,ATVI | INCY,FMC | HRB | MU | VRTX | WYNN,FMC:0.2000000000 | HRB:0.2000000000 | MU:0.2000000000 | VRTX:0.2000000000 | WYNN:0.2000000000,1.0,0.0
2017-06-05,2017-06-02,True,False,BCR,MU,BCR | FMC | HRB | VRTX | WYNN,BCR:0.2000000000 | FMC:0.2000000000 | HRB:0.2000000000 | VRTX:0.2000000000 | WYNN:0.2000000000,1.0,0.0
2017-06-12,2017-06-09,True,False,NVDA,HRB,BCR | FMC | NVDA | VRTX | WYNN,BCR:0.2000000000 | FMC:0.2000000000 | NVDA:0.2000000000 | VRTX:0.2000000000 | WYNN:0.2000000000,1.0,0.0
2017-06-19,2017-06-16,True,False,WFM,WYNN,BCR | FMC | NVDA | VRTX | WFM,BCR:0.2000000000 | FMC:0.2000000000 | NVDA:0.2000000000 | VRTX:0.2000000000 | WFM:0.2000000000,1.0,0.0
2017-07-03,2017-06-30,True,False,ADSK | BBY,FMC | VRTX,ADSK | BBY | BCR | NVDA | WFM,ADSK:0.2000000000 | BBY:0.2000000000 | BCR:0.2000000000 | NVDA:0.2000000000 | WFM:0.2000000000,1.0,0.0
2017-07-11,2017-07-10,True,False,REGN,WFM,ADSK | BBY | BCR | NVDA | REGN,ADSK:0.2000000000 | BBY:0.2000000000 | BCR:0.2000000000 | NVDA:0.2000000000 | REGN:0.2000000000,1.0,0.0
2017-07-25,2017-07-24,True,False,ATVI | HRB | MU,ADSK | BBY | BCR,ATVI | HRB | MU | NVDA | REGN,ATVI:0.2000000000 | HRB:0.2000000000 | MU:0.2000000000 | NVDA:0.2000000000 | REGN:0.2000000000,1.0,0.0
2017-08-01,2017-07-31,True,False,WFM,ATVI,HRB | MU | NVDA | REGN | WFM,HRB:0.2000000000 | MU:0.2000000000 | NVDA:0.2000000000 | REGN:0.2000000000 | WFM:0.2000000000,1.0,0.0
2017-08-08,2017-08-07,True,False,AMD,MU,AMD | HRB | NVDA | REGN | WFM,AMD:0.2000000000 | HRB:0.2000000000 | NVDA:0.2000000000 | REGN:0.2000000000 | WFM:0.2000000000,1.0,0.0
2017-08-15,2017-08-14,True,False,NRG,REGN,AMD | HRB | NRG | NVDA | WFM,AMD:0.2000000000 | HRB:0.2000000000 | NRG:0.2000000000 | NVDA:0.2000000000 | WFM:0.2000000000,1.0,0.0
2017-08-28,2017-08-21,False,True,,WFM,AMD | HRB | NRG | NVDA,AMD:0.2000000000 | HRB:0.2000000000 | NRG:0.2000000000 | NVDA:0.2000000000,0.8,0.2
2017-08-29,2017-08-28,True,False,ALXN | SIG | VRTX,HRB | NVDA,ALXN | AMD | NRG | SIG | VRTX,ALXN:0.2000000000 | AMD:0.2000000000 | NRG:0.2000000000 | SIG:0.2000000000 | VRTX:0.2000000000,1.0,0.0
2017-09-06,2017-09-05,True,False,CF | FCX,AMD | SIG,ALXN | CF | FCX | NRG | VRTX,ALXN:0.2000000000 | CF:0.2000000000 | FCX:0.2000000000 | NRG:0.2000000000 | VRTX:0.2000000000,1.0,0.0
2017-09-13,2017-09-12,True,False,KORS,CF,ALXN | FCX | KORS | NRG | VRTX,ALXN:0.2000000000 | FCX:0.2000000000 | KORS:0.2000000000 | NRG:0.2000000000 | VRTX:0.2000000000,1.0,0.0
2017-09-27,2017-09-26,True,False,RL,ALXN,FCX | KORS | NRG | RL | VRTX,FCX:0.2000000000 | KORS:0.2000000000 | NRG:0.2000000000 | RL:0.2000000000 | VRTX:0.2000000000,1.0,0.0
2017-10-11,2017-10-10,True,False,TSCO,NRG,FCX | KORS | RL | TSCO | VRTX,FCX:0.2000000000 | KORS:0.2000000000 | RL:0.2000000000 | TSCO:0.2000000000 | VRTX:0.2000000000,1.0,0.0
2017-10-18,2017-10-17,True,False,GPS | PRGO,FCX | VRTX,GPS | KORS | PRGO | RL | TSCO,GPS:0.2000000000 | KORS:0.2000000000 | PRGO:0.2000000000 | RL:0.2000000000 | TSCO:0.2000000000,1.0,0.0
2017-10-25,2017-10-24,True,False,CF,PRGO,CF | GPS | KORS | RL | TSCO,CF:0.2000000000 | GPS:0.2000000000 | KORS:0.2000000000 | RL:0.2000000000 | TSCO:0.2000000000,1.0,0.0
2017-11-01,2017-10-31,True,False,MU,TSCO,CF | GPS | KORS | MU | RL,CF:0.2000000000 | GPS:0.2000000000 | KORS:0.2000000000 | MU:0.2000000000 | RL:0.2000000000,1.0,0.0
2017-11-08,2017-11-07,True,False,MYL | PRGO | RRC,CF | KORS | RL,GPS | MU | MYL | PRGO | RRC,GPS:0.2000000000 | MU:0.2000000000 | MYL:0.2000000000 | PRGO:0.2000000000 | RRC:0.2000000000,1.0,0.0
2017-11-15,2017-11-14,True,False,CF | MRO,PRGO | RRC,CF | GPS | MRO | MU | MYL,CF:0.2000000000 | GPS:0.2000000000 | MRO:0.2000000000 | MU:0.2000000000 | MYL:0.2000000000,1.0,0.0
2017-11-22,2017-11-21,True,False,SIG | STX,GPS | MRO,CF | MU | MYL | SIG | STX,CF:0.2000000000 | MU:0.2000000000 | MYL:0.2000000000 | SIG:0.2000000000 | STX:0.2000000000,1.0,0.0
2017-11-30,2017-11-29,True,False,ALGN | MRO,SIG | STX,ALGN | CF | MRO | MU | MYL,ALGN:0.2000000000 | CF:0.2000000000 | MRO:0.2000000000 | MU:0.2000000000 | MYL:0.2000000000,1.0,0.0
2017-12-07,2017-12-06,True,False,KORS | LB,CF | MYL,ALGN | KORS | LB | MRO | MU,ALGN:0.2000000000 | KORS:0.2000000000 | LB:0.2000000000 | MRO:0.2000000000 | MU:0.2000000000,1.0,0.0
2017-12-21,2017-12-20,True,False,MAT,MRO,ALGN | KORS | LB | MAT | MU,ALGN:0.2000000000 | KORS:0.2000000000 | LB:0.2000000000 | MAT:0.2000000000 | MU:0.2000000000,1.0,0.0
2018-01-08,2018-01-05,True,False,FL | KR,MAT | MU,ALGN | FL | KORS | KR | LB,ALGN:0.2000000000 | FL:0.2000000000 | KORS:0.2000000000 | KR:0.2000000000 | LB:0.2000000000,1.0,0.0
2018-01-16,2018-01-12,True,False,M,ALGN,FL | KORS | KR | LB | M,FL:0.2000000000 | KORS:0.2000000000 | KR:0.2000000000 | LB:0.2000000000 | M:0.2000000000,1.0,0.0
2018-01-30,2018-01-29,True,False,COTY,M,COTY | FL | KORS | KR | LB,COTY:0.2000000000 | FL:0.2000000000 | KORS:0.2000000000 | KR:0.2000000000 | LB:0.2000000000,1.0,0.0
2018-02-06,2018-02-05,True,False,AAP | UA,KR | LB,AAP | COTY | FL | KORS | UA,AAP:0.2000000000 | COTY:0.2000000000 | FL:0.2000000000 | KORS:0.2000000000 | UA:0.2000000000,1.0,0.0
2018-02-13,2018-02-12,True,False,DVA | EVHC,COTY | KORS,AAP | DVA | EVHC | FL | UA,AAP:0.2000000000 | DVA:0.2000000000 | EVHC:0.2000000000 | FL:0.2000000000 | UA:0.2000000000,1.0,0.0
2018-02-21,2018-02-20,True,False,FCX | KSS | VIAB,AAP | EVHC | UA,DVA | FCX | FL | KSS | VIAB,DVA:0.2000000000 | FCX:0.2000000000 | FL:0.2000000000 | KSS:0.2000000000 | VIAB:0.2000000000,1.0,0.0
2018-02-28,2018-02-27,True,False,AAP | GWW,FL | VIAB,AAP | DVA | FCX | GWW | KSS,AAP:0.2000000000 | DVA:0.2000000000 | FCX:0.2000000000 | GWW:0.2000000000 | KSS:0.2000000000,1.0,0.0
2018-03-07,2018-03-06,True,False,NFLX,AAP,DVA | FCX | GWW | KSS | NFLX,DVA:0.2000000000 | FCX:0.2000000000 | GWW:0.2000000000 | KSS:0.2000000000 | NFLX:0.2000000000,1.0,0.0
2018-03-14,2018-03-13,True,False,NVDA,DVA,FCX | GWW | KSS | NFLX | NVDA,FCX:0.2000000000 | GWW:0.2000000000 | KSS:0.2000000000 | NFLX:0.2000000000 | NVDA:0.2000000000,1.0,0.0
2018-03-21,2018-03-20,True,False,CSRA | NKTR,FCX | GWW,CSRA | KSS | NFLX | NKTR | NVDA,CSRA:0.2000000000 | KSS:0.2000000000 | NFLX:0.2000000000 | NKTR:0.2000000000 | NVDA:0.2000000000,1.0,0.0
2018-04-04,2018-03-27,False,True,,CSRA,KSS | NFLX | NKTR | NVDA,KSS:0.2000000000 | NFLX:0.2000000000 | NKTR:0.2000000000 | NVDA:0.2000000000,0.8,0.2
2018-04-05,2018-04-04,True,False,TRIP | XL,KSS,NFLX | NKTR | NVDA | TRIP | XL,NFLX:0.2000000000 | NKTR:0.2000000000 | NVDA:0.2000000000 | TRIP:0.2000000000 | XL:0.2000000000,1.0,0.0
2018-04-12,2018-04-11,True,False,MU,NVDA,MU | NFLX | NKTR | TRIP | XL,MU:0.2000000000 | NFLX:0.2000000000 | NKTR:0.2000000000 | TRIP:0.2000000000 | XL:0.2000000000,1.0,0.0
2018-05-03,2018-05-02,True,False,UAA,NFLX,MU | NKTR | TRIP | UAA | XL,MU:0.2000000000 | NKTR:0.2000000000 | TRIP:0.2000000000 | UAA:0.2000000000 | XL:0.2000000000,1.0,0.0
2018-05-10,2018-05-09,True,False,UA,TRIP,MU | NKTR | UA | UAA | XL,MU:0.2000000000 | NKTR:0.2000000000 | UA:0.2000000000 | UAA:0.2000000000 | XL:0.2000000000,1.0,0.0
2018-05-17,2018-05-16,True,False,ADSK | HES | NFLX,NKTR | UA | UAA,ADSK | HES | MU | NFLX | XL,ADSK:0.2000000000 | HES:0.2000000000 | MU:0.2000000000 | NFLX:0.2000000000 | XL:0.2000000000,1.0,0.0
2018-05-24,2018-05-23,True,False,ANDV | BHGE | NFX,ADSK | MU | NFLX,ANDV | BHGE | HES | NFX | XL,ANDV:0.2000000000 | BHGE:0.2000000000 | HES:0.2000000000 | NFX:0.2000000000 | XL:0.2000000000,1.0,0.0
2018-06-08,2018-06-07,True,False,CMG,XL,ANDV | BHGE | CMG | HES | NFX,ANDV:0.2000000000 | BHGE:0.2000000000 | CMG:0.2000000000 | HES:0.2000000000 | NFX:0.2000000000,1.0,0.0
2018-06-15,2018-06-14,True,False,MRO,BHGE,ANDV | CMG | HES | MRO | NFX,ANDV:0.2000000000 | CMG:0.2000000000 | HES:0.2000000000 | MRO:0.2000000000 | NFX:0.2000000000,1.0,0.0
2018-06-22,2018-06-21,True,False,UA,NFX,ANDV | CMG | HES | MRO | UA,ANDV:0.2000000000 | CMG:0.2000000000 | HES:0.2000000000 | MRO:0.2000000000 | UA:0.2000000000,1.0,0.0
2018-06-29,2018-06-28,True,False,JEF,HES,ANDV | CMG | JEF | MRO | UA,ANDV:0.2000000000 | CMG:0.2000000000 | JEF:0.2000000000 | MRO:0.2000000000 | UA:0.2000000000,1.0,0.0
2018-07-09,2018-07-06,True,False,AMD | TWTR,ANDV | MRO,AMD | CMG | JEF | TWTR | UA,AMD:0.2000000000 | CMG:0.2000000000 | JEF:0.2000000000 | TWTR:0.2000000000 | UA:0.2000000000,1.0,0.0
2018-07-30,2018-07-27,True,False,TRIP,CMG,AMD | JEF | TRIP | TWTR | UA,AMD:0.2000000000 | JEF:0.2000000000 | TRIP:0.2000000000 | TWTR:0.2000000000 | UA:0.2000000000,1.0,0.0
2018-08-13,2018-08-10,True,False,HBI,UA,AMD | HBI | JEF | TRIP | TWTR,AMD:0.2000000000 | HBI:0.2000000000 | JEF:0.2000000000 | TRIP:0.2000000000 | TWTR:0.2000000000,1.0,0.0
2018-08-27,2018-08-24,True,False,MNST,JEF,AMD | HBI | MNST | TRIP | TWTR,AMD:0.2000000000 | HBI:0.2000000000 | MNST:0.2000000000 | TRIP:0.2000000000 | TWTR:0.2000000000,1.0,0.0
2018-09-04,2018-08-31,True,False,ARNC | CF | CPB | REGN,HBI | MNST | TRIP | TWTR,AMD | ARNC | CF | CPB | REGN,AMD:0.2000000000 | ARNC:0.2000000000 | CF:0.2000000000 | CPB:0.2000000000 | REGN:0.2000000000,1.0,0.0
2018-09-18,2018-09-17,True,False,BIIB | CTL | FLS,AMD | CF | CPB,ARNC | BIIB | CTL | FLS | REGN,ARNC:0.2000000000 | BIIB:0.2000000000 | CTL:0.2000000000 | FLS:0.2000000000 | REGN:0.2000000000,1.0,0.0
2018-09-25,2018-09-24,True,False,AMD,REGN,AMD | ARNC | BIIB | CTL | FLS,AMD:0.2000000000 | ARNC:0.2000000000 | BIIB:0.2000000000 | CTL:0.2000000000 | FLS:0.2000000000,1.0,0.0
2018-10-02,2018-10-01,True,False,NKTR,CTL,AMD | ARNC | BIIB | FLS | NKTR,AMD:0.2000000000 | ARNC:0.2000000000 | BIIB:0.2000000000 | FLS:0.2000000000 | NKTR:0.2000000000,1.0,0.0
2018-10-09,2018-10-08,True,False,JWN,BIIB,AMD | ARNC | FLS | JWN | NKTR,AMD:0.2000000000 | ARNC:0.2000000000 | FLS:0.2000000000 | JWN:0.2000000000 | NKTR:0.2000000000,1.0,0.0
2018-10-23,2018-10-22,True,False,FTNT,JWN,AMD | ARNC | FLS | FTNT | NKTR,AMD:0.2000000000 | ARNC:0.2000000000 | FLS:0.2000000000 | FTNT:0.2000000000 | NKTR:0.2000000000,1.0,0.0
2018-10-30,2018-10-29,True,False,ABMD,ARNC,ABMD | AMD | FLS | FTNT | NKTR,ABMD:0.2000000000 | AMD:0.2000000000 | FLS:0.2000000000 | FTNT:0.2000000000 | NKTR:0.2000000000,1.0,0.0
2018-11-06,2018-11-05,True,False,JWN | NLSN,ABMD | NKTR,AMD | FLS | FTNT | JWN | NLSN,AMD:0.2000000000 | FLS:0.2000000000 | FTNT:0.2000000000 | JWN:0.2000000000 | NLSN:0.2000000000,1.0,0.0
2018-11-13,2018-11-12,True,False,ATVI | AVGO | PCG,FLS | FTNT | NLSN,AMD | ATVI | AVGO | JWN | PCG,AMD:0.2000000000 | ATVI:0.2000000000 | AVGO:0.2000000000 | JWN:0.2000000000 | PCG:0.2000000000,1.0,0.0
2018-11-20,2018-11-19,True,False,MOS | XEC,ATVI | JWN,AMD | AVGO | MOS | PCG | XEC,AMD:0.2000000000 | AVGO:0.2000000000 | MOS:0.2000000000 | PCG:0.2000000000 | XEC:0.2000000000,1.0,0.0
2018-11-28,2018-11-27,True,False,LB | SBUX | ULTA | XLNX,AMD | AVGO | MOS | XEC,LB | PCG | SBUX | ULTA | XLNX,LB:0.2000000000 | PCG:0.2000000000 | SBUX:0.2000000000 | ULTA:0.2000000000 | XLNX:0.2000000000,1.0,0.0
2018-12-06,2018-12-04,True,False,RHT | UAA,PCG | ULTA,LB | RHT | SBUX | UAA | XLNX,LB:0.2000000000 | RHT:0.2000000000 | SBUX:0.2000000000 | UAA:0.2000000000 | XLNX:0.2000000000,1.0,0.0
2018-12-13,2018-12-12,True,False,TRIP,SBUX,LB | RHT | TRIP | UAA | XLNX,LB:0.2000000000 | RHT:0.2000000000 | TRIP:0.2000000000 | UAA:0.2000000000 | XLNX:0.2000000000,1.0,0.0
2018-12-20,2018-12-19,True,False,,,LB | RHT | TRIP | UAA | XLNX,LB:0.1000000000 | RHT:0.1000000000 | TRIP:0.1000000000 | UAA:0.1000000000 | XLNX:0.1000000000,0.5,0.5
2018-12-28,2018-12-27,True,False,NWL | TWTR,LB | UAA,NWL | RHT | TRIP | TWTR | XLNX,NWL:0.1000000000 | RHT:0.1000000000 | TRIP:0.1000000000 | TWTR:0.1000000000 | XLNX:0.1000000000,0.5,0.5
2019-01-29,2019-01-28,True,False,MCHP,TWTR,MCHP | NWL | RHT | TRIP | XLNX,MCHP:0.1000000000 | NWL:0.1000000000 | RHT:0.1000000000 | TRIP:0.1000000000 | XLNX:0.1000000000,0.5,0.5
2019-02-05,2019-02-04,True,False,CELG | FL | NEM | XRAY,MCHP | RHT | TRIP | XLNX,CELG | FL | NEM | NWL | XRAY,CELG:0.1000000000 | FL:0.1000000000 | NEM:0.1000000000 | NWL:0.1000000000 | XRAY:0.1000000000,0.5,0.5
2019-02-12,2019-02-11,True,False,DLTR | MCHP | NKTR,NEM | NWL | XRAY,CELG | DLTR | FL | MCHP | NKTR,CELG:0.2000000000 | DLTR:0.2000000000 | FL:0.2000000000 | MCHP:0.2000000000 | NKTR:0.2000000000,1.0,0.0
2019-02-20,2019-02-19,True,False,INCY | NFLX,DLTR | MCHP,CELG | FL | INCY | NFLX | NKTR,CELG:0.2000000000 | FL:0.2000000000 | INCY:0.2000000000 | NFLX:0.2000000000 | NKTR:0.2000000000,1.0,0.0
2019-02-27,2019-02-26,True,False,XLNX,FL,CELG | INCY | NFLX | NKTR | XLNX,CELG:0.2000000000 | INCY:0.2000000000 | NFLX:0.2000000000 | NKTR:0.2000000000 | XLNX:0.2000000000,1.0,0.0
2019-03-06,2019-03-05,True,False,GE,NKTR,CELG | GE | INCY | NFLX | XLNX,CELG:0.2000000000 | GE:0.2000000000 | INCY:0.2000000000 | NFLX:0.2000000000 | XLNX:0.2000000000,1.0,0.0
2019-03-20,2019-03-19,True,False,COTY,INCY,CELG | COTY | GE | NFLX | XLNX,CELG:0.2000000000 | COTY:0.2000000000 | GE:0.2000000000 | NFLX:0.2000000000 | XLNX:0.2000000000,1.0,0.0
2019-04-03,2019-04-02,True,False,MAT | WDC,CELG | NFLX,COTY | GE | MAT | WDC | XLNX,COTY:0.2000000000 | GE:0.2000000000 | MAT:0.2000000000 | WDC:0.2000000000 | XLNX:0.2000000000,1.0,0.0
2019-04-10,2019-04-09,True,False,ALGN | ANET,GE | MAT,ALGN | ANET | COTY | WDC | XLNX,ALGN:0.2000000000 | ANET:0.2000000000 | COTY:0.2000000000 | WDC:0.2000000000 | XLNX:0.2000000000,1.0,0.0
2019-05-02,2019-05-01,True,False,CAG | NVDA,WDC | XLNX,ALGN | ANET | CAG | COTY | NVDA,ALGN:0.2000000000 | ANET:0.2000000000 | CAG:0.2000000000 | COTY:0.2000000000 | NVDA:0.2000000000,1.0,0.0
2019-05-16,2019-05-15,True,False,APC | DOW,ALGN | COTY,ANET | APC | CAG | DOW | NVDA,ANET:0.2000000000 | APC:0.2000000000 | CAG:0.2000000000 | DOW:0.2000000000 | NVDA:0.2000000000,1.0,0.0
2019-05-31,2019-05-30,True,False,QCOM,ANET,APC | CAG | DOW | NVDA | QCOM,APC:0.2000000000 | CAG:0.2000000000 | DOW:0.2000000000 | NVDA:0.2000000000 | QCOM:0.2000000000,1.0,0.0
2019-06-07,2019-06-06,True,False,ALGN,NVDA,ALGN | APC | CAG | DOW | QCOM,ALGN:0.2000000000 | APC:0.2000000000 | CAG:0.2000000000 | DOW:0.2000000000 | QCOM:0.2000000000,1.0,0.0
2019-06-21,2019-06-20,True,False,COTY,CAG,ALGN | APC | COTY | DOW | QCOM,ALGN:0.2000000000 | APC:0.2000000000 | COTY:0.2000000000 | DOW:0.2000000000 | QCOM:0.2000000000,1.0,0.0
2019-06-28,2019-06-27,True,False,AMD | ARNC,ALGN | COTY,AMD | APC | ARNC | DOW | QCOM,AMD:0.2000000000 | APC:0.2000000000 | ARNC:0.2000000000 | DOW:0.2000000000 | QCOM:0.2000000000,1.0,0.0
2019-07-08,2019-07-05,True,False,COTY | TTWO,AMD | DOW,APC | ARNC | COTY | QCOM | TTWO,APC:0.2000000000 | ARNC:0.2000000000 | COTY:0.2000000000 | QCOM:0.2000000000 | TTWO:0.2000000000,1.0,0.0
2019-07-15,2019-07-12,True,False,UAA,ARNC,APC | COTY | QCOM | TTWO | UAA,APC:0.2000000000 | COTY:0.2000000000 | QCOM:0.2000000000 | TTWO:0.2000000000 | UAA:0.2000000000,1.0,0.0
2019-07-22,2019-07-19,True,False,ANTM | RMD,APC | QCOM,ANTM | COTY | RMD | TTWO | UAA,ANTM:0.2000000000 | COTY:0.2000000000 | RMD:0.2000000000 | TTWO:0.2000000000 | UAA:0.2000000000,1.0,0.0
2019-07-29,2019-07-26,True,False,AGN | ILMN | INCY,ANTM | RMD | UAA,AGN | COTY | ILMN | INCY | TTWO,AGN:0.2000000000 | COTY:0.2000000000 | ILMN:0.2000000000 | INCY:0.2000000000 | TTWO:0.2000000000,1.0,0.0
2019-08-05,2019-08-02,True,False,MKTX | UAA,COTY | INCY,AGN | ILMN | MKTX | TTWO | UAA,AGN:0.2000000000 | ILMN:0.2000000000 | MKTX:0.2000000000 | TTWO:0.2000000000 | UAA:0.2000000000,1.0,0.0
2019-08-12,2019-08-09,True,False,SYMC,TTWO,AGN | ILMN | MKTX | SYMC | UAA,AGN:0.2000000000 | ILMN:0.2000000000 | MKTX:0.2000000000 | SYMC:0.2000000000 | UAA:0.2000000000,1.0,0.0
2019-08-19,2019-08-16,True,False,AMD | MU | WDC,AGN | ILMN | UAA,AMD | MKTX | MU | SYMC | WDC,AMD:0.2000000000 | MKTX:0.2000000000 | MU:0.2000000000 | SYMC:0.2000000000 | WDC:0.2000000000,1.0,0.0
2019-08-26,2019-08-23,True,False,AMAT | XLNX,MKTX | SYMC,AMAT | AMD | MU | WDC | XLNX,AMAT:0.2000000000 | AMD:0.2000000000 | MU:0.2000000000 | WDC:0.2000000000 | XLNX:0.2000000000,1.0,0.0
2019-09-03,2019-08-30,True,False,AGN | DVA | HFC,AMAT | AMD | XLNX,AGN | DVA | HFC | MU | WDC,AGN:0.2000000000 | DVA:0.2000000000 | HFC:0.2000000000 | MU:0.2000000000 | WDC:0.2000000000,1.0,0.0
2019-09-17,2019-09-16,True,False,SYMC,HFC,AGN | DVA | MU | SYMC | WDC,AGN:0.2000000000 | DVA:0.2000000000 | MU:0.2000000000 | SYMC:0.2000000000 | WDC:0.2000000000,1.0,0.0
2019-09-24,2019-09-23,True,False,TGT | TWTR,DVA | SYMC,AGN | MU | TGT | TWTR | WDC,AGN:0.2000000000 | MU:0.2000000000 | TGT:0.2000000000 | TWTR:0.2000000000 | WDC:0.2000000000,1.0,0.0
2019-10-01,2019-09-30,True,False,KLAC | MKTX,AGN | WDC,KLAC | MKTX | MU | TGT | TWTR,KLAC:0.2000000000 | MKTX:0.2000000000 | MU:0.2000000000 | TGT:0.2000000000 | TWTR:0.2000000000,1.0,0.0
2019-10-15,2019-10-14,True,False,NWL | WDC,MKTX | TWTR,KLAC | MU | NWL | TGT | WDC,KLAC:0.2000000000 | MU:0.2000000000 | NWL:0.2000000000 | TGT:0.2000000000 | WDC:0.2000000000,1.0,0.0
2019-10-22,2019-10-21,True,False,ATVI | LKQ | MYL,KLAC | MU | WDC,ATVI | LKQ | MYL | NWL | TGT,ATVI:0.2000000000 | LKQ:0.2000000000 | MYL:0.2000000000 | NWL:0.2000000000 | TGT:0.2000000000,1.0,0.0
2019-10-29,2019-10-28,True,False,KLAC | STX,ATVI | MYL,KLAC | LKQ | NWL | STX | TGT,KLAC:0.2000000000 | LKQ:0.2000000000 | NWL:0.2000000000 | STX:0.2000000000 | TGT:0.2000000000,1.0,0.0
2019-11-12,2019-11-11,True,False,JWN,STX,JWN | KLAC | LKQ | NWL | TGT,JWN:0.2000000000 | KLAC:0.2000000000 | LKQ:0.2000000000 | NWL:0.2000000000 | TGT:0.2000000000,1.0,0.0
2019-11-19,2019-11-18,True,False,ALGN | TPR,KLAC | LKQ,ALGN | JWN | NWL | TGT | TPR,ALGN:0.2000000000 | JWN:0.2000000000 | NWL:0.2000000000 | TGT:0.2000000000 | TPR:0.2000000000,1.0,0.0
2019-11-26,2019-11-25,True,False,COTY | PVH,NWL | TGT,ALGN | COTY | JWN | PVH | TPR,ALGN:0.2000000000 | COTY:0.2000000000 | JWN:0.2000000000 | PVH:0.2000000000 | TPR:0.2000000000,1.0,0.0
2019-12-04,2019-12-03,True,False,BIIB | TIF,PVH | TPR,ALGN | BIIB | COTY | JWN | TIF,ALGN:0.2000000000 | BIIB:0.2000000000 | COTY:0.2000000000 | JWN:0.2000000000 | TIF:0.2000000000,1.0,0.0
2019-12-11,2019-12-10,True,False,PEAK | QRVO,COTY | JWN,ALGN | BIIB | PEAK | QRVO | TIF,ALGN:0.2000000000 | BIIB:0.2000000000 | PEAK:0.2000000000 | QRVO:0.2000000000 | TIF:0.2000000000,1.0,0.0
2019-12-18,2019-12-17,True,False,AMD,BIIB,ALGN | AMD | PEAK | QRVO | TIF,ALGN:0.2000000000 | AMD:0.2000000000 | PEAK:0.2000000000 | QRVO:0.2000000000 | TIF:0.2000000000,1.0,0.0
2020-01-27,2020-01-24,True,False,J,ALGN,AMD | J | PEAK | QRVO | TIF,AMD:0.2000000000 | J:0.2000000000 | PEAK:0.2000000000 | QRVO:0.2000000000 | TIF:0.2000000000,1.0,0.0
2020-02-03,2020-01-31,True,False,DXC,TIF,AMD | DXC | J | PEAK | QRVO,AMD:0.2000000000 | DXC:0.2000000000 | J:0.2000000000 | PEAK:0.2000000000 | QRVO:0.2000000000,1.0,0.0
2020-02-10,2020-02-07,True,False,APA | WDC,PEAK | QRVO,AMD | APA | DXC | J | WDC,AMD:0.2000000000 | APA:0.2000000000 | DXC:0.2000000000 | J:0.2000000000 | WDC:0.2000000000,1.0,0.0
2020-02-18,2020-02-14,True,False,PAYC,DXC,AMD | APA | J | PAYC | WDC,AMD:0.2000000000 | APA:0.2000000000 | J:0.2000000000 | PAYC:0.2000000000 | WDC:0.2000000000,1.0,0.0
2020-02-25,2020-02-24,True,False,LB,PAYC,AMD | APA | J | LB | WDC,AMD:0.2000000000 | APA:0.2000000000 | J:0.2000000000 | LB:0.2000000000 | WDC:0.2000000000,1.0,0.0
2020-03-17,2020-03-16,True,False,TWTR,J,AMD | APA | LB | TWTR | WDC,AMD:0.1000000000 | APA:0.1000000000 | LB:0.1000000000 | TWTR:0.1000000000 | WDC:0.1000000000,0.5,0.5
2020-03-24,2020-03-23,True,False,ALB,WDC,ALB | AMD | APA | LB | TWTR,ALB:0.1000000000 | AMD:0.1000000000 | APA:0.1000000000 | LB:0.1000000000 | TWTR:0.1000000000,0.5,0.5
2020-03-31,2020-03-30,True,False,J | LEN | NVDA,AMD | APA | TWTR,ALB | J | LB | LEN | NVDA,ALB:0.1000000000 | J:0.1000000000 | LB:0.1000000000 | LEN:0.1000000000 | NVDA:0.1000000000,0.5,0.5
2020-04-07,2020-04-06,True,False,EVRG,J,ALB | EVRG | LB | LEN | NVDA,ALB:0.1000000000 | EVRG:0.1000000000 | LB:0.1000000000 | LEN:0.1000000000 | NVDA:0.1000000000,0.5,0.5
2020-04-15,2020-04-14,True,False,BIIB | CNC | COG | MSCI | WEC,ALB | EVRG | LB | LEN | NVDA,BIIB | CNC | COG | MSCI | WEC,BIIB:0.1000000000 | CNC:0.1000000000 | COG:0.1000000000 | MSCI:0.1000000000 | WEC:0.1000000000,0.5,0.5
2020-04-22,2020-04-21,True,False,CLX | CTXS | GILD | KR | REGN,BIIB | CNC | COG | MSCI | WEC,CLX | CTXS | GILD | KR | REGN,CLX:0.1000000000 | CTXS:0.1000000000 | GILD:0.1000000000 | KR:0.1000000000 | REGN:0.1000000000,0.5,0.5
2020-04-29,2020-04-28,True,False,COG | NVDA,CLX | KR,COG | CTXS | GILD | NVDA | REGN,COG:0.1000000000 | CTXS:0.1000000000 | GILD:0.1000000000 | NVDA:0.1000000000 | REGN:0.1000000000,0.5,0.5
2020-05-06,2020-05-05,True,False,MKTX,NVDA,COG | CTXS | GILD | MKTX | REGN,COG:0.1000000000 | CTXS:0.1000000000 | GILD:0.1000000000 | MKTX:0.1000000000 | REGN:0.1000000000,0.5,0.5
2020-05-13,2020-05-12,True,False,CNC | DXCM,CTXS | GILD,CNC | COG | DXCM | MKTX | REGN,CNC:0.2000000000 | COG:0.2000000000 | DXCM:0.2000000000 | MKTX:0.2000000000 | REGN:0.2000000000,1.0,0.0
2020-05-28,2020-05-27,True,False,AMD,REGN,AMD | CNC | COG | DXCM | MKTX,AMD:0.2000000000 | CNC:0.2000000000 | COG:0.2000000000 | DXCM:0.2000000000 | MKTX:0.2000000000,1.0,0.0
2020-06-04,2020-06-03,True,False,CMG,AMD,CMG | CNC | COG | DXCM | MKTX,CMG:0.2000000000 | CNC:0.2000000000 | COG:0.2000000000 | DXCM:0.2000000000 | MKTX:0.2000000000,1.0,0.0
2020-06-11,2020-06-10,True,False,APA | DVN | FANG | MRO,CMG | CNC | COG | MKTX,APA | DVN | DXCM | FANG | MRO,APA:0.2000000000 | DVN:0.2000000000 | DXCM:0.2000000000 | FANG:0.2000000000 | MRO:0.2000000000,1.0,0.0
2020-06-18,2020-06-17,True,False,HAL | NBL,DXCM | MRO,APA | DVN | FANG | HAL | NBL,APA:0.2000000000 | DVN:0.2000000000 | FANG:0.2000000000 | HAL:0.2000000000 | NBL:0.2000000000,1.0,0.0
2020-07-02,2020-07-01,True,False,RCL,NBL,APA | DVN | FANG | HAL | RCL,APA:0.2000000000 | DVN:0.2000000000 | FANG:0.2000000000 | HAL:0.2000000000 | RCL:0.2000000000,1.0,0.0
2020-07-10,2020-07-09,True,False,CCL | NCLH,DVN | FANG,APA | CCL | HAL | NCLH | RCL,APA:0.2000000000 | CCL:0.2000000000 | HAL:0.2000000000 | NCLH:0.2000000000 | RCL:0.2000000000,1.0,0.0
2020-07-24,2020-07-23,True,False,DFS | GPS,APA | HAL,CCL | DFS | GPS | NCLH | RCL,CCL:0.2000000000 | DFS:0.2000000000 | GPS:0.2000000000 | NCLH:0.2000000000 | RCL:0.2000000000,1.0,0.0
2020-07-31,2020-07-30,True,False,AMP | BA | FCX | VIAC,CCL | DFS | NCLH | RCL,AMP | BA | FCX | GPS | VIAC,AMP:0.2000000000 | BA:0.2000000000 | FCX:0.2000000000 | GPS:0.2000000000 | VIAC:0.2000000000,1.0,0.0
2020-08-07,2020-08-06,True,False,UAL,AMP,BA | FCX | GPS | UAL | VIAC,BA:0.2000000000 | FCX:0.2000000000 | GPS:0.2000000000 | UAL:0.2000000000 | VIAC:0.2000000000,1.0,0.0
2020-08-14,2020-08-13,True,False,NCLH,VIAC,BA | FCX | GPS | NCLH | UAL,BA:0.2000000000 | FCX:0.2000000000 | GPS:0.2000000000 | NCLH:0.2000000000 | UAL:0.2000000000,1.0,0.0
2020-08-21,2020-08-20,True,False,IVZ | LB,NCLH | UAL,BA | FCX | GPS | IVZ | LB,BA:0.2000000000 | FCX:0.2000000000 | GPS:0.2000000000 | IVZ:0.2000000000 | LB:0.2000000000,1.0,0.0
2020-08-28,2020-08-27,True,False,WY,BA,FCX | GPS | IVZ | LB | WY,FCX:0.2000000000 | GPS:0.2000000000 | IVZ:0.2000000000 | LB:0.2000000000 | WY:0.2000000000,1.0,0.0
2020-09-04,2020-09-03,True,False,AMD | WHR,GPS | IVZ,AMD | FCX | LB | WHR | WY,AMD:0.2000000000 | FCX:0.2000000000 | LB:0.2000000000 | WHR:0.2000000000 | WY:0.2000000000,1.0,0.0
2020-09-14,2020-09-11,True,False,GPS,FCX,AMD | GPS | LB | WHR | WY,AMD:0.2000000000 | GPS:0.2000000000 | LB:0.2000000000 | WHR:0.2000000000 | WY:0.2000000000,1.0,0.0
2020-09-21,2020-09-18,True,False,FCX,WY,AMD | FCX | GPS | LB | WHR,AMD:0.2000000000 | FCX:0.2000000000 | GPS:0.2000000000 | LB:0.2000000000 | WHR:0.2000000000,1.0,0.0
2020-09-28,2020-09-25,True,False,HBI | MOS,FCX | WHR,AMD | GPS | HBI | LB | MOS,AMD:0.2000000000 | GPS:0.2000000000 | HBI:0.2000000000 | LB:0.2000000000 | MOS:0.2000000000,1.0,0.0
2020-10-19,2020-10-16,True,False,PVH,HBI,AMD | GPS | LB | MOS | PVH,AMD:0.2000000000 | GPS:0.2000000000 | LB:0.2000000000 | MOS:0.2000000000 | PVH:0.2000000000,1.0,0.0
2020-10-26,2020-10-23,True,False,MGM,AMD,GPS | LB | MGM | MOS | PVH,GPS:0.2000000000 | LB:0.2000000000 | MGM:0.2000000000 | MOS:0.2000000000 | PVH:0.2000000000,1.0,0.0
2020-11-09,2020-11-06,True,False,CRM | DRI | TWTR,LB | MGM | MOS,CRM | DRI | GPS | PVH | TWTR,CRM:0.2000000000 | DRI:0.2000000000 | GPS:0.2000000000 | PVH:0.2000000000 | TWTR:0.2000000000,1.0,0.0
2020-11-16,2020-11-13,True,False,IVZ | TPR,DRI | PVH,CRM | GPS | IVZ | TPR | TWTR,CRM:0.2000000000 | GPS:0.2000000000 | IVZ:0.2000000000 | TPR:0.2000000000 | TWTR:0.2000000000,1.0,0.0
2020-11-23,2020-11-20,True,False,ALGN | UAA,CRM | TWTR,ALGN | GPS | IVZ | TPR | UAA,ALGN:0.2000000000 | GPS:0.2000000000 | IVZ:0.2000000000 | TPR:0.2000000000 | UAA:0.2000000000,1.0,0.0
2020-12-01,2020-11-30,True,False,,GPS,ALGN | IVZ | TPR | UAA,ALGN:0.2000000000 | IVZ:0.2000000000 | TPR:0.2000000000 | UAA:0.2000000000,0.8,0.2
2020-12-08,2020-12-07,True,False,MHK,,ALGN | IVZ | MHK | TPR | UAA,ALGN:0.2000000000 | IVZ:0.2000000000 | MHK:0.2000000000 | TPR:0.2000000000 | UAA:0.2000000000,1.0,0.0
2020-12-15,2020-12-14,True,False,GE | GPS,MHK | UAA,ALGN | GE | GPS | IVZ | TPR,ALGN:0.2000000000 | GE:0.2000000000 | GPS:0.2000000000 | IVZ:0.2000000000 | TPR:0.2000000000,1.0,0.0
2020-12-22,2020-12-21,True,False,DVN,ALGN,DVN | GE | GPS | IVZ | TPR,DVN:0.2000000000 | GE:0.2000000000 | GPS:0.2000000000 | IVZ:0.2000000000 | TPR:0.2000000000,1.0,0.0
2020-12-30,2020-12-29,True,False,LNC | OXY,GPS | IVZ,DVN | GE | LNC | OXY | TPR,DVN:0.2000000000 | GE:0.2000000000 | LNC:0.2000000000 | OXY:0.2000000000 | TPR:0.2000000000,1.0,0.0
2021-01-07,2021-01-06,True,False,MRO,GE,DVN | LNC | MRO | OXY | TPR,DVN:0.2000000000 | LNC:0.2000000000 | MRO:0.2000000000 | OXY:0.2000000000 | TPR:0.2000000000,1.0,0.0
2021-01-14,2021-01-13,True,False,APA | NOV,LNC | TPR,APA | DVN | MRO | NOV | OXY,APA:0.2000000000 | DVN:0.2000000000 | MRO:0.2000000000 | NOV:0.2000000000 | OXY:0.2000000000,1.0,0.0
2021-02-12,2021-02-11,True,False,TSLA,NOV,APA | DVN | MRO | OXY | TSLA,APA:0.2000000000 | DVN:0.2000000000 | MRO:0.2000000000 | OXY:0.2000000000 | TSLA:0.2000000000,1.0,0.0
2021-03-01,2021-02-26,True,False,ENPH | ETSY | VIAC,APA | DVN | MRO,ENPH | ETSY | OXY | TSLA | VIAC,ENPH:0.2000000000 | ETSY:0.2000000000 | OXY:0.2000000000 | TSLA:0.2000000000 | VIAC:0.2000000000,1.0,0.0
2021-03-22,2021-03-19,True,False,FANG | FCX | MRO,ENPH | ETSY | TSLA,FANG | FCX | MRO | OXY | VIAC,FANG:0.2000000000 | FCX:0.2000000000 | MRO:0.2000000000 | OXY:0.2000000000 | VIAC:0.2000000000,1.0,0.0
2021-03-29,2021-03-26,True,False,DISCA,FCX,DISCA | FANG | MRO | OXY | VIAC,DISCA:0.2000000000 | FANG:0.2000000000 | MRO:0.2000000000 | OXY:0.2000000000 | VIAC:0.2000000000,1.0,0.0
2021-04-20,2021-04-19,True,False,AAL | DISCK,FANG | OXY,AAL | DISCA | DISCK | MRO | VIAC,AAL:0.2000000000 | DISCA:0.2000000000 | DISCK:0.2000000000 | MRO:0.2000000000 | VIAC:0.2000000000,1.0,0.0
2021-05-04,2021-05-03,True,False,CCL | EOG | GPS,DISCA | DISCK | VIAC,AAL | CCL | EOG | GPS | MRO,AAL:0.2000000000 | CCL:0.2000000000 | EOG:0.2000000000 | GPS:0.2000000000 | MRO:0.2000000000,1.0,0.0
2021-05-11,2021-05-10,True,False,LB | UAL,EOG | MRO,AAL | CCL | GPS | LB | UAL,AAL:0.2000000000 | CCL:0.2000000000 | GPS:0.2000000000 | LB:0.2000000000 | UAL:0.2000000000,1.0,0.0
2021-05-18,2021-05-17,True,False,NUE,CCL,AAL | GPS | LB | NUE | UAL,AAL:0.2000000000 | GPS:0.2000000000 | LB:0.2000000000 | NUE:0.2000000000 | UAL:0.2000000000,1.0,0.0
2021-05-25,2021-05-24,True,False,DISH | KSU,AAL | UAL,DISH | GPS | KSU | LB | NUE,DISH:0.2000000000 | GPS:0.2000000000 | KSU:0.2000000000 | LB:0.2000000000 | NUE:0.2000000000,1.0,0.0
2021-06-02,2021-06-01,True,False,STX,LB,DISH | GPS | KSU | NUE | STX,DISH:0.2000000000 | GPS:0.2000000000 | KSU:0.2000000000 | NUE:0.2000000000 | STX:0.2000000000,1.0,0.0
2021-06-09,2021-06-08,True,False,FCX | PHM,GPS | STX,DISH | FCX | KSU | NUE | PHM,DISH:0.2000000000 | FCX:0.2000000000 | KSU:0.2000000000 | NUE:0.2000000000 | PHM:0.2000000000,1.0,0.0
2021-06-16,2021-06-15,True,False,DXC | STX,DISH | PHM,DXC | FCX | KSU | NUE | STX,DXC:0.2000000000 | FCX:0.2000000000 | KSU:0.2000000000 | NUE:0.2000000000 | STX:0.2000000000,1.0,0.0
2021-06-23,2021-06-22,True,False,EFX,KSU,DXC | EFX | FCX | NUE | STX,DXC:0.2000000000 | EFX:0.2000000000 | FCX:0.2000000000 | NUE:0.2000000000 | STX:0.2000000000,1.0,0.0
2021-07-08,2021-07-07,True,False,BIIB | DVN,EFX | FCX,BIIB | DVN | DXC | NUE | STX,BIIB:0.2000000000 | DVN:0.2000000000 | DXC:0.2000000000 | NUE:0.2000000000 | STX:0.2000000000,1.0,0.0
2021-07-15,2021-07-14,True,False,APA,STX,APA | BIIB | DVN | DXC | NUE,APA:0.2000000000 | BIIB:0.2000000000 | DVN:0.2000000000 | DXC:0.2000000000 | NUE:0.2000000000,1.0,0.0
2021-07-22,2021-07-21,True,False,HES | MRO,DXC | NUE,APA | BIIB | DVN | HES | MRO,APA:0.2000000000 | BIIB:0.2000000000 | DVN:0.2000000000 | HES:0.2000000000 | MRO:0.2000000000,1.0,0.0
2021-07-29,2021-07-28,True,False,ENPH | GNRC | NVDA,APA | HES | MRO,BIIB | DVN | ENPH | GNRC | NVDA,BIIB:0.2000000000 | DVN:0.2000000000 | ENPH:0.2000000000 | GNRC:0.2000000000 | NVDA:0.2000000000,1.0,0.0
2021-08-05,2021-08-04,True,False,MRNA,DVN,BIIB | ENPH | GNRC | MRNA | NVDA,BIIB:0.2000000000 | ENPH:0.2000000000 | GNRC:0.2000000000 | MRNA:0.2000000000 | NVDA:0.2000000000,1.0,0.0
2021-08-19,2021-08-18,True,False,TWTR,BIIB,ENPH | GNRC | MRNA | NVDA | TWTR,ENPH:0.2000000000 | GNRC:0.2000000000 | MRNA:0.2000000000 | NVDA:0.2000000000 | TWTR:0.2000000000,1.0,0.0
2021-08-26,2021-08-25,True,False,BIIB,TWTR,BIIB | ENPH | GNRC | MRNA | NVDA,BIIB:0.2000000000 | ENPH:0.2000000000 | GNRC:0.2000000000 | MRNA:0.2000000000 | NVDA:0.2000000000,1.0,0.0
2021-09-02,2021-09-01,True,False,AMD,NVDA,AMD | BIIB | ENPH | GNRC | MRNA,AMD:0.2000000000 | BIIB:0.2000000000 | ENPH:0.2000000000 | GNRC:0.2000000000 | MRNA:0.2000000000,1.0,0.0
2021-09-10,2021-09-09,True,False,ALB,BIIB,ALB | AMD | ENPH | GNRC | MRNA,ALB:0.2000000000 | AMD:0.2000000000 | ENPH:0.2000000000 | GNRC:0.2000000000 | MRNA:0.2000000000,1.0,0.0
2021-09-17,2021-09-16,True,False,NUE | PAYC,ENPH | GNRC,ALB | AMD | MRNA | NUE | PAYC,ALB:0.2000000000 | AMD:0.2000000000 | MRNA:0.2000000000 | NUE:0.2000000000 | PAYC:0.2000000000,1.0,0.0
2021-10-08,2021-10-07,True,False,DXCM,NUE,ALB | AMD | DXCM | MRNA | PAYC,ALB:0.2000000000 | AMD:0.2000000000 | DXCM:0.2000000000 | MRNA:0.2000000000 | PAYC:0.2000000000,1.0,0.0
2021-10-22,2021-10-21,True,False,CZR,AMD,ALB | CZR | DXCM | MRNA | PAYC,ALB:0.2000000000 | CZR:0.2000000000 | DXCM:0.2000000000 | MRNA:0.2000000000 | PAYC:0.2000000000,1.0,0.0
2021-10-29,2021-10-28,True,False,DVN | FANG | MRO,ALB | DXCM | MRNA,CZR | DVN | FANG | MRO | PAYC,CZR:0.2000000000 | DVN:0.2000000000 | FANG:0.2000000000 | MRO:0.2000000000 | PAYC:0.2000000000,1.0,0.0
2021-11-05,2021-11-04,True,False,CTRA,PAYC,CTRA | CZR | DVN | FANG | MRO,CTRA:0.2000000000 | CZR:0.2000000000 | DVN:0.2000000000 | FANG:0.2000000000 | MRO:0.2000000000,1.0,0.0
2021-11-19,2021-11-18,True,False,APA,CZR,APA | CTRA | DVN | FANG | MRO,APA:0.2000000000 | CTRA:0.2000000000 | DVN:0.2000000000 | FANG:0.2000000000 | MRO:0.2000000000,1.0,0.0
2021-12-20,2021-12-17,True,False,ENPH,FANG,APA | CTRA | DVN | ENPH | MRO,APA:0.2000000000 | CTRA:0.2000000000 | DVN:0.2000000000 | ENPH:0.2000000000 | MRO:0.2000000000,1.0,0.0
2021-12-28,2021-12-27,True,False,DLTR | NVDA,APA | MRO,CTRA | DLTR | DVN | ENPH | NVDA,CTRA:0.2000000000 | DLTR:0.2000000000 | DVN:0.2000000000 | ENPH:0.2000000000 | NVDA:0.2000000000,1.0,0.0
2022-01-04,2022-01-03,True,False,AMD | TSLA,CTRA | DVN,AMD | DLTR | ENPH | NVDA | TSLA,AMD:0.2000000000 | DLTR:0.2000000000 | ENPH:0.2000000000 | NVDA:0.2000000000 | TSLA:0.2000000000,1.0,0.0
2022-01-19,2022-01-18,True,False,ANET | F | TER,AMD | ENPH | TSLA,ANET | DLTR | F | NVDA | TER,ANET:0.2000000000 | DLTR:0.2000000000 | F:0.2000000000 | NVDA:0.2000000000 | TER:0.2000000000,1.0,0.0
2022-02-02,2022-02-01,True,False,CF | QCOM,F | NVDA,ANET | CF | DLTR | QCOM | TER,ANET:0.2000000000 | CF:0.2000000000 | DLTR:0.2000000000 | QCOM:0.2000000000 | TER:0.2000000000,1.0,0.0
2022-02-09,2022-02-08,True,False,DISCK | F | MU | WDC,ANET | CF | QCOM | TER,DISCK | DLTR | F | MU | WDC,DISCK:0.2000000000 | DLTR:0.2000000000 | F:0.2000000000 | MU:0.2000000000 | WDC:0.2000000000,1.0,0.0
2022-02-16,2022-02-15,True,False,HAL | MRO | WTW,DISCK | DLTR | WDC,F | HAL | MRO | MU | WTW,F:0.2000000000 | HAL:0.2000000000 | MRO:0.2000000000 | MU:0.2000000000 | WTW:0.2000000000,1.0,0.0
2022-02-24,2022-02-23,True,False,ATVI | DVN,F | MU,ATVI | DVN | HAL | MRO | WTW,ATVI:0.2000000000 | DVN:0.2000000000 | HAL:0.2000000000 | MRO:0.2000000000 | WTW:0.2000000000,1.0,0.0
2022-03-03,2022-03-02,True,False,APA,DVN,APA | ATVI | HAL | MRO | WTW,APA:0.2000000000 | ATVI:0.2000000000 | HAL:0.2000000000 | MRO:0.2000000000 | WTW:0.2000000000,1.0,0.0
2022-03-31,2022-03-30,True,False,OXY,ATVI,APA | HAL | MRO | OXY | WTW,APA:0.2000000000 | HAL:0.2000000000 | MRO:0.2000000000 | OXY:0.2000000000 | WTW:0.2000000000,1.0,0.0
2022-04-14,2022-04-13,True,False,MOS | SEDG,APA | WTW,HAL | MOS | MRO | OXY | SEDG,HAL:0.2000000000 | MOS:0.2000000000 | MRO:0.2000000000 | OXY:0.2000000000 | SEDG:0.2000000000,1.0,0.0
2022-04-29,2022-04-28,True,False,ENPH | NLSN,HAL | MRO,ENPH | MOS | NLSN | OXY | SEDG,ENPH:0.2000000000 | MOS:0.2000000000 | NLSN:0.2000000000 | OXY:0.2000000000 | SEDG:0.2000000000,1.0,0.0
2022-05-13,2022-05-12,True,False,CEG | CF,ENPH | SEDG,CEG | CF | MOS | NLSN | OXY,CEG:0.1000000000 | CF:0.1000000000 | MOS:0.1000000000 | NLSN:0.1000000000 | OXY:0.1000000000,0.5,0.5
2022-06-06,2022-06-03,True,False,EPAM | TWTR | UAL,CF | MOS | OXY,CEG | EPAM | NLSN | TWTR | UAL,CEG:0.1000000000 | EPAM:0.1000000000 | NLSN:0.1000000000 | TWTR:0.1000000000 | UAL:0.1000000000,0.5,0.5
2022-06-21,2022-06-17,True,False,ALB | CTRA | DVN | MRO,EPAM | NLSN | TWTR | UAL,ALB | CEG | CTRA | DVN | MRO,ALB:0.1000000000 | CEG:0.1000000000 | CTRA:0.1000000000 | DVN:0.1000000000 | MRO:0.1000000000,0.5,0.5
2022-06-28,2022-06-27,True,False,EPAM | NLSN,ALB | CEG,CTRA | DVN | EPAM | MRO | NLSN,CTRA:0.1000000000 | DVN:0.1000000000 | EPAM:0.1000000000 | MRO:0.1000000000 | NLSN:0.1000000000,0.5,0.5
2022-07-06,2022-07-05,True,False,OXY,NLSN,CTRA | DVN | EPAM | MRO | OXY,CTRA:0.1000000000 | DVN:0.1000000000 | EPAM:0.1000000000 | MRO:0.1000000000 | OXY:0.1000000000,0.5,0.5
2022-07-13,2022-07-12,True,False,META | ON,EPAM | OXY,CTRA | DVN | META | MRO | ON,CTRA:0.1000000000 | DVN:0.1000000000 | META:0.1000000000 | MRO:0.1000000000 | ON:0.1000000000,0.5,0.5
2022-07-20,2022-07-19,True,False,EPAM | FDX | PSX | VLO,CTRA | DVN | MRO | ON,EPAM | FDX | META | PSX | VLO,EPAM:0.1000000000 | FDX:0.1000000000 | META:0.1000000000 | PSX:0.1000000000 | VLO:0.1000000000,0.5,0.5
2022-07-27,2022-07-26,True,False,ENPH | SEDG,PSX | VLO,ENPH | EPAM | FDX | META | SEDG,ENPH:0.1000000000 | EPAM:0.1000000000 | FDX:0.1000000000 | META:0.1000000000 | SEDG:0.1000000000,0.5,0.5
2022-08-03,2022-08-02,True,False,ELV,EPAM,ELV | ENPH | FDX | META | SEDG,ELV:0.1000000000 | ENPH:0.1000000000 | FDX:0.1000000000 | META:0.1000000000 | SEDG:0.1000000000,0.5,0.5
2022-08-10,2022-08-09,True,False,MRNA,FDX,ELV | ENPH | META | MRNA | SEDG,ELV:0.1000000000 | ENPH:0.1000000000 | META:0.1000000000 | MRNA:0.1000000000 | SEDG:0.1000000000,0.5,0.5
2022-08-31,2022-08-30,True,False,ETSY,MRNA,ELV | ENPH | ETSY | META | SEDG,ELV:0.1000000000 | ENPH:0.1000000000 | ETSY:0.1000000000 | META:0.1000000000 | SEDG:0.1000000000,0.5,0.5
2022-09-08,2022-09-07,True,False,MRNA,SEDG,ELV | ENPH | ETSY | META | MRNA,ELV:0.1000000000 | ENPH:0.1000000000 | ETSY:0.1000000000 | META:0.1000000000 | MRNA:0.1000000000,0.5,0.5
2022-09-15,2022-09-14,True,False,EPAM,META,ELV | ENPH | EPAM | ETSY | MRNA,ELV:0.1000000000 | ENPH:0.1000000000 | EPAM:0.1000000000 | ETSY:0.1000000000 | MRNA:0.1000000000,0.5,0.5
2022-09-22,2022-09-21,True,False,ON,MRNA,ELV | ENPH | EPAM | ETSY | ON,ELV:0.1000000000 | ENPH:0.1000000000 | EPAM:0.1000000000 | ETSY:0.1000000000 | ON:0.1000000000,0.5,0.5
2022-09-29,2022-09-28,True,False,BBWI,ELV,BBWI | ENPH | EPAM | ETSY | ON,BBWI:0.1000000000 | ENPH:0.1000000000 | EPAM:0.1000000000 | ETSY:0.1000000000 | ON:0.1000000000,0.5,0.5
2022-10-06,2022-10-05,True,False,EQT,ETSY,BBWI | ENPH | EPAM | EQT | ON,BBWI:0.1000000000 | ENPH:0.1000000000 | EPAM:0.1000000000 | EQT:0.1000000000 | ON:0.1000000000,0.5,0.5
2022-10-13,2022-10-12,True,False,RCL,ON,BBWI | ENPH | EPAM | EQT | RCL,BBWI:0.1000000000 | ENPH:0.1000000000 | EPAM:0.1000000000 | EQT:0.1000000000 | RCL:0.1000000000,0.5,0.5
2022-10-20,2022-10-19,True,False,ALB | NCLH,BBWI | EQT,ALB | ENPH | EPAM | NCLH | RCL,ALB:0.1000000000 | ENPH:0.1000000000 | EPAM:0.1000000000 | NCLH:0.1000000000 | RCL:0.1000000000,0.5,0.5
2022-11-03,2022-11-02,True,False,APA | CEG | DVN | MRO,ENPH | EPAM | NCLH | RCL,ALB | APA | CEG | DVN | MRO,ALB:0.1000000000 | APA:0.1000000000 | CEG:0.1000000000 | DVN:0.1000000000 | MRO:0.1000000000,0.5,0.5
2022-11-10,2022-11-09,True,False,BIIB | DXCM,ALB | CEG,APA | BIIB | DVN | DXCM | MRO,APA:0.1000000000 | BIIB:0.1000000000 | DVN:0.1000000000 | DXCM:0.1000000000 | MRO:0.1000000000,0.5,0.5
2022-11-17,2022-11-16,True,False,RCL,DVN,APA | BIIB | DXCM | MRO | RCL,APA:0.1000000000 | BIIB:0.1000000000 | DXCM:0.1000000000 | MRO:0.1000000000 | RCL:0.1000000000,0.5,0.5
2022-12-09,2022-12-08,True,False,GEN,RCL,APA | BIIB | DXCM | GEN | MRO,APA:0.1000000000 | BIIB:0.1000000000 | DXCM:0.1000000000 | GEN:0.1000000000 | MRO:0.1000000000,0.5,0.5
2022-12-16,2022-12-15,True,False,ABMD | CPRT | MRNA,APA | DXCM | MRO,ABMD | BIIB | CPRT | GEN | MRNA,ABMD:0.1000000000 | BIIB:0.1000000000 | CPRT:0.1000000000 | GEN:0.1000000000 | MRNA:0.1000000000,0.5,0.5
2022-12-22,2022-12-15,False,True,,ABMD,BIIB | CPRT | GEN | MRNA,BIIB:0.1000000000 | CPRT:0.1000000000 | GEN:0.1000000000 | MRNA:0.1000000000,0.4,0.6
2022-12-23,2022-12-22,True,False,HAL,,BIIB | CPRT | GEN | HAL | MRNA,BIIB:0.1000000000 | CPRT:0.1000000000 | GEN:0.1000000000 | HAL:0.1000000000 | MRNA:0.1000000000,0.5,0.5
2023-01-03,2022-12-30,True,False,RCL,BIIB,CPRT | GEN | HAL | MRNA | RCL,CPRT:0.1000000000 | GEN:0.1000000000 | HAL:0.1000000000 | MRNA:0.1000000000 | RCL:0.1000000000,0.5,0.5
2023-01-10,2023-01-09,True,False,NFLX | SEDG,HAL | RCL,CPRT | GEN | MRNA | NFLX | SEDG,CPRT:0.1000000000 | GEN:0.1000000000 | MRNA:0.1000000000 | NFLX:0.1000000000 | SEDG:0.1000000000,0.5,0.5
2023-01-18,2023-01-17,True,False,NVDA,NFLX,CPRT | GEN | MRNA | NVDA | SEDG,CPRT:0.1000000000 | GEN:0.1000000000 | MRNA:0.1000000000 | NVDA:0.1000000000 | SEDG:0.1000000000,0.5,0.5
2023-02-01,2023-01-31,True,False,ETSY | WYNN,MRNA | NVDA,CPRT | ETSY | GEN | SEDG | WYNN,CPRT:0.1000000000 | ETSY:0.1000000000 | GEN:0.1000000000 | SEDG:0.1000000000 | WYNN:0.1000000000,0.5,0.5
2023-02-08,2023-02-07,True,False,BBWI | META,CPRT | ETSY,BBWI | GEN | META | SEDG | WYNN,BBWI:0.1000000000 | GEN:0.1000000000 | META:0.1000000000 | SEDG:0.1000000000 | WYNN:0.1000000000,0.5,0.5
2023-02-15,2023-02-14,True,False,FSLR | LVS,GEN | SEDG,BBWI | FSLR | LVS | META | WYNN,BBWI:0.1000000000 | FSLR:0.1000000000 | LVS:0.1000000000 | META:0.1000000000 | WYNN:0.1000000000,0.5,0.5
2023-02-23,2023-02-22,True,False,ALGN | SIVB,BBWI | FSLR,ALGN | LVS | META | SIVB | WYNN,ALGN:0.1000000000 | LVS:0.1000000000 | META:0.1000000000 | SIVB:0.1000000000 | WYNN:0.1000000000,0.5,0.5
2023-03-09,2023-03-08,True,False,CTLT | WBD,LVS | WYNN,ALGN | CTLT | META | SIVB | WBD,ALGN:0.1000000000 | CTLT:0.1000000000 | META:0.1000000000 | SIVB:0.1000000000 | WBD:0.1000000000,0.5,0.5
2023-03-15,2023-03-08,False,True,,SIVB,ALGN | CTLT | META | WBD,ALGN:0.1000000000 | CTLT:0.1000000000 | META:0.1000000000 | WBD:0.1000000000,0.4,0.6
2023-03-16,2023-03-15,True,False,CCL,,ALGN | CCL | CTLT | META | WBD,ALGN:0.1000000000 | CCL:0.1000000000 | CTLT:0.1000000000 | META:0.1000000000 | WBD:0.1000000000,0.5,0.5
2023-03-30,2023-03-29,True,False,,CCL,ALGN | CTLT | META | WBD,ALGN:0.1000000000 | CTLT:0.1000000000 | META:0.1000000000 | WBD:0.1000000000,0.4,0.6
2023-04-06,2023-04-05,True,False,TSLA,,ALGN | CTLT | META | TSLA | WBD,ALGN:0.1000000000 | CTLT:0.1000000000 | META:0.1000000000 | TSLA:0.1000000000 | WBD:0.1000000000,0.5,0.5
2023-04-14,2023-04-13,True,False,NVDA,WBD,ALGN | CTLT | META | NVDA | TSLA,ALGN:0.1000000000 | CTLT:0.1000000000 | META:0.1000000000 | NVDA:0.1000000000 | TSLA:0.1000000000,0.5,0.5
2023-04-28,2023-04-27,True,False,,,ALGN | CTLT | META | NVDA | TSLA,ALGN:0.2000000000 | CTLT:0.2000000000 | META:0.2000000000 | NVDA:0.2000000000 | TSLA:0.2000000000,1.0,0.0
2023-05-05,2023-05-04,True,False,ANET | FSLR,ALGN | TSLA,ANET | CTLT | FSLR | META | NVDA,ANET:0.1000000000 | CTLT:0.1000000000 | FSLR:0.1000000000 | META:0.1000000000 | NVDA:0.1000000000,0.5,0.5
2023-05-12,2023-05-11,True,False,AXON,CTLT,ANET | AXON | FSLR | META | NVDA,ANET:0.2000000000 | AXON:0.2000000000 | FSLR:0.2000000000 | META:0.2000000000 | NVDA:0.2000000000,1.0,0.0
2023-05-19,2023-05-18,True,False,GE,ANET,AXON | FSLR | GE | META | NVDA,AXON:0.2000000000 | FSLR:0.2000000000 | GE:0.2000000000 | META:0.2000000000 | NVDA:0.2000000000,1.0,0.0
2023-05-26,2023-05-25,True,False,ALGN,AXON,ALGN | FSLR | GE | META | NVDA,ALGN:0.2000000000 | FSLR:0.2000000000 | GE:0.2000000000 | META:0.2000000000 | NVDA:0.2000000000,1.0,0.0
2023-06-05,2023-06-02,True,False,BAX | INTC,ALGN | FSLR,BAX | GE | INTC | META | NVDA,BAX:0.2000000000 | GE:0.2000000000 | INTC:0.2000000000 | META:0.2000000000 | NVDA:0.2000000000,1.0,0.0
2023-06-12,2023-06-09,True,False,DVA | GOOGL | HAS,BAX | GE | INTC,DVA | GOOGL | HAS | META | NVDA,DVA:0.2000000000 | GOOGL:0.2000000000 | HAS:0.2000000000 | META:0.2000000000 | NVDA:0.2000000000,1.0,0.0
2023-06-20,2023-06-16,True,False,CCL,GOOGL,CCL | DVA | HAS | META | NVDA,CCL:0.2000000000 | DVA:0.2000000000 | HAS:0.2000000000 | META:0.2000000000 | NVDA:0.2000000000,1.0,0.0
2023-06-27,2023-06-26,True,False,KMX,NVDA,CCL | DVA | HAS | KMX | META,CCL:0.2000000000 | DVA:0.2000000000 | HAS:0.2000000000 | KMX:0.2000000000 | META:0.2000000000,1.0,0.0
2023-07-05,2023-07-03,True,False,AMD | NVDA | RCL,DVA | HAS | KMX,AMD | CCL | META | NVDA | RCL,AMD:0.2000000000 | CCL:0.2000000000 | META:0.2000000000 | NVDA:0.2000000000 | RCL:0.2000000000,1.0,0.0
2023-08-02,2023-08-01,True,False,FI,META,AMD | CCL | FI | NVDA | RCL,AMD:0.2000000000 | CCL:0.2000000000 | FI:0.2000000000 | NVDA:0.2000000000 | RCL:0.2000000000,1.0,0.0
2023-08-09,2023-08-08,True,False,NCLH | TSLA,AMD | RCL,CCL | FI | NCLH | NVDA | TSLA,CCL:0.2000000000 | FI:0.2000000000 | NCLH:0.2000000000 | NVDA:0.2000000000 | TSLA:0.2000000000,1.0,0.0
2023-08-30,2023-08-29,True,False,CMA,NVDA,CCL | CMA | FI | NCLH | TSLA,CCL:0.2000000000 | CMA:0.2000000000 | FI:0.2000000000 | NCLH:0.2000000000 | TSLA:0.2000000000,1.0,0.0
2023-09-07,2023-09-06,True,False,BXP | URI,NCLH | TSLA,BXP | CCL | CMA | FI | URI,BXP:0.2000000000 | CCL:0.2000000000 | CMA:0.2000000000 | FI:0.2000000000 | URI:0.2000000000,1.0,0.0
2023-09-14,2023-09-13,True,False,APA | NWL | ODFL | ZION,CCL | CMA | FI | URI,APA | BXP | NWL | ODFL | ZION,APA:0.2000000000 | BXP:0.2000000000 | NWL:0.2000000000 | ODFL:0.2000000000 | ZION:0.2000000000,1.0,0.0
2023-09-18,2023-09-13,False,True,,NWL,APA | BXP | ODFL | ZION,APA:0.2000000000 | BXP:0.2000000000 | ODFL:0.2000000000 | ZION:0.2000000000,0.8,0.2
2023-09-21,2023-09-20,True,False,ANET,,ANET | APA | BXP | ODFL | ZION,ANET:0.2000000000 | APA:0.2000000000 | BXP:0.2000000000 | ODFL:0.2000000000 | ZION:0.2000000000,1.0,0.0
2023-09-28,2023-09-27,True,False,CPRT | KEY,BXP | ODFL,ANET | APA | CPRT | KEY | ZION,ANET:0.2000000000 | APA:0.2000000000 | CPRT:0.2000000000 | KEY:0.2000000000 | ZION:0.2000000000,1.0,0.0
2023-10-12,2023-10-11,True,False,PGR,KEY,ANET | APA | CPRT | PGR | ZION,ANET:0.2000000000 | APA:0.2000000000 | CPRT:0.2000000000 | PGR:0.2000000000 | ZION:0.2000000000,1.0,0.0
2023-10-19,2023-10-18,True,False,LLY | WDC,ANET | ZION,APA | CPRT | LLY | PGR | WDC,APA:0.2000000000 | CPRT:0.2000000000 | LLY:0.2000000000 | PGR:0.2000000000 | WDC:0.2000000000,1.0,0.0
2023-10-26,2023-10-25,True,False,ANET | EPAM,APA | WDC,ANET | CPRT | EPAM | LLY | PGR,ANET:0.2000000000 | CPRT:0.2000000000 | EPAM:0.2000000000 | LLY:0.2000000000 | PGR:0.2000000000,1.0,0.0
2023-11-02,2023-11-01,True,False,AXON,EPAM,ANET | AXON | CPRT | LLY | PGR,ANET:0.2000000000 | AXON:0.2000000000 | CPRT:0.2000000000 | LLY:0.2000000000 | PGR:0.2000000000,1.0,0.0
2023-11-09,2023-11-08,True,False,PANW,AXON,ANET | CPRT | LLY | PANW | PGR,ANET:0.2000000000 | CPRT:0.2000000000 | LLY:0.2000000000 | PANW:0.2000000000 | PGR:0.2000000000,1.0,0.0
2023-11-16,2023-11-15,True,False,TSLA,ANET,CPRT | LLY | PANW | PGR | TSLA,CPRT:0.2000000000 | LLY:0.2000000000 | PANW:0.2000000000 | PGR:0.2000000000 | TSLA:0.2000000000,1.0,0.0
2023-11-24,2023-11-22,True,False,AXON | LULU | MRO,CPRT | LLY | TSLA,AXON | LULU | MRO | PANW | PGR,AXON:0.2000000000 | LULU:0.2000000000 | MRO:0.2000000000 | PANW:0.2000000000 | PGR:0.2000000000,1.0,0.0
2023-12-01,2023-11-30,True,False,ALL | COR | HUM | WRK,AXON | LULU | MRO | PANW,ALL | COR | HUM | PGR | WRK,ALL:0.2000000000 | COR:0.2000000000 | HUM:0.2000000000 | PGR:0.2000000000 | WRK:0.2000000000,1.0,0.0
2023-12-08,2023-12-07,True,False,AIZ | QCOM,HUM | WRK,AIZ | ALL | COR | PGR | QCOM,AIZ:0.2000000000 | ALL:0.2000000000 | COR:0.2000000000 | PGR:0.2000000000 | QCOM:0.2000000000,1.0,0.0
2023-12-15,2023-12-14,True,False,AMD | ANET | KLAC | MPWR,AIZ | COR | PGR | QCOM,ALL | AMD | ANET | KLAC | MPWR,ALL:0.2000000000 | AMD:0.2000000000 | ANET:0.2000000000 | KLAC:0.2000000000 | MPWR:0.2000000000,1.0,0.0
2023-12-22,2023-12-21,True,False,DXCM | EXPE,ALL | KLAC,AMD | ANET | DXCM | EXPE | MPWR,AMD:0.2000000000 | ANET:0.2000000000 | DXCM:0.2000000000 | EXPE:0.2000000000 | MPWR:0.2000000000,1.0,0.0
2024-01-02,2023-12-29,True,False,INTC | PANW,ANET | MPWR,AMD | DXCM | EXPE | INTC | PANW,AMD:0.2000000000 | DXCM:0.2000000000 | EXPE:0.2000000000 | INTC:0.2000000000 | PANW:0.2000000000,1.0,0.0
2024-01-09,2024-01-08,True,False,AES | CCL | PODD,AMD | INTC | PANW,AES | CCL | DXCM | EXPE | PODD,AES:0.2000000000 | CCL:0.2000000000 | DXCM:0.2000000000 | EXPE:0.2000000000 | PODD:0.2000000000,1.0,0.0
2024-01-24,2024-01-23,True,False,BLDR | NCLH,AES | DXCM,BLDR | CCL | EXPE | NCLH | PODD,BLDR:0.2000000000 | CCL:0.2000000000 | EXPE:0.2000000000 | NCLH:0.2000000000 | PODD:0.2000000000,1.0,0.0
2024-02-07,2024-02-06,True,False,ALGN | BBWI | ENPH | MRNA,BLDR | EXPE | NCLH | PODD,ALGN | BBWI | CCL | ENPH | MRNA,ALGN:0.2000000000 | BBWI:0.2000000000 | CCL:0.2000000000 | ENPH:0.2000000000 | MRNA:0.2000000000,1.0,0.0
2024-02-22,2024-02-21,True,False,ILMN | PANW,CCL | ENPH,ALGN | BBWI | ILMN | MRNA | PANW,ALGN:0.2000000000 | BBWI:0.2000000000 | ILMN:0.2000000000 | MRNA:0.2000000000 | PANW:0.2000000000,1.0,0.0
2024-02-29,2024-02-28,True,False,AMD,ALGN,AMD | BBWI | ILMN | MRNA | PANW,AMD:0.2000000000 | BBWI:0.2000000000 | ILMN:0.2000000000 | MRNA:0.2000000000 | PANW:0.2000000000,1.0,0.0
2024-03-07,2024-03-06,True,False,CTLT | META | NVDA,BBWI | MRNA | PANW,AMD | CTLT | ILMN | META | NVDA,AMD:0.2000000000 | CTLT:0.2000000000 | ILMN:0.2000000000 | META:0.2000000000 | NVDA:0.2000000000,1.0,0.0
2024-03-14,2024-03-13,True,False,ALGN,ILMN,ALGN | AMD | CTLT | META | NVDA,ALGN:0.2000000000 | AMD:0.2000000000 | CTLT:0.2000000000 | META:0.2000000000 | NVDA:0.2000000000,1.0,0.0
2024-03-28,2024-03-27,True,False,SMCI,ALGN,AMD | CTLT | META | NVDA | SMCI,AMD:0.2000000000 | CTLT:0.2000000000 | META:0.2000000000 | NVDA:0.2000000000 | SMCI:0.2000000000,1.0,0.0
2024-04-12,2024-04-11,True,False,DOC,CTLT,AMD | DOC | META | NVDA | SMCI,AMD:0.2000000000 | DOC:0.2000000000 | META:0.2000000000 | NVDA:0.2000000000 | SMCI:0.2000000000,1.0,0.0
2024-04-19,2024-04-18,True,False,GE,AMD,DOC | GE | META | NVDA | SMCI,DOC:0.2000000000 | GE:0.2000000000 | META:0.2000000000 | NVDA:0.2000000000 | SMCI:0.2000000000,1.0,0.0
2024-05-03,2024-05-02,True,False,MU,GE,DOC | META | MU | NVDA | SMCI,DOC:0.2000000000 | META:0.2000000000 | MU:0.2000000000 | NVDA:0.2000000000 | SMCI:0.2000000000,1.0,0.0
2024-05-10,2024-05-09,True,False,VST,META,DOC | MU | NVDA | SMCI | VST,DOC:0.2000000000 | MU:0.2000000000 | NVDA:0.2000000000 | SMCI:0.2000000000 | VST:0.2000000000,1.0,0.0
2024-05-17,2024-05-16,True,False,CEG,SMCI,CEG | DOC | MU | NVDA | VST,CEG:0.2000000000 | DOC:0.2000000000 | MU:0.2000000000 | NVDA:0.2000000000 | VST:0.2000000000,1.0,0.0
2024-05-24,2024-05-23,True,False,FSLR,NVDA,CEG | DOC | FSLR | MU | VST,CEG:0.2000000000 | DOC:0.2000000000 | FSLR:0.2000000000 | MU:0.2000000000 | VST:0.2000000000,1.0,0.0
2024-06-03,2024-05-31,True,False,FCX | NEM,CEG | FSLR,DOC | FCX | MU | NEM | VST,DOC:0.2000000000 | FCX:0.2000000000 | MU:0.2000000000 | NEM:0.2000000000 | VST:0.2000000000,1.0,0.0
2024-06-10,2024-06-07,True,False,UAL,DOC,FCX | MU | NEM | UAL | VST,FCX:0.2000000000 | MU:0.2000000000 | NEM:0.2000000000 | UAL:0.2000000000 | VST:0.2000000000,1.0,0.0
2024-06-17,2024-06-14,True,False,FSLR,FCX,FSLR | MU | NEM | UAL | VST,FSLR:0.2000000000 | MU:0.2000000000 | NEM:0.2000000000 | UAL:0.2000000000 | VST:0.2000000000,1.0,0.0
2024-06-25,2024-06-24,True,False,MRNA | TER,MU | UAL,FSLR | MRNA | NEM | TER | VST,FSLR:0.2000000000 | MRNA:0.2000000000 | NEM:0.2000000000 | TER:0.2000000000 | VST:0.2000000000,1.0,0.0
2024-07-02,2024-07-01,True,False,NVDA,NEM,FSLR | MRNA | NVDA | TER | VST,FSLR:0.2000000000 | MRNA:0.2000000000 | NVDA:0.2000000000 | TER:0.2000000000 | VST:0.2000000000,1.0,0.0
2024-07-24,2024-07-23,True,False,MPWR,MRNA,FSLR | MPWR | NVDA | TER | VST,FSLR:0.2000000000 | MPWR:0.2000000000 | NVDA:0.2000000000 | TER:0.2000000000 | VST:0.2000000000,1.0,0.0
2024-07-31,2024-07-30,True,False,CRWD,VST,CRWD | FSLR | MPWR | NVDA | TER,CRWD:0.2000000000 | FSLR:0.2000000000 | MPWR:0.2000000000 | NVDA:0.2000000000 | TER:0.2000000000,1.0,0.0
2024-08-07,2024-08-06,True,False,SW | TSLA,FSLR | MPWR,CRWD | NVDA | SW | TER | TSLA,CRWD:0.2000000000 | NVDA:0.2000000000 | SW:0.2000000000 | TER:0.2000000000 | TSLA:0.2000000000,1.0,0.0
2024-08-14,2024-08-13,True,False,AVGO,CRWD,AVGO | NVDA | SW | TER | TSLA,AVGO:0.2000000000 | NVDA:0.2000000000 | SW:0.2000000000 | TER:0.2000000000 | TSLA:0.2000000000,1.0,0.0
2024-08-21,2024-08-20,True,False,QRVO | SWKS,AVGO | TER,NVDA | QRVO | SW | SWKS | TSLA,NVDA:0.2000000000 | QRVO:0.2000000000 | SW:0.2000000000 | SWKS:0.2000000000 | TSLA:0.2000000000,1.0,0.0
2024-08-28,2024-08-27,True,False,MHK,NVDA,MHK | QRVO | SW | SWKS | TSLA,MHK:0.2000000000 | QRVO:0.2000000000 | SW:0.2000000000 | SWKS:0.2000000000 | TSLA:0.2000000000,1.0,0.0
2024-09-05,2024-09-04,True,False,CHTR | MMM,QRVO | SWKS,CHTR | MHK | MMM | SW | TSLA,CHTR:0.2000000000 | MHK:0.2000000000 | MMM:0.2000000000 | SW:0.2000000000 | TSLA:0.2000000000,1.0,0.0
2024-09-26,2024-09-25,True,False,BLDR | PLTR,CHTR | TSLA,BLDR | MHK | MMM | PLTR | SW,BLDR:0.2000000000 | MHK:0.2000000000 | MMM:0.2000000000 | PLTR:0.2000000000 | SW:0.2000000000,1.0,0.0
2024-10-03,2024-10-02,True,False,GL,PLTR,BLDR | GL | MHK | MMM | SW,BLDR:0.2000000000 | GL:0.2000000000 | MHK:0.2000000000 | MMM:0.2000000000 | SW:0.2000000000,1.0,0.0
2024-10-10,2024-10-09,True,False,FTNT | PLTR | SBUX,BLDR | GL | SW,FTNT | MHK | MMM | PLTR | SBUX,FTNT:0.2000000000 | MHK:0.2000000000 | MMM:0.2000000000 | PLTR:0.2000000000 | SBUX:0.2000000000,1.0,0.0
2024-10-17,2024-10-16,True,False,GEV,MHK,FTNT | GEV | MMM | PLTR | SBUX,FTNT:0.2000000000 | GEV:0.2000000000 | MMM:0.2000000000 | PLTR:0.2000000000 | SBUX:0.2000000000,1.0,0.0
2024-10-31,2024-10-30,True,False,VST,MMM,FTNT | GEV | PLTR | SBUX | VST,FTNT:0.2000000000 | GEV:0.2000000000 | PLTR:0.2000000000 | SBUX:0.2000000000 | VST:0.2000000000,1.0,0.0
2024-11-07,2024-11-06,True,False,CEG | UAL,FTNT | SBUX,CEG | GEV | PLTR | UAL | VST,CEG:0.2000000000 | GEV:0.2000000000 | PLTR:0.2000000000 | UAL:0.2000000000 | VST:0.2000000000,1.0,0.0
2024-12-13,2024-12-12,True,False,TPL,CEG,GEV | PLTR | TPL | UAL | VST,GEV:0.2000000000 | PLTR:0.2000000000 | TPL:0.2000000000 | UAL:0.2000000000 | VST:0.2000000000,1.0,0.0
2025-01-07,2025-01-06,True,False,AXON | TSLA,GEV | VST,AXON | PLTR | TPL | TSLA | UAL,AXON:0.2000000000 | PLTR:0.2000000000 | TPL:0.2000000000 | TSLA:0.2000000000 | UAL:0.2000000000,1.0,0.0
2025-01-15,2025-01-14,True,False,WBD,TPL,AXON | PLTR | TSLA | UAL | WBD,AXON:0.2000000000 | PLTR:0.2000000000 | TSLA:0.2000000000 | UAL:0.2000000000 | WBD:0.2000000000,1.0,0.0
2025-02-06,2025-02-05,True,False,VST,UAL,AXON | PLTR | TSLA | VST | WBD,AXON:0.2000000000 | PLTR:0.2000000000 | TSLA:0.2000000000 | VST:0.2000000000 | WBD:0.2000000000,1.0,0.0
2025-02-13,2025-02-12,True,False,AVGO | SMCI | TPR | WBA,AXON | PLTR | VST | WBD,AVGO | SMCI | TPR | TSLA | WBA,AVGO:0.2000000000 | SMCI:0.2000000000 | TPR:0.2000000000 | TSLA:0.2000000000 | WBA:0.2000000000,1.0,0.0
2025-02-28,2025-02-27,True,False,PLTR,SMCI,AVGO | PLTR | TPR | TSLA | WBA,AVGO:0.2000000000 | PLTR:0.2000000000 | TPR:0.2000000000 | TSLA:0.2000000000 | WBA:0.2000000000,1.0,0.0
2025-03-07,2025-03-06,True,False,CEG | LULU,TSLA | WBA,AVGO | CEG | LULU | PLTR | TPR,AVGO:0.2000000000 | CEG:0.2000000000 | LULU:0.2000000000 | PLTR:0.2000000000 | TPR:0.2000000000,1.0,0.0
2025-03-14,2025-03-13,True,False,CRWD,LULU,AVGO | CEG | CRWD | PLTR | TPR,AVGO:0.2000000000 | CEG:0.2000000000 | CRWD:0.2000000000 | PLTR:0.2000000000 | TPR:0.2000000000,1.0,0.0
2025-03-21,2025-03-20,True,False,CVS | SMCI,AVGO | CRWD,CEG | CVS | PLTR | SMCI | TPR,CEG:0.2000000000 | CVS:0.2000000000 | PLTR:0.2000000000 | SMCI:0.2000000000 | TPR:0.2000000000,1.0,0.0
2025-03-28,2025-03-27,True,False,NRG,PLTR,CEG | CVS | NRG | SMCI | TPR,CEG:0.2000000000 | CVS:0.2000000000 | NRG:0.2000000000 | SMCI:0.2000000000 | TPR:0.2000000000,1.0,0.0
2025-04-04,2025-04-03,True,False,TPL | UBER,CEG | NRG,CVS | SMCI | TPL | TPR | UBER,CVS:0.2000000000 | SMCI:0.2000000000 | TPL:0.2000000000 | TPR:0.2000000000 | UBER:0.2000000000,1.0,0.0
2025-04-11,2025-04-10,True,False,BAX | PLTR | WBA,TPL | TPR | UBER,BAX | CVS | PLTR | SMCI | WBA,BAX:0.2000000000 | CVS:0.2000000000 | PLTR:0.2000000000 | SMCI:0.2000000000 | WBA:0.2000000000,1.0,0.0
2025-04-21,2025-04-17,True,False,INTC | WBD,BAX | WBA,CVS | INTC | PLTR | SMCI | WBD,CVS:0.2000000000 | INTC:0.2000000000 | PLTR:0.2000000000 | SMCI:0.2000000000 | WBD:0.2000000000,1.0,0.0
2025-04-28,2025-04-25,True,False,EA,WBD,CVS | EA | INTC | PLTR | SMCI,CVS:0.2000000000 | EA:0.2000000000 | INTC:0.2000000000 | PLTR:0.2000000000 | SMCI:0.2000000000,1.0,0.0
2025-05-05,2025-05-02,True,False,DG,PLTR,CVS | DG | EA | INTC | SMCI,CVS:0.2000000000 | DG:0.2000000000 | EA:0.2000000000 | INTC:0.2000000000 | SMCI:0.2000000000,1.0,0.0
2025-05-12,2025-05-09,True,False,HII | MOH,EA | SMCI,CVS | DG | HII | INTC | MOH,CVS:0.2000000000 | DG:0.2000000000 | HII:0.2000000000 | INTC:0.2000000000 | MOH:0.2000000000,1.0,0.0
2025-05-19,2025-05-16,True,False,UNH | WBA,CVS | INTC,DG | HII | MOH | UNH | WBA,DG:0.2000000000 | HII:0.2000000000 | MOH:0.2000000000 | UNH:0.2000000000 | WBA:0.2000000000,1.0,0.0
2025-05-27,2025-05-23,True,False,AXON | GEV | PLTR,MOH | UNH | WBA,AXON | DG | GEV | HII | PLTR,AXON:0.2000000000 | DG:0.2000000000 | GEV:0.2000000000 | HII:0.2000000000 | PLTR:0.2000000000,1.0,0.0
2025-06-03,2025-06-02,True,False,PWR,DG,AXON | GEV | HII | PLTR | PWR,AXON:0.2000000000 | GEV:0.2000000000 | HII:0.2000000000 | PLTR:0.2000000000 | PWR:0.2000000000,1.0,0.0
2025-06-10,2025-06-09,True,False,NRG,HII,AXON | GEV | NRG | PLTR | PWR,AXON:0.2000000000 | GEV:0.2000000000 | NRG:0.2000000000 | PLTR:0.2000000000 | PWR:0.2000000000,1.0,0.0
2025-06-17,2025-06-16,True,False,TSLA,PWR,AXON | GEV | NRG | PLTR | TSLA,AXON:0.2000000000 | GEV:0.2000000000 | NRG:0.2000000000 | PLTR:0.2000000000 | TSLA:0.2000000000,1.0,0.0
2025-07-10,2025-07-09,True,False,MCHP | VST,AXON | TSLA,GEV | MCHP | NRG | PLTR | VST,GEV:0.2000000000 | MCHP:0.2000000000 | NRG:0.2000000000 | PLTR:0.2000000000 | VST:0.2000000000,1.0,0.0
2025-07-24,2025-07-23,True,False,MU,PLTR,GEV | MCHP | MU | NRG | VST,GEV:0.2000000000 | MCHP:0.2000000000 | MU:0.2000000000 | NRG:0.2000000000 | VST:0.2000000000,1.0,0.0
2025-07-31,2025-07-30,True,False,COIN,GEV,COIN | MCHP | MU | NRG | VST,COIN:0.2000000000 | MCHP:0.2000000000 | MU:0.2000000000 | NRG:0.2000000000 | VST:0.2000000000,1.0,0.0
2025-08-07,2025-08-06,True,False,ON | SMCI,NRG | VST,COIN | MCHP | MU | ON | SMCI,COIN:0.2000000000 | MCHP:0.2000000000 | MU:0.2000000000 | ON:0.2000000000 | SMCI:0.2000000000,1.0,0.0
2025-08-14,2025-08-13,True,False,AMD | WDC,MCHP | MU,AMD | COIN | ON | SMCI | WDC,AMD:0.2000000000 | COIN:0.2000000000 | ON:0.2000000000 | SMCI:0.2000000000 | WDC:0.2000000000,1.0,0.0
2025-08-21,2025-08-20,True,False,ALB,SMCI,ALB | AMD | COIN | ON | WDC,ALB:0.2000000000 | AMD:0.2000000000 | COIN:0.2000000000 | ON:0.2000000000 | WDC:0.2000000000,1.0,0.0
2025-08-28,2025-08-27,True,False,SMCI,ALB,AMD | COIN | ON | SMCI | WDC,AMD:0.2000000000 | COIN:0.2000000000 | ON:0.2000000000 | SMCI:0.2000000000 | WDC:0.2000000000,1.0,0.0
2025-09-05,2025-09-04,True,False,NCLH | PLTR,COIN | ON,AMD | NCLH | PLTR | SMCI | WDC,AMD:0.2000000000 | NCLH:0.2000000000 | PLTR:0.2000000000 | SMCI:0.2000000000 | WDC:0.2000000000,1.0,0.0
2025-09-12,2025-09-11,True,False,ANET | ORCL,NCLH | SMCI,AMD | ANET | ORCL | PLTR | WDC,AMD:0.2000000000 | ANET:0.2000000000 | ORCL:0.2000000000 | PLTR:0.2000000000 | WDC:0.2000000000,1.0,0.0
2025-09-19,2025-09-18,True,False,ALB | FSLR | UAL,ORCL | PLTR | WDC,ALB | AMD | ANET | FSLR | UAL,ALB:0.2000000000 | AMD:0.2000000000 | ANET:0.2000000000 | FSLR:0.2000000000 | UAL:0.2000000000,1.0,0.0
2025-09-26,2025-09-25,True,False,APP,AMD,ALB | ANET | APP | FSLR | UAL,ALB:0.2000000000 | ANET:0.2000000000 | APP:0.2000000000 | FSLR:0.2000000000 | UAL:0.2000000000,1.0,0.0
2025-10-03,2025-10-02,True,False,WDC,FSLR,ALB | ANET | APP | UAL | WDC,ALB:0.2000000000 | ANET:0.2000000000 | APP:0.2000000000 | UAL:0.2000000000 | WDC:0.2000000000,1.0,0.0
2025-10-10,2025-10-09,True,False,ORCL,ALB,ANET | APP | ORCL | UAL | WDC,ANET:0.2000000000 | APP:0.2000000000 | ORCL:0.2000000000 | UAL:0.2000000000 | WDC:0.2000000000,1.0,0.0
2025-10-17,2025-10-16,True,False,WBD,UAL,ANET | APP | ORCL | WBD | WDC,ANET:0.2000000000 | APP:0.2000000000 | ORCL:0.2000000000 | WBD:0.2000000000 | WDC:0.2000000000,1.0,0.0
2025-10-24,2025-10-23,True,False,INTC,ANET,APP | INTC | ORCL | WBD | WDC,APP:0.2000000000 | INTC:0.2000000000 | ORCL:0.2000000000 | WBD:0.2000000000 | WDC:0.2000000000,1.0,0.0
2025-10-31,2025-10-30,True,False,,ORCL,APP | INTC | WBD | WDC,APP:0.2000000000 | INTC:0.2000000000 | WBD:0.2000000000 | WDC:0.2000000000,0.8,0.2
2025-11-07,2025-11-06,True,False,CNC,,APP | CNC | INTC | WBD | WDC,APP:0.2000000000 | CNC:0.2000000000 | INTC:0.2000000000 | WBD:0.2000000000 | WDC:0.2000000000,1.0,0.0
2025-11-14,2025-11-13,True,False,MU,CNC,APP | INTC | MU | WBD | WDC,APP:0.2000000000 | INTC:0.2000000000 | MU:0.2000000000 | WBD:0.2000000000 | WDC:0.2000000000,1.0,0.0
2025-12-01,2025-11-28,True,False,SNDK,APP,INTC | MU | SNDK | WBD | WDC,INTC:0.2000000000 | MU:0.2000000000 | SNDK:0.2000000000 | WBD:0.2000000000 | WDC:0.2000000000,1.0,0.0
2025-12-15,2025-12-12,True,False,SOLS,WBD,INTC | MU | SNDK | SOLS | WDC,INTC:0.2000000000 | MU:0.2000000000 | SNDK:0.2000000000 | SOLS:0.2000000000 | WDC:0.2000000000,1.0,0.0
2025-12-22,2025-12-19,True,True,,SOLS,INTC | MU | SNDK | WDC,INTC:0.2000000000 | MU:0.2000000000 | SNDK:0.2000000000 | WDC:0.2000000000,0.8,0.2
2025-12-30,2025-12-29,True,False,ALB | TER,INTC,ALB | MU | SNDK | TER | WDC,ALB:0.2000000000 | MU:0.2000000000 | SNDK:0.2000000000 | TER:0.2000000000 | WDC:0.2000000000,1.0,0.0
2026-01-07,2026-01-06,True,False,WBD,MU,ALB | SNDK | TER | WBD | WDC,ALB:0.2000000000 | SNDK:0.2000000000 | TER:0.2000000000 | WBD:0.2000000000 | WDC:0.2000000000,1.0,0.0
2026-02-05,2026-02-04,True,False,DECK | EXPE | MU,TER | WBD | WDC,ALB | DECK | EXPE | MU | SNDK,ALB:0.2000000000 | DECK:0.2000000000 | EXPE:0.2000000000 | MU:0.2000000000 | SNDK:0.2000000000,1.0,0.0
2026-02-12,2026-02-11,True,False,CVNA | MRNA,DECK | EXPE,ALB | CVNA | MRNA | MU | SNDK,ALB:0.2000000000 | CVNA:0.2000000000 | MRNA:0.2000000000 | MU:0.2000000000 | SNDK:0.2000000000,1.0,0.0
2026-03-06,2026-03-05,True,False,STX | WDC,ALB | CVNA,MRNA | MU | SNDK | STX | WDC,MRNA:0.2000000000 | MU:0.2000000000 | SNDK:0.2000000000 | STX:0.2000000000 | WDC:0.2000000000,1.0,0.0
2026-04-06,2026-04-02,True,False,GLW | LITE,MU | STX,GLW | LITE | MRNA | SNDK | WDC,GLW:0.2000000000 | LITE:0.2000000000 | MRNA:0.2000000000 | SNDK:0.2000000000 | WDC:0.2000000000,1.0,0.0
2026-04-27,2026-04-24,True,False,CIEN | DELL,MRNA | WDC,CIEN | DELL | GLW | LITE | SNDK,CIEN:0.2000000000 | DELL:0.2000000000 | GLW:0.2000000000 | LITE:0.2000000000 | SNDK:0.2000000000,1.0,0.0
2026-05-04,2026-05-01,True,False,VRT,SNDK,CIEN | DELL | GLW | LITE | VRT,CIEN:0.2000000000 | DELL:0.2000000000 | GLW:0.2000000000 | LITE:0.2000000000 | VRT:0.2000000000,1.0,0.0
2026-05-18,2026-05-15,True,False,COHR | SNDK,GLW | VRT,CIEN | COHR | DELL | LITE | SNDK,CIEN:0.2000000000 | COHR:0.2000000000 | DELL:0.2000000000 | LITE:0.2000000000 | SNDK:0.2000000000,1.0,0.0
2026-05-26,2026-05-22,True,False,INTC,LITE,CIEN | COHR | DELL | INTC | SNDK,CIEN:0.2000000000 | COHR:0.2000000000 | DELL:0.2000000000 | INTC:0.2000000000 | SNDK:0.2000000000,1.0,0.0
2026-06-02,2026-06-01,True,False,AMD,COHR,AMD | CIEN | DELL | INTC | SNDK,AMD:0.2000000000 | CIEN:0.2000000000 | DELL:0.2000000000 | INTC:0.2000000000 | SNDK:0.2000000000,1.0,0.0
2026-06-16,2026-06-15,True,False,STX,DELL,AMD | CIEN | INTC | SNDK | STX,AMD:0.2000000000 | CIEN:0.2000000000 | INTC:0.2000000000 | SNDK:0.2000000000 | STX:0.2000000000,1.0,0.0
2026-06-24,2026-06-23,True,False,MRVL,CIEN,AMD | INTC | MRVL | SNDK | STX,AMD:0.2000000000 | INTC:0.2000000000 | MRVL:0.2000000000 | SNDK:0.2000000000 | STX:0.2000000000,1.0,0.0
2026-07-09,2026-07-08,True,False,MU,STX,AMD | INTC | MRVL | MU | SNDK,AMD:0.2000000000 | INTC:0.2000000000 | MRVL:0.2000000000 | MU:0.2000000000 | SNDK:0.2000000000,1.0,0.0
2026-07-30,2026-07-29,True,False,DELL,INTC,AMD | DELL | MRVL | MU | SNDK,AMD:0.2000000000 | DELL:0.2000000000 | MRVL:0.2000000000 | MU:0.2000000000 | SNDK:0.2000000000,1.0,0.0
2026-08-06,2026-08-05,True,False,DDOG,SNDK,AMD | DDOG | DELL | MRVL | MU,AMD:0.2000000000 | DDOG:0.2000000000 | DELL:0.2000000000 | MRVL:0.2000000000 | MU:0.2000000000,1.0,0.0
2026-08-13,2026-08-12,True,False,CRWD | HOOD | HPE,AMD | DDOG | MU,CRWD | DELL | HOOD | HPE | MRVL,CRWD:0.2000000000 | DELL:0.2000000000 | HOOD:0.2000000000 | HPE:0.2000000000 | MRVL:0.2000000000,1.0,0.0
2026-08-20,2026-08-19,True,False,MU | TECH,CRWD | MRVL,DELL | HOOD | HPE | MU | TECH,DELL:0.2000000000 | HOOD:0.2000000000 | HPE:0.2000000000 | MU:0.2000000000 | TECH:0.2000000000,1.0,0.0
